measure,region,quarter,value,source_url
Antal,Riket,1998K1,1067,https://www.statistikdatabasen.scb.se/pxweb/sv/ssd/START__BO__BO0501__BO0501B/FastprisFHRegKv/
Antal,Riket,1998K2,3042,https://www.statistikdatabasen.scb.se/pxweb/sv/ssd/START__BO__BO0501__BO0501B/FastprisFHRegKv/
Antal,Riket,1998K3,3176,https://www.statistikdatabasen.scb.se/pxweb/sv/ssd/START__BO__BO0501__BO0501B/FastprisFHRegKv/
Antal,Riket,1998K4,2037,https://www.statistikdatabasen.scb.se/pxweb/sv/ssd/START__BO__BO0501__BO0501B/FastprisFHRegKv/
Antal,Riket,1999K1,1283,https://www.statistikdatabasen.scb.se/pxweb/sv/ssd/START__BO__BO0501__BO0501B/FastprisFHRegKv/
Antal,Riket,1999K2,3456,https://www.statistikdatabasen.scb.se/pxweb/sv/ssd/START__BO__BO0501__BO0501B/FastprisFHRegKv/
Antal,Riket,1999K3,3616,https://www.statistikdatabasen.scb.se/pxweb/sv/ssd/START__BO__BO0501__BO0501B/FastprisFHRegKv/
Antal,Riket,1999K4,2691,https://www.statistikdatabasen.scb.se/pxweb/sv/ssd/START__BO__BO0501__BO0501B/FastprisFHRegKv/
Antal,Riket,2000K1,1300,https://www.statistikdatabasen.scb.se/pxweb/sv/ssd/START__BO__BO0501__BO0501B/FastprisFHRegKv/
Antal,Riket,2000K2,3335,https://www.statistikdatabasen.scb.se/pxweb/sv/ssd/START__BO__BO0501__BO0501B/FastprisFHRegKv/
Antal,Riket,2000K3,3027,https://www.statistikdatabasen.scb.se/pxweb/sv/ssd/START__BO__BO0501__BO0501B/FastprisFHRegKv/
Antal,Riket,2000K4,2195,https://www.statistikdatabasen.scb.se/pxweb/sv/ssd/START__BO__BO0501__BO0501B/FastprisFHRegKv/
Antal,Riket,2001K1,1013,https://www.statistikdatabasen.scb.se/pxweb/sv/ssd/START__BO__BO0501__BO0501B/FastprisFHRegKv/
Antal,Riket,2001K2,2997,https://www.statistikdatabasen.scb.se/pxweb/sv/ssd/START__BO__BO0501__BO0501B/FastprisFHRegKv/
Antal,Riket,2001K3,3140,https://www.statistikdatabasen.scb.se/pxweb/sv/ssd/START__BO__BO0501__BO0501B/FastprisFHRegKv/
Antal,Riket,2001K4,2217,https://www.statistikdatabasen.scb.se/pxweb/sv/ssd/START__BO__BO0501__BO0501B/FastprisFHRegKv/
Antal,Riket,2002K1,1204,https://www.statistikdatabasen.scb.se/pxweb/sv/ssd/START__BO__BO0501__BO0501B/FastprisFHRegKv/
Antal,Riket,2002K2,3059,https://www.statistikdatabasen.scb.se/pxweb/sv/ssd/START__BO__BO0501__BO0501B/FastprisFHRegKv/
Antal,Riket,2002K3,3135,https://www.statistikdatabasen.scb.se/pxweb/sv/ssd/START__BO__BO0501__BO0501B/FastprisFHRegKv/
Antal,Riket,2002K4,2044,https://www.statistikdatabasen.scb.se/pxweb/sv/ssd/START__BO__BO0501__BO0501B/FastprisFHRegKv/
Antal,Riket,2003K1,1008,https://www.statistikdatabasen.scb.se/pxweb/sv/ssd/START__BO__BO0501__BO0501B/FastprisFHRegKv/
Antal,Riket,2003K2,2909,https://www.statistikdatabasen.scb.se/pxweb/sv/ssd/START__BO__BO0501__BO0501B/FastprisFHRegKv/
Antal,Riket,2003K3,3086,https://www.statistikdatabasen.scb.se/pxweb/sv/ssd/START__BO__BO0501__BO0501B/FastprisFHRegKv/
Antal,Riket,2003K4,2228,https://www.statistikdatabasen.scb.se/pxweb/sv/ssd/START__BO__BO0501__BO0501B/FastprisFHRegKv/
Antal,Riket,2004K1,1086,https://www.statistikdatabasen.scb.se/pxweb/sv/ssd/START__BO__BO0501__BO0501B/FastprisFHRegKv/
Antal,Riket,2004K2,3257,https://www.statistikdatabasen.scb.se/pxweb/sv/ssd/START__BO__BO0501__BO0501B/FastprisFHRegKv/
Antal,Riket,2004K3,3174,https://www.statistikdatabasen.scb.se/pxweb/sv/ssd/START__BO__BO0501__BO0501B/FastprisFHRegKv/
Antal,Riket,2004K4,2182,https://www.statistikdatabasen.scb.se/pxweb/sv/ssd/START__BO__BO0501__BO0501B/FastprisFHRegKv/
Antal,Riket,2005K1,1056,https://www.statistikdatabasen.scb.se/pxweb/sv/ssd/START__BO__BO0501__BO0501B/FastprisFHRegKv/
Antal,Riket,2005K2,3141,https://www.statistikdatabasen.scb.se/pxweb/sv/ssd/START__BO__BO0501__BO0501B/FastprisFHRegKv/
Antal,Riket,2005K3,3802,https://www.statistikdatabasen.scb.se/pxweb/sv/ssd/START__BO__BO0501__BO0501B/FastprisFHRegKv/
Antal,Riket,2005K4,2227,https://www.statistikdatabasen.scb.se/pxweb/sv/ssd/START__BO__BO0501__BO0501B/FastprisFHRegKv/
Antal,Riket,2006K1,1114,https://www.statistikdatabasen.scb.se/pxweb/sv/ssd/START__BO__BO0501__BO0501B/FastprisFHRegKv/
Antal,Riket,2006K2,2846,https://www.statistikdatabasen.scb.se/pxweb/sv/ssd/START__BO__BO0501__BO0501B/FastprisFHRegKv/
Antal,Riket,2006K3,3474,https://www.statistikdatabasen.scb.se/pxweb/sv/ssd/START__BO__BO0501__BO0501B/FastprisFHRegKv/
Antal,Riket,2006K4,2220,https://www.statistikdatabasen.scb.se/pxweb/sv/ssd/START__BO__BO0501__BO0501B/FastprisFHRegKv/
Antal,Riket,2007K1,1159,https://www.statistikdatabasen.scb.se/pxweb/sv/ssd/START__BO__BO0501__BO0501B/FastprisFHRegKv/
Antal,Riket,2007K2,3264,https://www.statistikdatabasen.scb.se/pxweb/sv/ssd/START__BO__BO0501__BO0501B/FastprisFHRegKv/
Antal,Riket,2007K3,3654,https://www.statistikdatabasen.scb.se/pxweb/sv/ssd/START__BO__BO0501__BO0501B/FastprisFHRegKv/
Antal,Riket,2007K4,2552,https://www.statistikdatabasen.scb.se/pxweb/sv/ssd/START__BO__BO0501__BO0501B/FastprisFHRegKv/
Antal,Riket,2008K1,1117,https://www.statistikdatabasen.scb.se/pxweb/sv/ssd/START__BO__BO0501__BO0501B/FastprisFHRegKv/
Antal,Riket,2008K2,2987,https://www.statistikdatabasen.scb.se/pxweb/sv/ssd/START__BO__BO0501__BO0501B/FastprisFHRegKv/
Antal,Riket,2008K3,3132,https://www.statistikdatabasen.scb.se/pxweb/sv/ssd/START__BO__BO0501__BO0501B/FastprisFHRegKv/
Antal,Riket,2008K4,1854,https://www.statistikdatabasen.scb.se/pxweb/sv/ssd/START__BO__BO0501__BO0501B/FastprisFHRegKv/
Antal,Riket,2009K1,973,https://www.statistikdatabasen.scb.se/pxweb/sv/ssd/START__BO__BO0501__BO0501B/FastprisFHRegKv/
Antal,Riket,2009K2,2635,https://www.statistikdatabasen.scb.se/pxweb/sv/ssd/START__BO__BO0501__BO0501B/FastprisFHRegKv/
Antal,Riket,2009K3,3095,https://www.statistikdatabasen.scb.se/pxweb/sv/ssd/START__BO__BO0501__BO0501B/FastprisFHRegKv/
Antal,Riket,2009K4,2052,https://www.statistikdatabasen.scb.se/pxweb/sv/ssd/START__BO__BO0501__BO0501B/FastprisFHRegKv/
Antal,Riket,2010K1,882,https://www.statistikdatabasen.scb.se/pxweb/sv/ssd/START__BO__BO0501__BO0501B/FastprisFHRegKv/
Antal,Riket,2010K2,2535,https://www.statistikdatabasen.scb.se/pxweb/sv/ssd/START__BO__BO0501__BO0501B/FastprisFHRegKv/
Antal,Riket,2010K3,3690,https://www.statistikdatabasen.scb.se/pxweb/sv/ssd/START__BO__BO0501__BO0501B/FastprisFHRegKv/
Antal,Riket,2010K4,2221,https://www.statistikdatabasen.scb.se/pxweb/sv/ssd/START__BO__BO0501__BO0501B/FastprisFHRegKv/
Antal,Riket,2011K1,887,https://www.statistikdatabasen.scb.se/pxweb/sv/ssd/START__BO__BO0501__BO0501B/FastprisFHRegKv/
Antal,Riket,2011K2,2669,https://www.statistikdatabasen.scb.se/pxweb/sv/ssd/START__BO__BO0501__BO0501B/FastprisFHRegKv/
Antal,Riket,2011K3,3503,https://www.statistikdatabasen.scb.se/pxweb/sv/ssd/START__BO__BO0501__BO0501B/FastprisFHRegKv/
Antal,Riket,2011K4,1889,https://www.statistikdatabasen.scb.se/pxweb/sv/ssd/START__BO__BO0501__BO0501B/FastprisFHRegKv/
Antal,Riket,2012K1,998,https://www.statistikdatabasen.scb.se/pxweb/sv/ssd/START__BO__BO0501__BO0501B/FastprisFHRegKv/
Antal,Riket,2012K2,2732,https://www.statistikdatabasen.scb.se/pxweb/sv/ssd/START__BO__BO0501__BO0501B/FastprisFHRegKv/
Antal,Riket,2012K3,2936,https://www.statistikdatabasen.scb.se/pxweb/sv/ssd/START__BO__BO0501__BO0501B/FastprisFHRegKv/
Antal,Riket,2012K4,2160,https://www.statistikdatabasen.scb.se/pxweb/sv/ssd/START__BO__BO0501__BO0501B/FastprisFHRegKv/
Antal,Riket,2013K1,1047,https://www.statistikdatabasen.scb.se/pxweb/sv/ssd/START__BO__BO0501__BO0501B/FastprisFHRegKv/
Antal,Riket,2013K2,2422,https://www.statistikdatabasen.scb.se/pxweb/sv/ssd/START__BO__BO0501__BO0501B/FastprisFHRegKv/
Antal,Riket,2013K3,3553,https://www.statistikdatabasen.scb.se/pxweb/sv/ssd/START__BO__BO0501__BO0501B/FastprisFHRegKv/
Antal,Riket,2013K4,2371,https://www.statistikdatabasen.scb.se/pxweb/sv/ssd/START__BO__BO0501__BO0501B/FastprisFHRegKv/
Antal,Riket,2014K1,1143,https://www.statistikdatabasen.scb.se/pxweb/sv/ssd/START__BO__BO0501__BO0501B/FastprisFHRegKv/
Antal,Riket,2014K2,3317,https://www.statistikdatabasen.scb.se/pxweb/sv/ssd/START__BO__BO0501__BO0501B/FastprisFHRegKv/
Antal,Riket,2014K3,3623,https://www.statistikdatabasen.scb.se/pxweb/sv/ssd/START__BO__BO0501__BO0501B/FastprisFHRegKv/
Antal,Riket,2014K4,2587,https://www.statistikdatabasen.scb.se/pxweb/sv/ssd/START__BO__BO0501__BO0501B/FastprisFHRegKv/
Antal,Riket,2015K1,1438,https://www.statistikdatabasen.scb.se/pxweb/sv/ssd/START__BO__BO0501__BO0501B/FastprisFHRegKv/
Antal,Riket,2015K2,3904,https://www.statistikdatabasen.scb.se/pxweb/sv/ssd/START__BO__BO0501__BO0501B/FastprisFHRegKv/
Antal,Riket,2015K3,4233,https://www.statistikdatabasen.scb.se/pxweb/sv/ssd/START__BO__BO0501__BO0501B/FastprisFHRegKv/
Antal,Riket,2015K4,3065,https://www.statistikdatabasen.scb.se/pxweb/sv/ssd/START__BO__BO0501__BO0501B/FastprisFHRegKv/
Antal,Riket,2016K1,1426,https://www.statistikdatabasen.scb.se/pxweb/sv/ssd/START__BO__BO0501__BO0501B/FastprisFHRegKv/
Antal,Riket,2016K2,3701,https://www.statistikdatabasen.scb.se/pxweb/sv/ssd/START__BO__BO0501__BO0501B/FastprisFHRegKv/
Antal,Riket,2016K3,3882,https://www.statistikdatabasen.scb.se/pxweb/sv/ssd/START__BO__BO0501__BO0501B/FastprisFHRegKv/
Antal,Riket,2016K4,2713,https://www.statistikdatabasen.scb.se/pxweb/sv/ssd/START__BO__BO0501__BO0501B/FastprisFHRegKv/
Antal,Riket,2017K1,1453,https://www.statistikdatabasen.scb.se/pxweb/sv/ssd/START__BO__BO0501__BO0501B/FastprisFHRegKv/
Antal,Riket,2017K2,3568,https://www.statistikdatabasen.scb.se/pxweb/sv/ssd/START__BO__BO0501__BO0501B/FastprisFHRegKv/
Antal,Riket,2017K3,3902,https://www.statistikdatabasen.scb.se/pxweb/sv/ssd/START__BO__BO0501__BO0501B/FastprisFHRegKv/
Antal,Riket,2017K4,2773,https://www.statistikdatabasen.scb.se/pxweb/sv/ssd/START__BO__BO0501__BO0501B/FastprisFHRegKv/
Antal,Riket,2018K1,1296,https://www.statistikdatabasen.scb.se/pxweb/sv/ssd/START__BO__BO0501__BO0501B/FastprisFHRegKv/
Antal,Riket,2018K2,2825,https://www.statistikdatabasen.scb.se/pxweb/sv/ssd/START__BO__BO0501__BO0501B/FastprisFHRegKv/
Antal,Riket,2018K3,3644,https://www.statistikdatabasen.scb.se/pxweb/sv/ssd/START__BO__BO0501__BO0501B/FastprisFHRegKv/
Antal,Riket,2018K4,2759,https://www.statistikdatabasen.scb.se/pxweb/sv/ssd/START__BO__BO0501__BO0501B/FastprisFHRegKv/
Antal,Riket,2019K1,1256,https://www.statistikdatabasen.scb.se/pxweb/sv/ssd/START__BO__BO0501__BO0501B/FastprisFHRegKv/
Antal,Riket,2019K2,3061,https://www.statistikdatabasen.scb.se/pxweb/sv/ssd/START__BO__BO0501__BO0501B/FastprisFHRegKv/
Antal,Riket,2019K3,3845,https://www.statistikdatabasen.scb.se/pxweb/sv/ssd/START__BO__BO0501__BO0501B/FastprisFHRegKv/
Antal,Riket,2019K4,2893,https://www.statistikdatabasen.scb.se/pxweb/sv/ssd/START__BO__BO0501__BO0501B/FastprisFHRegKv/
Antal,Riket,2020K1,1344,https://www.statistikdatabasen.scb.se/pxweb/sv/ssd/START__BO__BO0501__BO0501B/FastprisFHRegKv/
Antal,Riket,2020K2,3305,https://www.statistikdatabasen.scb.se/pxweb/sv/ssd/START__BO__BO0501__BO0501B/FastprisFHRegKv/
Antal,Riket,2020K3,5169,https://www.statistikdatabasen.scb.se/pxweb/sv/ssd/START__BO__BO0501__BO0501B/FastprisFHRegKv/
Antal,Riket,2020K4,3009,https://www.statistikdatabasen.scb.se/pxweb/sv/ssd/START__BO__BO0501__BO0501B/FastprisFHRegKv/
Antal,Riket,2021K1,1460,https://www.statistikdatabasen.scb.se/pxweb/sv/ssd/START__BO__BO0501__BO0501B/FastprisFHRegKv/
Antal,Riket,2021K2,3749,https://www.statistikdatabasen.scb.se/pxweb/sv/ssd/START__BO__BO0501__BO0501B/FastprisFHRegKv/
Antal,Riket,2021K3,3794,https://www.statistikdatabasen.scb.se/pxweb/sv/ssd/START__BO__BO0501__BO0501B/FastprisFHRegKv/
Antal,Riket,2021K4,2861,https://www.statistikdatabasen.scb.se/pxweb/sv/ssd/START__BO__BO0501__BO0501B/FastprisFHRegKv/
Antal,Riket,2022K1,1319,https://www.statistikdatabasen.scb.se/pxweb/sv/ssd/START__BO__BO0501__BO0501B/FastprisFHRegKv/
Antal,Riket,2022K2,2700,https://www.statistikdatabasen.scb.se/pxweb/sv/ssd/START__BO__BO0501__BO0501B/FastprisFHRegKv/
Antal,Riket,2022K3,3289,https://www.statistikdatabasen.scb.se/pxweb/sv/ssd/START__BO__BO0501__BO0501B/FastprisFHRegKv/
Antal,Riket,2022K4,2185,https://www.statistikdatabasen.scb.se/pxweb/sv/ssd/START__BO__BO0501__BO0501B/FastprisFHRegKv/
Antal,Riket,2023K1,1211,https://www.statistikdatabasen.scb.se/pxweb/sv/ssd/START__BO__BO0501__BO0501B/FastprisFHRegKv/
Antal,Riket,2023K2,2114,https://www.statistikdatabasen.scb.se/pxweb/sv/ssd/START__BO__BO0501__BO0501B/FastprisFHRegKv/
Antal,Riket,2023K3,2927,https://www.statistikdatabasen.scb.se/pxweb/sv/ssd/START__BO__BO0501__BO0501B/FastprisFHRegKv/
Antal,Riket,2023K4,2334,https://www.statistikdatabasen.scb.se/pxweb/sv/ssd/START__BO__BO0501__BO0501B/FastprisFHRegKv/
Antal,Riket,2024K1,1205,https://www.statistikdatabasen.scb.se/pxweb/sv/ssd/START__BO__BO0501__BO0501B/FastprisFHRegKv/
Antal,Riket,2024K2,2345,https://www.statistikdatabasen.scb.se/pxweb/sv/ssd/START__BO__BO0501__BO0501B/FastprisFHRegKv/
Antal,Riket,2024K3,3143,https://www.statistikdatabasen.scb.se/pxweb/sv/ssd/START__BO__BO0501__BO0501B/FastprisFHRegKv/
Antal,Riket,2024K4,2771,https://www.statistikdatabasen.scb.se/pxweb/sv/ssd/START__BO__BO0501__BO0501B/FastprisFHRegKv/
Antal,Riket,2025K1,1519,https://www.statistikdatabasen.scb.se/pxweb/sv/ssd/START__BO__BO0501__BO0501B/FastprisFHRegKv/
Antal,Riket,2025K2,3071,https://www.statistikdatabasen.scb.se/pxweb/sv/ssd/START__BO__BO0501__BO0501B/FastprisFHRegKv/
Antal,Riket,2025K3,3697,https://www.statistikdatabasen.scb.se/pxweb/sv/ssd/START__BO__BO0501__BO0501B/FastprisFHRegKv/
Antal,Riket,2025K4,2882,https://www.statistikdatabasen.scb.se/pxweb/sv/ssd/START__BO__BO0501__BO0501B/FastprisFHRegKv/
Antal,Riket,2026K1,1512,https://www.statistikdatabasen.scb.se/pxweb/sv/ssd/START__BO__BO0501__BO0501B/FastprisFHRegKv/
Antal,Riket,2026K2,2824,https://www.statistikdatabasen.scb.se/pxweb/sv/ssd/START__BO__BO0501__BO0501B/FastprisFHRegKv/
"Köpeskilling, medelvärde i tkr",Riket,1998K1,509,https://www.statistikdatabasen.scb.se/pxweb/sv/ssd/START__BO__BO0501__BO0501B/FastprisFHRegKv/
"Köpeskilling, medelvärde i tkr",Riket,1998K2,483,https://www.statistikdatabasen.scb.se/pxweb/sv/ssd/START__BO__BO0501__BO0501B/FastprisFHRegKv/
"Köpeskilling, medelvärde i tkr",Riket,1998K3,479,https://www.statistikdatabasen.scb.se/pxweb/sv/ssd/START__BO__BO0501__BO0501B/FastprisFHRegKv/
"Köpeskilling, medelvärde i tkr",Riket,1998K4,498,https://www.statistikdatabasen.scb.se/pxweb/sv/ssd/START__BO__BO0501__BO0501B/FastprisFHRegKv/
"Köpeskilling, medelvärde i tkr",Riket,1999K1,546,https://www.statistikdatabasen.scb.se/pxweb/sv/ssd/START__BO__BO0501__BO0501B/FastprisFHRegKv/
"Köpeskilling, medelvärde i tkr",Riket,1999K2,533,https://www.statistikdatabasen.scb.se/pxweb/sv/ssd/START__BO__BO0501__BO0501B/FastprisFHRegKv/
"Köpeskilling, medelvärde i tkr",Riket,1999K3,532,https://www.statistikdatabasen.scb.se/pxweb/sv/ssd/START__BO__BO0501__BO0501B/FastprisFHRegKv/
"Köpeskilling, medelvärde i tkr",Riket,1999K4,551,https://www.statistikdatabasen.scb.se/pxweb/sv/ssd/START__BO__BO0501__BO0501B/FastprisFHRegKv/
"Köpeskilling, medelvärde i tkr",Riket,2000K1,566,https://www.statistikdatabasen.scb.se/pxweb/sv/ssd/START__BO__BO0501__BO0501B/FastprisFHRegKv/
"Köpeskilling, medelvärde i tkr",Riket,2000K2,587,https://www.statistikdatabasen.scb.se/pxweb/sv/ssd/START__BO__BO0501__BO0501B/FastprisFHRegKv/
"Köpeskilling, medelvärde i tkr",Riket,2000K3,600,https://www.statistikdatabasen.scb.se/pxweb/sv/ssd/START__BO__BO0501__BO0501B/FastprisFHRegKv/
"Köpeskilling, medelvärde i tkr",Riket,2000K4,620,https://www.statistikdatabasen.scb.se/pxweb/sv/ssd/START__BO__BO0501__BO0501B/FastprisFHRegKv/
"Köpeskilling, medelvärde i tkr",Riket,2001K1,656,https://www.statistikdatabasen.scb.se/pxweb/sv/ssd/START__BO__BO0501__BO0501B/FastprisFHRegKv/
"Köpeskilling, medelvärde i tkr",Riket,2001K2,632,https://www.statistikdatabasen.scb.se/pxweb/sv/ssd/START__BO__BO0501__BO0501B/FastprisFHRegKv/
"Köpeskilling, medelvärde i tkr",Riket,2001K3,620,https://www.statistikdatabasen.scb.se/pxweb/sv/ssd/START__BO__BO0501__BO0501B/FastprisFHRegKv/
"Köpeskilling, medelvärde i tkr",Riket,2001K4,662,https://www.statistikdatabasen.scb.se/pxweb/sv/ssd/START__BO__BO0501__BO0501B/FastprisFHRegKv/
"Köpeskilling, medelvärde i tkr",Riket,2002K1,692,https://www.statistikdatabasen.scb.se/pxweb/sv/ssd/START__BO__BO0501__BO0501B/FastprisFHRegKv/
"Köpeskilling, medelvärde i tkr",Riket,2002K2,673,https://www.statistikdatabasen.scb.se/pxweb/sv/ssd/START__BO__BO0501__BO0501B/FastprisFHRegKv/
"Köpeskilling, medelvärde i tkr",Riket,2002K3,649,https://www.statistikdatabasen.scb.se/pxweb/sv/ssd/START__BO__BO0501__BO0501B/FastprisFHRegKv/
"Köpeskilling, medelvärde i tkr",Riket,2002K4,725,https://www.statistikdatabasen.scb.se/pxweb/sv/ssd/START__BO__BO0501__BO0501B/FastprisFHRegKv/
"Köpeskilling, medelvärde i tkr",Riket,2003K1,797,https://www.statistikdatabasen.scb.se/pxweb/sv/ssd/START__BO__BO0501__BO0501B/FastprisFHRegKv/
"Köpeskilling, medelvärde i tkr",Riket,2003K2,756,https://www.statistikdatabasen.scb.se/pxweb/sv/ssd/START__BO__BO0501__BO0501B/FastprisFHRegKv/
"Köpeskilling, medelvärde i tkr",Riket,2003K3,799,https://www.statistikdatabasen.scb.se/pxweb/sv/ssd/START__BO__BO0501__BO0501B/FastprisFHRegKv/
"Köpeskilling, medelvärde i tkr",Riket,2003K4,830,https://www.statistikdatabasen.scb.se/pxweb/sv/ssd/START__BO__BO0501__BO0501B/FastprisFHRegKv/
"Köpeskilling, medelvärde i tkr",Riket,2004K1,837,https://www.statistikdatabasen.scb.se/pxweb/sv/ssd/START__BO__BO0501__BO0501B/FastprisFHRegKv/
"Köpeskilling, medelvärde i tkr",Riket,2004K2,820,https://www.statistikdatabasen.scb.se/pxweb/sv/ssd/START__BO__BO0501__BO0501B/FastprisFHRegKv/
"Köpeskilling, medelvärde i tkr",Riket,2004K3,810,https://www.statistikdatabasen.scb.se/pxweb/sv/ssd/START__BO__BO0501__BO0501B/FastprisFHRegKv/
"Köpeskilling, medelvärde i tkr",Riket,2004K4,905,https://www.statistikdatabasen.scb.se/pxweb/sv/ssd/START__BO__BO0501__BO0501B/FastprisFHRegKv/
"Köpeskilling, medelvärde i tkr",Riket,2005K1,871,https://www.statistikdatabasen.scb.se/pxweb/sv/ssd/START__BO__BO0501__BO0501B/FastprisFHRegKv/
"Köpeskilling, medelvärde i tkr",Riket,2005K2,865,https://www.statistikdatabasen.scb.se/pxweb/sv/ssd/START__BO__BO0501__BO0501B/FastprisFHRegKv/
"Köpeskilling, medelvärde i tkr",Riket,2005K3,896,https://www.statistikdatabasen.scb.se/pxweb/sv/ssd/START__BO__BO0501__BO0501B/FastprisFHRegKv/
"Köpeskilling, medelvärde i tkr",Riket,2005K4,1043,https://www.statistikdatabasen.scb.se/pxweb/sv/ssd/START__BO__BO0501__BO0501B/FastprisFHRegKv/
"Köpeskilling, medelvärde i tkr",Riket,2006K1,1106,https://www.statistikdatabasen.scb.se/pxweb/sv/ssd/START__BO__BO0501__BO0501B/FastprisFHRegKv/
"Köpeskilling, medelvärde i tkr",Riket,2006K2,1071,https://www.statistikdatabasen.scb.se/pxweb/sv/ssd/START__BO__BO0501__BO0501B/FastprisFHRegKv/
"Köpeskilling, medelvärde i tkr",Riket,2006K3,1064,https://www.statistikdatabasen.scb.se/pxweb/sv/ssd/START__BO__BO0501__BO0501B/FastprisFHRegKv/
"Köpeskilling, medelvärde i tkr",Riket,2006K4,1121,https://www.statistikdatabasen.scb.se/pxweb/sv/ssd/START__BO__BO0501__BO0501B/FastprisFHRegKv/
"Köpeskilling, medelvärde i tkr",Riket,2007K1,1102,https://www.statistikdatabasen.scb.se/pxweb/sv/ssd/START__BO__BO0501__BO0501B/FastprisFHRegKv/
"Köpeskilling, medelvärde i tkr",Riket,2007K2,1110,https://www.statistikdatabasen.scb.se/pxweb/sv/ssd/START__BO__BO0501__BO0501B/FastprisFHRegKv/
"Köpeskilling, medelvärde i tkr",Riket,2007K3,1108,https://www.statistikdatabasen.scb.se/pxweb/sv/ssd/START__BO__BO0501__BO0501B/FastprisFHRegKv/
"Köpeskilling, medelvärde i tkr",Riket,2007K4,1241,https://www.statistikdatabasen.scb.se/pxweb/sv/ssd/START__BO__BO0501__BO0501B/FastprisFHRegKv/
"Köpeskilling, medelvärde i tkr",Riket,2008K1,1304,https://www.statistikdatabasen.scb.se/pxweb/sv/ssd/START__BO__BO0501__BO0501B/FastprisFHRegKv/
"Köpeskilling, medelvärde i tkr",Riket,2008K2,1214,https://www.statistikdatabasen.scb.se/pxweb/sv/ssd/START__BO__BO0501__BO0501B/FastprisFHRegKv/
"Köpeskilling, medelvärde i tkr",Riket,2008K3,1186,https://www.statistikdatabasen.scb.se/pxweb/sv/ssd/START__BO__BO0501__BO0501B/FastprisFHRegKv/
"Köpeskilling, medelvärde i tkr",Riket,2008K4,1203,https://www.statistikdatabasen.scb.se/pxweb/sv/ssd/START__BO__BO0501__BO0501B/FastprisFHRegKv/
"Köpeskilling, medelvärde i tkr",Riket,2009K1,1288,https://www.statistikdatabasen.scb.se/pxweb/sv/ssd/START__BO__BO0501__BO0501B/FastprisFHRegKv/
"Köpeskilling, medelvärde i tkr",Riket,2009K2,1292,https://www.statistikdatabasen.scb.se/pxweb/sv/ssd/START__BO__BO0501__BO0501B/FastprisFHRegKv/
"Köpeskilling, medelvärde i tkr",Riket,2009K3,1327,https://www.statistikdatabasen.scb.se/pxweb/sv/ssd/START__BO__BO0501__BO0501B/FastprisFHRegKv/
"Köpeskilling, medelvärde i tkr",Riket,2009K4,1430,https://www.statistikdatabasen.scb.se/pxweb/sv/ssd/START__BO__BO0501__BO0501B/FastprisFHRegKv/
"Köpeskilling, medelvärde i tkr",Riket,2010K1,1543,https://www.statistikdatabasen.scb.se/pxweb/sv/ssd/START__BO__BO0501__BO0501B/FastprisFHRegKv/
"Köpeskilling, medelvärde i tkr",Riket,2010K2,1431,https://www.statistikdatabasen.scb.se/pxweb/sv/ssd/START__BO__BO0501__BO0501B/FastprisFHRegKv/
"Köpeskilling, medelvärde i tkr",Riket,2010K3,1341,https://www.statistikdatabasen.scb.se/pxweb/sv/ssd/START__BO__BO0501__BO0501B/FastprisFHRegKv/
"Köpeskilling, medelvärde i tkr",Riket,2010K4,1440,https://www.statistikdatabasen.scb.se/pxweb/sv/ssd/START__BO__BO0501__BO0501B/FastprisFHRegKv/
"Köpeskilling, medelvärde i tkr",Riket,2011K1,1576,https://www.statistikdatabasen.scb.se/pxweb/sv/ssd/START__BO__BO0501__BO0501B/FastprisFHRegKv/
"Köpeskilling, medelvärde i tkr",Riket,2011K2,1442,https://www.statistikdatabasen.scb.se/pxweb/sv/ssd/START__BO__BO0501__BO0501B/FastprisFHRegKv/
"Köpeskilling, medelvärde i tkr",Riket,2011K3,1341,https://www.statistikdatabasen.scb.se/pxweb/sv/ssd/START__BO__BO0501__BO0501B/FastprisFHRegKv/
"Köpeskilling, medelvärde i tkr",Riket,2011K4,1447,https://www.statistikdatabasen.scb.se/pxweb/sv/ssd/START__BO__BO0501__BO0501B/FastprisFHRegKv/
"Köpeskilling, medelvärde i tkr",Riket,2012K1,1417,https://www.statistikdatabasen.scb.se/pxweb/sv/ssd/START__BO__BO0501__BO0501B/FastprisFHRegKv/
"Köpeskilling, medelvärde i tkr",Riket,2012K2,1345,https://www.statistikdatabasen.scb.se/pxweb/sv/ssd/START__BO__BO0501__BO0501B/FastprisFHRegKv/
"Köpeskilling, medelvärde i tkr",Riket,2012K3,1348,https://www.statistikdatabasen.scb.se/pxweb/sv/ssd/START__BO__BO0501__BO0501B/FastprisFHRegKv/
"Köpeskilling, medelvärde i tkr",Riket,2012K4,1409,https://www.statistikdatabasen.scb.se/pxweb/sv/ssd/START__BO__BO0501__BO0501B/FastprisFHRegKv/
"Köpeskilling, medelvärde i tkr",Riket,2013K1,1554,https://www.statistikdatabasen.scb.se/pxweb/sv/ssd/START__BO__BO0501__BO0501B/FastprisFHRegKv/
"Köpeskilling, medelvärde i tkr",Riket,2013K2,1504,https://www.statistikdatabasen.scb.se/pxweb/sv/ssd/START__BO__BO0501__BO0501B/FastprisFHRegKv/
"Köpeskilling, medelvärde i tkr",Riket,2013K3,1382,https://www.statistikdatabasen.scb.se/pxweb/sv/ssd/START__BO__BO0501__BO0501B/FastprisFHRegKv/
"Köpeskilling, medelvärde i tkr",Riket,2013K4,1501,https://www.statistikdatabasen.scb.se/pxweb/sv/ssd/START__BO__BO0501__BO0501B/FastprisFHRegKv/
"Köpeskilling, medelvärde i tkr",Riket,2014K1,1558,https://www.statistikdatabasen.scb.se/pxweb/sv/ssd/START__BO__BO0501__BO0501B/FastprisFHRegKv/
"Köpeskilling, medelvärde i tkr",Riket,2014K2,1528,https://www.statistikdatabasen.scb.se/pxweb/sv/ssd/START__BO__BO0501__BO0501B/FastprisFHRegKv/
"Köpeskilling, medelvärde i tkr",Riket,2014K3,1480,https://www.statistikdatabasen.scb.se/pxweb/sv/ssd/START__BO__BO0501__BO0501B/FastprisFHRegKv/
"Köpeskilling, medelvärde i tkr",Riket,2014K4,1603,https://www.statistikdatabasen.scb.se/pxweb/sv/ssd/START__BO__BO0501__BO0501B/FastprisFHRegKv/
"Köpeskilling, medelvärde i tkr",Riket,2015K1,1663,https://www.statistikdatabasen.scb.se/pxweb/sv/ssd/START__BO__BO0501__BO0501B/FastprisFHRegKv/
"Köpeskilling, medelvärde i tkr",Riket,2015K2,1616,https://www.statistikdatabasen.scb.se/pxweb/sv/ssd/START__BO__BO0501__BO0501B/FastprisFHRegKv/
"Köpeskilling, medelvärde i tkr",Riket,2015K3,1534,https://www.statistikdatabasen.scb.se/pxweb/sv/ssd/START__BO__BO0501__BO0501B/FastprisFHRegKv/
"Köpeskilling, medelvärde i tkr",Riket,2015K4,1649,https://www.statistikdatabasen.scb.se/pxweb/sv/ssd/START__BO__BO0501__BO0501B/FastprisFHRegKv/
"Köpeskilling, medelvärde i tkr",Riket,2016K1,1601,https://www.statistikdatabasen.scb.se/pxweb/sv/ssd/START__BO__BO0501__BO0501B/FastprisFHRegKv/
"Köpeskilling, medelvärde i tkr",Riket,2016K2,1628,https://www.statistikdatabasen.scb.se/pxweb/sv/ssd/START__BO__BO0501__BO0501B/FastprisFHRegKv/
"Köpeskilling, medelvärde i tkr",Riket,2016K3,1612,https://www.statistikdatabasen.scb.se/pxweb/sv/ssd/START__BO__BO0501__BO0501B/FastprisFHRegKv/
"Köpeskilling, medelvärde i tkr",Riket,2016K4,1804,https://www.statistikdatabasen.scb.se/pxweb/sv/ssd/START__BO__BO0501__BO0501B/FastprisFHRegKv/
"Köpeskilling, medelvärde i tkr",Riket,2017K1,1913,https://www.statistikdatabasen.scb.se/pxweb/sv/ssd/START__BO__BO0501__BO0501B/FastprisFHRegKv/
"Köpeskilling, medelvärde i tkr",Riket,2017K2,1894,https://www.statistikdatabasen.scb.se/pxweb/sv/ssd/START__BO__BO0501__BO0501B/FastprisFHRegKv/
"Köpeskilling, medelvärde i tkr",Riket,2017K3,1698,https://www.statistikdatabasen.scb.se/pxweb/sv/ssd/START__BO__BO0501__BO0501B/FastprisFHRegKv/
"Köpeskilling, medelvärde i tkr",Riket,2017K4,1941,https://www.statistikdatabasen.scb.se/pxweb/sv/ssd/START__BO__BO0501__BO0501B/FastprisFHRegKv/
"Köpeskilling, medelvärde i tkr",Riket,2018K1,2070,https://www.statistikdatabasen.scb.se/pxweb/sv/ssd/START__BO__BO0501__BO0501B/FastprisFHRegKv/
"Köpeskilling, medelvärde i tkr",Riket,2018K2,1906,https://www.statistikdatabasen.scb.se/pxweb/sv/ssd/START__BO__BO0501__BO0501B/FastprisFHRegKv/
"Köpeskilling, medelvärde i tkr",Riket,2018K3,1722,https://www.statistikdatabasen.scb.se/pxweb/sv/ssd/START__BO__BO0501__BO0501B/FastprisFHRegKv/
"Köpeskilling, medelvärde i tkr",Riket,2018K4,1858,https://www.statistikdatabasen.scb.se/pxweb/sv/ssd/START__BO__BO0501__BO0501B/FastprisFHRegKv/
"Köpeskilling, medelvärde i tkr",Riket,2019K1,2068,https://www.statistikdatabasen.scb.se/pxweb/sv/ssd/START__BO__BO0501__BO0501B/FastprisFHRegKv/
"Köpeskilling, medelvärde i tkr",Riket,2019K2,1999,https://www.statistikdatabasen.scb.se/pxweb/sv/ssd/START__BO__BO0501__BO0501B/FastprisFHRegKv/
"Köpeskilling, medelvärde i tkr",Riket,2019K3,1833,https://www.statistikdatabasen.scb.se/pxweb/sv/ssd/START__BO__BO0501__BO0501B/FastprisFHRegKv/
"Köpeskilling, medelvärde i tkr",Riket,2019K4,1925,https://www.statistikdatabasen.scb.se/pxweb/sv/ssd/START__BO__BO0501__BO0501B/FastprisFHRegKv/
"Köpeskilling, medelvärde i tkr",Riket,2020K1,2047,https://www.statistikdatabasen.scb.se/pxweb/sv/ssd/START__BO__BO0501__BO0501B/FastprisFHRegKv/
"Köpeskilling, medelvärde i tkr",Riket,2020K2,2032,https://www.statistikdatabasen.scb.se/pxweb/sv/ssd/START__BO__BO0501__BO0501B/FastprisFHRegKv/
"Köpeskilling, medelvärde i tkr",Riket,2020K3,2140,https://www.statistikdatabasen.scb.se/pxweb/sv/ssd/START__BO__BO0501__BO0501B/FastprisFHRegKv/
"Köpeskilling, medelvärde i tkr",Riket,2020K4,2231,https://www.statistikdatabasen.scb.se/pxweb/sv/ssd/START__BO__BO0501__BO0501B/FastprisFHRegKv/
"Köpeskilling, medelvärde i tkr",Riket,2021K1,2541,https://www.statistikdatabasen.scb.se/pxweb/sv/ssd/START__BO__BO0501__BO0501B/FastprisFHRegKv/
"Köpeskilling, medelvärde i tkr",Riket,2021K2,2484,https://www.statistikdatabasen.scb.se/pxweb/sv/ssd/START__BO__BO0501__BO0501B/FastprisFHRegKv/
"Köpeskilling, medelvärde i tkr",Riket,2021K3,2402,https://www.statistikdatabasen.scb.se/pxweb/sv/ssd/START__BO__BO0501__BO0501B/FastprisFHRegKv/
"Köpeskilling, medelvärde i tkr",Riket,2021K4,2384,https://www.statistikdatabasen.scb.se/pxweb/sv/ssd/START__BO__BO0501__BO0501B/FastprisFHRegKv/
"Köpeskilling, medelvärde i tkr",Riket,2022K1,2674,https://www.statistikdatabasen.scb.se/pxweb/sv/ssd/START__BO__BO0501__BO0501B/FastprisFHRegKv/
"Köpeskilling, medelvärde i tkr",Riket,2022K2,2439,https://www.statistikdatabasen.scb.se/pxweb/sv/ssd/START__BO__BO0501__BO0501B/FastprisFHRegKv/
"Köpeskilling, medelvärde i tkr",Riket,2022K3,2342,https://www.statistikdatabasen.scb.se/pxweb/sv/ssd/START__BO__BO0501__BO0501B/FastprisFHRegKv/
"Köpeskilling, medelvärde i tkr",Riket,2022K4,2266,https://www.statistikdatabasen.scb.se/pxweb/sv/ssd/START__BO__BO0501__BO0501B/FastprisFHRegKv/
"Köpeskilling, medelvärde i tkr",Riket,2023K1,2311,https://www.statistikdatabasen.scb.se/pxweb/sv/ssd/START__BO__BO0501__BO0501B/FastprisFHRegKv/
"Köpeskilling, medelvärde i tkr",Riket,2023K2,2333,https://www.statistikdatabasen.scb.se/pxweb/sv/ssd/START__BO__BO0501__BO0501B/FastprisFHRegKv/
"Köpeskilling, medelvärde i tkr",Riket,2023K3,2259,https://www.statistikdatabasen.scb.se/pxweb/sv/ssd/START__BO__BO0501__BO0501B/FastprisFHRegKv/
"Köpeskilling, medelvärde i tkr",Riket,2023K4,2226,https://www.statistikdatabasen.scb.se/pxweb/sv/ssd/START__BO__BO0501__BO0501B/FastprisFHRegKv/
"Köpeskilling, medelvärde i tkr",Riket,2024K1,2610,https://www.statistikdatabasen.scb.se/pxweb/sv/ssd/START__BO__BO0501__BO0501B/FastprisFHRegKv/
"Köpeskilling, medelvärde i tkr",Riket,2024K2,2526,https://www.statistikdatabasen.scb.se/pxweb/sv/ssd/START__BO__BO0501__BO0501B/FastprisFHRegKv/
"Köpeskilling, medelvärde i tkr",Riket,2024K3,2344,https://www.statistikdatabasen.scb.se/pxweb/sv/ssd/START__BO__BO0501__BO0501B/FastprisFHRegKv/
"Köpeskilling, medelvärde i tkr",Riket,2024K4,2480,https://www.statistikdatabasen.scb.se/pxweb/sv/ssd/START__BO__BO0501__BO0501B/FastprisFHRegKv/
"Köpeskilling, medelvärde i tkr",Riket,2025K1,2690,https://www.statistikdatabasen.scb.se/pxweb/sv/ssd/START__BO__BO0501__BO0501B/FastprisFHRegKv/
"Köpeskilling, medelvärde i tkr",Riket,2025K2,2515,https://www.statistikdatabasen.scb.se/pxweb/sv/ssd/START__BO__BO0501__BO0501B/FastprisFHRegKv/
"Köpeskilling, medelvärde i tkr",Riket,2025K3,2417,https://www.statistikdatabasen.scb.se/pxweb/sv/ssd/START__BO__BO0501__BO0501B/FastprisFHRegKv/
"Köpeskilling, medelvärde i tkr",Riket,2025K4,2565,https://www.statistikdatabasen.scb.se/pxweb/sv/ssd/START__BO__BO0501__BO0501B/FastprisFHRegKv/
"Köpeskilling, medelvärde i tkr",Riket,2026K1,2681,https://www.statistikdatabasen.scb.se/pxweb/sv/ssd/START__BO__BO0501__BO0501B/FastprisFHRegKv/
"Köpeskilling, medelvärde i tkr",Riket,2026K2,2645,https://www.statistikdatabasen.scb.se/pxweb/sv/ssd/START__BO__BO0501__BO0501B/FastprisFHRegKv/
"Bas-/taxeringsvärde, medelvärde i tkr",Riket,1998K1,298,https://www.statistikdatabasen.scb.se/pxweb/sv/ssd/START__BO__BO0501__BO0501B/FastprisFHRegKv/
"Bas-/taxeringsvärde, medelvärde i tkr",Riket,1998K2,273,https://www.statistikdatabasen.scb.se/pxweb/sv/ssd/START__BO__BO0501__BO0501B/FastprisFHRegKv/
"Bas-/taxeringsvärde, medelvärde i tkr",Riket,1998K3,264,https://www.statistikdatabasen.scb.se/pxweb/sv/ssd/START__BO__BO0501__BO0501B/FastprisFHRegKv/
"Bas-/taxeringsvärde, medelvärde i tkr",Riket,1998K4,277,https://www.statistikdatabasen.scb.se/pxweb/sv/ssd/START__BO__BO0501__BO0501B/FastprisFHRegKv/
"Bas-/taxeringsvärde, medelvärde i tkr",Riket,1999K1,300,https://www.statistikdatabasen.scb.se/pxweb/sv/ssd/START__BO__BO0501__BO0501B/FastprisFHRegKv/
"Bas-/taxeringsvärde, medelvärde i tkr",Riket,1999K2,273,https://www.statistikdatabasen.scb.se/pxweb/sv/ssd/START__BO__BO0501__BO0501B/FastprisFHRegKv/
"Bas-/taxeringsvärde, medelvärde i tkr",Riket,1999K3,269,https://www.statistikdatabasen.scb.se/pxweb/sv/ssd/START__BO__BO0501__BO0501B/FastprisFHRegKv/
"Bas-/taxeringsvärde, medelvärde i tkr",Riket,1999K4,280,https://www.statistikdatabasen.scb.se/pxweb/sv/ssd/START__BO__BO0501__BO0501B/FastprisFHRegKv/
"Bas-/taxeringsvärde, medelvärde i tkr",Riket,2000K1,282,https://www.statistikdatabasen.scb.se/pxweb/sv/ssd/START__BO__BO0501__BO0501B/FastprisFHRegKv/
"Bas-/taxeringsvärde, medelvärde i tkr",Riket,2000K2,268,https://www.statistikdatabasen.scb.se/pxweb/sv/ssd/START__BO__BO0501__BO0501B/FastprisFHRegKv/
"Bas-/taxeringsvärde, medelvärde i tkr",Riket,2000K3,262,https://www.statistikdatabasen.scb.se/pxweb/sv/ssd/START__BO__BO0501__BO0501B/FastprisFHRegKv/
"Bas-/taxeringsvärde, medelvärde i tkr",Riket,2000K4,275,https://www.statistikdatabasen.scb.se/pxweb/sv/ssd/START__BO__BO0501__BO0501B/FastprisFHRegKv/
"Bas-/taxeringsvärde, medelvärde i tkr",Riket,2001K1,281,https://www.statistikdatabasen.scb.se/pxweb/sv/ssd/START__BO__BO0501__BO0501B/FastprisFHRegKv/
"Bas-/taxeringsvärde, medelvärde i tkr",Riket,2001K2,261,https://www.statistikdatabasen.scb.se/pxweb/sv/ssd/START__BO__BO0501__BO0501B/FastprisFHRegKv/
"Bas-/taxeringsvärde, medelvärde i tkr",Riket,2001K3,256,https://www.statistikdatabasen.scb.se/pxweb/sv/ssd/START__BO__BO0501__BO0501B/FastprisFHRegKv/
"Bas-/taxeringsvärde, medelvärde i tkr",Riket,2001K4,275,https://www.statistikdatabasen.scb.se/pxweb/sv/ssd/START__BO__BO0501__BO0501B/FastprisFHRegKv/
"Bas-/taxeringsvärde, medelvärde i tkr",Riket,2002K1,286,https://www.statistikdatabasen.scb.se/pxweb/sv/ssd/START__BO__BO0501__BO0501B/FastprisFHRegKv/
"Bas-/taxeringsvärde, medelvärde i tkr",Riket,2002K2,260,https://www.statistikdatabasen.scb.se/pxweb/sv/ssd/START__BO__BO0501__BO0501B/FastprisFHRegKv/
"Bas-/taxeringsvärde, medelvärde i tkr",Riket,2002K3,253,https://www.statistikdatabasen.scb.se/pxweb/sv/ssd/START__BO__BO0501__BO0501B/FastprisFHRegKv/
"Bas-/taxeringsvärde, medelvärde i tkr",Riket,2002K4,274,https://www.statistikdatabasen.scb.se/pxweb/sv/ssd/START__BO__BO0501__BO0501B/FastprisFHRegKv/
"Bas-/taxeringsvärde, medelvärde i tkr",Riket,2003K1,468,https://www.statistikdatabasen.scb.se/pxweb/sv/ssd/START__BO__BO0501__BO0501B/FastprisFHRegKv/
"Bas-/taxeringsvärde, medelvärde i tkr",Riket,2003K2,433,https://www.statistikdatabasen.scb.se/pxweb/sv/ssd/START__BO__BO0501__BO0501B/FastprisFHRegKv/
"Bas-/taxeringsvärde, medelvärde i tkr",Riket,2003K3,438,https://www.statistikdatabasen.scb.se/pxweb/sv/ssd/START__BO__BO0501__BO0501B/FastprisFHRegKv/
"Bas-/taxeringsvärde, medelvärde i tkr",Riket,2003K4,442,https://www.statistikdatabasen.scb.se/pxweb/sv/ssd/START__BO__BO0501__BO0501B/FastprisFHRegKv/
"Bas-/taxeringsvärde, medelvärde i tkr",Riket,2004K1,449,https://www.statistikdatabasen.scb.se/pxweb/sv/ssd/START__BO__BO0501__BO0501B/FastprisFHRegKv/
"Bas-/taxeringsvärde, medelvärde i tkr",Riket,2004K2,415,https://www.statistikdatabasen.scb.se/pxweb/sv/ssd/START__BO__BO0501__BO0501B/FastprisFHRegKv/
"Bas-/taxeringsvärde, medelvärde i tkr",Riket,2004K3,400,https://www.statistikdatabasen.scb.se/pxweb/sv/ssd/START__BO__BO0501__BO0501B/FastprisFHRegKv/
"Bas-/taxeringsvärde, medelvärde i tkr",Riket,2004K4,443,https://www.statistikdatabasen.scb.se/pxweb/sv/ssd/START__BO__BO0501__BO0501B/FastprisFHRegKv/
"Bas-/taxeringsvärde, medelvärde i tkr",Riket,2005K1,421,https://www.statistikdatabasen.scb.se/pxweb/sv/ssd/START__BO__BO0501__BO0501B/FastprisFHRegKv/
"Bas-/taxeringsvärde, medelvärde i tkr",Riket,2005K2,406,https://www.statistikdatabasen.scb.se/pxweb/sv/ssd/START__BO__BO0501__BO0501B/FastprisFHRegKv/
"Bas-/taxeringsvärde, medelvärde i tkr",Riket,2005K3,395,https://www.statistikdatabasen.scb.se/pxweb/sv/ssd/START__BO__BO0501__BO0501B/FastprisFHRegKv/
"Bas-/taxeringsvärde, medelvärde i tkr",Riket,2005K4,451,https://www.statistikdatabasen.scb.se/pxweb/sv/ssd/START__BO__BO0501__BO0501B/FastprisFHRegKv/
"Bas-/taxeringsvärde, medelvärde i tkr",Riket,2006K1,629,https://www.statistikdatabasen.scb.se/pxweb/sv/ssd/START__BO__BO0501__BO0501B/FastprisFHRegKv/
"Bas-/taxeringsvärde, medelvärde i tkr",Riket,2006K2,564,https://www.statistikdatabasen.scb.se/pxweb/sv/ssd/START__BO__BO0501__BO0501B/FastprisFHRegKv/
"Bas-/taxeringsvärde, medelvärde i tkr",Riket,2006K3,548,https://www.statistikdatabasen.scb.se/pxweb/sv/ssd/START__BO__BO0501__BO0501B/FastprisFHRegKv/
"Bas-/taxeringsvärde, medelvärde i tkr",Riket,2006K4,587,https://www.statistikdatabasen.scb.se/pxweb/sv/ssd/START__BO__BO0501__BO0501B/FastprisFHRegKv/
"Bas-/taxeringsvärde, medelvärde i tkr",Riket,2007K1,566,https://www.statistikdatabasen.scb.se/pxweb/sv/ssd/START__BO__BO0501__BO0501B/FastprisFHRegKv/
"Bas-/taxeringsvärde, medelvärde i tkr",Riket,2007K2,516,https://www.statistikdatabasen.scb.se/pxweb/sv/ssd/START__BO__BO0501__BO0501B/FastprisFHRegKv/
"Bas-/taxeringsvärde, medelvärde i tkr",Riket,2007K3,503,https://www.statistikdatabasen.scb.se/pxweb/sv/ssd/START__BO__BO0501__BO0501B/FastprisFHRegKv/
"Bas-/taxeringsvärde, medelvärde i tkr",Riket,2007K4,571,https://www.statistikdatabasen.scb.se/pxweb/sv/ssd/START__BO__BO0501__BO0501B/FastprisFHRegKv/
"Bas-/taxeringsvärde, medelvärde i tkr",Riket,2008K1,611,https://www.statistikdatabasen.scb.se/pxweb/sv/ssd/START__BO__BO0501__BO0501B/FastprisFHRegKv/
"Bas-/taxeringsvärde, medelvärde i tkr",Riket,2008K2,545,https://www.statistikdatabasen.scb.se/pxweb/sv/ssd/START__BO__BO0501__BO0501B/FastprisFHRegKv/
"Bas-/taxeringsvärde, medelvärde i tkr",Riket,2008K3,526,https://www.statistikdatabasen.scb.se/pxweb/sv/ssd/START__BO__BO0501__BO0501B/FastprisFHRegKv/
"Bas-/taxeringsvärde, medelvärde i tkr",Riket,2008K4,563,https://www.statistikdatabasen.scb.se/pxweb/sv/ssd/START__BO__BO0501__BO0501B/FastprisFHRegKv/
"Bas-/taxeringsvärde, medelvärde i tkr",Riket,2009K1,882,https://www.statistikdatabasen.scb.se/pxweb/sv/ssd/START__BO__BO0501__BO0501B/FastprisFHRegKv/
"Bas-/taxeringsvärde, medelvärde i tkr",Riket,2009K2,823,https://www.statistikdatabasen.scb.se/pxweb/sv/ssd/START__BO__BO0501__BO0501B/FastprisFHRegKv/
"Bas-/taxeringsvärde, medelvärde i tkr",Riket,2009K3,829,https://www.statistikdatabasen.scb.se/pxweb/sv/ssd/START__BO__BO0501__BO0501B/FastprisFHRegKv/
"Bas-/taxeringsvärde, medelvärde i tkr",Riket,2009K4,869,https://www.statistikdatabasen.scb.se/pxweb/sv/ssd/START__BO__BO0501__BO0501B/FastprisFHRegKv/
"Bas-/taxeringsvärde, medelvärde i tkr",Riket,2010K1,928,https://www.statistikdatabasen.scb.se/pxweb/sv/ssd/START__BO__BO0501__BO0501B/FastprisFHRegKv/
"Bas-/taxeringsvärde, medelvärde i tkr",Riket,2010K2,842,https://www.statistikdatabasen.scb.se/pxweb/sv/ssd/START__BO__BO0501__BO0501B/FastprisFHRegKv/
"Bas-/taxeringsvärde, medelvärde i tkr",Riket,2010K3,787,https://www.statistikdatabasen.scb.se/pxweb/sv/ssd/START__BO__BO0501__BO0501B/FastprisFHRegKv/
"Bas-/taxeringsvärde, medelvärde i tkr",Riket,2010K4,847,https://www.statistikdatabasen.scb.se/pxweb/sv/ssd/START__BO__BO0501__BO0501B/FastprisFHRegKv/
"Bas-/taxeringsvärde, medelvärde i tkr",Riket,2011K1,921,https://www.statistikdatabasen.scb.se/pxweb/sv/ssd/START__BO__BO0501__BO0501B/FastprisFHRegKv/
"Bas-/taxeringsvärde, medelvärde i tkr",Riket,2011K2,839,https://www.statistikdatabasen.scb.se/pxweb/sv/ssd/START__BO__BO0501__BO0501B/FastprisFHRegKv/
"Bas-/taxeringsvärde, medelvärde i tkr",Riket,2011K3,790,https://www.statistikdatabasen.scb.se/pxweb/sv/ssd/START__BO__BO0501__BO0501B/FastprisFHRegKv/
"Bas-/taxeringsvärde, medelvärde i tkr",Riket,2011K4,875,https://www.statistikdatabasen.scb.se/pxweb/sv/ssd/START__BO__BO0501__BO0501B/FastprisFHRegKv/
"Bas-/taxeringsvärde, medelvärde i tkr",Riket,2012K1,979,https://www.statistikdatabasen.scb.se/pxweb/sv/ssd/START__BO__BO0501__BO0501B/FastprisFHRegKv/
"Bas-/taxeringsvärde, medelvärde i tkr",Riket,2012K2,899,https://www.statistikdatabasen.scb.se/pxweb/sv/ssd/START__BO__BO0501__BO0501B/FastprisFHRegKv/
"Bas-/taxeringsvärde, medelvärde i tkr",Riket,2012K3,900,https://www.statistikdatabasen.scb.se/pxweb/sv/ssd/START__BO__BO0501__BO0501B/FastprisFHRegKv/
"Bas-/taxeringsvärde, medelvärde i tkr",Riket,2012K4,961,https://www.statistikdatabasen.scb.se/pxweb/sv/ssd/START__BO__BO0501__BO0501B/FastprisFHRegKv/
"Bas-/taxeringsvärde, medelvärde i tkr",Riket,2013K1,1060,https://www.statistikdatabasen.scb.se/pxweb/sv/ssd/START__BO__BO0501__BO0501B/FastprisFHRegKv/
"Bas-/taxeringsvärde, medelvärde i tkr",Riket,2013K2,971,https://www.statistikdatabasen.scb.se/pxweb/sv/ssd/START__BO__BO0501__BO0501B/FastprisFHRegKv/
"Bas-/taxeringsvärde, medelvärde i tkr",Riket,2013K3,895,https://www.statistikdatabasen.scb.se/pxweb/sv/ssd/START__BO__BO0501__BO0501B/FastprisFHRegKv/
"Bas-/taxeringsvärde, medelvärde i tkr",Riket,2013K4,969,https://www.statistikdatabasen.scb.se/pxweb/sv/ssd/START__BO__BO0501__BO0501B/FastprisFHRegKv/
"Bas-/taxeringsvärde, medelvärde i tkr",Riket,2014K1,1035,https://www.statistikdatabasen.scb.se/pxweb/sv/ssd/START__BO__BO0501__BO0501B/FastprisFHRegKv/
"Bas-/taxeringsvärde, medelvärde i tkr",Riket,2014K2,966,https://www.statistikdatabasen.scb.se/pxweb/sv/ssd/START__BO__BO0501__BO0501B/FastprisFHRegKv/
"Bas-/taxeringsvärde, medelvärde i tkr",Riket,2014K3,933,https://www.statistikdatabasen.scb.se/pxweb/sv/ssd/START__BO__BO0501__BO0501B/FastprisFHRegKv/
"Bas-/taxeringsvärde, medelvärde i tkr",Riket,2014K4,1008,https://www.statistikdatabasen.scb.se/pxweb/sv/ssd/START__BO__BO0501__BO0501B/FastprisFHRegKv/
"Bas-/taxeringsvärde, medelvärde i tkr",Riket,2015K1,1079,https://www.statistikdatabasen.scb.se/pxweb/sv/ssd/START__BO__BO0501__BO0501B/FastprisFHRegKv/
"Bas-/taxeringsvärde, medelvärde i tkr",Riket,2015K2,970,https://www.statistikdatabasen.scb.se/pxweb/sv/ssd/START__BO__BO0501__BO0501B/FastprisFHRegKv/
"Bas-/taxeringsvärde, medelvärde i tkr",Riket,2015K3,901,https://www.statistikdatabasen.scb.se/pxweb/sv/ssd/START__BO__BO0501__BO0501B/FastprisFHRegKv/
"Bas-/taxeringsvärde, medelvärde i tkr",Riket,2015K4,968,https://www.statistikdatabasen.scb.se/pxweb/sv/ssd/START__BO__BO0501__BO0501B/FastprisFHRegKv/
"Bas-/taxeringsvärde, medelvärde i tkr",Riket,2016K1,964,https://www.statistikdatabasen.scb.se/pxweb/sv/ssd/START__BO__BO0501__BO0501B/FastprisFHRegKv/
"Bas-/taxeringsvärde, medelvärde i tkr",Riket,2016K2,892,https://www.statistikdatabasen.scb.se/pxweb/sv/ssd/START__BO__BO0501__BO0501B/FastprisFHRegKv/
"Bas-/taxeringsvärde, medelvärde i tkr",Riket,2016K3,876,https://www.statistikdatabasen.scb.se/pxweb/sv/ssd/START__BO__BO0501__BO0501B/FastprisFHRegKv/
"Bas-/taxeringsvärde, medelvärde i tkr",Riket,2016K4,976,https://www.statistikdatabasen.scb.se/pxweb/sv/ssd/START__BO__BO0501__BO0501B/FastprisFHRegKv/
"Bas-/taxeringsvärde, medelvärde i tkr",Riket,2017K1,1031,https://www.statistikdatabasen.scb.se/pxweb/sv/ssd/START__BO__BO0501__BO0501B/FastprisFHRegKv/
"Bas-/taxeringsvärde, medelvärde i tkr",Riket,2017K2,957,https://www.statistikdatabasen.scb.se/pxweb/sv/ssd/START__BO__BO0501__BO0501B/FastprisFHRegKv/
"Bas-/taxeringsvärde, medelvärde i tkr",Riket,2017K3,843,https://www.statistikdatabasen.scb.se/pxweb/sv/ssd/START__BO__BO0501__BO0501B/FastprisFHRegKv/
"Bas-/taxeringsvärde, medelvärde i tkr",Riket,2017K4,972,https://www.statistikdatabasen.scb.se/pxweb/sv/ssd/START__BO__BO0501__BO0501B/FastprisFHRegKv/
"Bas-/taxeringsvärde, medelvärde i tkr",Riket,2018K1,1328,https://www.statistikdatabasen.scb.se/pxweb/sv/ssd/START__BO__BO0501__BO0501B/FastprisFHRegKv/
"Bas-/taxeringsvärde, medelvärde i tkr",Riket,2018K2,1154,https://www.statistikdatabasen.scb.se/pxweb/sv/ssd/START__BO__BO0501__BO0501B/FastprisFHRegKv/
"Bas-/taxeringsvärde, medelvärde i tkr",Riket,2018K3,1039,https://www.statistikdatabasen.scb.se/pxweb/sv/ssd/START__BO__BO0501__BO0501B/FastprisFHRegKv/
"Bas-/taxeringsvärde, medelvärde i tkr",Riket,2018K4,1150,https://www.statistikdatabasen.scb.se/pxweb/sv/ssd/START__BO__BO0501__BO0501B/FastprisFHRegKv/
"Bas-/taxeringsvärde, medelvärde i tkr",Riket,2019K1,1298,https://www.statistikdatabasen.scb.se/pxweb/sv/ssd/START__BO__BO0501__BO0501B/FastprisFHRegKv/
"Bas-/taxeringsvärde, medelvärde i tkr",Riket,2019K2,1173,https://www.statistikdatabasen.scb.se/pxweb/sv/ssd/START__BO__BO0501__BO0501B/FastprisFHRegKv/
"Bas-/taxeringsvärde, medelvärde i tkr",Riket,2019K3,1070,https://www.statistikdatabasen.scb.se/pxweb/sv/ssd/START__BO__BO0501__BO0501B/FastprisFHRegKv/
"Bas-/taxeringsvärde, medelvärde i tkr",Riket,2019K4,1144,https://www.statistikdatabasen.scb.se/pxweb/sv/ssd/START__BO__BO0501__BO0501B/FastprisFHRegKv/
"Bas-/taxeringsvärde, medelvärde i tkr",Riket,2020K1,1213,https://www.statistikdatabasen.scb.se/pxweb/sv/ssd/START__BO__BO0501__BO0501B/FastprisFHRegKv/
"Bas-/taxeringsvärde, medelvärde i tkr",Riket,2020K2,1120,https://www.statistikdatabasen.scb.se/pxweb/sv/ssd/START__BO__BO0501__BO0501B/FastprisFHRegKv/
"Bas-/taxeringsvärde, medelvärde i tkr",Riket,2020K3,1165,https://www.statistikdatabasen.scb.se/pxweb/sv/ssd/START__BO__BO0501__BO0501B/FastprisFHRegKv/
"Bas-/taxeringsvärde, medelvärde i tkr",Riket,2020K4,1168,https://www.statistikdatabasen.scb.se/pxweb/sv/ssd/START__BO__BO0501__BO0501B/FastprisFHRegKv/
"Bas-/taxeringsvärde, medelvärde i tkr",Riket,2021K1,1488,https://www.statistikdatabasen.scb.se/pxweb/sv/ssd/START__BO__BO0501__BO0501B/FastprisFHRegKv/
"Bas-/taxeringsvärde, medelvärde i tkr",Riket,2021K2,1323,https://www.statistikdatabasen.scb.se/pxweb/sv/ssd/START__BO__BO0501__BO0501B/FastprisFHRegKv/
"Bas-/taxeringsvärde, medelvärde i tkr",Riket,2021K3,1204,https://www.statistikdatabasen.scb.se/pxweb/sv/ssd/START__BO__BO0501__BO0501B/FastprisFHRegKv/
"Bas-/taxeringsvärde, medelvärde i tkr",Riket,2021K4,1224,https://www.statistikdatabasen.scb.se/pxweb/sv/ssd/START__BO__BO0501__BO0501B/FastprisFHRegKv/
"Bas-/taxeringsvärde, medelvärde i tkr",Riket,2022K1,1390,https://www.statistikdatabasen.scb.se/pxweb/sv/ssd/START__BO__BO0501__BO0501B/FastprisFHRegKv/
"Bas-/taxeringsvärde, medelvärde i tkr",Riket,2022K2,1200,https://www.statistikdatabasen.scb.se/pxweb/sv/ssd/START__BO__BO0501__BO0501B/FastprisFHRegKv/
"Bas-/taxeringsvärde, medelvärde i tkr",Riket,2022K3,1167,https://www.statistikdatabasen.scb.se/pxweb/sv/ssd/START__BO__BO0501__BO0501B/FastprisFHRegKv/
"Bas-/taxeringsvärde, medelvärde i tkr",Riket,2022K4,1248,https://www.statistikdatabasen.scb.se/pxweb/sv/ssd/START__BO__BO0501__BO0501B/FastprisFHRegKv/
"Bas-/taxeringsvärde, medelvärde i tkr",Riket,2023K1,1373,https://www.statistikdatabasen.scb.se/pxweb/sv/ssd/START__BO__BO0501__BO0501B/FastprisFHRegKv/
"Bas-/taxeringsvärde, medelvärde i tkr",Riket,2023K2,1299,https://www.statistikdatabasen.scb.se/pxweb/sv/ssd/START__BO__BO0501__BO0501B/FastprisFHRegKv/
"Bas-/taxeringsvärde, medelvärde i tkr",Riket,2023K3,1226,https://www.statistikdatabasen.scb.se/pxweb/sv/ssd/START__BO__BO0501__BO0501B/FastprisFHRegKv/
"Bas-/taxeringsvärde, medelvärde i tkr",Riket,2023K4,1268,https://www.statistikdatabasen.scb.se/pxweb/sv/ssd/START__BO__BO0501__BO0501B/FastprisFHRegKv/
"Bas-/taxeringsvärde, medelvärde i tkr",Riket,2024K1,1948,https://www.statistikdatabasen.scb.se/pxweb/sv/ssd/START__BO__BO0501__BO0501B/FastprisFHRegKv/
"Bas-/taxeringsvärde, medelvärde i tkr",Riket,2024K2,1814,https://www.statistikdatabasen.scb.se/pxweb/sv/ssd/START__BO__BO0501__BO0501B/FastprisFHRegKv/
"Bas-/taxeringsvärde, medelvärde i tkr",Riket,2024K3,1657,https://www.statistikdatabasen.scb.se/pxweb/sv/ssd/START__BO__BO0501__BO0501B/FastprisFHRegKv/
"Bas-/taxeringsvärde, medelvärde i tkr",Riket,2024K4,1796,https://www.statistikdatabasen.scb.se/pxweb/sv/ssd/START__BO__BO0501__BO0501B/FastprisFHRegKv/
"Bas-/taxeringsvärde, medelvärde i tkr",Riket,2025K1,2030,https://www.statistikdatabasen.scb.se/pxweb/sv/ssd/START__BO__BO0501__BO0501B/FastprisFHRegKv/
"Bas-/taxeringsvärde, medelvärde i tkr",Riket,2025K2,1784,https://www.statistikdatabasen.scb.se/pxweb/sv/ssd/START__BO__BO0501__BO0501B/FastprisFHRegKv/
"Bas-/taxeringsvärde, medelvärde i tkr",Riket,2025K3,1702,https://www.statistikdatabasen.scb.se/pxweb/sv/ssd/START__BO__BO0501__BO0501B/FastprisFHRegKv/
"Bas-/taxeringsvärde, medelvärde i tkr",Riket,2025K4,1840,https://www.statistikdatabasen.scb.se/pxweb/sv/ssd/START__BO__BO0501__BO0501B/FastprisFHRegKv/
"Bas-/taxeringsvärde, medelvärde i tkr",Riket,2026K1,1991,https://www.statistikdatabasen.scb.se/pxweb/sv/ssd/START__BO__BO0501__BO0501B/FastprisFHRegKv/
"Bas-/taxeringsvärde, medelvärde i tkr",Riket,2026K2,1887,https://www.statistikdatabasen.scb.se/pxweb/sv/ssd/START__BO__BO0501__BO0501B/FastprisFHRegKv/
Köpeskillingskoefficient,Riket,1998K1,1.66,https://www.statistikdatabasen.scb.se/pxweb/sv/ssd/START__BO__BO0501__BO0501B/FastprisFHRegKv/
Köpeskillingskoefficient,Riket,1998K2,1.72,https://www.statistikdatabasen.scb.se/pxweb/sv/ssd/START__BO__BO0501__BO0501B/FastprisFHRegKv/
Köpeskillingskoefficient,Riket,1998K3,1.75,https://www.statistikdatabasen.scb.se/pxweb/sv/ssd/START__BO__BO0501__BO0501B/FastprisFHRegKv/
Köpeskillingskoefficient,Riket,1998K4,1.75,https://www.statistikdatabasen.scb.se/pxweb/sv/ssd/START__BO__BO0501__BO0501B/FastprisFHRegKv/
Köpeskillingskoefficient,Riket,1999K1,1.73,https://www.statistikdatabasen.scb.se/pxweb/sv/ssd/START__BO__BO0501__BO0501B/FastprisFHRegKv/
Köpeskillingskoefficient,Riket,1999K2,1.87,https://www.statistikdatabasen.scb.se/pxweb/sv/ssd/START__BO__BO0501__BO0501B/FastprisFHRegKv/
Köpeskillingskoefficient,Riket,1999K3,1.9,https://www.statistikdatabasen.scb.se/pxweb/sv/ssd/START__BO__BO0501__BO0501B/FastprisFHRegKv/
Köpeskillingskoefficient,Riket,1999K4,1.89,https://www.statistikdatabasen.scb.se/pxweb/sv/ssd/START__BO__BO0501__BO0501B/FastprisFHRegKv/
Köpeskillingskoefficient,Riket,2000K1,1.92,https://www.statistikdatabasen.scb.se/pxweb/sv/ssd/START__BO__BO0501__BO0501B/FastprisFHRegKv/
Köpeskillingskoefficient,Riket,2000K2,2.06,https://www.statistikdatabasen.scb.se/pxweb/sv/ssd/START__BO__BO0501__BO0501B/FastprisFHRegKv/
Köpeskillingskoefficient,Riket,2000K3,2.13,https://www.statistikdatabasen.scb.se/pxweb/sv/ssd/START__BO__BO0501__BO0501B/FastprisFHRegKv/
Köpeskillingskoefficient,Riket,2000K4,2.12,https://www.statistikdatabasen.scb.se/pxweb/sv/ssd/START__BO__BO0501__BO0501B/FastprisFHRegKv/
Köpeskillingskoefficient,Riket,2001K1,2.15,https://www.statistikdatabasen.scb.se/pxweb/sv/ssd/START__BO__BO0501__BO0501B/FastprisFHRegKv/
Köpeskillingskoefficient,Riket,2001K2,2.25,https://www.statistikdatabasen.scb.se/pxweb/sv/ssd/START__BO__BO0501__BO0501B/FastprisFHRegKv/
Köpeskillingskoefficient,Riket,2001K3,2.26,https://www.statistikdatabasen.scb.se/pxweb/sv/ssd/START__BO__BO0501__BO0501B/FastprisFHRegKv/
Köpeskillingskoefficient,Riket,2001K4,2.25,https://www.statistikdatabasen.scb.se/pxweb/sv/ssd/START__BO__BO0501__BO0501B/FastprisFHRegKv/
Köpeskillingskoefficient,Riket,2002K1,2.27,https://www.statistikdatabasen.scb.se/pxweb/sv/ssd/START__BO__BO0501__BO0501B/FastprisFHRegKv/
Köpeskillingskoefficient,Riket,2002K2,2.39,https://www.statistikdatabasen.scb.se/pxweb/sv/ssd/START__BO__BO0501__BO0501B/FastprisFHRegKv/
Köpeskillingskoefficient,Riket,2002K3,2.4,https://www.statistikdatabasen.scb.se/pxweb/sv/ssd/START__BO__BO0501__BO0501B/FastprisFHRegKv/
Köpeskillingskoefficient,Riket,2002K4,2.47,https://www.statistikdatabasen.scb.se/pxweb/sv/ssd/START__BO__BO0501__BO0501B/FastprisFHRegKv/
Köpeskillingskoefficient,Riket,2003K1,1.7,https://www.statistikdatabasen.scb.se/pxweb/sv/ssd/START__BO__BO0501__BO0501B/FastprisFHRegKv/
Köpeskillingskoefficient,Riket,2003K2,1.77,https://www.statistikdatabasen.scb.se/pxweb/sv/ssd/START__BO__BO0501__BO0501B/FastprisFHRegKv/
Köpeskillingskoefficient,Riket,2003K3,1.85,https://www.statistikdatabasen.scb.se/pxweb/sv/ssd/START__BO__BO0501__BO0501B/FastprisFHRegKv/
Köpeskillingskoefficient,Riket,2003K4,1.88,https://www.statistikdatabasen.scb.se/pxweb/sv/ssd/START__BO__BO0501__BO0501B/FastprisFHRegKv/
Köpeskillingskoefficient,Riket,2004K1,1.87,https://www.statistikdatabasen.scb.se/pxweb/sv/ssd/START__BO__BO0501__BO0501B/FastprisFHRegKv/
Köpeskillingskoefficient,Riket,2004K2,1.99,https://www.statistikdatabasen.scb.se/pxweb/sv/ssd/START__BO__BO0501__BO0501B/FastprisFHRegKv/
Köpeskillingskoefficient,Riket,2004K3,2.06,https://www.statistikdatabasen.scb.se/pxweb/sv/ssd/START__BO__BO0501__BO0501B/FastprisFHRegKv/
Köpeskillingskoefficient,Riket,2004K4,2.08,https://www.statistikdatabasen.scb.se/pxweb/sv/ssd/START__BO__BO0501__BO0501B/FastprisFHRegKv/
Köpeskillingskoefficient,Riket,2005K1,2.07,https://www.statistikdatabasen.scb.se/pxweb/sv/ssd/START__BO__BO0501__BO0501B/FastprisFHRegKv/
Köpeskillingskoefficient,Riket,2005K2,2.16,https://www.statistikdatabasen.scb.se/pxweb/sv/ssd/START__BO__BO0501__BO0501B/FastprisFHRegKv/
Köpeskillingskoefficient,Riket,2005K3,2.3,https://www.statistikdatabasen.scb.se/pxweb/sv/ssd/START__BO__BO0501__BO0501B/FastprisFHRegKv/
Köpeskillingskoefficient,Riket,2005K4,2.34,https://www.statistikdatabasen.scb.se/pxweb/sv/ssd/START__BO__BO0501__BO0501B/FastprisFHRegKv/
Köpeskillingskoefficient,Riket,2006K1,1.83,https://www.statistikdatabasen.scb.se/pxweb/sv/ssd/START__BO__BO0501__BO0501B/FastprisFHRegKv/
Köpeskillingskoefficient,Riket,2006K2,1.96,https://www.statistikdatabasen.scb.se/pxweb/sv/ssd/START__BO__BO0501__BO0501B/FastprisFHRegKv/
Köpeskillingskoefficient,Riket,2006K3,1.99,https://www.statistikdatabasen.scb.se/pxweb/sv/ssd/START__BO__BO0501__BO0501B/FastprisFHRegKv/
Köpeskillingskoefficient,Riket,2006K4,1.98,https://www.statistikdatabasen.scb.se/pxweb/sv/ssd/START__BO__BO0501__BO0501B/FastprisFHRegKv/
Köpeskillingskoefficient,Riket,2007K1,2,https://www.statistikdatabasen.scb.se/pxweb/sv/ssd/START__BO__BO0501__BO0501B/FastprisFHRegKv/
Köpeskillingskoefficient,Riket,2007K2,2.18,https://www.statistikdatabasen.scb.se/pxweb/sv/ssd/START__BO__BO0501__BO0501B/FastprisFHRegKv/
Köpeskillingskoefficient,Riket,2007K3,2.25,https://www.statistikdatabasen.scb.se/pxweb/sv/ssd/START__BO__BO0501__BO0501B/FastprisFHRegKv/
Köpeskillingskoefficient,Riket,2007K4,2.21,https://www.statistikdatabasen.scb.se/pxweb/sv/ssd/START__BO__BO0501__BO0501B/FastprisFHRegKv/
Köpeskillingskoefficient,Riket,2008K1,2.17,https://www.statistikdatabasen.scb.se/pxweb/sv/ssd/START__BO__BO0501__BO0501B/FastprisFHRegKv/
Köpeskillingskoefficient,Riket,2008K2,2.27,https://www.statistikdatabasen.scb.se/pxweb/sv/ssd/START__BO__BO0501__BO0501B/FastprisFHRegKv/
Köpeskillingskoefficient,Riket,2008K3,2.29,https://www.statistikdatabasen.scb.se/pxweb/sv/ssd/START__BO__BO0501__BO0501B/FastprisFHRegKv/
Köpeskillingskoefficient,Riket,2008K4,2.2,https://www.statistikdatabasen.scb.se/pxweb/sv/ssd/START__BO__BO0501__BO0501B/FastprisFHRegKv/
Köpeskillingskoefficient,Riket,2009K1,1.56,https://www.statistikdatabasen.scb.se/pxweb/sv/ssd/START__BO__BO0501__BO0501B/FastprisFHRegKv/
Köpeskillingskoefficient,Riket,2009K2,1.68,https://www.statistikdatabasen.scb.se/pxweb/sv/ssd/START__BO__BO0501__BO0501B/FastprisFHRegKv/
Köpeskillingskoefficient,Riket,2009K3,1.69,https://www.statistikdatabasen.scb.se/pxweb/sv/ssd/START__BO__BO0501__BO0501B/FastprisFHRegKv/
Köpeskillingskoefficient,Riket,2009K4,1.75,https://www.statistikdatabasen.scb.se/pxweb/sv/ssd/START__BO__BO0501__BO0501B/FastprisFHRegKv/
Köpeskillingskoefficient,Riket,2010K1,1.76,https://www.statistikdatabasen.scb.se/pxweb/sv/ssd/START__BO__BO0501__BO0501B/FastprisFHRegKv/
Köpeskillingskoefficient,Riket,2010K2,1.79,https://www.statistikdatabasen.scb.se/pxweb/sv/ssd/START__BO__BO0501__BO0501B/FastprisFHRegKv/
Köpeskillingskoefficient,Riket,2010K3,1.8,https://www.statistikdatabasen.scb.se/pxweb/sv/ssd/START__BO__BO0501__BO0501B/FastprisFHRegKv/
Köpeskillingskoefficient,Riket,2010K4,1.78,https://www.statistikdatabasen.scb.se/pxweb/sv/ssd/START__BO__BO0501__BO0501B/FastprisFHRegKv/
Köpeskillingskoefficient,Riket,2011K1,1.79,https://www.statistikdatabasen.scb.se/pxweb/sv/ssd/START__BO__BO0501__BO0501B/FastprisFHRegKv/
Köpeskillingskoefficient,Riket,2011K2,1.79,https://www.statistikdatabasen.scb.se/pxweb/sv/ssd/START__BO__BO0501__BO0501B/FastprisFHRegKv/
Köpeskillingskoefficient,Riket,2011K3,1.79,https://www.statistikdatabasen.scb.se/pxweb/sv/ssd/START__BO__BO0501__BO0501B/FastprisFHRegKv/
Köpeskillingskoefficient,Riket,2011K4,1.72,https://www.statistikdatabasen.scb.se/pxweb/sv/ssd/START__BO__BO0501__BO0501B/FastprisFHRegKv/
Köpeskillingskoefficient,Riket,2012K1,1.54,https://www.statistikdatabasen.scb.se/pxweb/sv/ssd/START__BO__BO0501__BO0501B/FastprisFHRegKv/
Köpeskillingskoefficient,Riket,2012K2,1.57,https://www.statistikdatabasen.scb.se/pxweb/sv/ssd/START__BO__BO0501__BO0501B/FastprisFHRegKv/
Köpeskillingskoefficient,Riket,2012K3,1.6,https://www.statistikdatabasen.scb.se/pxweb/sv/ssd/START__BO__BO0501__BO0501B/FastprisFHRegKv/
Köpeskillingskoefficient,Riket,2012K4,1.54,https://www.statistikdatabasen.scb.se/pxweb/sv/ssd/START__BO__BO0501__BO0501B/FastprisFHRegKv/
Köpeskillingskoefficient,Riket,2013K1,1.51,https://www.statistikdatabasen.scb.se/pxweb/sv/ssd/START__BO__BO0501__BO0501B/FastprisFHRegKv/
Köpeskillingskoefficient,Riket,2013K2,1.6,https://www.statistikdatabasen.scb.se/pxweb/sv/ssd/START__BO__BO0501__BO0501B/FastprisFHRegKv/
Köpeskillingskoefficient,Riket,2013K3,1.61,https://www.statistikdatabasen.scb.se/pxweb/sv/ssd/START__BO__BO0501__BO0501B/FastprisFHRegKv/
Köpeskillingskoefficient,Riket,2013K4,1.6,https://www.statistikdatabasen.scb.se/pxweb/sv/ssd/START__BO__BO0501__BO0501B/FastprisFHRegKv/
Köpeskillingskoefficient,Riket,2014K1,1.56,https://www.statistikdatabasen.scb.se/pxweb/sv/ssd/START__BO__BO0501__BO0501B/FastprisFHRegKv/
Köpeskillingskoefficient,Riket,2014K2,1.64,https://www.statistikdatabasen.scb.se/pxweb/sv/ssd/START__BO__BO0501__BO0501B/FastprisFHRegKv/
Köpeskillingskoefficient,Riket,2014K3,1.66,https://www.statistikdatabasen.scb.se/pxweb/sv/ssd/START__BO__BO0501__BO0501B/FastprisFHRegKv/
Köpeskillingskoefficient,Riket,2014K4,1.65,https://www.statistikdatabasen.scb.se/pxweb/sv/ssd/START__BO__BO0501__BO0501B/FastprisFHRegKv/
Köpeskillingskoefficient,Riket,2015K1,1.58,https://www.statistikdatabasen.scb.se/pxweb/sv/ssd/START__BO__BO0501__BO0501B/FastprisFHRegKv/
Köpeskillingskoefficient,Riket,2015K2,1.71,https://www.statistikdatabasen.scb.se/pxweb/sv/ssd/START__BO__BO0501__BO0501B/FastprisFHRegKv/
Köpeskillingskoefficient,Riket,2015K3,1.77,https://www.statistikdatabasen.scb.se/pxweb/sv/ssd/START__BO__BO0501__BO0501B/FastprisFHRegKv/
Köpeskillingskoefficient,Riket,2015K4,1.74,https://www.statistikdatabasen.scb.se/pxweb/sv/ssd/START__BO__BO0501__BO0501B/FastprisFHRegKv/
Köpeskillingskoefficient,Riket,2016K1,1.69,https://www.statistikdatabasen.scb.se/pxweb/sv/ssd/START__BO__BO0501__BO0501B/FastprisFHRegKv/
Köpeskillingskoefficient,Riket,2016K2,1.89,https://www.statistikdatabasen.scb.se/pxweb/sv/ssd/START__BO__BO0501__BO0501B/FastprisFHRegKv/
Köpeskillingskoefficient,Riket,2016K3,1.91,https://www.statistikdatabasen.scb.se/pxweb/sv/ssd/START__BO__BO0501__BO0501B/FastprisFHRegKv/
Köpeskillingskoefficient,Riket,2016K4,1.89,https://www.statistikdatabasen.scb.se/pxweb/sv/ssd/START__BO__BO0501__BO0501B/FastprisFHRegKv/
Köpeskillingskoefficient,Riket,2017K1,1.88,https://www.statistikdatabasen.scb.se/pxweb/sv/ssd/START__BO__BO0501__BO0501B/FastprisFHRegKv/
Köpeskillingskoefficient,Riket,2017K2,2.06,https://www.statistikdatabasen.scb.se/pxweb/sv/ssd/START__BO__BO0501__BO0501B/FastprisFHRegKv/
Köpeskillingskoefficient,Riket,2017K3,2.1,https://www.statistikdatabasen.scb.se/pxweb/sv/ssd/START__BO__BO0501__BO0501B/FastprisFHRegKv/
Köpeskillingskoefficient,Riket,2017K4,2.05,https://www.statistikdatabasen.scb.se/pxweb/sv/ssd/START__BO__BO0501__BO0501B/FastprisFHRegKv/
Köpeskillingskoefficient,Riket,2018K1,1.69,https://www.statistikdatabasen.scb.se/pxweb/sv/ssd/START__BO__BO0501__BO0501B/FastprisFHRegKv/
Köpeskillingskoefficient,Riket,2018K2,1.78,https://www.statistikdatabasen.scb.se/pxweb/sv/ssd/START__BO__BO0501__BO0501B/FastprisFHRegKv/
Köpeskillingskoefficient,Riket,2018K3,1.81,https://www.statistikdatabasen.scb.se/pxweb/sv/ssd/START__BO__BO0501__BO0501B/FastprisFHRegKv/
Köpeskillingskoefficient,Riket,2018K4,1.74,https://www.statistikdatabasen.scb.se/pxweb/sv/ssd/START__BO__BO0501__BO0501B/FastprisFHRegKv/
Köpeskillingskoefficient,Riket,2019K1,1.71,https://www.statistikdatabasen.scb.se/pxweb/sv/ssd/START__BO__BO0501__BO0501B/FastprisFHRegKv/
Köpeskillingskoefficient,Riket,2019K2,1.84,https://www.statistikdatabasen.scb.se/pxweb/sv/ssd/START__BO__BO0501__BO0501B/FastprisFHRegKv/
Köpeskillingskoefficient,Riket,2019K3,1.89,https://www.statistikdatabasen.scb.se/pxweb/sv/ssd/START__BO__BO0501__BO0501B/FastprisFHRegKv/
Köpeskillingskoefficient,Riket,2019K4,1.83,https://www.statistikdatabasen.scb.se/pxweb/sv/ssd/START__BO__BO0501__BO0501B/FastprisFHRegKv/
Köpeskillingskoefficient,Riket,2020K1,1.79,https://www.statistikdatabasen.scb.se/pxweb/sv/ssd/START__BO__BO0501__BO0501B/FastprisFHRegKv/
Köpeskillingskoefficient,Riket,2020K2,2,https://www.statistikdatabasen.scb.se/pxweb/sv/ssd/START__BO__BO0501__BO0501B/FastprisFHRegKv/
Köpeskillingskoefficient,Riket,2020K3,2.07,https://www.statistikdatabasen.scb.se/pxweb/sv/ssd/START__BO__BO0501__BO0501B/FastprisFHRegKv/
Köpeskillingskoefficient,Riket,2020K4,2.07,https://www.statistikdatabasen.scb.se/pxweb/sv/ssd/START__BO__BO0501__BO0501B/FastprisFHRegKv/
Köpeskillingskoefficient,Riket,2021K1,1.81,https://www.statistikdatabasen.scb.se/pxweb/sv/ssd/START__BO__BO0501__BO0501B/FastprisFHRegKv/
Köpeskillingskoefficient,Riket,2021K2,2.02,https://www.statistikdatabasen.scb.se/pxweb/sv/ssd/START__BO__BO0501__BO0501B/FastprisFHRegKv/
Köpeskillingskoefficient,Riket,2021K3,2.13,https://www.statistikdatabasen.scb.se/pxweb/sv/ssd/START__BO__BO0501__BO0501B/FastprisFHRegKv/
Köpeskillingskoefficient,Riket,2021K4,2.04,https://www.statistikdatabasen.scb.se/pxweb/sv/ssd/START__BO__BO0501__BO0501B/FastprisFHRegKv/
Köpeskillingskoefficient,Riket,2022K1,2,https://www.statistikdatabasen.scb.se/pxweb/sv/ssd/START__BO__BO0501__BO0501B/FastprisFHRegKv/
Köpeskillingskoefficient,Riket,2022K2,2.15,https://www.statistikdatabasen.scb.se/pxweb/sv/ssd/START__BO__BO0501__BO0501B/FastprisFHRegKv/
Köpeskillingskoefficient,Riket,2022K3,2.14,https://www.statistikdatabasen.scb.se/pxweb/sv/ssd/START__BO__BO0501__BO0501B/FastprisFHRegKv/
Köpeskillingskoefficient,Riket,2022K4,1.95,https://www.statistikdatabasen.scb.se/pxweb/sv/ssd/START__BO__BO0501__BO0501B/FastprisFHRegKv/
Köpeskillingskoefficient,Riket,2023K1,1.78,https://www.statistikdatabasen.scb.se/pxweb/sv/ssd/START__BO__BO0501__BO0501B/FastprisFHRegKv/
Köpeskillingskoefficient,Riket,2023K2,1.95,https://www.statistikdatabasen.scb.se/pxweb/sv/ssd/START__BO__BO0501__BO0501B/FastprisFHRegKv/
Köpeskillingskoefficient,Riket,2023K3,1.97,https://www.statistikdatabasen.scb.se/pxweb/sv/ssd/START__BO__BO0501__BO0501B/FastprisFHRegKv/
Köpeskillingskoefficient,Riket,2023K4,1.89,https://www.statistikdatabasen.scb.se/pxweb/sv/ssd/START__BO__BO0501__BO0501B/FastprisFHRegKv/
Köpeskillingskoefficient,Riket,2024K1,1.47,https://www.statistikdatabasen.scb.se/pxweb/sv/ssd/START__BO__BO0501__BO0501B/FastprisFHRegKv/
Köpeskillingskoefficient,Riket,2024K2,1.5,https://www.statistikdatabasen.scb.se/pxweb/sv/ssd/START__BO__BO0501__BO0501B/FastprisFHRegKv/
Köpeskillingskoefficient,Riket,2024K3,1.53,https://www.statistikdatabasen.scb.se/pxweb/sv/ssd/START__BO__BO0501__BO0501B/FastprisFHRegKv/
Köpeskillingskoefficient,Riket,2024K4,1.5,https://www.statistikdatabasen.scb.se/pxweb/sv/ssd/START__BO__BO0501__BO0501B/FastprisFHRegKv/
Köpeskillingskoefficient,Riket,2025K1,1.42,https://www.statistikdatabasen.scb.se/pxweb/sv/ssd/START__BO__BO0501__BO0501B/FastprisFHRegKv/
Köpeskillingskoefficient,Riket,2025K2,1.52,https://www.statistikdatabasen.scb.se/pxweb/sv/ssd/START__BO__BO0501__BO0501B/FastprisFHRegKv/
Köpeskillingskoefficient,Riket,2025K3,1.54,https://www.statistikdatabasen.scb.se/pxweb/sv/ssd/START__BO__BO0501__BO0501B/FastprisFHRegKv/
Köpeskillingskoefficient,Riket,2025K4,1.52,https://www.statistikdatabasen.scb.se/pxweb/sv/ssd/START__BO__BO0501__BO0501B/FastprisFHRegKv/
Köpeskillingskoefficient,Riket,2026K1,1.46,https://www.statistikdatabasen.scb.se/pxweb/sv/ssd/START__BO__BO0501__BO0501B/FastprisFHRegKv/
Köpeskillingskoefficient,Riket,2026K2,1.52,https://www.statistikdatabasen.scb.se/pxweb/sv/ssd/START__BO__BO0501__BO0501B/FastprisFHRegKv/
Antal,Stor-Stockholm,1998K1,154,https://www.statistikdatabasen.scb.se/pxweb/sv/ssd/START__BO__BO0501__BO0501B/FastprisFHRegKv/
Antal,Stor-Stockholm,1998K2,447,https://www.statistikdatabasen.scb.se/pxweb/sv/ssd/START__BO__BO0501__BO0501B/FastprisFHRegKv/
Antal,Stor-Stockholm,1998K3,404,https://www.statistikdatabasen.scb.se/pxweb/sv/ssd/START__BO__BO0501__BO0501B/FastprisFHRegKv/
Antal,Stor-Stockholm,1998K4,282,https://www.statistikdatabasen.scb.se/pxweb/sv/ssd/START__BO__BO0501__BO0501B/FastprisFHRegKv/
Antal,Stor-Stockholm,1999K1,176,https://www.statistikdatabasen.scb.se/pxweb/sv/ssd/START__BO__BO0501__BO0501B/FastprisFHRegKv/
Antal,Stor-Stockholm,1999K2,490,https://www.statistikdatabasen.scb.se/pxweb/sv/ssd/START__BO__BO0501__BO0501B/FastprisFHRegKv/
Antal,Stor-Stockholm,1999K3,455,https://www.statistikdatabasen.scb.se/pxweb/sv/ssd/START__BO__BO0501__BO0501B/FastprisFHRegKv/
Antal,Stor-Stockholm,1999K4,366,https://www.statistikdatabasen.scb.se/pxweb/sv/ssd/START__BO__BO0501__BO0501B/FastprisFHRegKv/
Antal,Stor-Stockholm,2000K1,177,https://www.statistikdatabasen.scb.se/pxweb/sv/ssd/START__BO__BO0501__BO0501B/FastprisFHRegKv/
Antal,Stor-Stockholm,2000K2,425,https://www.statistikdatabasen.scb.se/pxweb/sv/ssd/START__BO__BO0501__BO0501B/FastprisFHRegKv/
Antal,Stor-Stockholm,2000K3,390,https://www.statistikdatabasen.scb.se/pxweb/sv/ssd/START__BO__BO0501__BO0501B/FastprisFHRegKv/
Antal,Stor-Stockholm,2000K4,281,https://www.statistikdatabasen.scb.se/pxweb/sv/ssd/START__BO__BO0501__BO0501B/FastprisFHRegKv/
Antal,Stor-Stockholm,2001K1,125,https://www.statistikdatabasen.scb.se/pxweb/sv/ssd/START__BO__BO0501__BO0501B/FastprisFHRegKv/
Antal,Stor-Stockholm,2001K2,348,https://www.statistikdatabasen.scb.se/pxweb/sv/ssd/START__BO__BO0501__BO0501B/FastprisFHRegKv/
Antal,Stor-Stockholm,2001K3,366,https://www.statistikdatabasen.scb.se/pxweb/sv/ssd/START__BO__BO0501__BO0501B/FastprisFHRegKv/
Antal,Stor-Stockholm,2001K4,273,https://www.statistikdatabasen.scb.se/pxweb/sv/ssd/START__BO__BO0501__BO0501B/FastprisFHRegKv/
Antal,Stor-Stockholm,2002K1,147,https://www.statistikdatabasen.scb.se/pxweb/sv/ssd/START__BO__BO0501__BO0501B/FastprisFHRegKv/
Antal,Stor-Stockholm,2002K2,357,https://www.statistikdatabasen.scb.se/pxweb/sv/ssd/START__BO__BO0501__BO0501B/FastprisFHRegKv/
Antal,Stor-Stockholm,2002K3,336,https://www.statistikdatabasen.scb.se/pxweb/sv/ssd/START__BO__BO0501__BO0501B/FastprisFHRegKv/
Antal,Stor-Stockholm,2002K4,260,https://www.statistikdatabasen.scb.se/pxweb/sv/ssd/START__BO__BO0501__BO0501B/FastprisFHRegKv/
Antal,Stor-Stockholm,2003K1,107,https://www.statistikdatabasen.scb.se/pxweb/sv/ssd/START__BO__BO0501__BO0501B/FastprisFHRegKv/
Antal,Stor-Stockholm,2003K2,366,https://www.statistikdatabasen.scb.se/pxweb/sv/ssd/START__BO__BO0501__BO0501B/FastprisFHRegKv/
Antal,Stor-Stockholm,2003K3,350,https://www.statistikdatabasen.scb.se/pxweb/sv/ssd/START__BO__BO0501__BO0501B/FastprisFHRegKv/
Antal,Stor-Stockholm,2003K4,276,https://www.statistikdatabasen.scb.se/pxweb/sv/ssd/START__BO__BO0501__BO0501B/FastprisFHRegKv/
Antal,Stor-Stockholm,2004K1,112,https://www.statistikdatabasen.scb.se/pxweb/sv/ssd/START__BO__BO0501__BO0501B/FastprisFHRegKv/
Antal,Stor-Stockholm,2004K2,362,https://www.statistikdatabasen.scb.se/pxweb/sv/ssd/START__BO__BO0501__BO0501B/FastprisFHRegKv/
Antal,Stor-Stockholm,2004K3,340,https://www.statistikdatabasen.scb.se/pxweb/sv/ssd/START__BO__BO0501__BO0501B/FastprisFHRegKv/
Antal,Stor-Stockholm,2004K4,278,https://www.statistikdatabasen.scb.se/pxweb/sv/ssd/START__BO__BO0501__BO0501B/FastprisFHRegKv/
Antal,Stor-Stockholm,2005K1,168,https://www.statistikdatabasen.scb.se/pxweb/sv/ssd/START__BO__BO0501__BO0501B/FastprisFHRegKv/
Antal,Stor-Stockholm,2005K2,628,https://www.statistikdatabasen.scb.se/pxweb/sv/ssd/START__BO__BO0501__BO0501B/FastprisFHRegKv/
Antal,Stor-Stockholm,2005K3,692,https://www.statistikdatabasen.scb.se/pxweb/sv/ssd/START__BO__BO0501__BO0501B/FastprisFHRegKv/
Antal,Stor-Stockholm,2005K4,475,https://www.statistikdatabasen.scb.se/pxweb/sv/ssd/START__BO__BO0501__BO0501B/FastprisFHRegKv/
Antal,Stor-Stockholm,2006K1,195,https://www.statistikdatabasen.scb.se/pxweb/sv/ssd/START__BO__BO0501__BO0501B/FastprisFHRegKv/
Antal,Stor-Stockholm,2006K2,610,https://www.statistikdatabasen.scb.se/pxweb/sv/ssd/START__BO__BO0501__BO0501B/FastprisFHRegKv/
Antal,Stor-Stockholm,2006K3,649,https://www.statistikdatabasen.scb.se/pxweb/sv/ssd/START__BO__BO0501__BO0501B/FastprisFHRegKv/
Antal,Stor-Stockholm,2006K4,478,https://www.statistikdatabasen.scb.se/pxweb/sv/ssd/START__BO__BO0501__BO0501B/FastprisFHRegKv/
Antal,Stor-Stockholm,2007K1,177,https://www.statistikdatabasen.scb.se/pxweb/sv/ssd/START__BO__BO0501__BO0501B/FastprisFHRegKv/
Antal,Stor-Stockholm,2007K2,627,https://www.statistikdatabasen.scb.se/pxweb/sv/ssd/START__BO__BO0501__BO0501B/FastprisFHRegKv/
Antal,Stor-Stockholm,2007K3,610,https://www.statistikdatabasen.scb.se/pxweb/sv/ssd/START__BO__BO0501__BO0501B/FastprisFHRegKv/
Antal,Stor-Stockholm,2007K4,474,https://www.statistikdatabasen.scb.se/pxweb/sv/ssd/START__BO__BO0501__BO0501B/FastprisFHRegKv/
Antal,Stor-Stockholm,2008K1,215,https://www.statistikdatabasen.scb.se/pxweb/sv/ssd/START__BO__BO0501__BO0501B/FastprisFHRegKv/
Antal,Stor-Stockholm,2008K2,612,https://www.statistikdatabasen.scb.se/pxweb/sv/ssd/START__BO__BO0501__BO0501B/FastprisFHRegKv/
Antal,Stor-Stockholm,2008K3,571,https://www.statistikdatabasen.scb.se/pxweb/sv/ssd/START__BO__BO0501__BO0501B/FastprisFHRegKv/
Antal,Stor-Stockholm,2008K4,376,https://www.statistikdatabasen.scb.se/pxweb/sv/ssd/START__BO__BO0501__BO0501B/FastprisFHRegKv/
Antal,Stor-Stockholm,2009K1,182,https://www.statistikdatabasen.scb.se/pxweb/sv/ssd/START__BO__BO0501__BO0501B/FastprisFHRegKv/
Antal,Stor-Stockholm,2009K2,542,https://www.statistikdatabasen.scb.se/pxweb/sv/ssd/START__BO__BO0501__BO0501B/FastprisFHRegKv/
Antal,Stor-Stockholm,2009K3,601,https://www.statistikdatabasen.scb.se/pxweb/sv/ssd/START__BO__BO0501__BO0501B/FastprisFHRegKv/
Antal,Stor-Stockholm,2009K4,404,https://www.statistikdatabasen.scb.se/pxweb/sv/ssd/START__BO__BO0501__BO0501B/FastprisFHRegKv/
Antal,Stor-Stockholm,2010K1,170,https://www.statistikdatabasen.scb.se/pxweb/sv/ssd/START__BO__BO0501__BO0501B/FastprisFHRegKv/
Antal,Stor-Stockholm,2010K2,536,https://www.statistikdatabasen.scb.se/pxweb/sv/ssd/START__BO__BO0501__BO0501B/FastprisFHRegKv/
Antal,Stor-Stockholm,2010K3,675,https://www.statistikdatabasen.scb.se/pxweb/sv/ssd/START__BO__BO0501__BO0501B/FastprisFHRegKv/
Antal,Stor-Stockholm,2010K4,471,https://www.statistikdatabasen.scb.se/pxweb/sv/ssd/START__BO__BO0501__BO0501B/FastprisFHRegKv/
Antal,Stor-Stockholm,2011K1,158,https://www.statistikdatabasen.scb.se/pxweb/sv/ssd/START__BO__BO0501__BO0501B/FastprisFHRegKv/
Antal,Stor-Stockholm,2011K2,577,https://www.statistikdatabasen.scb.se/pxweb/sv/ssd/START__BO__BO0501__BO0501B/FastprisFHRegKv/
Antal,Stor-Stockholm,2011K3,626,https://www.statistikdatabasen.scb.se/pxweb/sv/ssd/START__BO__BO0501__BO0501B/FastprisFHRegKv/
Antal,Stor-Stockholm,2011K4,358,https://www.statistikdatabasen.scb.se/pxweb/sv/ssd/START__BO__BO0501__BO0501B/FastprisFHRegKv/
Antal,Stor-Stockholm,2012K1,187,https://www.statistikdatabasen.scb.se/pxweb/sv/ssd/START__BO__BO0501__BO0501B/FastprisFHRegKv/
Antal,Stor-Stockholm,2012K2,560,https://www.statistikdatabasen.scb.se/pxweb/sv/ssd/START__BO__BO0501__BO0501B/FastprisFHRegKv/
Antal,Stor-Stockholm,2012K3,545,https://www.statistikdatabasen.scb.se/pxweb/sv/ssd/START__BO__BO0501__BO0501B/FastprisFHRegKv/
Antal,Stor-Stockholm,2012K4,437,https://www.statistikdatabasen.scb.se/pxweb/sv/ssd/START__BO__BO0501__BO0501B/FastprisFHRegKv/
Antal,Stor-Stockholm,2013K1,190,https://www.statistikdatabasen.scb.se/pxweb/sv/ssd/START__BO__BO0501__BO0501B/FastprisFHRegKv/
Antal,Stor-Stockholm,2013K2,527,https://www.statistikdatabasen.scb.se/pxweb/sv/ssd/START__BO__BO0501__BO0501B/FastprisFHRegKv/
Antal,Stor-Stockholm,2013K3,649,https://www.statistikdatabasen.scb.se/pxweb/sv/ssd/START__BO__BO0501__BO0501B/FastprisFHRegKv/
Antal,Stor-Stockholm,2013K4,516,https://www.statistikdatabasen.scb.se/pxweb/sv/ssd/START__BO__BO0501__BO0501B/FastprisFHRegKv/
Antal,Stor-Stockholm,2014K1,235,https://www.statistikdatabasen.scb.se/pxweb/sv/ssd/START__BO__BO0501__BO0501B/FastprisFHRegKv/
Antal,Stor-Stockholm,2014K2,760,https://www.statistikdatabasen.scb.se/pxweb/sv/ssd/START__BO__BO0501__BO0501B/FastprisFHRegKv/
Antal,Stor-Stockholm,2014K3,645,https://www.statistikdatabasen.scb.se/pxweb/sv/ssd/START__BO__BO0501__BO0501B/FastprisFHRegKv/
Antal,Stor-Stockholm,2014K4,531,https://www.statistikdatabasen.scb.se/pxweb/sv/ssd/START__BO__BO0501__BO0501B/FastprisFHRegKv/
Antal,Stor-Stockholm,2015K1,165,https://www.statistikdatabasen.scb.se/pxweb/sv/ssd/START__BO__BO0501__BO0501B/FastprisFHRegKv/
Antal,Stor-Stockholm,2015K2,647,https://www.statistikdatabasen.scb.se/pxweb/sv/ssd/START__BO__BO0501__BO0501B/FastprisFHRegKv/
Antal,Stor-Stockholm,2015K3,564,https://www.statistikdatabasen.scb.se/pxweb/sv/ssd/START__BO__BO0501__BO0501B/FastprisFHRegKv/
Antal,Stor-Stockholm,2015K4,413,https://www.statistikdatabasen.scb.se/pxweb/sv/ssd/START__BO__BO0501__BO0501B/FastprisFHRegKv/
Antal,Stor-Stockholm,2016K1,142,https://www.statistikdatabasen.scb.se/pxweb/sv/ssd/START__BO__BO0501__BO0501B/FastprisFHRegKv/
Antal,Stor-Stockholm,2016K2,543,https://www.statistikdatabasen.scb.se/pxweb/sv/ssd/START__BO__BO0501__BO0501B/FastprisFHRegKv/
Antal,Stor-Stockholm,2016K3,475,https://www.statistikdatabasen.scb.se/pxweb/sv/ssd/START__BO__BO0501__BO0501B/FastprisFHRegKv/
Antal,Stor-Stockholm,2016K4,369,https://www.statistikdatabasen.scb.se/pxweb/sv/ssd/START__BO__BO0501__BO0501B/FastprisFHRegKv/
Antal,Stor-Stockholm,2017K1,159,https://www.statistikdatabasen.scb.se/pxweb/sv/ssd/START__BO__BO0501__BO0501B/FastprisFHRegKv/
Antal,Stor-Stockholm,2017K2,547,https://www.statistikdatabasen.scb.se/pxweb/sv/ssd/START__BO__BO0501__BO0501B/FastprisFHRegKv/
Antal,Stor-Stockholm,2017K3,461,https://www.statistikdatabasen.scb.se/pxweb/sv/ssd/START__BO__BO0501__BO0501B/FastprisFHRegKv/
Antal,Stor-Stockholm,2017K4,367,https://www.statistikdatabasen.scb.se/pxweb/sv/ssd/START__BO__BO0501__BO0501B/FastprisFHRegKv/
Antal,Stor-Stockholm,2018K1,158,https://www.statistikdatabasen.scb.se/pxweb/sv/ssd/START__BO__BO0501__BO0501B/FastprisFHRegKv/
Antal,Stor-Stockholm,2018K2,429,https://www.statistikdatabasen.scb.se/pxweb/sv/ssd/START__BO__BO0501__BO0501B/FastprisFHRegKv/
Antal,Stor-Stockholm,2018K3,388,https://www.statistikdatabasen.scb.se/pxweb/sv/ssd/START__BO__BO0501__BO0501B/FastprisFHRegKv/
Antal,Stor-Stockholm,2018K4,363,https://www.statistikdatabasen.scb.se/pxweb/sv/ssd/START__BO__BO0501__BO0501B/FastprisFHRegKv/
Antal,Stor-Stockholm,2019K1,155,https://www.statistikdatabasen.scb.se/pxweb/sv/ssd/START__BO__BO0501__BO0501B/FastprisFHRegKv/
Antal,Stor-Stockholm,2019K2,448,https://www.statistikdatabasen.scb.se/pxweb/sv/ssd/START__BO__BO0501__BO0501B/FastprisFHRegKv/
Antal,Stor-Stockholm,2019K3,429,https://www.statistikdatabasen.scb.se/pxweb/sv/ssd/START__BO__BO0501__BO0501B/FastprisFHRegKv/
Antal,Stor-Stockholm,2019K4,372,https://www.statistikdatabasen.scb.se/pxweb/sv/ssd/START__BO__BO0501__BO0501B/FastprisFHRegKv/
Antal,Stor-Stockholm,2020K1,149,https://www.statistikdatabasen.scb.se/pxweb/sv/ssd/START__BO__BO0501__BO0501B/FastprisFHRegKv/
Antal,Stor-Stockholm,2020K2,524,https://www.statistikdatabasen.scb.se/pxweb/sv/ssd/START__BO__BO0501__BO0501B/FastprisFHRegKv/
Antal,Stor-Stockholm,2020K3,658,https://www.statistikdatabasen.scb.se/pxweb/sv/ssd/START__BO__BO0501__BO0501B/FastprisFHRegKv/
Antal,Stor-Stockholm,2020K4,374,https://www.statistikdatabasen.scb.se/pxweb/sv/ssd/START__BO__BO0501__BO0501B/FastprisFHRegKv/
Antal,Stor-Stockholm,2021K1,177,https://www.statistikdatabasen.scb.se/pxweb/sv/ssd/START__BO__BO0501__BO0501B/FastprisFHRegKv/
Antal,Stor-Stockholm,2021K2,546,https://www.statistikdatabasen.scb.se/pxweb/sv/ssd/START__BO__BO0501__BO0501B/FastprisFHRegKv/
Antal,Stor-Stockholm,2021K3,453,https://www.statistikdatabasen.scb.se/pxweb/sv/ssd/START__BO__BO0501__BO0501B/FastprisFHRegKv/
Antal,Stor-Stockholm,2021K4,329,https://www.statistikdatabasen.scb.se/pxweb/sv/ssd/START__BO__BO0501__BO0501B/FastprisFHRegKv/
Antal,Stor-Stockholm,2022K1,149,https://www.statistikdatabasen.scb.se/pxweb/sv/ssd/START__BO__BO0501__BO0501B/FastprisFHRegKv/
Antal,Stor-Stockholm,2022K2,341,https://www.statistikdatabasen.scb.se/pxweb/sv/ssd/START__BO__BO0501__BO0501B/FastprisFHRegKv/
Antal,Stor-Stockholm,2022K3,339,https://www.statistikdatabasen.scb.se/pxweb/sv/ssd/START__BO__BO0501__BO0501B/FastprisFHRegKv/
Antal,Stor-Stockholm,2022K4,236,https://www.statistikdatabasen.scb.se/pxweb/sv/ssd/START__BO__BO0501__BO0501B/FastprisFHRegKv/
Antal,Stor-Stockholm,2023K1,115,https://www.statistikdatabasen.scb.se/pxweb/sv/ssd/START__BO__BO0501__BO0501B/FastprisFHRegKv/
Antal,Stor-Stockholm,2023K2,282,https://www.statistikdatabasen.scb.se/pxweb/sv/ssd/START__BO__BO0501__BO0501B/FastprisFHRegKv/
Antal,Stor-Stockholm,2023K3,337,https://www.statistikdatabasen.scb.se/pxweb/sv/ssd/START__BO__BO0501__BO0501B/FastprisFHRegKv/
Antal,Stor-Stockholm,2023K4,251,https://www.statistikdatabasen.scb.se/pxweb/sv/ssd/START__BO__BO0501__BO0501B/FastprisFHRegKv/
Antal,Stor-Stockholm,2024K1,127,https://www.statistikdatabasen.scb.se/pxweb/sv/ssd/START__BO__BO0501__BO0501B/FastprisFHRegKv/
Antal,Stor-Stockholm,2024K2,333,https://www.statistikdatabasen.scb.se/pxweb/sv/ssd/START__BO__BO0501__BO0501B/FastprisFHRegKv/
Antal,Stor-Stockholm,2024K3,341,https://www.statistikdatabasen.scb.se/pxweb/sv/ssd/START__BO__BO0501__BO0501B/FastprisFHRegKv/
Antal,Stor-Stockholm,2024K4,304,https://www.statistikdatabasen.scb.se/pxweb/sv/ssd/START__BO__BO0501__BO0501B/FastprisFHRegKv/
Antal,Stor-Stockholm,2025K1,186,https://www.statistikdatabasen.scb.se/pxweb/sv/ssd/START__BO__BO0501__BO0501B/FastprisFHRegKv/
Antal,Stor-Stockholm,2025K2,426,https://www.statistikdatabasen.scb.se/pxweb/sv/ssd/START__BO__BO0501__BO0501B/FastprisFHRegKv/
Antal,Stor-Stockholm,2025K3,443,https://www.statistikdatabasen.scb.se/pxweb/sv/ssd/START__BO__BO0501__BO0501B/FastprisFHRegKv/
Antal,Stor-Stockholm,2025K4,312,https://www.statistikdatabasen.scb.se/pxweb/sv/ssd/START__BO__BO0501__BO0501B/FastprisFHRegKv/
Antal,Stor-Stockholm,2026K1,164,https://www.statistikdatabasen.scb.se/pxweb/sv/ssd/START__BO__BO0501__BO0501B/FastprisFHRegKv/
Antal,Stor-Stockholm,2026K2,366,https://www.statistikdatabasen.scb.se/pxweb/sv/ssd/START__BO__BO0501__BO0501B/FastprisFHRegKv/
"Köpeskilling, medelvärde i tkr",Stor-Stockholm,1998K1,817,https://www.statistikdatabasen.scb.se/pxweb/sv/ssd/START__BO__BO0501__BO0501B/FastprisFHRegKv/
"Köpeskilling, medelvärde i tkr",Stor-Stockholm,1998K2,805,https://www.statistikdatabasen.scb.se/pxweb/sv/ssd/START__BO__BO0501__BO0501B/FastprisFHRegKv/
"Köpeskilling, medelvärde i tkr",Stor-Stockholm,1998K3,837,https://www.statistikdatabasen.scb.se/pxweb/sv/ssd/START__BO__BO0501__BO0501B/FastprisFHRegKv/
"Köpeskilling, medelvärde i tkr",Stor-Stockholm,1998K4,867,https://www.statistikdatabasen.scb.se/pxweb/sv/ssd/START__BO__BO0501__BO0501B/FastprisFHRegKv/
"Köpeskilling, medelvärde i tkr",Stor-Stockholm,1999K1,865,https://www.statistikdatabasen.scb.se/pxweb/sv/ssd/START__BO__BO0501__BO0501B/FastprisFHRegKv/
"Köpeskilling, medelvärde i tkr",Stor-Stockholm,1999K2,897,https://www.statistikdatabasen.scb.se/pxweb/sv/ssd/START__BO__BO0501__BO0501B/FastprisFHRegKv/
"Köpeskilling, medelvärde i tkr",Stor-Stockholm,1999K3,960,https://www.statistikdatabasen.scb.se/pxweb/sv/ssd/START__BO__BO0501__BO0501B/FastprisFHRegKv/
"Köpeskilling, medelvärde i tkr",Stor-Stockholm,1999K4,981,https://www.statistikdatabasen.scb.se/pxweb/sv/ssd/START__BO__BO0501__BO0501B/FastprisFHRegKv/
"Köpeskilling, medelvärde i tkr",Stor-Stockholm,2000K1,963,https://www.statistikdatabasen.scb.se/pxweb/sv/ssd/START__BO__BO0501__BO0501B/FastprisFHRegKv/
"Köpeskilling, medelvärde i tkr",Stor-Stockholm,2000K2,1089,https://www.statistikdatabasen.scb.se/pxweb/sv/ssd/START__BO__BO0501__BO0501B/FastprisFHRegKv/
"Köpeskilling, medelvärde i tkr",Stor-Stockholm,2000K3,1262,https://www.statistikdatabasen.scb.se/pxweb/sv/ssd/START__BO__BO0501__BO0501B/FastprisFHRegKv/
"Köpeskilling, medelvärde i tkr",Stor-Stockholm,2000K4,1217,https://www.statistikdatabasen.scb.se/pxweb/sv/ssd/START__BO__BO0501__BO0501B/FastprisFHRegKv/
"Köpeskilling, medelvärde i tkr",Stor-Stockholm,2001K1,1377,https://www.statistikdatabasen.scb.se/pxweb/sv/ssd/START__BO__BO0501__BO0501B/FastprisFHRegKv/
"Köpeskilling, medelvärde i tkr",Stor-Stockholm,2001K2,1248,https://www.statistikdatabasen.scb.se/pxweb/sv/ssd/START__BO__BO0501__BO0501B/FastprisFHRegKv/
"Köpeskilling, medelvärde i tkr",Stor-Stockholm,2001K3,1296,https://www.statistikdatabasen.scb.se/pxweb/sv/ssd/START__BO__BO0501__BO0501B/FastprisFHRegKv/
"Köpeskilling, medelvärde i tkr",Stor-Stockholm,2001K4,1339,https://www.statistikdatabasen.scb.se/pxweb/sv/ssd/START__BO__BO0501__BO0501B/FastprisFHRegKv/
"Köpeskilling, medelvärde i tkr",Stor-Stockholm,2002K1,1586,https://www.statistikdatabasen.scb.se/pxweb/sv/ssd/START__BO__BO0501__BO0501B/FastprisFHRegKv/
"Köpeskilling, medelvärde i tkr",Stor-Stockholm,2002K2,1477,https://www.statistikdatabasen.scb.se/pxweb/sv/ssd/START__BO__BO0501__BO0501B/FastprisFHRegKv/
"Köpeskilling, medelvärde i tkr",Stor-Stockholm,2002K3,1403,https://www.statistikdatabasen.scb.se/pxweb/sv/ssd/START__BO__BO0501__BO0501B/FastprisFHRegKv/
"Köpeskilling, medelvärde i tkr",Stor-Stockholm,2002K4,1517,https://www.statistikdatabasen.scb.se/pxweb/sv/ssd/START__BO__BO0501__BO0501B/FastprisFHRegKv/
"Köpeskilling, medelvärde i tkr",Stor-Stockholm,2003K1,1733,https://www.statistikdatabasen.scb.se/pxweb/sv/ssd/START__BO__BO0501__BO0501B/FastprisFHRegKv/
"Köpeskilling, medelvärde i tkr",Stor-Stockholm,2003K2,1495,https://www.statistikdatabasen.scb.se/pxweb/sv/ssd/START__BO__BO0501__BO0501B/FastprisFHRegKv/
"Köpeskilling, medelvärde i tkr",Stor-Stockholm,2003K3,1722,https://www.statistikdatabasen.scb.se/pxweb/sv/ssd/START__BO__BO0501__BO0501B/FastprisFHRegKv/
"Köpeskilling, medelvärde i tkr",Stor-Stockholm,2003K4,1679,https://www.statistikdatabasen.scb.se/pxweb/sv/ssd/START__BO__BO0501__BO0501B/FastprisFHRegKv/
"Köpeskilling, medelvärde i tkr",Stor-Stockholm,2004K1,1737,https://www.statistikdatabasen.scb.se/pxweb/sv/ssd/START__BO__BO0501__BO0501B/FastprisFHRegKv/
"Köpeskilling, medelvärde i tkr",Stor-Stockholm,2004K2,1669,https://www.statistikdatabasen.scb.se/pxweb/sv/ssd/START__BO__BO0501__BO0501B/FastprisFHRegKv/
"Köpeskilling, medelvärde i tkr",Stor-Stockholm,2004K3,1675,https://www.statistikdatabasen.scb.se/pxweb/sv/ssd/START__BO__BO0501__BO0501B/FastprisFHRegKv/
"Köpeskilling, medelvärde i tkr",Stor-Stockholm,2004K4,1638,https://www.statistikdatabasen.scb.se/pxweb/sv/ssd/START__BO__BO0501__BO0501B/FastprisFHRegKv/
"Köpeskilling, medelvärde i tkr",Stor-Stockholm,2005K1,1560,https://www.statistikdatabasen.scb.se/pxweb/sv/ssd/START__BO__BO0501__BO0501B/FastprisFHRegKv/
"Köpeskilling, medelvärde i tkr",Stor-Stockholm,2005K2,1374,https://www.statistikdatabasen.scb.se/pxweb/sv/ssd/START__BO__BO0501__BO0501B/FastprisFHRegKv/
"Köpeskilling, medelvärde i tkr",Stor-Stockholm,2005K3,1441,https://www.statistikdatabasen.scb.se/pxweb/sv/ssd/START__BO__BO0501__BO0501B/FastprisFHRegKv/
"Köpeskilling, medelvärde i tkr",Stor-Stockholm,2005K4,1563,https://www.statistikdatabasen.scb.se/pxweb/sv/ssd/START__BO__BO0501__BO0501B/FastprisFHRegKv/
"Köpeskilling, medelvärde i tkr",Stor-Stockholm,2006K1,1803,https://www.statistikdatabasen.scb.se/pxweb/sv/ssd/START__BO__BO0501__BO0501B/FastprisFHRegKv/
"Köpeskilling, medelvärde i tkr",Stor-Stockholm,2006K2,1611,https://www.statistikdatabasen.scb.se/pxweb/sv/ssd/START__BO__BO0501__BO0501B/FastprisFHRegKv/
"Köpeskilling, medelvärde i tkr",Stor-Stockholm,2006K3,1672,https://www.statistikdatabasen.scb.se/pxweb/sv/ssd/START__BO__BO0501__BO0501B/FastprisFHRegKv/
"Köpeskilling, medelvärde i tkr",Stor-Stockholm,2006K4,1753,https://www.statistikdatabasen.scb.se/pxweb/sv/ssd/START__BO__BO0501__BO0501B/FastprisFHRegKv/
"Köpeskilling, medelvärde i tkr",Stor-Stockholm,2007K1,1875,https://www.statistikdatabasen.scb.se/pxweb/sv/ssd/START__BO__BO0501__BO0501B/FastprisFHRegKv/
"Köpeskilling, medelvärde i tkr",Stor-Stockholm,2007K2,1743,https://www.statistikdatabasen.scb.se/pxweb/sv/ssd/START__BO__BO0501__BO0501B/FastprisFHRegKv/
"Köpeskilling, medelvärde i tkr",Stor-Stockholm,2007K3,1766,https://www.statistikdatabasen.scb.se/pxweb/sv/ssd/START__BO__BO0501__BO0501B/FastprisFHRegKv/
"Köpeskilling, medelvärde i tkr",Stor-Stockholm,2007K4,1920,https://www.statistikdatabasen.scb.se/pxweb/sv/ssd/START__BO__BO0501__BO0501B/FastprisFHRegKv/
"Köpeskilling, medelvärde i tkr",Stor-Stockholm,2008K1,2071,https://www.statistikdatabasen.scb.se/pxweb/sv/ssd/START__BO__BO0501__BO0501B/FastprisFHRegKv/
"Köpeskilling, medelvärde i tkr",Stor-Stockholm,2008K2,1960,https://www.statistikdatabasen.scb.se/pxweb/sv/ssd/START__BO__BO0501__BO0501B/FastprisFHRegKv/
"Köpeskilling, medelvärde i tkr",Stor-Stockholm,2008K3,2005,https://www.statistikdatabasen.scb.se/pxweb/sv/ssd/START__BO__BO0501__BO0501B/FastprisFHRegKv/
"Köpeskilling, medelvärde i tkr",Stor-Stockholm,2008K4,2042,https://www.statistikdatabasen.scb.se/pxweb/sv/ssd/START__BO__BO0501__BO0501B/FastprisFHRegKv/
"Köpeskilling, medelvärde i tkr",Stor-Stockholm,2009K1,1970,https://www.statistikdatabasen.scb.se/pxweb/sv/ssd/START__BO__BO0501__BO0501B/FastprisFHRegKv/
"Köpeskilling, medelvärde i tkr",Stor-Stockholm,2009K2,2009,https://www.statistikdatabasen.scb.se/pxweb/sv/ssd/START__BO__BO0501__BO0501B/FastprisFHRegKv/
"Köpeskilling, medelvärde i tkr",Stor-Stockholm,2009K3,2125,https://www.statistikdatabasen.scb.se/pxweb/sv/ssd/START__BO__BO0501__BO0501B/FastprisFHRegKv/
"Köpeskilling, medelvärde i tkr",Stor-Stockholm,2009K4,2322,https://www.statistikdatabasen.scb.se/pxweb/sv/ssd/START__BO__BO0501__BO0501B/FastprisFHRegKv/
"Köpeskilling, medelvärde i tkr",Stor-Stockholm,2010K1,2436,https://www.statistikdatabasen.scb.se/pxweb/sv/ssd/START__BO__BO0501__BO0501B/FastprisFHRegKv/
"Köpeskilling, medelvärde i tkr",Stor-Stockholm,2010K2,2260,https://www.statistikdatabasen.scb.se/pxweb/sv/ssd/START__BO__BO0501__BO0501B/FastprisFHRegKv/
"Köpeskilling, medelvärde i tkr",Stor-Stockholm,2010K3,2184,https://www.statistikdatabasen.scb.se/pxweb/sv/ssd/START__BO__BO0501__BO0501B/FastprisFHRegKv/
"Köpeskilling, medelvärde i tkr",Stor-Stockholm,2010K4,2160,https://www.statistikdatabasen.scb.se/pxweb/sv/ssd/START__BO__BO0501__BO0501B/FastprisFHRegKv/
"Köpeskilling, medelvärde i tkr",Stor-Stockholm,2011K1,2630,https://www.statistikdatabasen.scb.se/pxweb/sv/ssd/START__BO__BO0501__BO0501B/FastprisFHRegKv/
"Köpeskilling, medelvärde i tkr",Stor-Stockholm,2011K2,2406,https://www.statistikdatabasen.scb.se/pxweb/sv/ssd/START__BO__BO0501__BO0501B/FastprisFHRegKv/
"Köpeskilling, medelvärde i tkr",Stor-Stockholm,2011K3,2189,https://www.statistikdatabasen.scb.se/pxweb/sv/ssd/START__BO__BO0501__BO0501B/FastprisFHRegKv/
"Köpeskilling, medelvärde i tkr",Stor-Stockholm,2011K4,2380,https://www.statistikdatabasen.scb.se/pxweb/sv/ssd/START__BO__BO0501__BO0501B/FastprisFHRegKv/
"Köpeskilling, medelvärde i tkr",Stor-Stockholm,2012K1,2173,https://www.statistikdatabasen.scb.se/pxweb/sv/ssd/START__BO__BO0501__BO0501B/FastprisFHRegKv/
"Köpeskilling, medelvärde i tkr",Stor-Stockholm,2012K2,2104,https://www.statistikdatabasen.scb.se/pxweb/sv/ssd/START__BO__BO0501__BO0501B/FastprisFHRegKv/
"Köpeskilling, medelvärde i tkr",Stor-Stockholm,2012K3,2137,https://www.statistikdatabasen.scb.se/pxweb/sv/ssd/START__BO__BO0501__BO0501B/FastprisFHRegKv/
"Köpeskilling, medelvärde i tkr",Stor-Stockholm,2012K4,2147,https://www.statistikdatabasen.scb.se/pxweb/sv/ssd/START__BO__BO0501__BO0501B/FastprisFHRegKv/
"Köpeskilling, medelvärde i tkr",Stor-Stockholm,2013K1,2481,https://www.statistikdatabasen.scb.se/pxweb/sv/ssd/START__BO__BO0501__BO0501B/FastprisFHRegKv/
"Köpeskilling, medelvärde i tkr",Stor-Stockholm,2013K2,2430,https://www.statistikdatabasen.scb.se/pxweb/sv/ssd/START__BO__BO0501__BO0501B/FastprisFHRegKv/
"Köpeskilling, medelvärde i tkr",Stor-Stockholm,2013K3,2257,https://www.statistikdatabasen.scb.se/pxweb/sv/ssd/START__BO__BO0501__BO0501B/FastprisFHRegKv/
"Köpeskilling, medelvärde i tkr",Stor-Stockholm,2013K4,2262,https://www.statistikdatabasen.scb.se/pxweb/sv/ssd/START__BO__BO0501__BO0501B/FastprisFHRegKv/
"Köpeskilling, medelvärde i tkr",Stor-Stockholm,2014K1,2535,https://www.statistikdatabasen.scb.se/pxweb/sv/ssd/START__BO__BO0501__BO0501B/FastprisFHRegKv/
"Köpeskilling, medelvärde i tkr",Stor-Stockholm,2014K2,2463,https://www.statistikdatabasen.scb.se/pxweb/sv/ssd/START__BO__BO0501__BO0501B/FastprisFHRegKv/
"Köpeskilling, medelvärde i tkr",Stor-Stockholm,2014K3,2480,https://www.statistikdatabasen.scb.se/pxweb/sv/ssd/START__BO__BO0501__BO0501B/FastprisFHRegKv/
"Köpeskilling, medelvärde i tkr",Stor-Stockholm,2014K4,2532,https://www.statistikdatabasen.scb.se/pxweb/sv/ssd/START__BO__BO0501__BO0501B/FastprisFHRegKv/
"Köpeskilling, medelvärde i tkr",Stor-Stockholm,2015K1,3388,https://www.statistikdatabasen.scb.se/pxweb/sv/ssd/START__BO__BO0501__BO0501B/FastprisFHRegKv/
"Köpeskilling, medelvärde i tkr",Stor-Stockholm,2015K2,2919,https://www.statistikdatabasen.scb.se/pxweb/sv/ssd/START__BO__BO0501__BO0501B/FastprisFHRegKv/
"Köpeskilling, medelvärde i tkr",Stor-Stockholm,2015K3,2893,https://www.statistikdatabasen.scb.se/pxweb/sv/ssd/START__BO__BO0501__BO0501B/FastprisFHRegKv/
"Köpeskilling, medelvärde i tkr",Stor-Stockholm,2015K4,3215,https://www.statistikdatabasen.scb.se/pxweb/sv/ssd/START__BO__BO0501__BO0501B/FastprisFHRegKv/
"Köpeskilling, medelvärde i tkr",Stor-Stockholm,2016K1,3413,https://www.statistikdatabasen.scb.se/pxweb/sv/ssd/START__BO__BO0501__BO0501B/FastprisFHRegKv/
"Köpeskilling, medelvärde i tkr",Stor-Stockholm,2016K2,3136,https://www.statistikdatabasen.scb.se/pxweb/sv/ssd/START__BO__BO0501__BO0501B/FastprisFHRegKv/
"Köpeskilling, medelvärde i tkr",Stor-Stockholm,2016K3,3263,https://www.statistikdatabasen.scb.se/pxweb/sv/ssd/START__BO__BO0501__BO0501B/FastprisFHRegKv/
"Köpeskilling, medelvärde i tkr",Stor-Stockholm,2016K4,3581,https://www.statistikdatabasen.scb.se/pxweb/sv/ssd/START__BO__BO0501__BO0501B/FastprisFHRegKv/
"Köpeskilling, medelvärde i tkr",Stor-Stockholm,2017K1,4387,https://www.statistikdatabasen.scb.se/pxweb/sv/ssd/START__BO__BO0501__BO0501B/FastprisFHRegKv/
"Köpeskilling, medelvärde i tkr",Stor-Stockholm,2017K2,3607,https://www.statistikdatabasen.scb.se/pxweb/sv/ssd/START__BO__BO0501__BO0501B/FastprisFHRegKv/
"Köpeskilling, medelvärde i tkr",Stor-Stockholm,2017K3,3435,https://www.statistikdatabasen.scb.se/pxweb/sv/ssd/START__BO__BO0501__BO0501B/FastprisFHRegKv/
"Köpeskilling, medelvärde i tkr",Stor-Stockholm,2017K4,3871,https://www.statistikdatabasen.scb.se/pxweb/sv/ssd/START__BO__BO0501__BO0501B/FastprisFHRegKv/
"Köpeskilling, medelvärde i tkr",Stor-Stockholm,2018K1,4133,https://www.statistikdatabasen.scb.se/pxweb/sv/ssd/START__BO__BO0501__BO0501B/FastprisFHRegKv/
"Köpeskilling, medelvärde i tkr",Stor-Stockholm,2018K2,3642,https://www.statistikdatabasen.scb.se/pxweb/sv/ssd/START__BO__BO0501__BO0501B/FastprisFHRegKv/
"Köpeskilling, medelvärde i tkr",Stor-Stockholm,2018K3,3455,https://www.statistikdatabasen.scb.se/pxweb/sv/ssd/START__BO__BO0501__BO0501B/FastprisFHRegKv/
"Köpeskilling, medelvärde i tkr",Stor-Stockholm,2018K4,3439,https://www.statistikdatabasen.scb.se/pxweb/sv/ssd/START__BO__BO0501__BO0501B/FastprisFHRegKv/
"Köpeskilling, medelvärde i tkr",Stor-Stockholm,2019K1,4525,https://www.statistikdatabasen.scb.se/pxweb/sv/ssd/START__BO__BO0501__BO0501B/FastprisFHRegKv/
"Köpeskilling, medelvärde i tkr",Stor-Stockholm,2019K2,3568,https://www.statistikdatabasen.scb.se/pxweb/sv/ssd/START__BO__BO0501__BO0501B/FastprisFHRegKv/
"Köpeskilling, medelvärde i tkr",Stor-Stockholm,2019K3,3801,https://www.statistikdatabasen.scb.se/pxweb/sv/ssd/START__BO__BO0501__BO0501B/FastprisFHRegKv/
"Köpeskilling, medelvärde i tkr",Stor-Stockholm,2019K4,3553,https://www.statistikdatabasen.scb.se/pxweb/sv/ssd/START__BO__BO0501__BO0501B/FastprisFHRegKv/
"Köpeskilling, medelvärde i tkr",Stor-Stockholm,2020K1,3762,https://www.statistikdatabasen.scb.se/pxweb/sv/ssd/START__BO__BO0501__BO0501B/FastprisFHRegKv/
"Köpeskilling, medelvärde i tkr",Stor-Stockholm,2020K2,3646,https://www.statistikdatabasen.scb.se/pxweb/sv/ssd/START__BO__BO0501__BO0501B/FastprisFHRegKv/
"Köpeskilling, medelvärde i tkr",Stor-Stockholm,2020K3,4094,https://www.statistikdatabasen.scb.se/pxweb/sv/ssd/START__BO__BO0501__BO0501B/FastprisFHRegKv/
"Köpeskilling, medelvärde i tkr",Stor-Stockholm,2020K4,4121,https://www.statistikdatabasen.scb.se/pxweb/sv/ssd/START__BO__BO0501__BO0501B/FastprisFHRegKv/
"Köpeskilling, medelvärde i tkr",Stor-Stockholm,2021K1,4880,https://www.statistikdatabasen.scb.se/pxweb/sv/ssd/START__BO__BO0501__BO0501B/FastprisFHRegKv/
"Köpeskilling, medelvärde i tkr",Stor-Stockholm,2021K2,4626,https://www.statistikdatabasen.scb.se/pxweb/sv/ssd/START__BO__BO0501__BO0501B/FastprisFHRegKv/
"Köpeskilling, medelvärde i tkr",Stor-Stockholm,2021K3,4828,https://www.statistikdatabasen.scb.se/pxweb/sv/ssd/START__BO__BO0501__BO0501B/FastprisFHRegKv/
"Köpeskilling, medelvärde i tkr",Stor-Stockholm,2021K4,4780,https://www.statistikdatabasen.scb.se/pxweb/sv/ssd/START__BO__BO0501__BO0501B/FastprisFHRegKv/
"Köpeskilling, medelvärde i tkr",Stor-Stockholm,2022K1,5659,https://www.statistikdatabasen.scb.se/pxweb/sv/ssd/START__BO__BO0501__BO0501B/FastprisFHRegKv/
"Köpeskilling, medelvärde i tkr",Stor-Stockholm,2022K2,4007,https://www.statistikdatabasen.scb.se/pxweb/sv/ssd/START__BO__BO0501__BO0501B/FastprisFHRegKv/
"Köpeskilling, medelvärde i tkr",Stor-Stockholm,2022K3,4464,https://www.statistikdatabasen.scb.se/pxweb/sv/ssd/START__BO__BO0501__BO0501B/FastprisFHRegKv/
"Köpeskilling, medelvärde i tkr",Stor-Stockholm,2022K4,4289,https://www.statistikdatabasen.scb.se/pxweb/sv/ssd/START__BO__BO0501__BO0501B/FastprisFHRegKv/
"Köpeskilling, medelvärde i tkr",Stor-Stockholm,2023K1,4362,https://www.statistikdatabasen.scb.se/pxweb/sv/ssd/START__BO__BO0501__BO0501B/FastprisFHRegKv/
"Köpeskilling, medelvärde i tkr",Stor-Stockholm,2023K2,4501,https://www.statistikdatabasen.scb.se/pxweb/sv/ssd/START__BO__BO0501__BO0501B/FastprisFHRegKv/
"Köpeskilling, medelvärde i tkr",Stor-Stockholm,2023K3,4223,https://www.statistikdatabasen.scb.se/pxweb/sv/ssd/START__BO__BO0501__BO0501B/FastprisFHRegKv/
"Köpeskilling, medelvärde i tkr",Stor-Stockholm,2023K4,4233,https://www.statistikdatabasen.scb.se/pxweb/sv/ssd/START__BO__BO0501__BO0501B/FastprisFHRegKv/
"Köpeskilling, medelvärde i tkr",Stor-Stockholm,2024K1,5317,https://www.statistikdatabasen.scb.se/pxweb/sv/ssd/START__BO__BO0501__BO0501B/FastprisFHRegKv/
"Köpeskilling, medelvärde i tkr",Stor-Stockholm,2024K2,4124,https://www.statistikdatabasen.scb.se/pxweb/sv/ssd/START__BO__BO0501__BO0501B/FastprisFHRegKv/
"Köpeskilling, medelvärde i tkr",Stor-Stockholm,2024K3,4152,https://www.statistikdatabasen.scb.se/pxweb/sv/ssd/START__BO__BO0501__BO0501B/FastprisFHRegKv/
"Köpeskilling, medelvärde i tkr",Stor-Stockholm,2024K4,4943,https://www.statistikdatabasen.scb.se/pxweb/sv/ssd/START__BO__BO0501__BO0501B/FastprisFHRegKv/
"Köpeskilling, medelvärde i tkr",Stor-Stockholm,2025K1,4757,https://www.statistikdatabasen.scb.se/pxweb/sv/ssd/START__BO__BO0501__BO0501B/FastprisFHRegKv/
"Köpeskilling, medelvärde i tkr",Stor-Stockholm,2025K2,4199,https://www.statistikdatabasen.scb.se/pxweb/sv/ssd/START__BO__BO0501__BO0501B/FastprisFHRegKv/
"Köpeskilling, medelvärde i tkr",Stor-Stockholm,2025K3,4271,https://www.statistikdatabasen.scb.se/pxweb/sv/ssd/START__BO__BO0501__BO0501B/FastprisFHRegKv/
"Köpeskilling, medelvärde i tkr",Stor-Stockholm,2025K4,4651,https://www.statistikdatabasen.scb.se/pxweb/sv/ssd/START__BO__BO0501__BO0501B/FastprisFHRegKv/
"Köpeskilling, medelvärde i tkr",Stor-Stockholm,2026K1,4816,https://www.statistikdatabasen.scb.se/pxweb/sv/ssd/START__BO__BO0501__BO0501B/FastprisFHRegKv/
"Köpeskilling, medelvärde i tkr",Stor-Stockholm,2026K2,4179,https://www.statistikdatabasen.scb.se/pxweb/sv/ssd/START__BO__BO0501__BO0501B/FastprisFHRegKv/
"Bas-/taxeringsvärde, medelvärde i tkr",Stor-Stockholm,1998K1,446,https://www.statistikdatabasen.scb.se/pxweb/sv/ssd/START__BO__BO0501__BO0501B/FastprisFHRegKv/
"Bas-/taxeringsvärde, medelvärde i tkr",Stor-Stockholm,1998K2,424,https://www.statistikdatabasen.scb.se/pxweb/sv/ssd/START__BO__BO0501__BO0501B/FastprisFHRegKv/
"Bas-/taxeringsvärde, medelvärde i tkr",Stor-Stockholm,1998K3,430,https://www.statistikdatabasen.scb.se/pxweb/sv/ssd/START__BO__BO0501__BO0501B/FastprisFHRegKv/
"Bas-/taxeringsvärde, medelvärde i tkr",Stor-Stockholm,1998K4,433,https://www.statistikdatabasen.scb.se/pxweb/sv/ssd/START__BO__BO0501__BO0501B/FastprisFHRegKv/
"Bas-/taxeringsvärde, medelvärde i tkr",Stor-Stockholm,1999K1,459,https://www.statistikdatabasen.scb.se/pxweb/sv/ssd/START__BO__BO0501__BO0501B/FastprisFHRegKv/
"Bas-/taxeringsvärde, medelvärde i tkr",Stor-Stockholm,1999K2,403,https://www.statistikdatabasen.scb.se/pxweb/sv/ssd/START__BO__BO0501__BO0501B/FastprisFHRegKv/
"Bas-/taxeringsvärde, medelvärde i tkr",Stor-Stockholm,1999K3,440,https://www.statistikdatabasen.scb.se/pxweb/sv/ssd/START__BO__BO0501__BO0501B/FastprisFHRegKv/
"Bas-/taxeringsvärde, medelvärde i tkr",Stor-Stockholm,1999K4,431,https://www.statistikdatabasen.scb.se/pxweb/sv/ssd/START__BO__BO0501__BO0501B/FastprisFHRegKv/
"Bas-/taxeringsvärde, medelvärde i tkr",Stor-Stockholm,2000K1,409,https://www.statistikdatabasen.scb.se/pxweb/sv/ssd/START__BO__BO0501__BO0501B/FastprisFHRegKv/
"Bas-/taxeringsvärde, medelvärde i tkr",Stor-Stockholm,2000K2,406,https://www.statistikdatabasen.scb.se/pxweb/sv/ssd/START__BO__BO0501__BO0501B/FastprisFHRegKv/
"Bas-/taxeringsvärde, medelvärde i tkr",Stor-Stockholm,2000K3,432,https://www.statistikdatabasen.scb.se/pxweb/sv/ssd/START__BO__BO0501__BO0501B/FastprisFHRegKv/
"Bas-/taxeringsvärde, medelvärde i tkr",Stor-Stockholm,2000K4,425,https://www.statistikdatabasen.scb.se/pxweb/sv/ssd/START__BO__BO0501__BO0501B/FastprisFHRegKv/
"Bas-/taxeringsvärde, medelvärde i tkr",Stor-Stockholm,2001K1,457,https://www.statistikdatabasen.scb.se/pxweb/sv/ssd/START__BO__BO0501__BO0501B/FastprisFHRegKv/
"Bas-/taxeringsvärde, medelvärde i tkr",Stor-Stockholm,2001K2,397,https://www.statistikdatabasen.scb.se/pxweb/sv/ssd/START__BO__BO0501__BO0501B/FastprisFHRegKv/
"Bas-/taxeringsvärde, medelvärde i tkr",Stor-Stockholm,2001K3,411,https://www.statistikdatabasen.scb.se/pxweb/sv/ssd/START__BO__BO0501__BO0501B/FastprisFHRegKv/
"Bas-/taxeringsvärde, medelvärde i tkr",Stor-Stockholm,2001K4,429,https://www.statistikdatabasen.scb.se/pxweb/sv/ssd/START__BO__BO0501__BO0501B/FastprisFHRegKv/
"Bas-/taxeringsvärde, medelvärde i tkr",Stor-Stockholm,2002K1,506,https://www.statistikdatabasen.scb.se/pxweb/sv/ssd/START__BO__BO0501__BO0501B/FastprisFHRegKv/
"Bas-/taxeringsvärde, medelvärde i tkr",Stor-Stockholm,2002K2,423,https://www.statistikdatabasen.scb.se/pxweb/sv/ssd/START__BO__BO0501__BO0501B/FastprisFHRegKv/
"Bas-/taxeringsvärde, medelvärde i tkr",Stor-Stockholm,2002K3,422,https://www.statistikdatabasen.scb.se/pxweb/sv/ssd/START__BO__BO0501__BO0501B/FastprisFHRegKv/
"Bas-/taxeringsvärde, medelvärde i tkr",Stor-Stockholm,2002K4,448,https://www.statistikdatabasen.scb.se/pxweb/sv/ssd/START__BO__BO0501__BO0501B/FastprisFHRegKv/
"Bas-/taxeringsvärde, medelvärde i tkr",Stor-Stockholm,2003K1,1049,https://www.statistikdatabasen.scb.se/pxweb/sv/ssd/START__BO__BO0501__BO0501B/FastprisFHRegKv/
"Bas-/taxeringsvärde, medelvärde i tkr",Stor-Stockholm,2003K2,903,https://www.statistikdatabasen.scb.se/pxweb/sv/ssd/START__BO__BO0501__BO0501B/FastprisFHRegKv/
"Bas-/taxeringsvärde, medelvärde i tkr",Stor-Stockholm,2003K3,1009,https://www.statistikdatabasen.scb.se/pxweb/sv/ssd/START__BO__BO0501__BO0501B/FastprisFHRegKv/
"Bas-/taxeringsvärde, medelvärde i tkr",Stor-Stockholm,2003K4,960,https://www.statistikdatabasen.scb.se/pxweb/sv/ssd/START__BO__BO0501__BO0501B/FastprisFHRegKv/
"Bas-/taxeringsvärde, medelvärde i tkr",Stor-Stockholm,2004K1,983,https://www.statistikdatabasen.scb.se/pxweb/sv/ssd/START__BO__BO0501__BO0501B/FastprisFHRegKv/
"Bas-/taxeringsvärde, medelvärde i tkr",Stor-Stockholm,2004K2,886,https://www.statistikdatabasen.scb.se/pxweb/sv/ssd/START__BO__BO0501__BO0501B/FastprisFHRegKv/
"Bas-/taxeringsvärde, medelvärde i tkr",Stor-Stockholm,2004K3,911,https://www.statistikdatabasen.scb.se/pxweb/sv/ssd/START__BO__BO0501__BO0501B/FastprisFHRegKv/
"Bas-/taxeringsvärde, medelvärde i tkr",Stor-Stockholm,2004K4,897,https://www.statistikdatabasen.scb.se/pxweb/sv/ssd/START__BO__BO0501__BO0501B/FastprisFHRegKv/
"Bas-/taxeringsvärde, medelvärde i tkr",Stor-Stockholm,2005K1,771,https://www.statistikdatabasen.scb.se/pxweb/sv/ssd/START__BO__BO0501__BO0501B/FastprisFHRegKv/
"Bas-/taxeringsvärde, medelvärde i tkr",Stor-Stockholm,2005K2,696,https://www.statistikdatabasen.scb.se/pxweb/sv/ssd/START__BO__BO0501__BO0501B/FastprisFHRegKv/
"Bas-/taxeringsvärde, medelvärde i tkr",Stor-Stockholm,2005K3,703,https://www.statistikdatabasen.scb.se/pxweb/sv/ssd/START__BO__BO0501__BO0501B/FastprisFHRegKv/
"Bas-/taxeringsvärde, medelvärde i tkr",Stor-Stockholm,2005K4,727,https://www.statistikdatabasen.scb.se/pxweb/sv/ssd/START__BO__BO0501__BO0501B/FastprisFHRegKv/
"Bas-/taxeringsvärde, medelvärde i tkr",Stor-Stockholm,2006K1,1148,https://www.statistikdatabasen.scb.se/pxweb/sv/ssd/START__BO__BO0501__BO0501B/FastprisFHRegKv/
"Bas-/taxeringsvärde, medelvärde i tkr",Stor-Stockholm,2006K2,937,https://www.statistikdatabasen.scb.se/pxweb/sv/ssd/START__BO__BO0501__BO0501B/FastprisFHRegKv/
"Bas-/taxeringsvärde, medelvärde i tkr",Stor-Stockholm,2006K3,970,https://www.statistikdatabasen.scb.se/pxweb/sv/ssd/START__BO__BO0501__BO0501B/FastprisFHRegKv/
"Bas-/taxeringsvärde, medelvärde i tkr",Stor-Stockholm,2006K4,1020,https://www.statistikdatabasen.scb.se/pxweb/sv/ssd/START__BO__BO0501__BO0501B/FastprisFHRegKv/
"Bas-/taxeringsvärde, medelvärde i tkr",Stor-Stockholm,2007K1,1065,https://www.statistikdatabasen.scb.se/pxweb/sv/ssd/START__BO__BO0501__BO0501B/FastprisFHRegKv/
"Bas-/taxeringsvärde, medelvärde i tkr",Stor-Stockholm,2007K2,878,https://www.statistikdatabasen.scb.se/pxweb/sv/ssd/START__BO__BO0501__BO0501B/FastprisFHRegKv/
"Bas-/taxeringsvärde, medelvärde i tkr",Stor-Stockholm,2007K3,870,https://www.statistikdatabasen.scb.se/pxweb/sv/ssd/START__BO__BO0501__BO0501B/FastprisFHRegKv/
"Bas-/taxeringsvärde, medelvärde i tkr",Stor-Stockholm,2007K4,938,https://www.statistikdatabasen.scb.se/pxweb/sv/ssd/START__BO__BO0501__BO0501B/FastprisFHRegKv/
"Bas-/taxeringsvärde, medelvärde i tkr",Stor-Stockholm,2008K1,1050,https://www.statistikdatabasen.scb.se/pxweb/sv/ssd/START__BO__BO0501__BO0501B/FastprisFHRegKv/
"Bas-/taxeringsvärde, medelvärde i tkr",Stor-Stockholm,2008K2,925,https://www.statistikdatabasen.scb.se/pxweb/sv/ssd/START__BO__BO0501__BO0501B/FastprisFHRegKv/
"Bas-/taxeringsvärde, medelvärde i tkr",Stor-Stockholm,2008K3,942,https://www.statistikdatabasen.scb.se/pxweb/sv/ssd/START__BO__BO0501__BO0501B/FastprisFHRegKv/
"Bas-/taxeringsvärde, medelvärde i tkr",Stor-Stockholm,2008K4,1026,https://www.statistikdatabasen.scb.se/pxweb/sv/ssd/START__BO__BO0501__BO0501B/FastprisFHRegKv/
"Bas-/taxeringsvärde, medelvärde i tkr",Stor-Stockholm,2009K1,1451,https://www.statistikdatabasen.scb.se/pxweb/sv/ssd/START__BO__BO0501__BO0501B/FastprisFHRegKv/
"Bas-/taxeringsvärde, medelvärde i tkr",Stor-Stockholm,2009K2,1351,https://www.statistikdatabasen.scb.se/pxweb/sv/ssd/START__BO__BO0501__BO0501B/FastprisFHRegKv/
"Bas-/taxeringsvärde, medelvärde i tkr",Stor-Stockholm,2009K3,1431,https://www.statistikdatabasen.scb.se/pxweb/sv/ssd/START__BO__BO0501__BO0501B/FastprisFHRegKv/
"Bas-/taxeringsvärde, medelvärde i tkr",Stor-Stockholm,2009K4,1520,https://www.statistikdatabasen.scb.se/pxweb/sv/ssd/START__BO__BO0501__BO0501B/FastprisFHRegKv/
"Bas-/taxeringsvärde, medelvärde i tkr",Stor-Stockholm,2010K1,1625,https://www.statistikdatabasen.scb.se/pxweb/sv/ssd/START__BO__BO0501__BO0501B/FastprisFHRegKv/
"Bas-/taxeringsvärde, medelvärde i tkr",Stor-Stockholm,2010K2,1392,https://www.statistikdatabasen.scb.se/pxweb/sv/ssd/START__BO__BO0501__BO0501B/FastprisFHRegKv/
"Bas-/taxeringsvärde, medelvärde i tkr",Stor-Stockholm,2010K3,1404,https://www.statistikdatabasen.scb.se/pxweb/sv/ssd/START__BO__BO0501__BO0501B/FastprisFHRegKv/
"Bas-/taxeringsvärde, medelvärde i tkr",Stor-Stockholm,2010K4,1352,https://www.statistikdatabasen.scb.se/pxweb/sv/ssd/START__BO__BO0501__BO0501B/FastprisFHRegKv/
"Bas-/taxeringsvärde, medelvärde i tkr",Stor-Stockholm,2011K1,1639,https://www.statistikdatabasen.scb.se/pxweb/sv/ssd/START__BO__BO0501__BO0501B/FastprisFHRegKv/
"Bas-/taxeringsvärde, medelvärde i tkr",Stor-Stockholm,2011K2,1412,https://www.statistikdatabasen.scb.se/pxweb/sv/ssd/START__BO__BO0501__BO0501B/FastprisFHRegKv/
"Bas-/taxeringsvärde, medelvärde i tkr",Stor-Stockholm,2011K3,1366,https://www.statistikdatabasen.scb.se/pxweb/sv/ssd/START__BO__BO0501__BO0501B/FastprisFHRegKv/
"Bas-/taxeringsvärde, medelvärde i tkr",Stor-Stockholm,2011K4,1503,https://www.statistikdatabasen.scb.se/pxweb/sv/ssd/START__BO__BO0501__BO0501B/FastprisFHRegKv/
"Bas-/taxeringsvärde, medelvärde i tkr",Stor-Stockholm,2012K1,1688,https://www.statistikdatabasen.scb.se/pxweb/sv/ssd/START__BO__BO0501__BO0501B/FastprisFHRegKv/
"Bas-/taxeringsvärde, medelvärde i tkr",Stor-Stockholm,2012K2,1453,https://www.statistikdatabasen.scb.se/pxweb/sv/ssd/START__BO__BO0501__BO0501B/FastprisFHRegKv/
"Bas-/taxeringsvärde, medelvärde i tkr",Stor-Stockholm,2012K3,1521,https://www.statistikdatabasen.scb.se/pxweb/sv/ssd/START__BO__BO0501__BO0501B/FastprisFHRegKv/
"Bas-/taxeringsvärde, medelvärde i tkr",Stor-Stockholm,2012K4,1507,https://www.statistikdatabasen.scb.se/pxweb/sv/ssd/START__BO__BO0501__BO0501B/FastprisFHRegKv/
"Bas-/taxeringsvärde, medelvärde i tkr",Stor-Stockholm,2013K1,1770,https://www.statistikdatabasen.scb.se/pxweb/sv/ssd/START__BO__BO0501__BO0501B/FastprisFHRegKv/
"Bas-/taxeringsvärde, medelvärde i tkr",Stor-Stockholm,2013K2,1578,https://www.statistikdatabasen.scb.se/pxweb/sv/ssd/START__BO__BO0501__BO0501B/FastprisFHRegKv/
"Bas-/taxeringsvärde, medelvärde i tkr",Stor-Stockholm,2013K3,1516,https://www.statistikdatabasen.scb.se/pxweb/sv/ssd/START__BO__BO0501__BO0501B/FastprisFHRegKv/
"Bas-/taxeringsvärde, medelvärde i tkr",Stor-Stockholm,2013K4,1522,https://www.statistikdatabasen.scb.se/pxweb/sv/ssd/START__BO__BO0501__BO0501B/FastprisFHRegKv/
"Bas-/taxeringsvärde, medelvärde i tkr",Stor-Stockholm,2014K1,1712,https://www.statistikdatabasen.scb.se/pxweb/sv/ssd/START__BO__BO0501__BO0501B/FastprisFHRegKv/
"Bas-/taxeringsvärde, medelvärde i tkr",Stor-Stockholm,2014K2,1578,https://www.statistikdatabasen.scb.se/pxweb/sv/ssd/START__BO__BO0501__BO0501B/FastprisFHRegKv/
"Bas-/taxeringsvärde, medelvärde i tkr",Stor-Stockholm,2014K3,1636,https://www.statistikdatabasen.scb.se/pxweb/sv/ssd/START__BO__BO0501__BO0501B/FastprisFHRegKv/
"Bas-/taxeringsvärde, medelvärde i tkr",Stor-Stockholm,2014K4,1603,https://www.statistikdatabasen.scb.se/pxweb/sv/ssd/START__BO__BO0501__BO0501B/FastprisFHRegKv/
"Bas-/taxeringsvärde, medelvärde i tkr",Stor-Stockholm,2015K1,2260,https://www.statistikdatabasen.scb.se/pxweb/sv/ssd/START__BO__BO0501__BO0501B/FastprisFHRegKv/
"Bas-/taxeringsvärde, medelvärde i tkr",Stor-Stockholm,2015K2,1731,https://www.statistikdatabasen.scb.se/pxweb/sv/ssd/START__BO__BO0501__BO0501B/FastprisFHRegKv/
"Bas-/taxeringsvärde, medelvärde i tkr",Stor-Stockholm,2015K3,1733,https://www.statistikdatabasen.scb.se/pxweb/sv/ssd/START__BO__BO0501__BO0501B/FastprisFHRegKv/
"Bas-/taxeringsvärde, medelvärde i tkr",Stor-Stockholm,2015K4,1849,https://www.statistikdatabasen.scb.se/pxweb/sv/ssd/START__BO__BO0501__BO0501B/FastprisFHRegKv/
"Bas-/taxeringsvärde, medelvärde i tkr",Stor-Stockholm,2016K1,1986,https://www.statistikdatabasen.scb.se/pxweb/sv/ssd/START__BO__BO0501__BO0501B/FastprisFHRegKv/
"Bas-/taxeringsvärde, medelvärde i tkr",Stor-Stockholm,2016K2,1623,https://www.statistikdatabasen.scb.se/pxweb/sv/ssd/START__BO__BO0501__BO0501B/FastprisFHRegKv/
"Bas-/taxeringsvärde, medelvärde i tkr",Stor-Stockholm,2016K3,1791,https://www.statistikdatabasen.scb.se/pxweb/sv/ssd/START__BO__BO0501__BO0501B/FastprisFHRegKv/
"Bas-/taxeringsvärde, medelvärde i tkr",Stor-Stockholm,2016K4,1912,https://www.statistikdatabasen.scb.se/pxweb/sv/ssd/START__BO__BO0501__BO0501B/FastprisFHRegKv/
"Bas-/taxeringsvärde, medelvärde i tkr",Stor-Stockholm,2017K1,2236,https://www.statistikdatabasen.scb.se/pxweb/sv/ssd/START__BO__BO0501__BO0501B/FastprisFHRegKv/
"Bas-/taxeringsvärde, medelvärde i tkr",Stor-Stockholm,2017K2,1745,https://www.statistikdatabasen.scb.se/pxweb/sv/ssd/START__BO__BO0501__BO0501B/FastprisFHRegKv/
"Bas-/taxeringsvärde, medelvärde i tkr",Stor-Stockholm,2017K3,1683,https://www.statistikdatabasen.scb.se/pxweb/sv/ssd/START__BO__BO0501__BO0501B/FastprisFHRegKv/
"Bas-/taxeringsvärde, medelvärde i tkr",Stor-Stockholm,2017K4,1884,https://www.statistikdatabasen.scb.se/pxweb/sv/ssd/START__BO__BO0501__BO0501B/FastprisFHRegKv/
"Bas-/taxeringsvärde, medelvärde i tkr",Stor-Stockholm,2018K1,2901,https://www.statistikdatabasen.scb.se/pxweb/sv/ssd/START__BO__BO0501__BO0501B/FastprisFHRegKv/
"Bas-/taxeringsvärde, medelvärde i tkr",Stor-Stockholm,2018K2,2360,https://www.statistikdatabasen.scb.se/pxweb/sv/ssd/START__BO__BO0501__BO0501B/FastprisFHRegKv/
"Bas-/taxeringsvärde, medelvärde i tkr",Stor-Stockholm,2018K3,2279,https://www.statistikdatabasen.scb.se/pxweb/sv/ssd/START__BO__BO0501__BO0501B/FastprisFHRegKv/
"Bas-/taxeringsvärde, medelvärde i tkr",Stor-Stockholm,2018K4,2277,https://www.statistikdatabasen.scb.se/pxweb/sv/ssd/START__BO__BO0501__BO0501B/FastprisFHRegKv/
"Bas-/taxeringsvärde, medelvärde i tkr",Stor-Stockholm,2019K1,3036,https://www.statistikdatabasen.scb.se/pxweb/sv/ssd/START__BO__BO0501__BO0501B/FastprisFHRegKv/
"Bas-/taxeringsvärde, medelvärde i tkr",Stor-Stockholm,2019K2,2302,https://www.statistikdatabasen.scb.se/pxweb/sv/ssd/START__BO__BO0501__BO0501B/FastprisFHRegKv/
"Bas-/taxeringsvärde, medelvärde i tkr",Stor-Stockholm,2019K3,2513,https://www.statistikdatabasen.scb.se/pxweb/sv/ssd/START__BO__BO0501__BO0501B/FastprisFHRegKv/
"Bas-/taxeringsvärde, medelvärde i tkr",Stor-Stockholm,2019K4,2387,https://www.statistikdatabasen.scb.se/pxweb/sv/ssd/START__BO__BO0501__BO0501B/FastprisFHRegKv/
"Bas-/taxeringsvärde, medelvärde i tkr",Stor-Stockholm,2020K1,2440,https://www.statistikdatabasen.scb.se/pxweb/sv/ssd/START__BO__BO0501__BO0501B/FastprisFHRegKv/
"Bas-/taxeringsvärde, medelvärde i tkr",Stor-Stockholm,2020K2,2203,https://www.statistikdatabasen.scb.se/pxweb/sv/ssd/START__BO__BO0501__BO0501B/FastprisFHRegKv/
"Bas-/taxeringsvärde, medelvärde i tkr",Stor-Stockholm,2020K3,2564,https://www.statistikdatabasen.scb.se/pxweb/sv/ssd/START__BO__BO0501__BO0501B/FastprisFHRegKv/
"Bas-/taxeringsvärde, medelvärde i tkr",Stor-Stockholm,2020K4,2360,https://www.statistikdatabasen.scb.se/pxweb/sv/ssd/START__BO__BO0501__BO0501B/FastprisFHRegKv/
"Bas-/taxeringsvärde, medelvärde i tkr",Stor-Stockholm,2021K1,3011,https://www.statistikdatabasen.scb.se/pxweb/sv/ssd/START__BO__BO0501__BO0501B/FastprisFHRegKv/
"Bas-/taxeringsvärde, medelvärde i tkr",Stor-Stockholm,2021K2,2462,https://www.statistikdatabasen.scb.se/pxweb/sv/ssd/START__BO__BO0501__BO0501B/FastprisFHRegKv/
"Bas-/taxeringsvärde, medelvärde i tkr",Stor-Stockholm,2021K3,2511,https://www.statistikdatabasen.scb.se/pxweb/sv/ssd/START__BO__BO0501__BO0501B/FastprisFHRegKv/
"Bas-/taxeringsvärde, medelvärde i tkr",Stor-Stockholm,2021K4,2472,https://www.statistikdatabasen.scb.se/pxweb/sv/ssd/START__BO__BO0501__BO0501B/FastprisFHRegKv/
"Bas-/taxeringsvärde, medelvärde i tkr",Stor-Stockholm,2022K1,2904,https://www.statistikdatabasen.scb.se/pxweb/sv/ssd/START__BO__BO0501__BO0501B/FastprisFHRegKv/
"Bas-/taxeringsvärde, medelvärde i tkr",Stor-Stockholm,2022K2,2032,https://www.statistikdatabasen.scb.se/pxweb/sv/ssd/START__BO__BO0501__BO0501B/FastprisFHRegKv/
"Bas-/taxeringsvärde, medelvärde i tkr",Stor-Stockholm,2022K3,2346,https://www.statistikdatabasen.scb.se/pxweb/sv/ssd/START__BO__BO0501__BO0501B/FastprisFHRegKv/
"Bas-/taxeringsvärde, medelvärde i tkr",Stor-Stockholm,2022K4,2472,https://www.statistikdatabasen.scb.se/pxweb/sv/ssd/START__BO__BO0501__BO0501B/FastprisFHRegKv/
"Bas-/taxeringsvärde, medelvärde i tkr",Stor-Stockholm,2023K1,2715,https://www.statistikdatabasen.scb.se/pxweb/sv/ssd/START__BO__BO0501__BO0501B/FastprisFHRegKv/
"Bas-/taxeringsvärde, medelvärde i tkr",Stor-Stockholm,2023K2,2573,https://www.statistikdatabasen.scb.se/pxweb/sv/ssd/START__BO__BO0501__BO0501B/FastprisFHRegKv/
"Bas-/taxeringsvärde, medelvärde i tkr",Stor-Stockholm,2023K3,2422,https://www.statistikdatabasen.scb.se/pxweb/sv/ssd/START__BO__BO0501__BO0501B/FastprisFHRegKv/
"Bas-/taxeringsvärde, medelvärde i tkr",Stor-Stockholm,2023K4,2555,https://www.statistikdatabasen.scb.se/pxweb/sv/ssd/START__BO__BO0501__BO0501B/FastprisFHRegKv/
"Bas-/taxeringsvärde, medelvärde i tkr",Stor-Stockholm,2024K1,4203,https://www.statistikdatabasen.scb.se/pxweb/sv/ssd/START__BO__BO0501__BO0501B/FastprisFHRegKv/
"Bas-/taxeringsvärde, medelvärde i tkr",Stor-Stockholm,2024K2,3049,https://www.statistikdatabasen.scb.se/pxweb/sv/ssd/START__BO__BO0501__BO0501B/FastprisFHRegKv/
"Bas-/taxeringsvärde, medelvärde i tkr",Stor-Stockholm,2024K3,3110,https://www.statistikdatabasen.scb.se/pxweb/sv/ssd/START__BO__BO0501__BO0501B/FastprisFHRegKv/
"Bas-/taxeringsvärde, medelvärde i tkr",Stor-Stockholm,2024K4,3768,https://www.statistikdatabasen.scb.se/pxweb/sv/ssd/START__BO__BO0501__BO0501B/FastprisFHRegKv/
"Bas-/taxeringsvärde, medelvärde i tkr",Stor-Stockholm,2025K1,3880,https://www.statistikdatabasen.scb.se/pxweb/sv/ssd/START__BO__BO0501__BO0501B/FastprisFHRegKv/
"Bas-/taxeringsvärde, medelvärde i tkr",Stor-Stockholm,2025K2,3104,https://www.statistikdatabasen.scb.se/pxweb/sv/ssd/START__BO__BO0501__BO0501B/FastprisFHRegKv/
"Bas-/taxeringsvärde, medelvärde i tkr",Stor-Stockholm,2025K3,3154,https://www.statistikdatabasen.scb.se/pxweb/sv/ssd/START__BO__BO0501__BO0501B/FastprisFHRegKv/
"Bas-/taxeringsvärde, medelvärde i tkr",Stor-Stockholm,2025K4,3545,https://www.statistikdatabasen.scb.se/pxweb/sv/ssd/START__BO__BO0501__BO0501B/FastprisFHRegKv/
"Bas-/taxeringsvärde, medelvärde i tkr",Stor-Stockholm,2026K1,3886,https://www.statistikdatabasen.scb.se/pxweb/sv/ssd/START__BO__BO0501__BO0501B/FastprisFHRegKv/
"Bas-/taxeringsvärde, medelvärde i tkr",Stor-Stockholm,2026K2,3162,https://www.statistikdatabasen.scb.se/pxweb/sv/ssd/START__BO__BO0501__BO0501B/FastprisFHRegKv/
Köpeskillingskoefficient,Stor-Stockholm,1998K1,1.74,https://www.statistikdatabasen.scb.se/pxweb/sv/ssd/START__BO__BO0501__BO0501B/FastprisFHRegKv/
Köpeskillingskoefficient,Stor-Stockholm,1998K2,1.81,https://www.statistikdatabasen.scb.se/pxweb/sv/ssd/START__BO__BO0501__BO0501B/FastprisFHRegKv/
Köpeskillingskoefficient,Stor-Stockholm,1998K3,1.88,https://www.statistikdatabasen.scb.se/pxweb/sv/ssd/START__BO__BO0501__BO0501B/FastprisFHRegKv/
Köpeskillingskoefficient,Stor-Stockholm,1998K4,1.92,https://www.statistikdatabasen.scb.se/pxweb/sv/ssd/START__BO__BO0501__BO0501B/FastprisFHRegKv/
Köpeskillingskoefficient,Stor-Stockholm,1999K1,1.82,https://www.statistikdatabasen.scb.se/pxweb/sv/ssd/START__BO__BO0501__BO0501B/FastprisFHRegKv/
Köpeskillingskoefficient,Stor-Stockholm,1999K2,2.13,https://www.statistikdatabasen.scb.se/pxweb/sv/ssd/START__BO__BO0501__BO0501B/FastprisFHRegKv/
Köpeskillingskoefficient,Stor-Stockholm,1999K3,2.1,https://www.statistikdatabasen.scb.se/pxweb/sv/ssd/START__BO__BO0501__BO0501B/FastprisFHRegKv/
Köpeskillingskoefficient,Stor-Stockholm,1999K4,2.19,https://www.statistikdatabasen.scb.se/pxweb/sv/ssd/START__BO__BO0501__BO0501B/FastprisFHRegKv/
Köpeskillingskoefficient,Stor-Stockholm,2000K1,2.28,https://www.statistikdatabasen.scb.se/pxweb/sv/ssd/START__BO__BO0501__BO0501B/FastprisFHRegKv/
Köpeskillingskoefficient,Stor-Stockholm,2000K2,2.54,https://www.statistikdatabasen.scb.se/pxweb/sv/ssd/START__BO__BO0501__BO0501B/FastprisFHRegKv/
Köpeskillingskoefficient,Stor-Stockholm,2000K3,2.79,https://www.statistikdatabasen.scb.se/pxweb/sv/ssd/START__BO__BO0501__BO0501B/FastprisFHRegKv/
Köpeskillingskoefficient,Stor-Stockholm,2000K4,2.78,https://www.statistikdatabasen.scb.se/pxweb/sv/ssd/START__BO__BO0501__BO0501B/FastprisFHRegKv/
Köpeskillingskoefficient,Stor-Stockholm,2001K1,2.89,https://www.statistikdatabasen.scb.se/pxweb/sv/ssd/START__BO__BO0501__BO0501B/FastprisFHRegKv/
Köpeskillingskoefficient,Stor-Stockholm,2001K2,3,https://www.statistikdatabasen.scb.se/pxweb/sv/ssd/START__BO__BO0501__BO0501B/FastprisFHRegKv/
Köpeskillingskoefficient,Stor-Stockholm,2001K3,3.05,https://www.statistikdatabasen.scb.se/pxweb/sv/ssd/START__BO__BO0501__BO0501B/FastprisFHRegKv/
Köpeskillingskoefficient,Stor-Stockholm,2001K4,2.99,https://www.statistikdatabasen.scb.se/pxweb/sv/ssd/START__BO__BO0501__BO0501B/FastprisFHRegKv/
Köpeskillingskoefficient,Stor-Stockholm,2002K1,3.1,https://www.statistikdatabasen.scb.se/pxweb/sv/ssd/START__BO__BO0501__BO0501B/FastprisFHRegKv/
Köpeskillingskoefficient,Stor-Stockholm,2002K2,3.34,https://www.statistikdatabasen.scb.se/pxweb/sv/ssd/START__BO__BO0501__BO0501B/FastprisFHRegKv/
Köpeskillingskoefficient,Stor-Stockholm,2002K3,3.24,https://www.statistikdatabasen.scb.se/pxweb/sv/ssd/START__BO__BO0501__BO0501B/FastprisFHRegKv/
Köpeskillingskoefficient,Stor-Stockholm,2002K4,3.38,https://www.statistikdatabasen.scb.se/pxweb/sv/ssd/START__BO__BO0501__BO0501B/FastprisFHRegKv/
Köpeskillingskoefficient,Stor-Stockholm,2003K1,1.73,https://www.statistikdatabasen.scb.se/pxweb/sv/ssd/START__BO__BO0501__BO0501B/FastprisFHRegKv/
Köpeskillingskoefficient,Stor-Stockholm,2003K2,1.65,https://www.statistikdatabasen.scb.se/pxweb/sv/ssd/START__BO__BO0501__BO0501B/FastprisFHRegKv/
Köpeskillingskoefficient,Stor-Stockholm,2003K3,1.72,https://www.statistikdatabasen.scb.se/pxweb/sv/ssd/START__BO__BO0501__BO0501B/FastprisFHRegKv/
Köpeskillingskoefficient,Stor-Stockholm,2003K4,1.78,https://www.statistikdatabasen.scb.se/pxweb/sv/ssd/START__BO__BO0501__BO0501B/FastprisFHRegKv/
Köpeskillingskoefficient,Stor-Stockholm,2004K1,1.76,https://www.statistikdatabasen.scb.se/pxweb/sv/ssd/START__BO__BO0501__BO0501B/FastprisFHRegKv/
Köpeskillingskoefficient,Stor-Stockholm,2004K2,1.89,https://www.statistikdatabasen.scb.se/pxweb/sv/ssd/START__BO__BO0501__BO0501B/FastprisFHRegKv/
Köpeskillingskoefficient,Stor-Stockholm,2004K3,1.88,https://www.statistikdatabasen.scb.se/pxweb/sv/ssd/START__BO__BO0501__BO0501B/FastprisFHRegKv/
Köpeskillingskoefficient,Stor-Stockholm,2004K4,1.88,https://www.statistikdatabasen.scb.se/pxweb/sv/ssd/START__BO__BO0501__BO0501B/FastprisFHRegKv/
Köpeskillingskoefficient,Stor-Stockholm,2005K1,2.01,https://www.statistikdatabasen.scb.se/pxweb/sv/ssd/START__BO__BO0501__BO0501B/FastprisFHRegKv/
Köpeskillingskoefficient,Stor-Stockholm,2005K2,2.01,https://www.statistikdatabasen.scb.se/pxweb/sv/ssd/START__BO__BO0501__BO0501B/FastprisFHRegKv/
Köpeskillingskoefficient,Stor-Stockholm,2005K3,2.07,https://www.statistikdatabasen.scb.se/pxweb/sv/ssd/START__BO__BO0501__BO0501B/FastprisFHRegKv/
Köpeskillingskoefficient,Stor-Stockholm,2005K4,2.16,https://www.statistikdatabasen.scb.se/pxweb/sv/ssd/START__BO__BO0501__BO0501B/FastprisFHRegKv/
Köpeskillingskoefficient,Stor-Stockholm,2006K1,1.58,https://www.statistikdatabasen.scb.se/pxweb/sv/ssd/START__BO__BO0501__BO0501B/FastprisFHRegKv/
Köpeskillingskoefficient,Stor-Stockholm,2006K2,1.72,https://www.statistikdatabasen.scb.se/pxweb/sv/ssd/START__BO__BO0501__BO0501B/FastprisFHRegKv/
Köpeskillingskoefficient,Stor-Stockholm,2006K3,1.71,https://www.statistikdatabasen.scb.se/pxweb/sv/ssd/START__BO__BO0501__BO0501B/FastprisFHRegKv/
Köpeskillingskoefficient,Stor-Stockholm,2006K4,1.72,https://www.statistikdatabasen.scb.se/pxweb/sv/ssd/START__BO__BO0501__BO0501B/FastprisFHRegKv/
Köpeskillingskoefficient,Stor-Stockholm,2007K1,1.8,https://www.statistikdatabasen.scb.se/pxweb/sv/ssd/START__BO__BO0501__BO0501B/FastprisFHRegKv/
Köpeskillingskoefficient,Stor-Stockholm,2007K2,1.99,https://www.statistikdatabasen.scb.se/pxweb/sv/ssd/START__BO__BO0501__BO0501B/FastprisFHRegKv/
Köpeskillingskoefficient,Stor-Stockholm,2007K3,2.02,https://www.statistikdatabasen.scb.se/pxweb/sv/ssd/START__BO__BO0501__BO0501B/FastprisFHRegKv/
Köpeskillingskoefficient,Stor-Stockholm,2007K4,2.03,https://www.statistikdatabasen.scb.se/pxweb/sv/ssd/START__BO__BO0501__BO0501B/FastprisFHRegKv/
Köpeskillingskoefficient,Stor-Stockholm,2008K1,1.99,https://www.statistikdatabasen.scb.se/pxweb/sv/ssd/START__BO__BO0501__BO0501B/FastprisFHRegKv/
Köpeskillingskoefficient,Stor-Stockholm,2008K2,2.13,https://www.statistikdatabasen.scb.se/pxweb/sv/ssd/START__BO__BO0501__BO0501B/FastprisFHRegKv/
Köpeskillingskoefficient,Stor-Stockholm,2008K3,2.13,https://www.statistikdatabasen.scb.se/pxweb/sv/ssd/START__BO__BO0501__BO0501B/FastprisFHRegKv/
Köpeskillingskoefficient,Stor-Stockholm,2008K4,1.96,https://www.statistikdatabasen.scb.se/pxweb/sv/ssd/START__BO__BO0501__BO0501B/FastprisFHRegKv/
Köpeskillingskoefficient,Stor-Stockholm,2009K1,1.4,https://www.statistikdatabasen.scb.se/pxweb/sv/ssd/START__BO__BO0501__BO0501B/FastprisFHRegKv/
Köpeskillingskoefficient,Stor-Stockholm,2009K2,1.55,https://www.statistikdatabasen.scb.se/pxweb/sv/ssd/START__BO__BO0501__BO0501B/FastprisFHRegKv/
Köpeskillingskoefficient,Stor-Stockholm,2009K3,1.5,https://www.statistikdatabasen.scb.se/pxweb/sv/ssd/START__BO__BO0501__BO0501B/FastprisFHRegKv/
Köpeskillingskoefficient,Stor-Stockholm,2009K4,1.55,https://www.statistikdatabasen.scb.se/pxweb/sv/ssd/START__BO__BO0501__BO0501B/FastprisFHRegKv/
Köpeskillingskoefficient,Stor-Stockholm,2010K1,1.56,https://www.statistikdatabasen.scb.se/pxweb/sv/ssd/START__BO__BO0501__BO0501B/FastprisFHRegKv/
Köpeskillingskoefficient,Stor-Stockholm,2010K2,1.65,https://www.statistikdatabasen.scb.se/pxweb/sv/ssd/START__BO__BO0501__BO0501B/FastprisFHRegKv/
Köpeskillingskoefficient,Stor-Stockholm,2010K3,1.57,https://www.statistikdatabasen.scb.se/pxweb/sv/ssd/START__BO__BO0501__BO0501B/FastprisFHRegKv/
Köpeskillingskoefficient,Stor-Stockholm,2010K4,1.62,https://www.statistikdatabasen.scb.se/pxweb/sv/ssd/START__BO__BO0501__BO0501B/FastprisFHRegKv/
Köpeskillingskoefficient,Stor-Stockholm,2011K1,1.63,https://www.statistikdatabasen.scb.se/pxweb/sv/ssd/START__BO__BO0501__BO0501B/FastprisFHRegKv/
Köpeskillingskoefficient,Stor-Stockholm,2011K2,1.72,https://www.statistikdatabasen.scb.se/pxweb/sv/ssd/START__BO__BO0501__BO0501B/FastprisFHRegKv/
Köpeskillingskoefficient,Stor-Stockholm,2011K3,1.64,https://www.statistikdatabasen.scb.se/pxweb/sv/ssd/START__BO__BO0501__BO0501B/FastprisFHRegKv/
Köpeskillingskoefficient,Stor-Stockholm,2011K4,1.6,https://www.statistikdatabasen.scb.se/pxweb/sv/ssd/START__BO__BO0501__BO0501B/FastprisFHRegKv/
Köpeskillingskoefficient,Stor-Stockholm,2012K1,1.28,https://www.statistikdatabasen.scb.se/pxweb/sv/ssd/START__BO__BO0501__BO0501B/FastprisFHRegKv/
Köpeskillingskoefficient,Stor-Stockholm,2012K2,1.47,https://www.statistikdatabasen.scb.se/pxweb/sv/ssd/START__BO__BO0501__BO0501B/FastprisFHRegKv/
Köpeskillingskoefficient,Stor-Stockholm,2012K3,1.43,https://www.statistikdatabasen.scb.se/pxweb/sv/ssd/START__BO__BO0501__BO0501B/FastprisFHRegKv/
Köpeskillingskoefficient,Stor-Stockholm,2012K4,1.42,https://www.statistikdatabasen.scb.se/pxweb/sv/ssd/START__BO__BO0501__BO0501B/FastprisFHRegKv/
Köpeskillingskoefficient,Stor-Stockholm,2013K1,1.41,https://www.statistikdatabasen.scb.se/pxweb/sv/ssd/START__BO__BO0501__BO0501B/FastprisFHRegKv/
Köpeskillingskoefficient,Stor-Stockholm,2013K2,1.51,https://www.statistikdatabasen.scb.se/pxweb/sv/ssd/START__BO__BO0501__BO0501B/FastprisFHRegKv/
Köpeskillingskoefficient,Stor-Stockholm,2013K3,1.46,https://www.statistikdatabasen.scb.se/pxweb/sv/ssd/START__BO__BO0501__BO0501B/FastprisFHRegKv/
Köpeskillingskoefficient,Stor-Stockholm,2013K4,1.48,https://www.statistikdatabasen.scb.se/pxweb/sv/ssd/START__BO__BO0501__BO0501B/FastprisFHRegKv/
Köpeskillingskoefficient,Stor-Stockholm,2014K1,1.51,https://www.statistikdatabasen.scb.se/pxweb/sv/ssd/START__BO__BO0501__BO0501B/FastprisFHRegKv/
Köpeskillingskoefficient,Stor-Stockholm,2014K2,1.56,https://www.statistikdatabasen.scb.se/pxweb/sv/ssd/START__BO__BO0501__BO0501B/FastprisFHRegKv/
Köpeskillingskoefficient,Stor-Stockholm,2014K3,1.52,https://www.statistikdatabasen.scb.se/pxweb/sv/ssd/START__BO__BO0501__BO0501B/FastprisFHRegKv/
Köpeskillingskoefficient,Stor-Stockholm,2014K4,1.59,https://www.statistikdatabasen.scb.se/pxweb/sv/ssd/START__BO__BO0501__BO0501B/FastprisFHRegKv/
Köpeskillingskoefficient,Stor-Stockholm,2015K1,1.55,https://www.statistikdatabasen.scb.se/pxweb/sv/ssd/START__BO__BO0501__BO0501B/FastprisFHRegKv/
Köpeskillingskoefficient,Stor-Stockholm,2015K2,1.72,https://www.statistikdatabasen.scb.se/pxweb/sv/ssd/START__BO__BO0501__BO0501B/FastprisFHRegKv/
Köpeskillingskoefficient,Stor-Stockholm,2015K3,1.72,https://www.statistikdatabasen.scb.se/pxweb/sv/ssd/START__BO__BO0501__BO0501B/FastprisFHRegKv/
Köpeskillingskoefficient,Stor-Stockholm,2015K4,1.77,https://www.statistikdatabasen.scb.se/pxweb/sv/ssd/START__BO__BO0501__BO0501B/FastprisFHRegKv/
Köpeskillingskoefficient,Stor-Stockholm,2016K1,1.72,https://www.statistikdatabasen.scb.se/pxweb/sv/ssd/START__BO__BO0501__BO0501B/FastprisFHRegKv/
Köpeskillingskoefficient,Stor-Stockholm,2016K2,1.99,https://www.statistikdatabasen.scb.se/pxweb/sv/ssd/START__BO__BO0501__BO0501B/FastprisFHRegKv/
Köpeskillingskoefficient,Stor-Stockholm,2016K3,1.91,https://www.statistikdatabasen.scb.se/pxweb/sv/ssd/START__BO__BO0501__BO0501B/FastprisFHRegKv/
Köpeskillingskoefficient,Stor-Stockholm,2016K4,1.94,https://www.statistikdatabasen.scb.se/pxweb/sv/ssd/START__BO__BO0501__BO0501B/FastprisFHRegKv/
Köpeskillingskoefficient,Stor-Stockholm,2017K1,2.09,https://www.statistikdatabasen.scb.se/pxweb/sv/ssd/START__BO__BO0501__BO0501B/FastprisFHRegKv/
Köpeskillingskoefficient,Stor-Stockholm,2017K2,2.14,https://www.statistikdatabasen.scb.se/pxweb/sv/ssd/START__BO__BO0501__BO0501B/FastprisFHRegKv/
Köpeskillingskoefficient,Stor-Stockholm,2017K3,2.13,https://www.statistikdatabasen.scb.se/pxweb/sv/ssd/START__BO__BO0501__BO0501B/FastprisFHRegKv/
Köpeskillingskoefficient,Stor-Stockholm,2017K4,2.12,https://www.statistikdatabasen.scb.se/pxweb/sv/ssd/START__BO__BO0501__BO0501B/FastprisFHRegKv/
Köpeskillingskoefficient,Stor-Stockholm,2018K1,1.56,https://www.statistikdatabasen.scb.se/pxweb/sv/ssd/START__BO__BO0501__BO0501B/FastprisFHRegKv/
Köpeskillingskoefficient,Stor-Stockholm,2018K2,1.6,https://www.statistikdatabasen.scb.se/pxweb/sv/ssd/START__BO__BO0501__BO0501B/FastprisFHRegKv/
Köpeskillingskoefficient,Stor-Stockholm,2018K3,1.56,https://www.statistikdatabasen.scb.se/pxweb/sv/ssd/START__BO__BO0501__BO0501B/FastprisFHRegKv/
Köpeskillingskoefficient,Stor-Stockholm,2018K4,1.54,https://www.statistikdatabasen.scb.se/pxweb/sv/ssd/START__BO__BO0501__BO0501B/FastprisFHRegKv/
Köpeskillingskoefficient,Stor-Stockholm,2019K1,1.54,https://www.statistikdatabasen.scb.se/pxweb/sv/ssd/START__BO__BO0501__BO0501B/FastprisFHRegKv/
Köpeskillingskoefficient,Stor-Stockholm,2019K2,1.62,https://www.statistikdatabasen.scb.se/pxweb/sv/ssd/START__BO__BO0501__BO0501B/FastprisFHRegKv/
Köpeskillingskoefficient,Stor-Stockholm,2019K3,1.55,https://www.statistikdatabasen.scb.se/pxweb/sv/ssd/START__BO__BO0501__BO0501B/FastprisFHRegKv/
Köpeskillingskoefficient,Stor-Stockholm,2019K4,1.56,https://www.statistikdatabasen.scb.se/pxweb/sv/ssd/START__BO__BO0501__BO0501B/FastprisFHRegKv/
Köpeskillingskoefficient,Stor-Stockholm,2020K1,1.61,https://www.statistikdatabasen.scb.se/pxweb/sv/ssd/START__BO__BO0501__BO0501B/FastprisFHRegKv/
Köpeskillingskoefficient,Stor-Stockholm,2020K2,1.76,https://www.statistikdatabasen.scb.se/pxweb/sv/ssd/START__BO__BO0501__BO0501B/FastprisFHRegKv/
Köpeskillingskoefficient,Stor-Stockholm,2020K3,1.74,https://www.statistikdatabasen.scb.se/pxweb/sv/ssd/START__BO__BO0501__BO0501B/FastprisFHRegKv/
Köpeskillingskoefficient,Stor-Stockholm,2020K4,1.82,https://www.statistikdatabasen.scb.se/pxweb/sv/ssd/START__BO__BO0501__BO0501B/FastprisFHRegKv/
Köpeskillingskoefficient,Stor-Stockholm,2021K1,1.71,https://www.statistikdatabasen.scb.se/pxweb/sv/ssd/START__BO__BO0501__BO0501B/FastprisFHRegKv/
Köpeskillingskoefficient,Stor-Stockholm,2021K2,1.97,https://www.statistikdatabasen.scb.se/pxweb/sv/ssd/START__BO__BO0501__BO0501B/FastprisFHRegKv/
Köpeskillingskoefficient,Stor-Stockholm,2021K3,1.95,https://www.statistikdatabasen.scb.se/pxweb/sv/ssd/START__BO__BO0501__BO0501B/FastprisFHRegKv/
Köpeskillingskoefficient,Stor-Stockholm,2021K4,1.95,https://www.statistikdatabasen.scb.se/pxweb/sv/ssd/START__BO__BO0501__BO0501B/FastprisFHRegKv/
Köpeskillingskoefficient,Stor-Stockholm,2022K1,1.97,https://www.statistikdatabasen.scb.se/pxweb/sv/ssd/START__BO__BO0501__BO0501B/FastprisFHRegKv/
Köpeskillingskoefficient,Stor-Stockholm,2022K2,2.02,https://www.statistikdatabasen.scb.se/pxweb/sv/ssd/START__BO__BO0501__BO0501B/FastprisFHRegKv/
Köpeskillingskoefficient,Stor-Stockholm,2022K3,1.89,https://www.statistikdatabasen.scb.se/pxweb/sv/ssd/START__BO__BO0501__BO0501B/FastprisFHRegKv/
Köpeskillingskoefficient,Stor-Stockholm,2022K4,1.79,https://www.statistikdatabasen.scb.se/pxweb/sv/ssd/START__BO__BO0501__BO0501B/FastprisFHRegKv/
Köpeskillingskoefficient,Stor-Stockholm,2023K1,1.64,https://www.statistikdatabasen.scb.se/pxweb/sv/ssd/START__BO__BO0501__BO0501B/FastprisFHRegKv/
Köpeskillingskoefficient,Stor-Stockholm,2023K2,1.81,https://www.statistikdatabasen.scb.se/pxweb/sv/ssd/START__BO__BO0501__BO0501B/FastprisFHRegKv/
Köpeskillingskoefficient,Stor-Stockholm,2023K3,1.75,https://www.statistikdatabasen.scb.se/pxweb/sv/ssd/START__BO__BO0501__BO0501B/FastprisFHRegKv/
Köpeskillingskoefficient,Stor-Stockholm,2023K4,1.71,https://www.statistikdatabasen.scb.se/pxweb/sv/ssd/START__BO__BO0501__BO0501B/FastprisFHRegKv/
Köpeskillingskoefficient,Stor-Stockholm,2024K1,1.29,https://www.statistikdatabasen.scb.se/pxweb/sv/ssd/START__BO__BO0501__BO0501B/FastprisFHRegKv/
Köpeskillingskoefficient,Stor-Stockholm,2024K2,1.36,https://www.statistikdatabasen.scb.se/pxweb/sv/ssd/START__BO__BO0501__BO0501B/FastprisFHRegKv/
Köpeskillingskoefficient,Stor-Stockholm,2024K3,1.36,https://www.statistikdatabasen.scb.se/pxweb/sv/ssd/START__BO__BO0501__BO0501B/FastprisFHRegKv/
Köpeskillingskoefficient,Stor-Stockholm,2024K4,1.33,https://www.statistikdatabasen.scb.se/pxweb/sv/ssd/START__BO__BO0501__BO0501B/FastprisFHRegKv/
Köpeskillingskoefficient,Stor-Stockholm,2025K1,1.26,https://www.statistikdatabasen.scb.se/pxweb/sv/ssd/START__BO__BO0501__BO0501B/FastprisFHRegKv/
Köpeskillingskoefficient,Stor-Stockholm,2025K2,1.38,https://www.statistikdatabasen.scb.se/pxweb/sv/ssd/START__BO__BO0501__BO0501B/FastprisFHRegKv/
Köpeskillingskoefficient,Stor-Stockholm,2025K3,1.36,https://www.statistikdatabasen.scb.se/pxweb/sv/ssd/START__BO__BO0501__BO0501B/FastprisFHRegKv/
Köpeskillingskoefficient,Stor-Stockholm,2025K4,1.34,https://www.statistikdatabasen.scb.se/pxweb/sv/ssd/START__BO__BO0501__BO0501B/FastprisFHRegKv/
Köpeskillingskoefficient,Stor-Stockholm,2026K1,1.27,https://www.statistikdatabasen.scb.se/pxweb/sv/ssd/START__BO__BO0501__BO0501B/FastprisFHRegKv/
Köpeskillingskoefficient,Stor-Stockholm,2026K2,1.35,https://www.statistikdatabasen.scb.se/pxweb/sv/ssd/START__BO__BO0501__BO0501B/FastprisFHRegKv/
Antal,Stor-Göteborg,1998K1,85,https://www.statistikdatabasen.scb.se/pxweb/sv/ssd/START__BO__BO0501__BO0501B/FastprisFHRegKv/
Antal,Stor-Göteborg,1998K2,186,https://www.statistikdatabasen.scb.se/pxweb/sv/ssd/START__BO__BO0501__BO0501B/FastprisFHRegKv/
Antal,Stor-Göteborg,1998K3,216,https://www.statistikdatabasen.scb.se/pxweb/sv/ssd/START__BO__BO0501__BO0501B/FastprisFHRegKv/
Antal,Stor-Göteborg,1998K4,151,https://www.statistikdatabasen.scb.se/pxweb/sv/ssd/START__BO__BO0501__BO0501B/FastprisFHRegKv/
Antal,Stor-Göteborg,1999K1,116,https://www.statistikdatabasen.scb.se/pxweb/sv/ssd/START__BO__BO0501__BO0501B/FastprisFHRegKv/
Antal,Stor-Göteborg,1999K2,226,https://www.statistikdatabasen.scb.se/pxweb/sv/ssd/START__BO__BO0501__BO0501B/FastprisFHRegKv/
Antal,Stor-Göteborg,1999K3,228,https://www.statistikdatabasen.scb.se/pxweb/sv/ssd/START__BO__BO0501__BO0501B/FastprisFHRegKv/
Antal,Stor-Göteborg,1999K4,195,https://www.statistikdatabasen.scb.se/pxweb/sv/ssd/START__BO__BO0501__BO0501B/FastprisFHRegKv/
Antal,Stor-Göteborg,2000K1,92,https://www.statistikdatabasen.scb.se/pxweb/sv/ssd/START__BO__BO0501__BO0501B/FastprisFHRegKv/
Antal,Stor-Göteborg,2000K2,221,https://www.statistikdatabasen.scb.se/pxweb/sv/ssd/START__BO__BO0501__BO0501B/FastprisFHRegKv/
Antal,Stor-Göteborg,2000K3,210,https://www.statistikdatabasen.scb.se/pxweb/sv/ssd/START__BO__BO0501__BO0501B/FastprisFHRegKv/
Antal,Stor-Göteborg,2000K4,142,https://www.statistikdatabasen.scb.se/pxweb/sv/ssd/START__BO__BO0501__BO0501B/FastprisFHRegKv/
Antal,Stor-Göteborg,2001K1,85,https://www.statistikdatabasen.scb.se/pxweb/sv/ssd/START__BO__BO0501__BO0501B/FastprisFHRegKv/
Antal,Stor-Göteborg,2001K2,187,https://www.statistikdatabasen.scb.se/pxweb/sv/ssd/START__BO__BO0501__BO0501B/FastprisFHRegKv/
Antal,Stor-Göteborg,2001K3,167,https://www.statistikdatabasen.scb.se/pxweb/sv/ssd/START__BO__BO0501__BO0501B/FastprisFHRegKv/
Antal,Stor-Göteborg,2001K4,162,https://www.statistikdatabasen.scb.se/pxweb/sv/ssd/START__BO__BO0501__BO0501B/FastprisFHRegKv/
Antal,Stor-Göteborg,2002K1,80,https://www.statistikdatabasen.scb.se/pxweb/sv/ssd/START__BO__BO0501__BO0501B/FastprisFHRegKv/
Antal,Stor-Göteborg,2002K2,180,https://www.statistikdatabasen.scb.se/pxweb/sv/ssd/START__BO__BO0501__BO0501B/FastprisFHRegKv/
Antal,Stor-Göteborg,2002K3,185,https://www.statistikdatabasen.scb.se/pxweb/sv/ssd/START__BO__BO0501__BO0501B/FastprisFHRegKv/
Antal,Stor-Göteborg,2002K4,127,https://www.statistikdatabasen.scb.se/pxweb/sv/ssd/START__BO__BO0501__BO0501B/FastprisFHRegKv/
Antal,Stor-Göteborg,2003K1,80,https://www.statistikdatabasen.scb.se/pxweb/sv/ssd/START__BO__BO0501__BO0501B/FastprisFHRegKv/
Antal,Stor-Göteborg,2003K2,169,https://www.statistikdatabasen.scb.se/pxweb/sv/ssd/START__BO__BO0501__BO0501B/FastprisFHRegKv/
Antal,Stor-Göteborg,2003K3,183,https://www.statistikdatabasen.scb.se/pxweb/sv/ssd/START__BO__BO0501__BO0501B/FastprisFHRegKv/
Antal,Stor-Göteborg,2003K4,131,https://www.statistikdatabasen.scb.se/pxweb/sv/ssd/START__BO__BO0501__BO0501B/FastprisFHRegKv/
Antal,Stor-Göteborg,2004K1,64,https://www.statistikdatabasen.scb.se/pxweb/sv/ssd/START__BO__BO0501__BO0501B/FastprisFHRegKv/
Antal,Stor-Göteborg,2004K2,175,https://www.statistikdatabasen.scb.se/pxweb/sv/ssd/START__BO__BO0501__BO0501B/FastprisFHRegKv/
Antal,Stor-Göteborg,2004K3,163,https://www.statistikdatabasen.scb.se/pxweb/sv/ssd/START__BO__BO0501__BO0501B/FastprisFHRegKv/
Antal,Stor-Göteborg,2004K4,119,https://www.statistikdatabasen.scb.se/pxweb/sv/ssd/START__BO__BO0501__BO0501B/FastprisFHRegKv/
Antal,Stor-Göteborg,2005K1,59,https://www.statistikdatabasen.scb.se/pxweb/sv/ssd/START__BO__BO0501__BO0501B/FastprisFHRegKv/
Antal,Stor-Göteborg,2005K2,187,https://www.statistikdatabasen.scb.se/pxweb/sv/ssd/START__BO__BO0501__BO0501B/FastprisFHRegKv/
Antal,Stor-Göteborg,2005K3,186,https://www.statistikdatabasen.scb.se/pxweb/sv/ssd/START__BO__BO0501__BO0501B/FastprisFHRegKv/
Antal,Stor-Göteborg,2005K4,134,https://www.statistikdatabasen.scb.se/pxweb/sv/ssd/START__BO__BO0501__BO0501B/FastprisFHRegKv/
Antal,Stor-Göteborg,2006K1,79,https://www.statistikdatabasen.scb.se/pxweb/sv/ssd/START__BO__BO0501__BO0501B/FastprisFHRegKv/
Antal,Stor-Göteborg,2006K2,156,https://www.statistikdatabasen.scb.se/pxweb/sv/ssd/START__BO__BO0501__BO0501B/FastprisFHRegKv/
Antal,Stor-Göteborg,2006K3,174,https://www.statistikdatabasen.scb.se/pxweb/sv/ssd/START__BO__BO0501__BO0501B/FastprisFHRegKv/
Antal,Stor-Göteborg,2006K4,134,https://www.statistikdatabasen.scb.se/pxweb/sv/ssd/START__BO__BO0501__BO0501B/FastprisFHRegKv/
Antal,Stor-Göteborg,2007K1,83,https://www.statistikdatabasen.scb.se/pxweb/sv/ssd/START__BO__BO0501__BO0501B/FastprisFHRegKv/
Antal,Stor-Göteborg,2007K2,177,https://www.statistikdatabasen.scb.se/pxweb/sv/ssd/START__BO__BO0501__BO0501B/FastprisFHRegKv/
Antal,Stor-Göteborg,2007K3,191,https://www.statistikdatabasen.scb.se/pxweb/sv/ssd/START__BO__BO0501__BO0501B/FastprisFHRegKv/
Antal,Stor-Göteborg,2007K4,193,https://www.statistikdatabasen.scb.se/pxweb/sv/ssd/START__BO__BO0501__BO0501B/FastprisFHRegKv/
Antal,Stor-Göteborg,2008K1,72,https://www.statistikdatabasen.scb.se/pxweb/sv/ssd/START__BO__BO0501__BO0501B/FastprisFHRegKv/
Antal,Stor-Göteborg,2008K2,164,https://www.statistikdatabasen.scb.se/pxweb/sv/ssd/START__BO__BO0501__BO0501B/FastprisFHRegKv/
Antal,Stor-Göteborg,2008K3,166,https://www.statistikdatabasen.scb.se/pxweb/sv/ssd/START__BO__BO0501__BO0501B/FastprisFHRegKv/
Antal,Stor-Göteborg,2008K4,104,https://www.statistikdatabasen.scb.se/pxweb/sv/ssd/START__BO__BO0501__BO0501B/FastprisFHRegKv/
Antal,Stor-Göteborg,2009K1,48,https://www.statistikdatabasen.scb.se/pxweb/sv/ssd/START__BO__BO0501__BO0501B/FastprisFHRegKv/
Antal,Stor-Göteborg,2009K2,149,https://www.statistikdatabasen.scb.se/pxweb/sv/ssd/START__BO__BO0501__BO0501B/FastprisFHRegKv/
Antal,Stor-Göteborg,2009K3,160,https://www.statistikdatabasen.scb.se/pxweb/sv/ssd/START__BO__BO0501__BO0501B/FastprisFHRegKv/
Antal,Stor-Göteborg,2009K4,99,https://www.statistikdatabasen.scb.se/pxweb/sv/ssd/START__BO__BO0501__BO0501B/FastprisFHRegKv/
Antal,Stor-Göteborg,2010K1,51,https://www.statistikdatabasen.scb.se/pxweb/sv/ssd/START__BO__BO0501__BO0501B/FastprisFHRegKv/
Antal,Stor-Göteborg,2010K2,147,https://www.statistikdatabasen.scb.se/pxweb/sv/ssd/START__BO__BO0501__BO0501B/FastprisFHRegKv/
Antal,Stor-Göteborg,2010K3,198,https://www.statistikdatabasen.scb.se/pxweb/sv/ssd/START__BO__BO0501__BO0501B/FastprisFHRegKv/
Antal,Stor-Göteborg,2010K4,116,https://www.statistikdatabasen.scb.se/pxweb/sv/ssd/START__BO__BO0501__BO0501B/FastprisFHRegKv/
Antal,Stor-Göteborg,2011K1,65,https://www.statistikdatabasen.scb.se/pxweb/sv/ssd/START__BO__BO0501__BO0501B/FastprisFHRegKv/
Antal,Stor-Göteborg,2011K2,129,https://www.statistikdatabasen.scb.se/pxweb/sv/ssd/START__BO__BO0501__BO0501B/FastprisFHRegKv/
Antal,Stor-Göteborg,2011K3,168,https://www.statistikdatabasen.scb.se/pxweb/sv/ssd/START__BO__BO0501__BO0501B/FastprisFHRegKv/
Antal,Stor-Göteborg,2011K4,115,https://www.statistikdatabasen.scb.se/pxweb/sv/ssd/START__BO__BO0501__BO0501B/FastprisFHRegKv/
Antal,Stor-Göteborg,2012K1,53,https://www.statistikdatabasen.scb.se/pxweb/sv/ssd/START__BO__BO0501__BO0501B/FastprisFHRegKv/
Antal,Stor-Göteborg,2012K2,139,https://www.statistikdatabasen.scb.se/pxweb/sv/ssd/START__BO__BO0501__BO0501B/FastprisFHRegKv/
Antal,Stor-Göteborg,2012K3,167,https://www.statistikdatabasen.scb.se/pxweb/sv/ssd/START__BO__BO0501__BO0501B/FastprisFHRegKv/
Antal,Stor-Göteborg,2012K4,121,https://www.statistikdatabasen.scb.se/pxweb/sv/ssd/START__BO__BO0501__BO0501B/FastprisFHRegKv/
Antal,Stor-Göteborg,2013K1,54,https://www.statistikdatabasen.scb.se/pxweb/sv/ssd/START__BO__BO0501__BO0501B/FastprisFHRegKv/
Antal,Stor-Göteborg,2013K2,140,https://www.statistikdatabasen.scb.se/pxweb/sv/ssd/START__BO__BO0501__BO0501B/FastprisFHRegKv/
Antal,Stor-Göteborg,2013K3,178,https://www.statistikdatabasen.scb.se/pxweb/sv/ssd/START__BO__BO0501__BO0501B/FastprisFHRegKv/
Antal,Stor-Göteborg,2013K4,127,https://www.statistikdatabasen.scb.se/pxweb/sv/ssd/START__BO__BO0501__BO0501B/FastprisFHRegKv/
Antal,Stor-Göteborg,2014K1,60,https://www.statistikdatabasen.scb.se/pxweb/sv/ssd/START__BO__BO0501__BO0501B/FastprisFHRegKv/
Antal,Stor-Göteborg,2014K2,195,https://www.statistikdatabasen.scb.se/pxweb/sv/ssd/START__BO__BO0501__BO0501B/FastprisFHRegKv/
Antal,Stor-Göteborg,2014K3,189,https://www.statistikdatabasen.scb.se/pxweb/sv/ssd/START__BO__BO0501__BO0501B/FastprisFHRegKv/
Antal,Stor-Göteborg,2014K4,159,https://www.statistikdatabasen.scb.se/pxweb/sv/ssd/START__BO__BO0501__BO0501B/FastprisFHRegKv/
Antal,Stor-Göteborg,2015K1,64,https://www.statistikdatabasen.scb.se/pxweb/sv/ssd/START__BO__BO0501__BO0501B/FastprisFHRegKv/
Antal,Stor-Göteborg,2015K2,167,https://www.statistikdatabasen.scb.se/pxweb/sv/ssd/START__BO__BO0501__BO0501B/FastprisFHRegKv/
Antal,Stor-Göteborg,2015K3,125,https://www.statistikdatabasen.scb.se/pxweb/sv/ssd/START__BO__BO0501__BO0501B/FastprisFHRegKv/
Antal,Stor-Göteborg,2015K4,104,https://www.statistikdatabasen.scb.se/pxweb/sv/ssd/START__BO__BO0501__BO0501B/FastprisFHRegKv/
Antal,Stor-Göteborg,2016K1,65,https://www.statistikdatabasen.scb.se/pxweb/sv/ssd/START__BO__BO0501__BO0501B/FastprisFHRegKv/
Antal,Stor-Göteborg,2016K2,154,https://www.statistikdatabasen.scb.se/pxweb/sv/ssd/START__BO__BO0501__BO0501B/FastprisFHRegKv/
Antal,Stor-Göteborg,2016K3,132,https://www.statistikdatabasen.scb.se/pxweb/sv/ssd/START__BO__BO0501__BO0501B/FastprisFHRegKv/
Antal,Stor-Göteborg,2016K4,97,https://www.statistikdatabasen.scb.se/pxweb/sv/ssd/START__BO__BO0501__BO0501B/FastprisFHRegKv/
Antal,Stor-Göteborg,2017K1,64,https://www.statistikdatabasen.scb.se/pxweb/sv/ssd/START__BO__BO0501__BO0501B/FastprisFHRegKv/
Antal,Stor-Göteborg,2017K2,151,https://www.statistikdatabasen.scb.se/pxweb/sv/ssd/START__BO__BO0501__BO0501B/FastprisFHRegKv/
Antal,Stor-Göteborg,2017K3,116,https://www.statistikdatabasen.scb.se/pxweb/sv/ssd/START__BO__BO0501__BO0501B/FastprisFHRegKv/
Antal,Stor-Göteborg,2017K4,107,https://www.statistikdatabasen.scb.se/pxweb/sv/ssd/START__BO__BO0501__BO0501B/FastprisFHRegKv/
Antal,Stor-Göteborg,2018K1,42,https://www.statistikdatabasen.scb.se/pxweb/sv/ssd/START__BO__BO0501__BO0501B/FastprisFHRegKv/
Antal,Stor-Göteborg,2018K2,96,https://www.statistikdatabasen.scb.se/pxweb/sv/ssd/START__BO__BO0501__BO0501B/FastprisFHRegKv/
Antal,Stor-Göteborg,2018K3,110,https://www.statistikdatabasen.scb.se/pxweb/sv/ssd/START__BO__BO0501__BO0501B/FastprisFHRegKv/
Antal,Stor-Göteborg,2018K4,99,https://www.statistikdatabasen.scb.se/pxweb/sv/ssd/START__BO__BO0501__BO0501B/FastprisFHRegKv/
Antal,Stor-Göteborg,2019K1,47,https://www.statistikdatabasen.scb.se/pxweb/sv/ssd/START__BO__BO0501__BO0501B/FastprisFHRegKv/
Antal,Stor-Göteborg,2019K2,108,https://www.statistikdatabasen.scb.se/pxweb/sv/ssd/START__BO__BO0501__BO0501B/FastprisFHRegKv/
Antal,Stor-Göteborg,2019K3,113,https://www.statistikdatabasen.scb.se/pxweb/sv/ssd/START__BO__BO0501__BO0501B/FastprisFHRegKv/
Antal,Stor-Göteborg,2019K4,97,https://www.statistikdatabasen.scb.se/pxweb/sv/ssd/START__BO__BO0501__BO0501B/FastprisFHRegKv/
Antal,Stor-Göteborg,2020K1,52,https://www.statistikdatabasen.scb.se/pxweb/sv/ssd/START__BO__BO0501__BO0501B/FastprisFHRegKv/
Antal,Stor-Göteborg,2020K2,99,https://www.statistikdatabasen.scb.se/pxweb/sv/ssd/START__BO__BO0501__BO0501B/FastprisFHRegKv/
Antal,Stor-Göteborg,2020K3,205,https://www.statistikdatabasen.scb.se/pxweb/sv/ssd/START__BO__BO0501__BO0501B/FastprisFHRegKv/
Antal,Stor-Göteborg,2020K4,94,https://www.statistikdatabasen.scb.se/pxweb/sv/ssd/START__BO__BO0501__BO0501B/FastprisFHRegKv/
Antal,Stor-Göteborg,2021K1,76,https://www.statistikdatabasen.scb.se/pxweb/sv/ssd/START__BO__BO0501__BO0501B/FastprisFHRegKv/
Antal,Stor-Göteborg,2021K2,132,https://www.statistikdatabasen.scb.se/pxweb/sv/ssd/START__BO__BO0501__BO0501B/FastprisFHRegKv/
Antal,Stor-Göteborg,2021K3,113,https://www.statistikdatabasen.scb.se/pxweb/sv/ssd/START__BO__BO0501__BO0501B/FastprisFHRegKv/
Antal,Stor-Göteborg,2021K4,85,https://www.statistikdatabasen.scb.se/pxweb/sv/ssd/START__BO__BO0501__BO0501B/FastprisFHRegKv/
Antal,Stor-Göteborg,2022K1,54,https://www.statistikdatabasen.scb.se/pxweb/sv/ssd/START__BO__BO0501__BO0501B/FastprisFHRegKv/
Antal,Stor-Göteborg,2022K2,106,https://www.statistikdatabasen.scb.se/pxweb/sv/ssd/START__BO__BO0501__BO0501B/FastprisFHRegKv/
Antal,Stor-Göteborg,2022K3,89,https://www.statistikdatabasen.scb.se/pxweb/sv/ssd/START__BO__BO0501__BO0501B/FastprisFHRegKv/
Antal,Stor-Göteborg,2022K4,49,https://www.statistikdatabasen.scb.se/pxweb/sv/ssd/START__BO__BO0501__BO0501B/FastprisFHRegKv/
Antal,Stor-Göteborg,2023K1,46,https://www.statistikdatabasen.scb.se/pxweb/sv/ssd/START__BO__BO0501__BO0501B/FastprisFHRegKv/
Antal,Stor-Göteborg,2023K2,64,https://www.statistikdatabasen.scb.se/pxweb/sv/ssd/START__BO__BO0501__BO0501B/FastprisFHRegKv/
Antal,Stor-Göteborg,2023K3,77,https://www.statistikdatabasen.scb.se/pxweb/sv/ssd/START__BO__BO0501__BO0501B/FastprisFHRegKv/
Antal,Stor-Göteborg,2023K4,69,https://www.statistikdatabasen.scb.se/pxweb/sv/ssd/START__BO__BO0501__BO0501B/FastprisFHRegKv/
Antal,Stor-Göteborg,2024K1,46,https://www.statistikdatabasen.scb.se/pxweb/sv/ssd/START__BO__BO0501__BO0501B/FastprisFHRegKv/
Antal,Stor-Göteborg,2024K2,100,https://www.statistikdatabasen.scb.se/pxweb/sv/ssd/START__BO__BO0501__BO0501B/FastprisFHRegKv/
Antal,Stor-Göteborg,2024K3,97,https://www.statistikdatabasen.scb.se/pxweb/sv/ssd/START__BO__BO0501__BO0501B/FastprisFHRegKv/
Antal,Stor-Göteborg,2024K4,90,https://www.statistikdatabasen.scb.se/pxweb/sv/ssd/START__BO__BO0501__BO0501B/FastprisFHRegKv/
Antal,Stor-Göteborg,2025K1,67,https://www.statistikdatabasen.scb.se/pxweb/sv/ssd/START__BO__BO0501__BO0501B/FastprisFHRegKv/
Antal,Stor-Göteborg,2025K2,111,https://www.statistikdatabasen.scb.se/pxweb/sv/ssd/START__BO__BO0501__BO0501B/FastprisFHRegKv/
Antal,Stor-Göteborg,2025K3,113,https://www.statistikdatabasen.scb.se/pxweb/sv/ssd/START__BO__BO0501__BO0501B/FastprisFHRegKv/
Antal,Stor-Göteborg,2025K4,124,https://www.statistikdatabasen.scb.se/pxweb/sv/ssd/START__BO__BO0501__BO0501B/FastprisFHRegKv/
Antal,Stor-Göteborg,2026K1,56,https://www.statistikdatabasen.scb.se/pxweb/sv/ssd/START__BO__BO0501__BO0501B/FastprisFHRegKv/
Antal,Stor-Göteborg,2026K2,98,https://www.statistikdatabasen.scb.se/pxweb/sv/ssd/START__BO__BO0501__BO0501B/FastprisFHRegKv/
"Köpeskilling, medelvärde i tkr",Stor-Göteborg,1998K1,570,https://www.statistikdatabasen.scb.se/pxweb/sv/ssd/START__BO__BO0501__BO0501B/FastprisFHRegKv/
"Köpeskilling, medelvärde i tkr",Stor-Göteborg,1998K2,609,https://www.statistikdatabasen.scb.se/pxweb/sv/ssd/START__BO__BO0501__BO0501B/FastprisFHRegKv/
"Köpeskilling, medelvärde i tkr",Stor-Göteborg,1998K3,588,https://www.statistikdatabasen.scb.se/pxweb/sv/ssd/START__BO__BO0501__BO0501B/FastprisFHRegKv/
"Köpeskilling, medelvärde i tkr",Stor-Göteborg,1998K4,563,https://www.statistikdatabasen.scb.se/pxweb/sv/ssd/START__BO__BO0501__BO0501B/FastprisFHRegKv/
"Köpeskilling, medelvärde i tkr",Stor-Göteborg,1999K1,750,https://www.statistikdatabasen.scb.se/pxweb/sv/ssd/START__BO__BO0501__BO0501B/FastprisFHRegKv/
"Köpeskilling, medelvärde i tkr",Stor-Göteborg,1999K2,682,https://www.statistikdatabasen.scb.se/pxweb/sv/ssd/START__BO__BO0501__BO0501B/FastprisFHRegKv/
"Köpeskilling, medelvärde i tkr",Stor-Göteborg,1999K3,651,https://www.statistikdatabasen.scb.se/pxweb/sv/ssd/START__BO__BO0501__BO0501B/FastprisFHRegKv/
"Köpeskilling, medelvärde i tkr",Stor-Göteborg,1999K4,646,https://www.statistikdatabasen.scb.se/pxweb/sv/ssd/START__BO__BO0501__BO0501B/FastprisFHRegKv/
"Köpeskilling, medelvärde i tkr",Stor-Göteborg,2000K1,640,https://www.statistikdatabasen.scb.se/pxweb/sv/ssd/START__BO__BO0501__BO0501B/FastprisFHRegKv/
"Köpeskilling, medelvärde i tkr",Stor-Göteborg,2000K2,714,https://www.statistikdatabasen.scb.se/pxweb/sv/ssd/START__BO__BO0501__BO0501B/FastprisFHRegKv/
"Köpeskilling, medelvärde i tkr",Stor-Göteborg,2000K3,728,https://www.statistikdatabasen.scb.se/pxweb/sv/ssd/START__BO__BO0501__BO0501B/FastprisFHRegKv/
"Köpeskilling, medelvärde i tkr",Stor-Göteborg,2000K4,850,https://www.statistikdatabasen.scb.se/pxweb/sv/ssd/START__BO__BO0501__BO0501B/FastprisFHRegKv/
"Köpeskilling, medelvärde i tkr",Stor-Göteborg,2001K1,782,https://www.statistikdatabasen.scb.se/pxweb/sv/ssd/START__BO__BO0501__BO0501B/FastprisFHRegKv/
"Köpeskilling, medelvärde i tkr",Stor-Göteborg,2001K2,793,https://www.statistikdatabasen.scb.se/pxweb/sv/ssd/START__BO__BO0501__BO0501B/FastprisFHRegKv/
"Köpeskilling, medelvärde i tkr",Stor-Göteborg,2001K3,719,https://www.statistikdatabasen.scb.se/pxweb/sv/ssd/START__BO__BO0501__BO0501B/FastprisFHRegKv/
"Köpeskilling, medelvärde i tkr",Stor-Göteborg,2001K4,803,https://www.statistikdatabasen.scb.se/pxweb/sv/ssd/START__BO__BO0501__BO0501B/FastprisFHRegKv/
"Köpeskilling, medelvärde i tkr",Stor-Göteborg,2002K1,788,https://www.statistikdatabasen.scb.se/pxweb/sv/ssd/START__BO__BO0501__BO0501B/FastprisFHRegKv/
"Köpeskilling, medelvärde i tkr",Stor-Göteborg,2002K2,806,https://www.statistikdatabasen.scb.se/pxweb/sv/ssd/START__BO__BO0501__BO0501B/FastprisFHRegKv/
"Köpeskilling, medelvärde i tkr",Stor-Göteborg,2002K3,800,https://www.statistikdatabasen.scb.se/pxweb/sv/ssd/START__BO__BO0501__BO0501B/FastprisFHRegKv/
"Köpeskilling, medelvärde i tkr",Stor-Göteborg,2002K4,880,https://www.statistikdatabasen.scb.se/pxweb/sv/ssd/START__BO__BO0501__BO0501B/FastprisFHRegKv/
"Köpeskilling, medelvärde i tkr",Stor-Göteborg,2003K1,1030,https://www.statistikdatabasen.scb.se/pxweb/sv/ssd/START__BO__BO0501__BO0501B/FastprisFHRegKv/
"Köpeskilling, medelvärde i tkr",Stor-Göteborg,2003K2,901,https://www.statistikdatabasen.scb.se/pxweb/sv/ssd/START__BO__BO0501__BO0501B/FastprisFHRegKv/
"Köpeskilling, medelvärde i tkr",Stor-Göteborg,2003K3,1085,https://www.statistikdatabasen.scb.se/pxweb/sv/ssd/START__BO__BO0501__BO0501B/FastprisFHRegKv/
"Köpeskilling, medelvärde i tkr",Stor-Göteborg,2003K4,1086,https://www.statistikdatabasen.scb.se/pxweb/sv/ssd/START__BO__BO0501__BO0501B/FastprisFHRegKv/
"Köpeskilling, medelvärde i tkr",Stor-Göteborg,2004K1,1187,https://www.statistikdatabasen.scb.se/pxweb/sv/ssd/START__BO__BO0501__BO0501B/FastprisFHRegKv/
"Köpeskilling, medelvärde i tkr",Stor-Göteborg,2004K2,1132,https://www.statistikdatabasen.scb.se/pxweb/sv/ssd/START__BO__BO0501__BO0501B/FastprisFHRegKv/
"Köpeskilling, medelvärde i tkr",Stor-Göteborg,2004K3,1101,https://www.statistikdatabasen.scb.se/pxweb/sv/ssd/START__BO__BO0501__BO0501B/FastprisFHRegKv/
"Köpeskilling, medelvärde i tkr",Stor-Göteborg,2004K4,1189,https://www.statistikdatabasen.scb.se/pxweb/sv/ssd/START__BO__BO0501__BO0501B/FastprisFHRegKv/
"Köpeskilling, medelvärde i tkr",Stor-Göteborg,2005K1,1126,https://www.statistikdatabasen.scb.se/pxweb/sv/ssd/START__BO__BO0501__BO0501B/FastprisFHRegKv/
"Köpeskilling, medelvärde i tkr",Stor-Göteborg,2005K2,1113,https://www.statistikdatabasen.scb.se/pxweb/sv/ssd/START__BO__BO0501__BO0501B/FastprisFHRegKv/
"Köpeskilling, medelvärde i tkr",Stor-Göteborg,2005K3,1300,https://www.statistikdatabasen.scb.se/pxweb/sv/ssd/START__BO__BO0501__BO0501B/FastprisFHRegKv/
"Köpeskilling, medelvärde i tkr",Stor-Göteborg,2005K4,1526,https://www.statistikdatabasen.scb.se/pxweb/sv/ssd/START__BO__BO0501__BO0501B/FastprisFHRegKv/
"Köpeskilling, medelvärde i tkr",Stor-Göteborg,2006K1,1593,https://www.statistikdatabasen.scb.se/pxweb/sv/ssd/START__BO__BO0501__BO0501B/FastprisFHRegKv/
"Köpeskilling, medelvärde i tkr",Stor-Göteborg,2006K2,1357,https://www.statistikdatabasen.scb.se/pxweb/sv/ssd/START__BO__BO0501__BO0501B/FastprisFHRegKv/
"Köpeskilling, medelvärde i tkr",Stor-Göteborg,2006K3,1448,https://www.statistikdatabasen.scb.se/pxweb/sv/ssd/START__BO__BO0501__BO0501B/FastprisFHRegKv/
"Köpeskilling, medelvärde i tkr",Stor-Göteborg,2006K4,1397,https://www.statistikdatabasen.scb.se/pxweb/sv/ssd/START__BO__BO0501__BO0501B/FastprisFHRegKv/
"Köpeskilling, medelvärde i tkr",Stor-Göteborg,2007K1,1416,https://www.statistikdatabasen.scb.se/pxweb/sv/ssd/START__BO__BO0501__BO0501B/FastprisFHRegKv/
"Köpeskilling, medelvärde i tkr",Stor-Göteborg,2007K2,1507,https://www.statistikdatabasen.scb.se/pxweb/sv/ssd/START__BO__BO0501__BO0501B/FastprisFHRegKv/
"Köpeskilling, medelvärde i tkr",Stor-Göteborg,2007K3,1571,https://www.statistikdatabasen.scb.se/pxweb/sv/ssd/START__BO__BO0501__BO0501B/FastprisFHRegKv/
"Köpeskilling, medelvärde i tkr",Stor-Göteborg,2007K4,1594,https://www.statistikdatabasen.scb.se/pxweb/sv/ssd/START__BO__BO0501__BO0501B/FastprisFHRegKv/
"Köpeskilling, medelvärde i tkr",Stor-Göteborg,2008K1,1788,https://www.statistikdatabasen.scb.se/pxweb/sv/ssd/START__BO__BO0501__BO0501B/FastprisFHRegKv/
"Köpeskilling, medelvärde i tkr",Stor-Göteborg,2008K2,1570,https://www.statistikdatabasen.scb.se/pxweb/sv/ssd/START__BO__BO0501__BO0501B/FastprisFHRegKv/
"Köpeskilling, medelvärde i tkr",Stor-Göteborg,2008K3,1594,https://www.statistikdatabasen.scb.se/pxweb/sv/ssd/START__BO__BO0501__BO0501B/FastprisFHRegKv/
"Köpeskilling, medelvärde i tkr",Stor-Göteborg,2008K4,1635,https://www.statistikdatabasen.scb.se/pxweb/sv/ssd/START__BO__BO0501__BO0501B/FastprisFHRegKv/
"Köpeskilling, medelvärde i tkr",Stor-Göteborg,2009K1,1452,https://www.statistikdatabasen.scb.se/pxweb/sv/ssd/START__BO__BO0501__BO0501B/FastprisFHRegKv/
"Köpeskilling, medelvärde i tkr",Stor-Göteborg,2009K2,1606,https://www.statistikdatabasen.scb.se/pxweb/sv/ssd/START__BO__BO0501__BO0501B/FastprisFHRegKv/
"Köpeskilling, medelvärde i tkr",Stor-Göteborg,2009K3,1728,https://www.statistikdatabasen.scb.se/pxweb/sv/ssd/START__BO__BO0501__BO0501B/FastprisFHRegKv/
"Köpeskilling, medelvärde i tkr",Stor-Göteborg,2009K4,1901,https://www.statistikdatabasen.scb.se/pxweb/sv/ssd/START__BO__BO0501__BO0501B/FastprisFHRegKv/
"Köpeskilling, medelvärde i tkr",Stor-Göteborg,2010K1,1857,https://www.statistikdatabasen.scb.se/pxweb/sv/ssd/START__BO__BO0501__BO0501B/FastprisFHRegKv/
"Köpeskilling, medelvärde i tkr",Stor-Göteborg,2010K2,1875,https://www.statistikdatabasen.scb.se/pxweb/sv/ssd/START__BO__BO0501__BO0501B/FastprisFHRegKv/
"Köpeskilling, medelvärde i tkr",Stor-Göteborg,2010K3,1756,https://www.statistikdatabasen.scb.se/pxweb/sv/ssd/START__BO__BO0501__BO0501B/FastprisFHRegKv/
"Köpeskilling, medelvärde i tkr",Stor-Göteborg,2010K4,1811,https://www.statistikdatabasen.scb.se/pxweb/sv/ssd/START__BO__BO0501__BO0501B/FastprisFHRegKv/
"Köpeskilling, medelvärde i tkr",Stor-Göteborg,2011K1,2097,https://www.statistikdatabasen.scb.se/pxweb/sv/ssd/START__BO__BO0501__BO0501B/FastprisFHRegKv/
"Köpeskilling, medelvärde i tkr",Stor-Göteborg,2011K2,1889,https://www.statistikdatabasen.scb.se/pxweb/sv/ssd/START__BO__BO0501__BO0501B/FastprisFHRegKv/
"Köpeskilling, medelvärde i tkr",Stor-Göteborg,2011K3,1910,https://www.statistikdatabasen.scb.se/pxweb/sv/ssd/START__BO__BO0501__BO0501B/FastprisFHRegKv/
"Köpeskilling, medelvärde i tkr",Stor-Göteborg,2011K4,1643,https://www.statistikdatabasen.scb.se/pxweb/sv/ssd/START__BO__BO0501__BO0501B/FastprisFHRegKv/
"Köpeskilling, medelvärde i tkr",Stor-Göteborg,2012K1,2126,https://www.statistikdatabasen.scb.se/pxweb/sv/ssd/START__BO__BO0501__BO0501B/FastprisFHRegKv/
"Köpeskilling, medelvärde i tkr",Stor-Göteborg,2012K2,1831,https://www.statistikdatabasen.scb.se/pxweb/sv/ssd/START__BO__BO0501__BO0501B/FastprisFHRegKv/
"Köpeskilling, medelvärde i tkr",Stor-Göteborg,2012K3,1790,https://www.statistikdatabasen.scb.se/pxweb/sv/ssd/START__BO__BO0501__BO0501B/FastprisFHRegKv/
"Köpeskilling, medelvärde i tkr",Stor-Göteborg,2012K4,1935,https://www.statistikdatabasen.scb.se/pxweb/sv/ssd/START__BO__BO0501__BO0501B/FastprisFHRegKv/
"Köpeskilling, medelvärde i tkr",Stor-Göteborg,2013K1,2209,https://www.statistikdatabasen.scb.se/pxweb/sv/ssd/START__BO__BO0501__BO0501B/FastprisFHRegKv/
"Köpeskilling, medelvärde i tkr",Stor-Göteborg,2013K2,1941,https://www.statistikdatabasen.scb.se/pxweb/sv/ssd/START__BO__BO0501__BO0501B/FastprisFHRegKv/
"Köpeskilling, medelvärde i tkr",Stor-Göteborg,2013K3,1793,https://www.statistikdatabasen.scb.se/pxweb/sv/ssd/START__BO__BO0501__BO0501B/FastprisFHRegKv/
"Köpeskilling, medelvärde i tkr",Stor-Göteborg,2013K4,2072,https://www.statistikdatabasen.scb.se/pxweb/sv/ssd/START__BO__BO0501__BO0501B/FastprisFHRegKv/
"Köpeskilling, medelvärde i tkr",Stor-Göteborg,2014K1,1899,https://www.statistikdatabasen.scb.se/pxweb/sv/ssd/START__BO__BO0501__BO0501B/FastprisFHRegKv/
"Köpeskilling, medelvärde i tkr",Stor-Göteborg,2014K2,1921,https://www.statistikdatabasen.scb.se/pxweb/sv/ssd/START__BO__BO0501__BO0501B/FastprisFHRegKv/
"Köpeskilling, medelvärde i tkr",Stor-Göteborg,2014K3,2234,https://www.statistikdatabasen.scb.se/pxweb/sv/ssd/START__BO__BO0501__BO0501B/FastprisFHRegKv/
"Köpeskilling, medelvärde i tkr",Stor-Göteborg,2014K4,2322,https://www.statistikdatabasen.scb.se/pxweb/sv/ssd/START__BO__BO0501__BO0501B/FastprisFHRegKv/
"Köpeskilling, medelvärde i tkr",Stor-Göteborg,2015K1,2527,https://www.statistikdatabasen.scb.se/pxweb/sv/ssd/START__BO__BO0501__BO0501B/FastprisFHRegKv/
"Köpeskilling, medelvärde i tkr",Stor-Göteborg,2015K2,2543,https://www.statistikdatabasen.scb.se/pxweb/sv/ssd/START__BO__BO0501__BO0501B/FastprisFHRegKv/
"Köpeskilling, medelvärde i tkr",Stor-Göteborg,2015K3,2415,https://www.statistikdatabasen.scb.se/pxweb/sv/ssd/START__BO__BO0501__BO0501B/FastprisFHRegKv/
"Köpeskilling, medelvärde i tkr",Stor-Göteborg,2015K4,2887,https://www.statistikdatabasen.scb.se/pxweb/sv/ssd/START__BO__BO0501__BO0501B/FastprisFHRegKv/
"Köpeskilling, medelvärde i tkr",Stor-Göteborg,2016K1,3178,https://www.statistikdatabasen.scb.se/pxweb/sv/ssd/START__BO__BO0501__BO0501B/FastprisFHRegKv/
"Köpeskilling, medelvärde i tkr",Stor-Göteborg,2016K2,2647,https://www.statistikdatabasen.scb.se/pxweb/sv/ssd/START__BO__BO0501__BO0501B/FastprisFHRegKv/
"Köpeskilling, medelvärde i tkr",Stor-Göteborg,2016K3,2728,https://www.statistikdatabasen.scb.se/pxweb/sv/ssd/START__BO__BO0501__BO0501B/FastprisFHRegKv/
"Köpeskilling, medelvärde i tkr",Stor-Göteborg,2016K4,2677,https://www.statistikdatabasen.scb.se/pxweb/sv/ssd/START__BO__BO0501__BO0501B/FastprisFHRegKv/
"Köpeskilling, medelvärde i tkr",Stor-Göteborg,2017K1,3368,https://www.statistikdatabasen.scb.se/pxweb/sv/ssd/START__BO__BO0501__BO0501B/FastprisFHRegKv/
"Köpeskilling, medelvärde i tkr",Stor-Göteborg,2017K2,2820,https://www.statistikdatabasen.scb.se/pxweb/sv/ssd/START__BO__BO0501__BO0501B/FastprisFHRegKv/
"Köpeskilling, medelvärde i tkr",Stor-Göteborg,2017K3,2901,https://www.statistikdatabasen.scb.se/pxweb/sv/ssd/START__BO__BO0501__BO0501B/FastprisFHRegKv/
"Köpeskilling, medelvärde i tkr",Stor-Göteborg,2017K4,3549,https://www.statistikdatabasen.scb.se/pxweb/sv/ssd/START__BO__BO0501__BO0501B/FastprisFHRegKv/
"Köpeskilling, medelvärde i tkr",Stor-Göteborg,2018K1,3686,https://www.statistikdatabasen.scb.se/pxweb/sv/ssd/START__BO__BO0501__BO0501B/FastprisFHRegKv/
"Köpeskilling, medelvärde i tkr",Stor-Göteborg,2018K2,2966,https://www.statistikdatabasen.scb.se/pxweb/sv/ssd/START__BO__BO0501__BO0501B/FastprisFHRegKv/
"Köpeskilling, medelvärde i tkr",Stor-Göteborg,2018K3,3274,https://www.statistikdatabasen.scb.se/pxweb/sv/ssd/START__BO__BO0501__BO0501B/FastprisFHRegKv/
"Köpeskilling, medelvärde i tkr",Stor-Göteborg,2018K4,3091,https://www.statistikdatabasen.scb.se/pxweb/sv/ssd/START__BO__BO0501__BO0501B/FastprisFHRegKv/
"Köpeskilling, medelvärde i tkr",Stor-Göteborg,2019K1,3101,https://www.statistikdatabasen.scb.se/pxweb/sv/ssd/START__BO__BO0501__BO0501B/FastprisFHRegKv/
"Köpeskilling, medelvärde i tkr",Stor-Göteborg,2019K2,2957,https://www.statistikdatabasen.scb.se/pxweb/sv/ssd/START__BO__BO0501__BO0501B/FastprisFHRegKv/
"Köpeskilling, medelvärde i tkr",Stor-Göteborg,2019K3,3145,https://www.statistikdatabasen.scb.se/pxweb/sv/ssd/START__BO__BO0501__BO0501B/FastprisFHRegKv/
"Köpeskilling, medelvärde i tkr",Stor-Göteborg,2019K4,3566,https://www.statistikdatabasen.scb.se/pxweb/sv/ssd/START__BO__BO0501__BO0501B/FastprisFHRegKv/
"Köpeskilling, medelvärde i tkr",Stor-Göteborg,2020K1,3717,https://www.statistikdatabasen.scb.se/pxweb/sv/ssd/START__BO__BO0501__BO0501B/FastprisFHRegKv/
"Köpeskilling, medelvärde i tkr",Stor-Göteborg,2020K2,2857,https://www.statistikdatabasen.scb.se/pxweb/sv/ssd/START__BO__BO0501__BO0501B/FastprisFHRegKv/
"Köpeskilling, medelvärde i tkr",Stor-Göteborg,2020K3,3973,https://www.statistikdatabasen.scb.se/pxweb/sv/ssd/START__BO__BO0501__BO0501B/FastprisFHRegKv/
"Köpeskilling, medelvärde i tkr",Stor-Göteborg,2020K4,3883,https://www.statistikdatabasen.scb.se/pxweb/sv/ssd/START__BO__BO0501__BO0501B/FastprisFHRegKv/
"Köpeskilling, medelvärde i tkr",Stor-Göteborg,2021K1,4336,https://www.statistikdatabasen.scb.se/pxweb/sv/ssd/START__BO__BO0501__BO0501B/FastprisFHRegKv/
"Köpeskilling, medelvärde i tkr",Stor-Göteborg,2021K2,3693,https://www.statistikdatabasen.scb.se/pxweb/sv/ssd/START__BO__BO0501__BO0501B/FastprisFHRegKv/
"Köpeskilling, medelvärde i tkr",Stor-Göteborg,2021K3,4548,https://www.statistikdatabasen.scb.se/pxweb/sv/ssd/START__BO__BO0501__BO0501B/FastprisFHRegKv/
"Köpeskilling, medelvärde i tkr",Stor-Göteborg,2021K4,3579,https://www.statistikdatabasen.scb.se/pxweb/sv/ssd/START__BO__BO0501__BO0501B/FastprisFHRegKv/
"Köpeskilling, medelvärde i tkr",Stor-Göteborg,2022K1,4961,https://www.statistikdatabasen.scb.se/pxweb/sv/ssd/START__BO__BO0501__BO0501B/FastprisFHRegKv/
"Köpeskilling, medelvärde i tkr",Stor-Göteborg,2022K2,4276,https://www.statistikdatabasen.scb.se/pxweb/sv/ssd/START__BO__BO0501__BO0501B/FastprisFHRegKv/
"Köpeskilling, medelvärde i tkr",Stor-Göteborg,2022K3,4371,https://www.statistikdatabasen.scb.se/pxweb/sv/ssd/START__BO__BO0501__BO0501B/FastprisFHRegKv/
"Köpeskilling, medelvärde i tkr",Stor-Göteborg,2022K4,4867,https://www.statistikdatabasen.scb.se/pxweb/sv/ssd/START__BO__BO0501__BO0501B/FastprisFHRegKv/
"Köpeskilling, medelvärde i tkr",Stor-Göteborg,2023K1,4581,https://www.statistikdatabasen.scb.se/pxweb/sv/ssd/START__BO__BO0501__BO0501B/FastprisFHRegKv/
"Köpeskilling, medelvärde i tkr",Stor-Göteborg,2023K2,4247,https://www.statistikdatabasen.scb.se/pxweb/sv/ssd/START__BO__BO0501__BO0501B/FastprisFHRegKv/
"Köpeskilling, medelvärde i tkr",Stor-Göteborg,2023K3,4449,https://www.statistikdatabasen.scb.se/pxweb/sv/ssd/START__BO__BO0501__BO0501B/FastprisFHRegKv/
"Köpeskilling, medelvärde i tkr",Stor-Göteborg,2023K4,4395,https://www.statistikdatabasen.scb.se/pxweb/sv/ssd/START__BO__BO0501__BO0501B/FastprisFHRegKv/
"Köpeskilling, medelvärde i tkr",Stor-Göteborg,2024K1,5047,https://www.statistikdatabasen.scb.se/pxweb/sv/ssd/START__BO__BO0501__BO0501B/FastprisFHRegKv/
"Köpeskilling, medelvärde i tkr",Stor-Göteborg,2024K2,3795,https://www.statistikdatabasen.scb.se/pxweb/sv/ssd/START__BO__BO0501__BO0501B/FastprisFHRegKv/
"Köpeskilling, medelvärde i tkr",Stor-Göteborg,2024K3,4370,https://www.statistikdatabasen.scb.se/pxweb/sv/ssd/START__BO__BO0501__BO0501B/FastprisFHRegKv/
"Köpeskilling, medelvärde i tkr",Stor-Göteborg,2024K4,4007,https://www.statistikdatabasen.scb.se/pxweb/sv/ssd/START__BO__BO0501__BO0501B/FastprisFHRegKv/
"Köpeskilling, medelvärde i tkr",Stor-Göteborg,2025K1,4836,https://www.statistikdatabasen.scb.se/pxweb/sv/ssd/START__BO__BO0501__BO0501B/FastprisFHRegKv/
"Köpeskilling, medelvärde i tkr",Stor-Göteborg,2025K2,3773,https://www.statistikdatabasen.scb.se/pxweb/sv/ssd/START__BO__BO0501__BO0501B/FastprisFHRegKv/
"Köpeskilling, medelvärde i tkr",Stor-Göteborg,2025K3,4599,https://www.statistikdatabasen.scb.se/pxweb/sv/ssd/START__BO__BO0501__BO0501B/FastprisFHRegKv/
"Köpeskilling, medelvärde i tkr",Stor-Göteborg,2025K4,3576,https://www.statistikdatabasen.scb.se/pxweb/sv/ssd/START__BO__BO0501__BO0501B/FastprisFHRegKv/
"Köpeskilling, medelvärde i tkr",Stor-Göteborg,2026K1,4514,https://www.statistikdatabasen.scb.se/pxweb/sv/ssd/START__BO__BO0501__BO0501B/FastprisFHRegKv/
"Köpeskilling, medelvärde i tkr",Stor-Göteborg,2026K2,4123,https://www.statistikdatabasen.scb.se/pxweb/sv/ssd/START__BO__BO0501__BO0501B/FastprisFHRegKv/
"Bas-/taxeringsvärde, medelvärde i tkr",Stor-Göteborg,1998K1,341,https://www.statistikdatabasen.scb.se/pxweb/sv/ssd/START__BO__BO0501__BO0501B/FastprisFHRegKv/
"Bas-/taxeringsvärde, medelvärde i tkr",Stor-Göteborg,1998K2,327,https://www.statistikdatabasen.scb.se/pxweb/sv/ssd/START__BO__BO0501__BO0501B/FastprisFHRegKv/
"Bas-/taxeringsvärde, medelvärde i tkr",Stor-Göteborg,1998K3,314,https://www.statistikdatabasen.scb.se/pxweb/sv/ssd/START__BO__BO0501__BO0501B/FastprisFHRegKv/
"Bas-/taxeringsvärde, medelvärde i tkr",Stor-Göteborg,1998K4,305,https://www.statistikdatabasen.scb.se/pxweb/sv/ssd/START__BO__BO0501__BO0501B/FastprisFHRegKv/
"Bas-/taxeringsvärde, medelvärde i tkr",Stor-Göteborg,1999K1,372,https://www.statistikdatabasen.scb.se/pxweb/sv/ssd/START__BO__BO0501__BO0501B/FastprisFHRegKv/
"Bas-/taxeringsvärde, medelvärde i tkr",Stor-Göteborg,1999K2,337,https://www.statistikdatabasen.scb.se/pxweb/sv/ssd/START__BO__BO0501__BO0501B/FastprisFHRegKv/
"Bas-/taxeringsvärde, medelvärde i tkr",Stor-Göteborg,1999K3,320,https://www.statistikdatabasen.scb.se/pxweb/sv/ssd/START__BO__BO0501__BO0501B/FastprisFHRegKv/
"Bas-/taxeringsvärde, medelvärde i tkr",Stor-Göteborg,1999K4,328,https://www.statistikdatabasen.scb.se/pxweb/sv/ssd/START__BO__BO0501__BO0501B/FastprisFHRegKv/
"Bas-/taxeringsvärde, medelvärde i tkr",Stor-Göteborg,2000K1,319,https://www.statistikdatabasen.scb.se/pxweb/sv/ssd/START__BO__BO0501__BO0501B/FastprisFHRegKv/
"Bas-/taxeringsvärde, medelvärde i tkr",Stor-Göteborg,2000K2,325,https://www.statistikdatabasen.scb.se/pxweb/sv/ssd/START__BO__BO0501__BO0501B/FastprisFHRegKv/
"Bas-/taxeringsvärde, medelvärde i tkr",Stor-Göteborg,2000K3,316,https://www.statistikdatabasen.scb.se/pxweb/sv/ssd/START__BO__BO0501__BO0501B/FastprisFHRegKv/
"Bas-/taxeringsvärde, medelvärde i tkr",Stor-Göteborg,2000K4,340,https://www.statistikdatabasen.scb.se/pxweb/sv/ssd/START__BO__BO0501__BO0501B/FastprisFHRegKv/
"Bas-/taxeringsvärde, medelvärde i tkr",Stor-Göteborg,2001K1,342,https://www.statistikdatabasen.scb.se/pxweb/sv/ssd/START__BO__BO0501__BO0501B/FastprisFHRegKv/
"Bas-/taxeringsvärde, medelvärde i tkr",Stor-Göteborg,2001K2,316,https://www.statistikdatabasen.scb.se/pxweb/sv/ssd/START__BO__BO0501__BO0501B/FastprisFHRegKv/
"Bas-/taxeringsvärde, medelvärde i tkr",Stor-Göteborg,2001K3,305,https://www.statistikdatabasen.scb.se/pxweb/sv/ssd/START__BO__BO0501__BO0501B/FastprisFHRegKv/
"Bas-/taxeringsvärde, medelvärde i tkr",Stor-Göteborg,2001K4,341,https://www.statistikdatabasen.scb.se/pxweb/sv/ssd/START__BO__BO0501__BO0501B/FastprisFHRegKv/
"Bas-/taxeringsvärde, medelvärde i tkr",Stor-Göteborg,2002K1,333,https://www.statistikdatabasen.scb.se/pxweb/sv/ssd/START__BO__BO0501__BO0501B/FastprisFHRegKv/
"Bas-/taxeringsvärde, medelvärde i tkr",Stor-Göteborg,2002K2,308,https://www.statistikdatabasen.scb.se/pxweb/sv/ssd/START__BO__BO0501__BO0501B/FastprisFHRegKv/
"Bas-/taxeringsvärde, medelvärde i tkr",Stor-Göteborg,2002K3,311,https://www.statistikdatabasen.scb.se/pxweb/sv/ssd/START__BO__BO0501__BO0501B/FastprisFHRegKv/
"Bas-/taxeringsvärde, medelvärde i tkr",Stor-Göteborg,2002K4,324,https://www.statistikdatabasen.scb.se/pxweb/sv/ssd/START__BO__BO0501__BO0501B/FastprisFHRegKv/
"Bas-/taxeringsvärde, medelvärde i tkr",Stor-Göteborg,2003K1,648,https://www.statistikdatabasen.scb.se/pxweb/sv/ssd/START__BO__BO0501__BO0501B/FastprisFHRegKv/
"Bas-/taxeringsvärde, medelvärde i tkr",Stor-Göteborg,2003K2,553,https://www.statistikdatabasen.scb.se/pxweb/sv/ssd/START__BO__BO0501__BO0501B/FastprisFHRegKv/
"Bas-/taxeringsvärde, medelvärde i tkr",Stor-Göteborg,2003K3,618,https://www.statistikdatabasen.scb.se/pxweb/sv/ssd/START__BO__BO0501__BO0501B/FastprisFHRegKv/
"Bas-/taxeringsvärde, medelvärde i tkr",Stor-Göteborg,2003K4,564,https://www.statistikdatabasen.scb.se/pxweb/sv/ssd/START__BO__BO0501__BO0501B/FastprisFHRegKv/
"Bas-/taxeringsvärde, medelvärde i tkr",Stor-Göteborg,2004K1,654,https://www.statistikdatabasen.scb.se/pxweb/sv/ssd/START__BO__BO0501__BO0501B/FastprisFHRegKv/
"Bas-/taxeringsvärde, medelvärde i tkr",Stor-Göteborg,2004K2,577,https://www.statistikdatabasen.scb.se/pxweb/sv/ssd/START__BO__BO0501__BO0501B/FastprisFHRegKv/
"Bas-/taxeringsvärde, medelvärde i tkr",Stor-Göteborg,2004K3,552,https://www.statistikdatabasen.scb.se/pxweb/sv/ssd/START__BO__BO0501__BO0501B/FastprisFHRegKv/
"Bas-/taxeringsvärde, medelvärde i tkr",Stor-Göteborg,2004K4,567,https://www.statistikdatabasen.scb.se/pxweb/sv/ssd/START__BO__BO0501__BO0501B/FastprisFHRegKv/
"Bas-/taxeringsvärde, medelvärde i tkr",Stor-Göteborg,2005K1,590,https://www.statistikdatabasen.scb.se/pxweb/sv/ssd/START__BO__BO0501__BO0501B/FastprisFHRegKv/
"Bas-/taxeringsvärde, medelvärde i tkr",Stor-Göteborg,2005K2,503,https://www.statistikdatabasen.scb.se/pxweb/sv/ssd/START__BO__BO0501__BO0501B/FastprisFHRegKv/
"Bas-/taxeringsvärde, medelvärde i tkr",Stor-Göteborg,2005K3,536,https://www.statistikdatabasen.scb.se/pxweb/sv/ssd/START__BO__BO0501__BO0501B/FastprisFHRegKv/
"Bas-/taxeringsvärde, medelvärde i tkr",Stor-Göteborg,2005K4,623,https://www.statistikdatabasen.scb.se/pxweb/sv/ssd/START__BO__BO0501__BO0501B/FastprisFHRegKv/
"Bas-/taxeringsvärde, medelvärde i tkr",Stor-Göteborg,2006K1,882,https://www.statistikdatabasen.scb.se/pxweb/sv/ssd/START__BO__BO0501__BO0501B/FastprisFHRegKv/
"Bas-/taxeringsvärde, medelvärde i tkr",Stor-Göteborg,2006K2,703,https://www.statistikdatabasen.scb.se/pxweb/sv/ssd/START__BO__BO0501__BO0501B/FastprisFHRegKv/
"Bas-/taxeringsvärde, medelvärde i tkr",Stor-Göteborg,2006K3,738,https://www.statistikdatabasen.scb.se/pxweb/sv/ssd/START__BO__BO0501__BO0501B/FastprisFHRegKv/
"Bas-/taxeringsvärde, medelvärde i tkr",Stor-Göteborg,2006K4,757,https://www.statistikdatabasen.scb.se/pxweb/sv/ssd/START__BO__BO0501__BO0501B/FastprisFHRegKv/
"Bas-/taxeringsvärde, medelvärde i tkr",Stor-Göteborg,2007K1,754,https://www.statistikdatabasen.scb.se/pxweb/sv/ssd/START__BO__BO0501__BO0501B/FastprisFHRegKv/
"Bas-/taxeringsvärde, medelvärde i tkr",Stor-Göteborg,2007K2,706,https://www.statistikdatabasen.scb.se/pxweb/sv/ssd/START__BO__BO0501__BO0501B/FastprisFHRegKv/
"Bas-/taxeringsvärde, medelvärde i tkr",Stor-Göteborg,2007K3,734,https://www.statistikdatabasen.scb.se/pxweb/sv/ssd/START__BO__BO0501__BO0501B/FastprisFHRegKv/
"Bas-/taxeringsvärde, medelvärde i tkr",Stor-Göteborg,2007K4,760,https://www.statistikdatabasen.scb.se/pxweb/sv/ssd/START__BO__BO0501__BO0501B/FastprisFHRegKv/
"Bas-/taxeringsvärde, medelvärde i tkr",Stor-Göteborg,2008K1,847,https://www.statistikdatabasen.scb.se/pxweb/sv/ssd/START__BO__BO0501__BO0501B/FastprisFHRegKv/
"Bas-/taxeringsvärde, medelvärde i tkr",Stor-Göteborg,2008K2,733,https://www.statistikdatabasen.scb.se/pxweb/sv/ssd/START__BO__BO0501__BO0501B/FastprisFHRegKv/
"Bas-/taxeringsvärde, medelvärde i tkr",Stor-Göteborg,2008K3,745,https://www.statistikdatabasen.scb.se/pxweb/sv/ssd/START__BO__BO0501__BO0501B/FastprisFHRegKv/
"Bas-/taxeringsvärde, medelvärde i tkr",Stor-Göteborg,2008K4,760,https://www.statistikdatabasen.scb.se/pxweb/sv/ssd/START__BO__BO0501__BO0501B/FastprisFHRegKv/
"Bas-/taxeringsvärde, medelvärde i tkr",Stor-Göteborg,2009K1,1141,https://www.statistikdatabasen.scb.se/pxweb/sv/ssd/START__BO__BO0501__BO0501B/FastprisFHRegKv/
"Bas-/taxeringsvärde, medelvärde i tkr",Stor-Göteborg,2009K2,1118,https://www.statistikdatabasen.scb.se/pxweb/sv/ssd/START__BO__BO0501__BO0501B/FastprisFHRegKv/
"Bas-/taxeringsvärde, medelvärde i tkr",Stor-Göteborg,2009K3,1165,https://www.statistikdatabasen.scb.se/pxweb/sv/ssd/START__BO__BO0501__BO0501B/FastprisFHRegKv/
"Bas-/taxeringsvärde, medelvärde i tkr",Stor-Göteborg,2009K4,1203,https://www.statistikdatabasen.scb.se/pxweb/sv/ssd/START__BO__BO0501__BO0501B/FastprisFHRegKv/
"Bas-/taxeringsvärde, medelvärde i tkr",Stor-Göteborg,2010K1,1215,https://www.statistikdatabasen.scb.se/pxweb/sv/ssd/START__BO__BO0501__BO0501B/FastprisFHRegKv/
"Bas-/taxeringsvärde, medelvärde i tkr",Stor-Göteborg,2010K2,1202,https://www.statistikdatabasen.scb.se/pxweb/sv/ssd/START__BO__BO0501__BO0501B/FastprisFHRegKv/
"Bas-/taxeringsvärde, medelvärde i tkr",Stor-Göteborg,2010K3,1115,https://www.statistikdatabasen.scb.se/pxweb/sv/ssd/START__BO__BO0501__BO0501B/FastprisFHRegKv/
"Bas-/taxeringsvärde, medelvärde i tkr",Stor-Göteborg,2010K4,1131,https://www.statistikdatabasen.scb.se/pxweb/sv/ssd/START__BO__BO0501__BO0501B/FastprisFHRegKv/
"Bas-/taxeringsvärde, medelvärde i tkr",Stor-Göteborg,2011K1,1312,https://www.statistikdatabasen.scb.se/pxweb/sv/ssd/START__BO__BO0501__BO0501B/FastprisFHRegKv/
"Bas-/taxeringsvärde, medelvärde i tkr",Stor-Göteborg,2011K2,1180,https://www.statistikdatabasen.scb.se/pxweb/sv/ssd/START__BO__BO0501__BO0501B/FastprisFHRegKv/
"Bas-/taxeringsvärde, medelvärde i tkr",Stor-Göteborg,2011K3,1152,https://www.statistikdatabasen.scb.se/pxweb/sv/ssd/START__BO__BO0501__BO0501B/FastprisFHRegKv/
"Bas-/taxeringsvärde, medelvärde i tkr",Stor-Göteborg,2011K4,1149,https://www.statistikdatabasen.scb.se/pxweb/sv/ssd/START__BO__BO0501__BO0501B/FastprisFHRegKv/
"Bas-/taxeringsvärde, medelvärde i tkr",Stor-Göteborg,2012K1,1461,https://www.statistikdatabasen.scb.se/pxweb/sv/ssd/START__BO__BO0501__BO0501B/FastprisFHRegKv/
"Bas-/taxeringsvärde, medelvärde i tkr",Stor-Göteborg,2012K2,1266,https://www.statistikdatabasen.scb.se/pxweb/sv/ssd/START__BO__BO0501__BO0501B/FastprisFHRegKv/
"Bas-/taxeringsvärde, medelvärde i tkr",Stor-Göteborg,2012K3,1262,https://www.statistikdatabasen.scb.se/pxweb/sv/ssd/START__BO__BO0501__BO0501B/FastprisFHRegKv/
"Bas-/taxeringsvärde, medelvärde i tkr",Stor-Göteborg,2012K4,1384,https://www.statistikdatabasen.scb.se/pxweb/sv/ssd/START__BO__BO0501__BO0501B/FastprisFHRegKv/
"Bas-/taxeringsvärde, medelvärde i tkr",Stor-Göteborg,2013K1,1503,https://www.statistikdatabasen.scb.se/pxweb/sv/ssd/START__BO__BO0501__BO0501B/FastprisFHRegKv/
"Bas-/taxeringsvärde, medelvärde i tkr",Stor-Göteborg,2013K2,1321,https://www.statistikdatabasen.scb.se/pxweb/sv/ssd/START__BO__BO0501__BO0501B/FastprisFHRegKv/
"Bas-/taxeringsvärde, medelvärde i tkr",Stor-Göteborg,2013K3,1218,https://www.statistikdatabasen.scb.se/pxweb/sv/ssd/START__BO__BO0501__BO0501B/FastprisFHRegKv/
"Bas-/taxeringsvärde, medelvärde i tkr",Stor-Göteborg,2013K4,1320,https://www.statistikdatabasen.scb.se/pxweb/sv/ssd/START__BO__BO0501__BO0501B/FastprisFHRegKv/
"Bas-/taxeringsvärde, medelvärde i tkr",Stor-Göteborg,2014K1,1231,https://www.statistikdatabasen.scb.se/pxweb/sv/ssd/START__BO__BO0501__BO0501B/FastprisFHRegKv/
"Bas-/taxeringsvärde, medelvärde i tkr",Stor-Göteborg,2014K2,1259,https://www.statistikdatabasen.scb.se/pxweb/sv/ssd/START__BO__BO0501__BO0501B/FastprisFHRegKv/
"Bas-/taxeringsvärde, medelvärde i tkr",Stor-Göteborg,2014K3,1372,https://www.statistikdatabasen.scb.se/pxweb/sv/ssd/START__BO__BO0501__BO0501B/FastprisFHRegKv/
"Bas-/taxeringsvärde, medelvärde i tkr",Stor-Göteborg,2014K4,1380,https://www.statistikdatabasen.scb.se/pxweb/sv/ssd/START__BO__BO0501__BO0501B/FastprisFHRegKv/
"Bas-/taxeringsvärde, medelvärde i tkr",Stor-Göteborg,2015K1,1668,https://www.statistikdatabasen.scb.se/pxweb/sv/ssd/START__BO__BO0501__BO0501B/FastprisFHRegKv/
"Bas-/taxeringsvärde, medelvärde i tkr",Stor-Göteborg,2015K2,1572,https://www.statistikdatabasen.scb.se/pxweb/sv/ssd/START__BO__BO0501__BO0501B/FastprisFHRegKv/
"Bas-/taxeringsvärde, medelvärde i tkr",Stor-Göteborg,2015K3,1452,https://www.statistikdatabasen.scb.se/pxweb/sv/ssd/START__BO__BO0501__BO0501B/FastprisFHRegKv/
"Bas-/taxeringsvärde, medelvärde i tkr",Stor-Göteborg,2015K4,1713,https://www.statistikdatabasen.scb.se/pxweb/sv/ssd/START__BO__BO0501__BO0501B/FastprisFHRegKv/
"Bas-/taxeringsvärde, medelvärde i tkr",Stor-Göteborg,2016K1,1932,https://www.statistikdatabasen.scb.se/pxweb/sv/ssd/START__BO__BO0501__BO0501B/FastprisFHRegKv/
"Bas-/taxeringsvärde, medelvärde i tkr",Stor-Göteborg,2016K2,1500,https://www.statistikdatabasen.scb.se/pxweb/sv/ssd/START__BO__BO0501__BO0501B/FastprisFHRegKv/
"Bas-/taxeringsvärde, medelvärde i tkr",Stor-Göteborg,2016K3,1458,https://www.statistikdatabasen.scb.se/pxweb/sv/ssd/START__BO__BO0501__BO0501B/FastprisFHRegKv/
"Bas-/taxeringsvärde, medelvärde i tkr",Stor-Göteborg,2016K4,1472,https://www.statistikdatabasen.scb.se/pxweb/sv/ssd/START__BO__BO0501__BO0501B/FastprisFHRegKv/
"Bas-/taxeringsvärde, medelvärde i tkr",Stor-Göteborg,2017K1,1755,https://www.statistikdatabasen.scb.se/pxweb/sv/ssd/START__BO__BO0501__BO0501B/FastprisFHRegKv/
"Bas-/taxeringsvärde, medelvärde i tkr",Stor-Göteborg,2017K2,1519,https://www.statistikdatabasen.scb.se/pxweb/sv/ssd/START__BO__BO0501__BO0501B/FastprisFHRegKv/
"Bas-/taxeringsvärde, medelvärde i tkr",Stor-Göteborg,2017K3,1516,https://www.statistikdatabasen.scb.se/pxweb/sv/ssd/START__BO__BO0501__BO0501B/FastprisFHRegKv/
"Bas-/taxeringsvärde, medelvärde i tkr",Stor-Göteborg,2017K4,1767,https://www.statistikdatabasen.scb.se/pxweb/sv/ssd/START__BO__BO0501__BO0501B/FastprisFHRegKv/
"Bas-/taxeringsvärde, medelvärde i tkr",Stor-Göteborg,2018K1,2659,https://www.statistikdatabasen.scb.se/pxweb/sv/ssd/START__BO__BO0501__BO0501B/FastprisFHRegKv/
"Bas-/taxeringsvärde, medelvärde i tkr",Stor-Göteborg,2018K2,1903,https://www.statistikdatabasen.scb.se/pxweb/sv/ssd/START__BO__BO0501__BO0501B/FastprisFHRegKv/
"Bas-/taxeringsvärde, medelvärde i tkr",Stor-Göteborg,2018K3,2159,https://www.statistikdatabasen.scb.se/pxweb/sv/ssd/START__BO__BO0501__BO0501B/FastprisFHRegKv/
"Bas-/taxeringsvärde, medelvärde i tkr",Stor-Göteborg,2018K4,2077,https://www.statistikdatabasen.scb.se/pxweb/sv/ssd/START__BO__BO0501__BO0501B/FastprisFHRegKv/
"Bas-/taxeringsvärde, medelvärde i tkr",Stor-Göteborg,2019K1,2144,https://www.statistikdatabasen.scb.se/pxweb/sv/ssd/START__BO__BO0501__BO0501B/FastprisFHRegKv/
"Bas-/taxeringsvärde, medelvärde i tkr",Stor-Göteborg,2019K2,1802,https://www.statistikdatabasen.scb.se/pxweb/sv/ssd/START__BO__BO0501__BO0501B/FastprisFHRegKv/
"Bas-/taxeringsvärde, medelvärde i tkr",Stor-Göteborg,2019K3,2041,https://www.statistikdatabasen.scb.se/pxweb/sv/ssd/START__BO__BO0501__BO0501B/FastprisFHRegKv/
"Bas-/taxeringsvärde, medelvärde i tkr",Stor-Göteborg,2019K4,2233,https://www.statistikdatabasen.scb.se/pxweb/sv/ssd/START__BO__BO0501__BO0501B/FastprisFHRegKv/
"Bas-/taxeringsvärde, medelvärde i tkr",Stor-Göteborg,2020K1,2273,https://www.statistikdatabasen.scb.se/pxweb/sv/ssd/START__BO__BO0501__BO0501B/FastprisFHRegKv/
"Bas-/taxeringsvärde, medelvärde i tkr",Stor-Göteborg,2020K2,1818,https://www.statistikdatabasen.scb.se/pxweb/sv/ssd/START__BO__BO0501__BO0501B/FastprisFHRegKv/
"Bas-/taxeringsvärde, medelvärde i tkr",Stor-Göteborg,2020K3,2321,https://www.statistikdatabasen.scb.se/pxweb/sv/ssd/START__BO__BO0501__BO0501B/FastprisFHRegKv/
"Bas-/taxeringsvärde, medelvärde i tkr",Stor-Göteborg,2020K4,2166,https://www.statistikdatabasen.scb.se/pxweb/sv/ssd/START__BO__BO0501__BO0501B/FastprisFHRegKv/
"Bas-/taxeringsvärde, medelvärde i tkr",Stor-Göteborg,2021K1,2851,https://www.statistikdatabasen.scb.se/pxweb/sv/ssd/START__BO__BO0501__BO0501B/FastprisFHRegKv/
"Bas-/taxeringsvärde, medelvärde i tkr",Stor-Göteborg,2021K2,2322,https://www.statistikdatabasen.scb.se/pxweb/sv/ssd/START__BO__BO0501__BO0501B/FastprisFHRegKv/
"Bas-/taxeringsvärde, medelvärde i tkr",Stor-Göteborg,2021K3,2577,https://www.statistikdatabasen.scb.se/pxweb/sv/ssd/START__BO__BO0501__BO0501B/FastprisFHRegKv/
"Bas-/taxeringsvärde, medelvärde i tkr",Stor-Göteborg,2021K4,2094,https://www.statistikdatabasen.scb.se/pxweb/sv/ssd/START__BO__BO0501__BO0501B/FastprisFHRegKv/
"Bas-/taxeringsvärde, medelvärde i tkr",Stor-Göteborg,2022K1,2625,https://www.statistikdatabasen.scb.se/pxweb/sv/ssd/START__BO__BO0501__BO0501B/FastprisFHRegKv/
"Bas-/taxeringsvärde, medelvärde i tkr",Stor-Göteborg,2022K2,2360,https://www.statistikdatabasen.scb.se/pxweb/sv/ssd/START__BO__BO0501__BO0501B/FastprisFHRegKv/
"Bas-/taxeringsvärde, medelvärde i tkr",Stor-Göteborg,2022K3,2360,https://www.statistikdatabasen.scb.se/pxweb/sv/ssd/START__BO__BO0501__BO0501B/FastprisFHRegKv/
"Bas-/taxeringsvärde, medelvärde i tkr",Stor-Göteborg,2022K4,2945,https://www.statistikdatabasen.scb.se/pxweb/sv/ssd/START__BO__BO0501__BO0501B/FastprisFHRegKv/
"Bas-/taxeringsvärde, medelvärde i tkr",Stor-Göteborg,2023K1,2858,https://www.statistikdatabasen.scb.se/pxweb/sv/ssd/START__BO__BO0501__BO0501B/FastprisFHRegKv/
"Bas-/taxeringsvärde, medelvärde i tkr",Stor-Göteborg,2023K2,2620,https://www.statistikdatabasen.scb.se/pxweb/sv/ssd/START__BO__BO0501__BO0501B/FastprisFHRegKv/
"Bas-/taxeringsvärde, medelvärde i tkr",Stor-Göteborg,2023K3,2514,https://www.statistikdatabasen.scb.se/pxweb/sv/ssd/START__BO__BO0501__BO0501B/FastprisFHRegKv/
"Bas-/taxeringsvärde, medelvärde i tkr",Stor-Göteborg,2023K4,2748,https://www.statistikdatabasen.scb.se/pxweb/sv/ssd/START__BO__BO0501__BO0501B/FastprisFHRegKv/
"Bas-/taxeringsvärde, medelvärde i tkr",Stor-Göteborg,2024K1,3986,https://www.statistikdatabasen.scb.se/pxweb/sv/ssd/START__BO__BO0501__BO0501B/FastprisFHRegKv/
"Bas-/taxeringsvärde, medelvärde i tkr",Stor-Göteborg,2024K2,3268,https://www.statistikdatabasen.scb.se/pxweb/sv/ssd/START__BO__BO0501__BO0501B/FastprisFHRegKv/
"Bas-/taxeringsvärde, medelvärde i tkr",Stor-Göteborg,2024K3,3333,https://www.statistikdatabasen.scb.se/pxweb/sv/ssd/START__BO__BO0501__BO0501B/FastprisFHRegKv/
"Bas-/taxeringsvärde, medelvärde i tkr",Stor-Göteborg,2024K4,3248,https://www.statistikdatabasen.scb.se/pxweb/sv/ssd/START__BO__BO0501__BO0501B/FastprisFHRegKv/
"Bas-/taxeringsvärde, medelvärde i tkr",Stor-Göteborg,2025K1,3825,https://www.statistikdatabasen.scb.se/pxweb/sv/ssd/START__BO__BO0501__BO0501B/FastprisFHRegKv/
"Bas-/taxeringsvärde, medelvärde i tkr",Stor-Göteborg,2025K2,2889,https://www.statistikdatabasen.scb.se/pxweb/sv/ssd/START__BO__BO0501__BO0501B/FastprisFHRegKv/
"Bas-/taxeringsvärde, medelvärde i tkr",Stor-Göteborg,2025K3,3726,https://www.statistikdatabasen.scb.se/pxweb/sv/ssd/START__BO__BO0501__BO0501B/FastprisFHRegKv/
"Bas-/taxeringsvärde, medelvärde i tkr",Stor-Göteborg,2025K4,2999,https://www.statistikdatabasen.scb.se/pxweb/sv/ssd/START__BO__BO0501__BO0501B/FastprisFHRegKv/
"Bas-/taxeringsvärde, medelvärde i tkr",Stor-Göteborg,2026K1,3581,https://www.statistikdatabasen.scb.se/pxweb/sv/ssd/START__BO__BO0501__BO0501B/FastprisFHRegKv/
"Bas-/taxeringsvärde, medelvärde i tkr",Stor-Göteborg,2026K2,3336,https://www.statistikdatabasen.scb.se/pxweb/sv/ssd/START__BO__BO0501__BO0501B/FastprisFHRegKv/
Köpeskillingskoefficient,Stor-Göteborg,1998K1,1.68,https://www.statistikdatabasen.scb.se/pxweb/sv/ssd/START__BO__BO0501__BO0501B/FastprisFHRegKv/
Köpeskillingskoefficient,Stor-Göteborg,1998K2,1.8,https://www.statistikdatabasen.scb.se/pxweb/sv/ssd/START__BO__BO0501__BO0501B/FastprisFHRegKv/
Köpeskillingskoefficient,Stor-Göteborg,1998K3,1.83,https://www.statistikdatabasen.scb.se/pxweb/sv/ssd/START__BO__BO0501__BO0501B/FastprisFHRegKv/
Köpeskillingskoefficient,Stor-Göteborg,1998K4,1.83,https://www.statistikdatabasen.scb.se/pxweb/sv/ssd/START__BO__BO0501__BO0501B/FastprisFHRegKv/
Köpeskillingskoefficient,Stor-Göteborg,1999K1,1.93,https://www.statistikdatabasen.scb.se/pxweb/sv/ssd/START__BO__BO0501__BO0501B/FastprisFHRegKv/
Köpeskillingskoefficient,Stor-Göteborg,1999K2,1.94,https://www.statistikdatabasen.scb.se/pxweb/sv/ssd/START__BO__BO0501__BO0501B/FastprisFHRegKv/
Köpeskillingskoefficient,Stor-Göteborg,1999K3,2.01,https://www.statistikdatabasen.scb.se/pxweb/sv/ssd/START__BO__BO0501__BO0501B/FastprisFHRegKv/
Köpeskillingskoefficient,Stor-Göteborg,1999K4,1.94,https://www.statistikdatabasen.scb.se/pxweb/sv/ssd/START__BO__BO0501__BO0501B/FastprisFHRegKv/
Köpeskillingskoefficient,Stor-Göteborg,2000K1,2,https://www.statistikdatabasen.scb.se/pxweb/sv/ssd/START__BO__BO0501__BO0501B/FastprisFHRegKv/
Köpeskillingskoefficient,Stor-Göteborg,2000K2,2.15,https://www.statistikdatabasen.scb.se/pxweb/sv/ssd/START__BO__BO0501__BO0501B/FastprisFHRegKv/
Köpeskillingskoefficient,Stor-Göteborg,2000K3,2.24,https://www.statistikdatabasen.scb.se/pxweb/sv/ssd/START__BO__BO0501__BO0501B/FastprisFHRegKv/
Köpeskillingskoefficient,Stor-Göteborg,2000K4,2.35,https://www.statistikdatabasen.scb.se/pxweb/sv/ssd/START__BO__BO0501__BO0501B/FastprisFHRegKv/
Köpeskillingskoefficient,Stor-Göteborg,2001K1,2.27,https://www.statistikdatabasen.scb.se/pxweb/sv/ssd/START__BO__BO0501__BO0501B/FastprisFHRegKv/
Köpeskillingskoefficient,Stor-Göteborg,2001K2,2.44,https://www.statistikdatabasen.scb.se/pxweb/sv/ssd/START__BO__BO0501__BO0501B/FastprisFHRegKv/
Köpeskillingskoefficient,Stor-Göteborg,2001K3,2.34,https://www.statistikdatabasen.scb.se/pxweb/sv/ssd/START__BO__BO0501__BO0501B/FastprisFHRegKv/
Köpeskillingskoefficient,Stor-Göteborg,2001K4,2.34,https://www.statistikdatabasen.scb.se/pxweb/sv/ssd/START__BO__BO0501__BO0501B/FastprisFHRegKv/
Köpeskillingskoefficient,Stor-Göteborg,2002K1,2.34,https://www.statistikdatabasen.scb.se/pxweb/sv/ssd/START__BO__BO0501__BO0501B/FastprisFHRegKv/
Köpeskillingskoefficient,Stor-Göteborg,2002K2,2.59,https://www.statistikdatabasen.scb.se/pxweb/sv/ssd/START__BO__BO0501__BO0501B/FastprisFHRegKv/
Köpeskillingskoefficient,Stor-Göteborg,2002K3,2.51,https://www.statistikdatabasen.scb.se/pxweb/sv/ssd/START__BO__BO0501__BO0501B/FastprisFHRegKv/
Köpeskillingskoefficient,Stor-Göteborg,2002K4,2.67,https://www.statistikdatabasen.scb.se/pxweb/sv/ssd/START__BO__BO0501__BO0501B/FastprisFHRegKv/
Köpeskillingskoefficient,Stor-Göteborg,2003K1,1.59,https://www.statistikdatabasen.scb.se/pxweb/sv/ssd/START__BO__BO0501__BO0501B/FastprisFHRegKv/
Köpeskillingskoefficient,Stor-Göteborg,2003K2,1.61,https://www.statistikdatabasen.scb.se/pxweb/sv/ssd/START__BO__BO0501__BO0501B/FastprisFHRegKv/
Köpeskillingskoefficient,Stor-Göteborg,2003K3,1.74,https://www.statistikdatabasen.scb.se/pxweb/sv/ssd/START__BO__BO0501__BO0501B/FastprisFHRegKv/
Köpeskillingskoefficient,Stor-Göteborg,2003K4,1.83,https://www.statistikdatabasen.scb.se/pxweb/sv/ssd/START__BO__BO0501__BO0501B/FastprisFHRegKv/
Köpeskillingskoefficient,Stor-Göteborg,2004K1,1.8,https://www.statistikdatabasen.scb.se/pxweb/sv/ssd/START__BO__BO0501__BO0501B/FastprisFHRegKv/
Köpeskillingskoefficient,Stor-Göteborg,2004K2,1.96,https://www.statistikdatabasen.scb.se/pxweb/sv/ssd/START__BO__BO0501__BO0501B/FastprisFHRegKv/
Köpeskillingskoefficient,Stor-Göteborg,2004K3,1.93,https://www.statistikdatabasen.scb.se/pxweb/sv/ssd/START__BO__BO0501__BO0501B/FastprisFHRegKv/
Köpeskillingskoefficient,Stor-Göteborg,2004K4,2.05,https://www.statistikdatabasen.scb.se/pxweb/sv/ssd/START__BO__BO0501__BO0501B/FastprisFHRegKv/
Köpeskillingskoefficient,Stor-Göteborg,2005K1,1.91,https://www.statistikdatabasen.scb.se/pxweb/sv/ssd/START__BO__BO0501__BO0501B/FastprisFHRegKv/
Köpeskillingskoefficient,Stor-Göteborg,2005K2,2.17,https://www.statistikdatabasen.scb.se/pxweb/sv/ssd/START__BO__BO0501__BO0501B/FastprisFHRegKv/
Köpeskillingskoefficient,Stor-Göteborg,2005K3,2.37,https://www.statistikdatabasen.scb.se/pxweb/sv/ssd/START__BO__BO0501__BO0501B/FastprisFHRegKv/
Köpeskillingskoefficient,Stor-Göteborg,2005K4,2.5,https://www.statistikdatabasen.scb.se/pxweb/sv/ssd/START__BO__BO0501__BO0501B/FastprisFHRegKv/
Köpeskillingskoefficient,Stor-Göteborg,2006K1,1.78,https://www.statistikdatabasen.scb.se/pxweb/sv/ssd/START__BO__BO0501__BO0501B/FastprisFHRegKv/
Köpeskillingskoefficient,Stor-Göteborg,2006K2,1.93,https://www.statistikdatabasen.scb.se/pxweb/sv/ssd/START__BO__BO0501__BO0501B/FastprisFHRegKv/
Köpeskillingskoefficient,Stor-Göteborg,2006K3,1.96,https://www.statistikdatabasen.scb.se/pxweb/sv/ssd/START__BO__BO0501__BO0501B/FastprisFHRegKv/
Köpeskillingskoefficient,Stor-Göteborg,2006K4,1.85,https://www.statistikdatabasen.scb.se/pxweb/sv/ssd/START__BO__BO0501__BO0501B/FastprisFHRegKv/
Köpeskillingskoefficient,Stor-Göteborg,2007K1,1.9,https://www.statistikdatabasen.scb.se/pxweb/sv/ssd/START__BO__BO0501__BO0501B/FastprisFHRegKv/
Köpeskillingskoefficient,Stor-Göteborg,2007K2,2.12,https://www.statistikdatabasen.scb.se/pxweb/sv/ssd/START__BO__BO0501__BO0501B/FastprisFHRegKv/
Köpeskillingskoefficient,Stor-Göteborg,2007K3,2.13,https://www.statistikdatabasen.scb.se/pxweb/sv/ssd/START__BO__BO0501__BO0501B/FastprisFHRegKv/
Köpeskillingskoefficient,Stor-Göteborg,2007K4,2.07,https://www.statistikdatabasen.scb.se/pxweb/sv/ssd/START__BO__BO0501__BO0501B/FastprisFHRegKv/
Köpeskillingskoefficient,Stor-Göteborg,2008K1,2.04,https://www.statistikdatabasen.scb.se/pxweb/sv/ssd/START__BO__BO0501__BO0501B/FastprisFHRegKv/
Köpeskillingskoefficient,Stor-Göteborg,2008K2,2.16,https://www.statistikdatabasen.scb.se/pxweb/sv/ssd/START__BO__BO0501__BO0501B/FastprisFHRegKv/
Köpeskillingskoefficient,Stor-Göteborg,2008K3,2.11,https://www.statistikdatabasen.scb.se/pxweb/sv/ssd/START__BO__BO0501__BO0501B/FastprisFHRegKv/
Köpeskillingskoefficient,Stor-Göteborg,2008K4,2.15,https://www.statistikdatabasen.scb.se/pxweb/sv/ssd/START__BO__BO0501__BO0501B/FastprisFHRegKv/
Köpeskillingskoefficient,Stor-Göteborg,2009K1,1.3,https://www.statistikdatabasen.scb.se/pxweb/sv/ssd/START__BO__BO0501__BO0501B/FastprisFHRegKv/
Köpeskillingskoefficient,Stor-Göteborg,2009K2,1.43,https://www.statistikdatabasen.scb.se/pxweb/sv/ssd/START__BO__BO0501__BO0501B/FastprisFHRegKv/
Köpeskillingskoefficient,Stor-Göteborg,2009K3,1.48,https://www.statistikdatabasen.scb.se/pxweb/sv/ssd/START__BO__BO0501__BO0501B/FastprisFHRegKv/
Köpeskillingskoefficient,Stor-Göteborg,2009K4,1.56,https://www.statistikdatabasen.scb.se/pxweb/sv/ssd/START__BO__BO0501__BO0501B/FastprisFHRegKv/
Köpeskillingskoefficient,Stor-Göteborg,2010K1,1.55,https://www.statistikdatabasen.scb.se/pxweb/sv/ssd/START__BO__BO0501__BO0501B/FastprisFHRegKv/
Köpeskillingskoefficient,Stor-Göteborg,2010K2,1.56,https://www.statistikdatabasen.scb.se/pxweb/sv/ssd/START__BO__BO0501__BO0501B/FastprisFHRegKv/
Köpeskillingskoefficient,Stor-Göteborg,2010K3,1.56,https://www.statistikdatabasen.scb.se/pxweb/sv/ssd/START__BO__BO0501__BO0501B/FastprisFHRegKv/
Köpeskillingskoefficient,Stor-Göteborg,2010K4,1.63,https://www.statistikdatabasen.scb.se/pxweb/sv/ssd/START__BO__BO0501__BO0501B/FastprisFHRegKv/
Köpeskillingskoefficient,Stor-Göteborg,2011K1,1.68,https://www.statistikdatabasen.scb.se/pxweb/sv/ssd/START__BO__BO0501__BO0501B/FastprisFHRegKv/
Köpeskillingskoefficient,Stor-Göteborg,2011K2,1.58,https://www.statistikdatabasen.scb.se/pxweb/sv/ssd/START__BO__BO0501__BO0501B/FastprisFHRegKv/
Köpeskillingskoefficient,Stor-Göteborg,2011K3,1.66,https://www.statistikdatabasen.scb.se/pxweb/sv/ssd/START__BO__BO0501__BO0501B/FastprisFHRegKv/
Köpeskillingskoefficient,Stor-Göteborg,2011K4,1.44,https://www.statistikdatabasen.scb.se/pxweb/sv/ssd/START__BO__BO0501__BO0501B/FastprisFHRegKv/
Köpeskillingskoefficient,Stor-Göteborg,2012K1,1.42,https://www.statistikdatabasen.scb.se/pxweb/sv/ssd/START__BO__BO0501__BO0501B/FastprisFHRegKv/
Köpeskillingskoefficient,Stor-Göteborg,2012K2,1.41,https://www.statistikdatabasen.scb.se/pxweb/sv/ssd/START__BO__BO0501__BO0501B/FastprisFHRegKv/
Köpeskillingskoefficient,Stor-Göteborg,2012K3,1.44,https://www.statistikdatabasen.scb.se/pxweb/sv/ssd/START__BO__BO0501__BO0501B/FastprisFHRegKv/
Köpeskillingskoefficient,Stor-Göteborg,2012K4,1.39,https://www.statistikdatabasen.scb.se/pxweb/sv/ssd/START__BO__BO0501__BO0501B/FastprisFHRegKv/
Köpeskillingskoefficient,Stor-Göteborg,2013K1,1.44,https://www.statistikdatabasen.scb.se/pxweb/sv/ssd/START__BO__BO0501__BO0501B/FastprisFHRegKv/
Köpeskillingskoefficient,Stor-Göteborg,2013K2,1.43,https://www.statistikdatabasen.scb.se/pxweb/sv/ssd/START__BO__BO0501__BO0501B/FastprisFHRegKv/
Köpeskillingskoefficient,Stor-Göteborg,2013K3,1.49,https://www.statistikdatabasen.scb.se/pxweb/sv/ssd/START__BO__BO0501__BO0501B/FastprisFHRegKv/
Köpeskillingskoefficient,Stor-Göteborg,2013K4,1.55,https://www.statistikdatabasen.scb.se/pxweb/sv/ssd/START__BO__BO0501__BO0501B/FastprisFHRegKv/
Köpeskillingskoefficient,Stor-Göteborg,2014K1,1.54,https://www.statistikdatabasen.scb.se/pxweb/sv/ssd/START__BO__BO0501__BO0501B/FastprisFHRegKv/
Köpeskillingskoefficient,Stor-Göteborg,2014K2,1.52,https://www.statistikdatabasen.scb.se/pxweb/sv/ssd/START__BO__BO0501__BO0501B/FastprisFHRegKv/
Köpeskillingskoefficient,Stor-Göteborg,2014K3,1.6,https://www.statistikdatabasen.scb.se/pxweb/sv/ssd/START__BO__BO0501__BO0501B/FastprisFHRegKv/
Köpeskillingskoefficient,Stor-Göteborg,2014K4,1.63,https://www.statistikdatabasen.scb.se/pxweb/sv/ssd/START__BO__BO0501__BO0501B/FastprisFHRegKv/
Köpeskillingskoefficient,Stor-Göteborg,2015K1,1.47,https://www.statistikdatabasen.scb.se/pxweb/sv/ssd/START__BO__BO0501__BO0501B/FastprisFHRegKv/
Köpeskillingskoefficient,Stor-Göteborg,2015K2,1.61,https://www.statistikdatabasen.scb.se/pxweb/sv/ssd/START__BO__BO0501__BO0501B/FastprisFHRegKv/
Köpeskillingskoefficient,Stor-Göteborg,2015K3,1.62,https://www.statistikdatabasen.scb.se/pxweb/sv/ssd/START__BO__BO0501__BO0501B/FastprisFHRegKv/
Köpeskillingskoefficient,Stor-Göteborg,2015K4,1.7,https://www.statistikdatabasen.scb.se/pxweb/sv/ssd/START__BO__BO0501__BO0501B/FastprisFHRegKv/
Köpeskillingskoefficient,Stor-Göteborg,2016K1,1.68,https://www.statistikdatabasen.scb.se/pxweb/sv/ssd/START__BO__BO0501__BO0501B/FastprisFHRegKv/
Köpeskillingskoefficient,Stor-Göteborg,2016K2,1.81,https://www.statistikdatabasen.scb.se/pxweb/sv/ssd/START__BO__BO0501__BO0501B/FastprisFHRegKv/
Köpeskillingskoefficient,Stor-Göteborg,2016K3,1.86,https://www.statistikdatabasen.scb.se/pxweb/sv/ssd/START__BO__BO0501__BO0501B/FastprisFHRegKv/
Köpeskillingskoefficient,Stor-Göteborg,2016K4,1.84,https://www.statistikdatabasen.scb.se/pxweb/sv/ssd/START__BO__BO0501__BO0501B/FastprisFHRegKv/
Köpeskillingskoefficient,Stor-Göteborg,2017K1,1.9,https://www.statistikdatabasen.scb.se/pxweb/sv/ssd/START__BO__BO0501__BO0501B/FastprisFHRegKv/
Köpeskillingskoefficient,Stor-Göteborg,2017K2,1.93,https://www.statistikdatabasen.scb.se/pxweb/sv/ssd/START__BO__BO0501__BO0501B/FastprisFHRegKv/
Köpeskillingskoefficient,Stor-Göteborg,2017K3,1.93,https://www.statistikdatabasen.scb.se/pxweb/sv/ssd/START__BO__BO0501__BO0501B/FastprisFHRegKv/
Köpeskillingskoefficient,Stor-Göteborg,2017K4,2.04,https://www.statistikdatabasen.scb.se/pxweb/sv/ssd/START__BO__BO0501__BO0501B/FastprisFHRegKv/
Köpeskillingskoefficient,Stor-Göteborg,2018K1,1.45,https://www.statistikdatabasen.scb.se/pxweb/sv/ssd/START__BO__BO0501__BO0501B/FastprisFHRegKv/
Köpeskillingskoefficient,Stor-Göteborg,2018K2,1.59,https://www.statistikdatabasen.scb.se/pxweb/sv/ssd/START__BO__BO0501__BO0501B/FastprisFHRegKv/
Köpeskillingskoefficient,Stor-Göteborg,2018K3,1.58,https://www.statistikdatabasen.scb.se/pxweb/sv/ssd/START__BO__BO0501__BO0501B/FastprisFHRegKv/
Köpeskillingskoefficient,Stor-Göteborg,2018K4,1.58,https://www.statistikdatabasen.scb.se/pxweb/sv/ssd/START__BO__BO0501__BO0501B/FastprisFHRegKv/
Köpeskillingskoefficient,Stor-Göteborg,2019K1,1.53,https://www.statistikdatabasen.scb.se/pxweb/sv/ssd/START__BO__BO0501__BO0501B/FastprisFHRegKv/
Köpeskillingskoefficient,Stor-Göteborg,2019K2,1.69,https://www.statistikdatabasen.scb.se/pxweb/sv/ssd/START__BO__BO0501__BO0501B/FastprisFHRegKv/
Köpeskillingskoefficient,Stor-Göteborg,2019K3,1.63,https://www.statistikdatabasen.scb.se/pxweb/sv/ssd/START__BO__BO0501__BO0501B/FastprisFHRegKv/
Köpeskillingskoefficient,Stor-Göteborg,2019K4,1.64,https://www.statistikdatabasen.scb.se/pxweb/sv/ssd/START__BO__BO0501__BO0501B/FastprisFHRegKv/
Köpeskillingskoefficient,Stor-Göteborg,2020K1,1.64,https://www.statistikdatabasen.scb.se/pxweb/sv/ssd/START__BO__BO0501__BO0501B/FastprisFHRegKv/
Köpeskillingskoefficient,Stor-Göteborg,2020K2,1.64,https://www.statistikdatabasen.scb.se/pxweb/sv/ssd/START__BO__BO0501__BO0501B/FastprisFHRegKv/
Köpeskillingskoefficient,Stor-Göteborg,2020K3,1.81,https://www.statistikdatabasen.scb.se/pxweb/sv/ssd/START__BO__BO0501__BO0501B/FastprisFHRegKv/
Köpeskillingskoefficient,Stor-Göteborg,2020K4,1.89,https://www.statistikdatabasen.scb.se/pxweb/sv/ssd/START__BO__BO0501__BO0501B/FastprisFHRegKv/
Köpeskillingskoefficient,Stor-Göteborg,2021K1,1.51,https://www.statistikdatabasen.scb.se/pxweb/sv/ssd/START__BO__BO0501__BO0501B/FastprisFHRegKv/
Köpeskillingskoefficient,Stor-Göteborg,2021K2,1.62,https://www.statistikdatabasen.scb.se/pxweb/sv/ssd/START__BO__BO0501__BO0501B/FastprisFHRegKv/
Köpeskillingskoefficient,Stor-Göteborg,2021K3,1.82,https://www.statistikdatabasen.scb.se/pxweb/sv/ssd/START__BO__BO0501__BO0501B/FastprisFHRegKv/
Köpeskillingskoefficient,Stor-Göteborg,2021K4,1.77,https://www.statistikdatabasen.scb.se/pxweb/sv/ssd/START__BO__BO0501__BO0501B/FastprisFHRegKv/
Köpeskillingskoefficient,Stor-Göteborg,2022K1,1.89,https://www.statistikdatabasen.scb.se/pxweb/sv/ssd/START__BO__BO0501__BO0501B/FastprisFHRegKv/
Köpeskillingskoefficient,Stor-Göteborg,2022K2,1.87,https://www.statistikdatabasen.scb.se/pxweb/sv/ssd/START__BO__BO0501__BO0501B/FastprisFHRegKv/
Köpeskillingskoefficient,Stor-Göteborg,2022K3,1.87,https://www.statistikdatabasen.scb.se/pxweb/sv/ssd/START__BO__BO0501__BO0501B/FastprisFHRegKv/
Köpeskillingskoefficient,Stor-Göteborg,2022K4,1.73,https://www.statistikdatabasen.scb.se/pxweb/sv/ssd/START__BO__BO0501__BO0501B/FastprisFHRegKv/
Köpeskillingskoefficient,Stor-Göteborg,2023K1,1.61,https://www.statistikdatabasen.scb.se/pxweb/sv/ssd/START__BO__BO0501__BO0501B/FastprisFHRegKv/
Köpeskillingskoefficient,Stor-Göteborg,2023K2,1.62,https://www.statistikdatabasen.scb.se/pxweb/sv/ssd/START__BO__BO0501__BO0501B/FastprisFHRegKv/
Köpeskillingskoefficient,Stor-Göteborg,2023K3,1.77,https://www.statistikdatabasen.scb.se/pxweb/sv/ssd/START__BO__BO0501__BO0501B/FastprisFHRegKv/
Köpeskillingskoefficient,Stor-Göteborg,2023K4,1.57,https://www.statistikdatabasen.scb.se/pxweb/sv/ssd/START__BO__BO0501__BO0501B/FastprisFHRegKv/
Köpeskillingskoefficient,Stor-Göteborg,2024K1,1.3,https://www.statistikdatabasen.scb.se/pxweb/sv/ssd/START__BO__BO0501__BO0501B/FastprisFHRegKv/
Köpeskillingskoefficient,Stor-Göteborg,2024K2,1.19,https://www.statistikdatabasen.scb.se/pxweb/sv/ssd/START__BO__BO0501__BO0501B/FastprisFHRegKv/
Köpeskillingskoefficient,Stor-Göteborg,2024K3,1.29,https://www.statistikdatabasen.scb.se/pxweb/sv/ssd/START__BO__BO0501__BO0501B/FastprisFHRegKv/
Köpeskillingskoefficient,Stor-Göteborg,2024K4,1.28,https://www.statistikdatabasen.scb.se/pxweb/sv/ssd/START__BO__BO0501__BO0501B/FastprisFHRegKv/
Köpeskillingskoefficient,Stor-Göteborg,2025K1,1.24,https://www.statistikdatabasen.scb.se/pxweb/sv/ssd/START__BO__BO0501__BO0501B/FastprisFHRegKv/
Köpeskillingskoefficient,Stor-Göteborg,2025K2,1.33,https://www.statistikdatabasen.scb.se/pxweb/sv/ssd/START__BO__BO0501__BO0501B/FastprisFHRegKv/
Köpeskillingskoefficient,Stor-Göteborg,2025K3,1.24,https://www.statistikdatabasen.scb.se/pxweb/sv/ssd/START__BO__BO0501__BO0501B/FastprisFHRegKv/
Köpeskillingskoefficient,Stor-Göteborg,2025K4,1.22,https://www.statistikdatabasen.scb.se/pxweb/sv/ssd/START__BO__BO0501__BO0501B/FastprisFHRegKv/
Köpeskillingskoefficient,Stor-Göteborg,2026K1,1.25,https://www.statistikdatabasen.scb.se/pxweb/sv/ssd/START__BO__BO0501__BO0501B/FastprisFHRegKv/
Köpeskillingskoefficient,Stor-Göteborg,2026K2,1.28,https://www.statistikdatabasen.scb.se/pxweb/sv/ssd/START__BO__BO0501__BO0501B/FastprisFHRegKv/
Antal,Stor-Malmö,1998K1,33,https://www.statistikdatabasen.scb.se/pxweb/sv/ssd/START__BO__BO0501__BO0501B/FastprisFHRegKv/
Antal,Stor-Malmö,1998K2,68,https://www.statistikdatabasen.scb.se/pxweb/sv/ssd/START__BO__BO0501__BO0501B/FastprisFHRegKv/
Antal,Stor-Malmö,1998K3,52,https://www.statistikdatabasen.scb.se/pxweb/sv/ssd/START__BO__BO0501__BO0501B/FastprisFHRegKv/
Antal,Stor-Malmö,1998K4,46,https://www.statistikdatabasen.scb.se/pxweb/sv/ssd/START__BO__BO0501__BO0501B/FastprisFHRegKv/
Antal,Stor-Malmö,1999K1,35,https://www.statistikdatabasen.scb.se/pxweb/sv/ssd/START__BO__BO0501__BO0501B/FastprisFHRegKv/
Antal,Stor-Malmö,1999K2,67,https://www.statistikdatabasen.scb.se/pxweb/sv/ssd/START__BO__BO0501__BO0501B/FastprisFHRegKv/
Antal,Stor-Malmö,1999K3,75,https://www.statistikdatabasen.scb.se/pxweb/sv/ssd/START__BO__BO0501__BO0501B/FastprisFHRegKv/
Antal,Stor-Malmö,1999K4,60,https://www.statistikdatabasen.scb.se/pxweb/sv/ssd/START__BO__BO0501__BO0501B/FastprisFHRegKv/
Antal,Stor-Malmö,2000K1,38,https://www.statistikdatabasen.scb.se/pxweb/sv/ssd/START__BO__BO0501__BO0501B/FastprisFHRegKv/
Antal,Stor-Malmö,2000K2,65,https://www.statistikdatabasen.scb.se/pxweb/sv/ssd/START__BO__BO0501__BO0501B/FastprisFHRegKv/
Antal,Stor-Malmö,2000K3,48,https://www.statistikdatabasen.scb.se/pxweb/sv/ssd/START__BO__BO0501__BO0501B/FastprisFHRegKv/
Antal,Stor-Malmö,2000K4,51,https://www.statistikdatabasen.scb.se/pxweb/sv/ssd/START__BO__BO0501__BO0501B/FastprisFHRegKv/
Antal,Stor-Malmö,2001K1,14,https://www.statistikdatabasen.scb.se/pxweb/sv/ssd/START__BO__BO0501__BO0501B/FastprisFHRegKv/
Antal,Stor-Malmö,2001K2,61,https://www.statistikdatabasen.scb.se/pxweb/sv/ssd/START__BO__BO0501__BO0501B/FastprisFHRegKv/
Antal,Stor-Malmö,2001K3,68,https://www.statistikdatabasen.scb.se/pxweb/sv/ssd/START__BO__BO0501__BO0501B/FastprisFHRegKv/
Antal,Stor-Malmö,2001K4,43,https://www.statistikdatabasen.scb.se/pxweb/sv/ssd/START__BO__BO0501__BO0501B/FastprisFHRegKv/
Antal,Stor-Malmö,2002K1,27,https://www.statistikdatabasen.scb.se/pxweb/sv/ssd/START__BO__BO0501__BO0501B/FastprisFHRegKv/
Antal,Stor-Malmö,2002K2,50,https://www.statistikdatabasen.scb.se/pxweb/sv/ssd/START__BO__BO0501__BO0501B/FastprisFHRegKv/
Antal,Stor-Malmö,2002K3,43,https://www.statistikdatabasen.scb.se/pxweb/sv/ssd/START__BO__BO0501__BO0501B/FastprisFHRegKv/
Antal,Stor-Malmö,2002K4,45,https://www.statistikdatabasen.scb.se/pxweb/sv/ssd/START__BO__BO0501__BO0501B/FastprisFHRegKv/
Antal,Stor-Malmö,2003K1,18,https://www.statistikdatabasen.scb.se/pxweb/sv/ssd/START__BO__BO0501__BO0501B/FastprisFHRegKv/
Antal,Stor-Malmö,2003K2,67,https://www.statistikdatabasen.scb.se/pxweb/sv/ssd/START__BO__BO0501__BO0501B/FastprisFHRegKv/
Antal,Stor-Malmö,2003K3,62,https://www.statistikdatabasen.scb.se/pxweb/sv/ssd/START__BO__BO0501__BO0501B/FastprisFHRegKv/
Antal,Stor-Malmö,2003K4,47,https://www.statistikdatabasen.scb.se/pxweb/sv/ssd/START__BO__BO0501__BO0501B/FastprisFHRegKv/
Antal,Stor-Malmö,2004K1,23,https://www.statistikdatabasen.scb.se/pxweb/sv/ssd/START__BO__BO0501__BO0501B/FastprisFHRegKv/
Antal,Stor-Malmö,2004K2,67,https://www.statistikdatabasen.scb.se/pxweb/sv/ssd/START__BO__BO0501__BO0501B/FastprisFHRegKv/
Antal,Stor-Malmö,2004K3,51,https://www.statistikdatabasen.scb.se/pxweb/sv/ssd/START__BO__BO0501__BO0501B/FastprisFHRegKv/
Antal,Stor-Malmö,2004K4,38,https://www.statistikdatabasen.scb.se/pxweb/sv/ssd/START__BO__BO0501__BO0501B/FastprisFHRegKv/
Antal,Stor-Malmö,2005K1,38,https://www.statistikdatabasen.scb.se/pxweb/sv/ssd/START__BO__BO0501__BO0501B/FastprisFHRegKv/
Antal,Stor-Malmö,2005K2,95,https://www.statistikdatabasen.scb.se/pxweb/sv/ssd/START__BO__BO0501__BO0501B/FastprisFHRegKv/
Antal,Stor-Malmö,2005K3,95,https://www.statistikdatabasen.scb.se/pxweb/sv/ssd/START__BO__BO0501__BO0501B/FastprisFHRegKv/
Antal,Stor-Malmö,2005K4,72,https://www.statistikdatabasen.scb.se/pxweb/sv/ssd/START__BO__BO0501__BO0501B/FastprisFHRegKv/
Antal,Stor-Malmö,2006K1,47,https://www.statistikdatabasen.scb.se/pxweb/sv/ssd/START__BO__BO0501__BO0501B/FastprisFHRegKv/
Antal,Stor-Malmö,2006K2,72,https://www.statistikdatabasen.scb.se/pxweb/sv/ssd/START__BO__BO0501__BO0501B/FastprisFHRegKv/
Antal,Stor-Malmö,2006K3,107,https://www.statistikdatabasen.scb.se/pxweb/sv/ssd/START__BO__BO0501__BO0501B/FastprisFHRegKv/
Antal,Stor-Malmö,2006K4,67,https://www.statistikdatabasen.scb.se/pxweb/sv/ssd/START__BO__BO0501__BO0501B/FastprisFHRegKv/
Antal,Stor-Malmö,2007K1,56,https://www.statistikdatabasen.scb.se/pxweb/sv/ssd/START__BO__BO0501__BO0501B/FastprisFHRegKv/
Antal,Stor-Malmö,2007K2,85,https://www.statistikdatabasen.scb.se/pxweb/sv/ssd/START__BO__BO0501__BO0501B/FastprisFHRegKv/
Antal,Stor-Malmö,2007K3,85,https://www.statistikdatabasen.scb.se/pxweb/sv/ssd/START__BO__BO0501__BO0501B/FastprisFHRegKv/
Antal,Stor-Malmö,2007K4,83,https://www.statistikdatabasen.scb.se/pxweb/sv/ssd/START__BO__BO0501__BO0501B/FastprisFHRegKv/
Antal,Stor-Malmö,2008K1,34,https://www.statistikdatabasen.scb.se/pxweb/sv/ssd/START__BO__BO0501__BO0501B/FastprisFHRegKv/
Antal,Stor-Malmö,2008K2,60,https://www.statistikdatabasen.scb.se/pxweb/sv/ssd/START__BO__BO0501__BO0501B/FastprisFHRegKv/
Antal,Stor-Malmö,2008K3,77,https://www.statistikdatabasen.scb.se/pxweb/sv/ssd/START__BO__BO0501__BO0501B/FastprisFHRegKv/
Antal,Stor-Malmö,2008K4,52,https://www.statistikdatabasen.scb.se/pxweb/sv/ssd/START__BO__BO0501__BO0501B/FastprisFHRegKv/
Antal,Stor-Malmö,2009K1,32,https://www.statistikdatabasen.scb.se/pxweb/sv/ssd/START__BO__BO0501__BO0501B/FastprisFHRegKv/
Antal,Stor-Malmö,2009K2,63,https://www.statistikdatabasen.scb.se/pxweb/sv/ssd/START__BO__BO0501__BO0501B/FastprisFHRegKv/
Antal,Stor-Malmö,2009K3,71,https://www.statistikdatabasen.scb.se/pxweb/sv/ssd/START__BO__BO0501__BO0501B/FastprisFHRegKv/
Antal,Stor-Malmö,2009K4,57,https://www.statistikdatabasen.scb.se/pxweb/sv/ssd/START__BO__BO0501__BO0501B/FastprisFHRegKv/
Antal,Stor-Malmö,2010K1,30,https://www.statistikdatabasen.scb.se/pxweb/sv/ssd/START__BO__BO0501__BO0501B/FastprisFHRegKv/
Antal,Stor-Malmö,2010K2,58,https://www.statistikdatabasen.scb.se/pxweb/sv/ssd/START__BO__BO0501__BO0501B/FastprisFHRegKv/
Antal,Stor-Malmö,2010K3,76,https://www.statistikdatabasen.scb.se/pxweb/sv/ssd/START__BO__BO0501__BO0501B/FastprisFHRegKv/
Antal,Stor-Malmö,2010K4,56,https://www.statistikdatabasen.scb.se/pxweb/sv/ssd/START__BO__BO0501__BO0501B/FastprisFHRegKv/
Antal,Stor-Malmö,2011K1,26,https://www.statistikdatabasen.scb.se/pxweb/sv/ssd/START__BO__BO0501__BO0501B/FastprisFHRegKv/
Antal,Stor-Malmö,2011K2,48,https://www.statistikdatabasen.scb.se/pxweb/sv/ssd/START__BO__BO0501__BO0501B/FastprisFHRegKv/
Antal,Stor-Malmö,2011K3,73,https://www.statistikdatabasen.scb.se/pxweb/sv/ssd/START__BO__BO0501__BO0501B/FastprisFHRegKv/
Antal,Stor-Malmö,2011K4,54,https://www.statistikdatabasen.scb.se/pxweb/sv/ssd/START__BO__BO0501__BO0501B/FastprisFHRegKv/
Antal,Stor-Malmö,2012K1,22,https://www.statistikdatabasen.scb.se/pxweb/sv/ssd/START__BO__BO0501__BO0501B/FastprisFHRegKv/
Antal,Stor-Malmö,2012K2,57,https://www.statistikdatabasen.scb.se/pxweb/sv/ssd/START__BO__BO0501__BO0501B/FastprisFHRegKv/
Antal,Stor-Malmö,2012K3,52,https://www.statistikdatabasen.scb.se/pxweb/sv/ssd/START__BO__BO0501__BO0501B/FastprisFHRegKv/
Antal,Stor-Malmö,2012K4,46,https://www.statistikdatabasen.scb.se/pxweb/sv/ssd/START__BO__BO0501__BO0501B/FastprisFHRegKv/
Antal,Stor-Malmö,2013K1,30,https://www.statistikdatabasen.scb.se/pxweb/sv/ssd/START__BO__BO0501__BO0501B/FastprisFHRegKv/
Antal,Stor-Malmö,2013K2,43,https://www.statistikdatabasen.scb.se/pxweb/sv/ssd/START__BO__BO0501__BO0501B/FastprisFHRegKv/
Antal,Stor-Malmö,2013K3,53,https://www.statistikdatabasen.scb.se/pxweb/sv/ssd/START__BO__BO0501__BO0501B/FastprisFHRegKv/
Antal,Stor-Malmö,2013K4,46,https://www.statistikdatabasen.scb.se/pxweb/sv/ssd/START__BO__BO0501__BO0501B/FastprisFHRegKv/
Antal,Stor-Malmö,2014K1,31,https://www.statistikdatabasen.scb.se/pxweb/sv/ssd/START__BO__BO0501__BO0501B/FastprisFHRegKv/
Antal,Stor-Malmö,2014K2,53,https://www.statistikdatabasen.scb.se/pxweb/sv/ssd/START__BO__BO0501__BO0501B/FastprisFHRegKv/
Antal,Stor-Malmö,2014K3,73,https://www.statistikdatabasen.scb.se/pxweb/sv/ssd/START__BO__BO0501__BO0501B/FastprisFHRegKv/
Antal,Stor-Malmö,2014K4,62,https://www.statistikdatabasen.scb.se/pxweb/sv/ssd/START__BO__BO0501__BO0501B/FastprisFHRegKv/
Antal,Stor-Malmö,2015K1,37,https://www.statistikdatabasen.scb.se/pxweb/sv/ssd/START__BO__BO0501__BO0501B/FastprisFHRegKv/
Antal,Stor-Malmö,2015K2,76,https://www.statistikdatabasen.scb.se/pxweb/sv/ssd/START__BO__BO0501__BO0501B/FastprisFHRegKv/
Antal,Stor-Malmö,2015K3,79,https://www.statistikdatabasen.scb.se/pxweb/sv/ssd/START__BO__BO0501__BO0501B/FastprisFHRegKv/
Antal,Stor-Malmö,2015K4,67,https://www.statistikdatabasen.scb.se/pxweb/sv/ssd/START__BO__BO0501__BO0501B/FastprisFHRegKv/
Antal,Stor-Malmö,2016K1,39,https://www.statistikdatabasen.scb.se/pxweb/sv/ssd/START__BO__BO0501__BO0501B/FastprisFHRegKv/
Antal,Stor-Malmö,2016K2,81,https://www.statistikdatabasen.scb.se/pxweb/sv/ssd/START__BO__BO0501__BO0501B/FastprisFHRegKv/
Antal,Stor-Malmö,2016K3,76,https://www.statistikdatabasen.scb.se/pxweb/sv/ssd/START__BO__BO0501__BO0501B/FastprisFHRegKv/
Antal,Stor-Malmö,2016K4,64,https://www.statistikdatabasen.scb.se/pxweb/sv/ssd/START__BO__BO0501__BO0501B/FastprisFHRegKv/
Antal,Stor-Malmö,2017K1,39,https://www.statistikdatabasen.scb.se/pxweb/sv/ssd/START__BO__BO0501__BO0501B/FastprisFHRegKv/
Antal,Stor-Malmö,2017K2,68,https://www.statistikdatabasen.scb.se/pxweb/sv/ssd/START__BO__BO0501__BO0501B/FastprisFHRegKv/
Antal,Stor-Malmö,2017K3,62,https://www.statistikdatabasen.scb.se/pxweb/sv/ssd/START__BO__BO0501__BO0501B/FastprisFHRegKv/
Antal,Stor-Malmö,2017K4,72,https://www.statistikdatabasen.scb.se/pxweb/sv/ssd/START__BO__BO0501__BO0501B/FastprisFHRegKv/
Antal,Stor-Malmö,2018K1,38,https://www.statistikdatabasen.scb.se/pxweb/sv/ssd/START__BO__BO0501__BO0501B/FastprisFHRegKv/
Antal,Stor-Malmö,2018K2,62,https://www.statistikdatabasen.scb.se/pxweb/sv/ssd/START__BO__BO0501__BO0501B/FastprisFHRegKv/
Antal,Stor-Malmö,2018K3,73,https://www.statistikdatabasen.scb.se/pxweb/sv/ssd/START__BO__BO0501__BO0501B/FastprisFHRegKv/
Antal,Stor-Malmö,2018K4,54,https://www.statistikdatabasen.scb.se/pxweb/sv/ssd/START__BO__BO0501__BO0501B/FastprisFHRegKv/
Antal,Stor-Malmö,2019K1,40,https://www.statistikdatabasen.scb.se/pxweb/sv/ssd/START__BO__BO0501__BO0501B/FastprisFHRegKv/
Antal,Stor-Malmö,2019K2,72,https://www.statistikdatabasen.scb.se/pxweb/sv/ssd/START__BO__BO0501__BO0501B/FastprisFHRegKv/
Antal,Stor-Malmö,2019K3,55,https://www.statistikdatabasen.scb.se/pxweb/sv/ssd/START__BO__BO0501__BO0501B/FastprisFHRegKv/
Antal,Stor-Malmö,2019K4,64,https://www.statistikdatabasen.scb.se/pxweb/sv/ssd/START__BO__BO0501__BO0501B/FastprisFHRegKv/
Antal,Stor-Malmö,2020K1,38,https://www.statistikdatabasen.scb.se/pxweb/sv/ssd/START__BO__BO0501__BO0501B/FastprisFHRegKv/
Antal,Stor-Malmö,2020K2,58,https://www.statistikdatabasen.scb.se/pxweb/sv/ssd/START__BO__BO0501__BO0501B/FastprisFHRegKv/
Antal,Stor-Malmö,2020K3,125,https://www.statistikdatabasen.scb.se/pxweb/sv/ssd/START__BO__BO0501__BO0501B/FastprisFHRegKv/
Antal,Stor-Malmö,2020K4,56,https://www.statistikdatabasen.scb.se/pxweb/sv/ssd/START__BO__BO0501__BO0501B/FastprisFHRegKv/
Antal,Stor-Malmö,2021K1,29,https://www.statistikdatabasen.scb.se/pxweb/sv/ssd/START__BO__BO0501__BO0501B/FastprisFHRegKv/
Antal,Stor-Malmö,2021K2,64,https://www.statistikdatabasen.scb.se/pxweb/sv/ssd/START__BO__BO0501__BO0501B/FastprisFHRegKv/
Antal,Stor-Malmö,2021K3,71,https://www.statistikdatabasen.scb.se/pxweb/sv/ssd/START__BO__BO0501__BO0501B/FastprisFHRegKv/
Antal,Stor-Malmö,2021K4,57,https://www.statistikdatabasen.scb.se/pxweb/sv/ssd/START__BO__BO0501__BO0501B/FastprisFHRegKv/
Antal,Stor-Malmö,2022K1,35,https://www.statistikdatabasen.scb.se/pxweb/sv/ssd/START__BO__BO0501__BO0501B/FastprisFHRegKv/
Antal,Stor-Malmö,2022K2,43,https://www.statistikdatabasen.scb.se/pxweb/sv/ssd/START__BO__BO0501__BO0501B/FastprisFHRegKv/
Antal,Stor-Malmö,2022K3,70,https://www.statistikdatabasen.scb.se/pxweb/sv/ssd/START__BO__BO0501__BO0501B/FastprisFHRegKv/
Antal,Stor-Malmö,2022K4,53,https://www.statistikdatabasen.scb.se/pxweb/sv/ssd/START__BO__BO0501__BO0501B/FastprisFHRegKv/
Antal,Stor-Malmö,2023K1,38,https://www.statistikdatabasen.scb.se/pxweb/sv/ssd/START__BO__BO0501__BO0501B/FastprisFHRegKv/
Antal,Stor-Malmö,2023K2,51,https://www.statistikdatabasen.scb.se/pxweb/sv/ssd/START__BO__BO0501__BO0501B/FastprisFHRegKv/
Antal,Stor-Malmö,2023K3,55,https://www.statistikdatabasen.scb.se/pxweb/sv/ssd/START__BO__BO0501__BO0501B/FastprisFHRegKv/
Antal,Stor-Malmö,2023K4,63,https://www.statistikdatabasen.scb.se/pxweb/sv/ssd/START__BO__BO0501__BO0501B/FastprisFHRegKv/
Antal,Stor-Malmö,2024K1,29,https://www.statistikdatabasen.scb.se/pxweb/sv/ssd/START__BO__BO0501__BO0501B/FastprisFHRegKv/
Antal,Stor-Malmö,2024K2,48,https://www.statistikdatabasen.scb.se/pxweb/sv/ssd/START__BO__BO0501__BO0501B/FastprisFHRegKv/
Antal,Stor-Malmö,2024K3,72,https://www.statistikdatabasen.scb.se/pxweb/sv/ssd/START__BO__BO0501__BO0501B/FastprisFHRegKv/
Antal,Stor-Malmö,2024K4,68,https://www.statistikdatabasen.scb.se/pxweb/sv/ssd/START__BO__BO0501__BO0501B/FastprisFHRegKv/
Antal,Stor-Malmö,2025K1,45,https://www.statistikdatabasen.scb.se/pxweb/sv/ssd/START__BO__BO0501__BO0501B/FastprisFHRegKv/
Antal,Stor-Malmö,2025K2,60,https://www.statistikdatabasen.scb.se/pxweb/sv/ssd/START__BO__BO0501__BO0501B/FastprisFHRegKv/
Antal,Stor-Malmö,2025K3,76,https://www.statistikdatabasen.scb.se/pxweb/sv/ssd/START__BO__BO0501__BO0501B/FastprisFHRegKv/
Antal,Stor-Malmö,2025K4,62,https://www.statistikdatabasen.scb.se/pxweb/sv/ssd/START__BO__BO0501__BO0501B/FastprisFHRegKv/
Antal,Stor-Malmö,2026K1,45,https://www.statistikdatabasen.scb.se/pxweb/sv/ssd/START__BO__BO0501__BO0501B/FastprisFHRegKv/
Antal,Stor-Malmö,2026K2,85,https://www.statistikdatabasen.scb.se/pxweb/sv/ssd/START__BO__BO0501__BO0501B/FastprisFHRegKv/
"Köpeskilling, medelvärde i tkr",Stor-Malmö,1998K1,855,https://www.statistikdatabasen.scb.se/pxweb/sv/ssd/START__BO__BO0501__BO0501B/FastprisFHRegKv/
"Köpeskilling, medelvärde i tkr",Stor-Malmö,1998K2,617,https://www.statistikdatabasen.scb.se/pxweb/sv/ssd/START__BO__BO0501__BO0501B/FastprisFHRegKv/
"Köpeskilling, medelvärde i tkr",Stor-Malmö,1998K3,623,https://www.statistikdatabasen.scb.se/pxweb/sv/ssd/START__BO__BO0501__BO0501B/FastprisFHRegKv/
"Köpeskilling, medelvärde i tkr",Stor-Malmö,1998K4,674,https://www.statistikdatabasen.scb.se/pxweb/sv/ssd/START__BO__BO0501__BO0501B/FastprisFHRegKv/
"Köpeskilling, medelvärde i tkr",Stor-Malmö,1999K1,782,https://www.statistikdatabasen.scb.se/pxweb/sv/ssd/START__BO__BO0501__BO0501B/FastprisFHRegKv/
"Köpeskilling, medelvärde i tkr",Stor-Malmö,1999K2,776,https://www.statistikdatabasen.scb.se/pxweb/sv/ssd/START__BO__BO0501__BO0501B/FastprisFHRegKv/
"Köpeskilling, medelvärde i tkr",Stor-Malmö,1999K3,746,https://www.statistikdatabasen.scb.se/pxweb/sv/ssd/START__BO__BO0501__BO0501B/FastprisFHRegKv/
"Köpeskilling, medelvärde i tkr",Stor-Malmö,1999K4,951,https://www.statistikdatabasen.scb.se/pxweb/sv/ssd/START__BO__BO0501__BO0501B/FastprisFHRegKv/
"Köpeskilling, medelvärde i tkr",Stor-Malmö,2000K1,872,https://www.statistikdatabasen.scb.se/pxweb/sv/ssd/START__BO__BO0501__BO0501B/FastprisFHRegKv/
"Köpeskilling, medelvärde i tkr",Stor-Malmö,2000K2,1081,https://www.statistikdatabasen.scb.se/pxweb/sv/ssd/START__BO__BO0501__BO0501B/FastprisFHRegKv/
"Köpeskilling, medelvärde i tkr",Stor-Malmö,2000K3,1032,https://www.statistikdatabasen.scb.se/pxweb/sv/ssd/START__BO__BO0501__BO0501B/FastprisFHRegKv/
"Köpeskilling, medelvärde i tkr",Stor-Malmö,2000K4,963,https://www.statistikdatabasen.scb.se/pxweb/sv/ssd/START__BO__BO0501__BO0501B/FastprisFHRegKv/
"Köpeskilling, medelvärde i tkr",Stor-Malmö,2001K1,1016,https://www.statistikdatabasen.scb.se/pxweb/sv/ssd/START__BO__BO0501__BO0501B/FastprisFHRegKv/
"Köpeskilling, medelvärde i tkr",Stor-Malmö,2001K2,1066,https://www.statistikdatabasen.scb.se/pxweb/sv/ssd/START__BO__BO0501__BO0501B/FastprisFHRegKv/
"Köpeskilling, medelvärde i tkr",Stor-Malmö,2001K3,973,https://www.statistikdatabasen.scb.se/pxweb/sv/ssd/START__BO__BO0501__BO0501B/FastprisFHRegKv/
"Köpeskilling, medelvärde i tkr",Stor-Malmö,2001K4,910,https://www.statistikdatabasen.scb.se/pxweb/sv/ssd/START__BO__BO0501__BO0501B/FastprisFHRegKv/
"Köpeskilling, medelvärde i tkr",Stor-Malmö,2002K1,1054,https://www.statistikdatabasen.scb.se/pxweb/sv/ssd/START__BO__BO0501__BO0501B/FastprisFHRegKv/
"Köpeskilling, medelvärde i tkr",Stor-Malmö,2002K2,1047,https://www.statistikdatabasen.scb.se/pxweb/sv/ssd/START__BO__BO0501__BO0501B/FastprisFHRegKv/
"Köpeskilling, medelvärde i tkr",Stor-Malmö,2002K3,1119,https://www.statistikdatabasen.scb.se/pxweb/sv/ssd/START__BO__BO0501__BO0501B/FastprisFHRegKv/
"Köpeskilling, medelvärde i tkr",Stor-Malmö,2002K4,1319,https://www.statistikdatabasen.scb.se/pxweb/sv/ssd/START__BO__BO0501__BO0501B/FastprisFHRegKv/
"Köpeskilling, medelvärde i tkr",Stor-Malmö,2003K1,1239,https://www.statistikdatabasen.scb.se/pxweb/sv/ssd/START__BO__BO0501__BO0501B/FastprisFHRegKv/
"Köpeskilling, medelvärde i tkr",Stor-Malmö,2003K2,1066,https://www.statistikdatabasen.scb.se/pxweb/sv/ssd/START__BO__BO0501__BO0501B/FastprisFHRegKv/
"Köpeskilling, medelvärde i tkr",Stor-Malmö,2003K3,1384,https://www.statistikdatabasen.scb.se/pxweb/sv/ssd/START__BO__BO0501__BO0501B/FastprisFHRegKv/
"Köpeskilling, medelvärde i tkr",Stor-Malmö,2003K4,1493,https://www.statistikdatabasen.scb.se/pxweb/sv/ssd/START__BO__BO0501__BO0501B/FastprisFHRegKv/
"Köpeskilling, medelvärde i tkr",Stor-Malmö,2004K1,1703,https://www.statistikdatabasen.scb.se/pxweb/sv/ssd/START__BO__BO0501__BO0501B/FastprisFHRegKv/
"Köpeskilling, medelvärde i tkr",Stor-Malmö,2004K2,1428,https://www.statistikdatabasen.scb.se/pxweb/sv/ssd/START__BO__BO0501__BO0501B/FastprisFHRegKv/
"Köpeskilling, medelvärde i tkr",Stor-Malmö,2004K3,1448,https://www.statistikdatabasen.scb.se/pxweb/sv/ssd/START__BO__BO0501__BO0501B/FastprisFHRegKv/
"Köpeskilling, medelvärde i tkr",Stor-Malmö,2004K4,1981,https://www.statistikdatabasen.scb.se/pxweb/sv/ssd/START__BO__BO0501__BO0501B/FastprisFHRegKv/
"Köpeskilling, medelvärde i tkr",Stor-Malmö,2005K1,1117,https://www.statistikdatabasen.scb.se/pxweb/sv/ssd/START__BO__BO0501__BO0501B/FastprisFHRegKv/
"Köpeskilling, medelvärde i tkr",Stor-Malmö,2005K2,1179,https://www.statistikdatabasen.scb.se/pxweb/sv/ssd/START__BO__BO0501__BO0501B/FastprisFHRegKv/
"Köpeskilling, medelvärde i tkr",Stor-Malmö,2005K3,1249,https://www.statistikdatabasen.scb.se/pxweb/sv/ssd/START__BO__BO0501__BO0501B/FastprisFHRegKv/
"Köpeskilling, medelvärde i tkr",Stor-Malmö,2005K4,1428,https://www.statistikdatabasen.scb.se/pxweb/sv/ssd/START__BO__BO0501__BO0501B/FastprisFHRegKv/
"Köpeskilling, medelvärde i tkr",Stor-Malmö,2006K1,1587,https://www.statistikdatabasen.scb.se/pxweb/sv/ssd/START__BO__BO0501__BO0501B/FastprisFHRegKv/
"Köpeskilling, medelvärde i tkr",Stor-Malmö,2006K2,1574,https://www.statistikdatabasen.scb.se/pxweb/sv/ssd/START__BO__BO0501__BO0501B/FastprisFHRegKv/
"Köpeskilling, medelvärde i tkr",Stor-Malmö,2006K3,1488,https://www.statistikdatabasen.scb.se/pxweb/sv/ssd/START__BO__BO0501__BO0501B/FastprisFHRegKv/
"Köpeskilling, medelvärde i tkr",Stor-Malmö,2006K4,1470,https://www.statistikdatabasen.scb.se/pxweb/sv/ssd/START__BO__BO0501__BO0501B/FastprisFHRegKv/
"Köpeskilling, medelvärde i tkr",Stor-Malmö,2007K1,1459,https://www.statistikdatabasen.scb.se/pxweb/sv/ssd/START__BO__BO0501__BO0501B/FastprisFHRegKv/
"Köpeskilling, medelvärde i tkr",Stor-Malmö,2007K2,1674,https://www.statistikdatabasen.scb.se/pxweb/sv/ssd/START__BO__BO0501__BO0501B/FastprisFHRegKv/
"Köpeskilling, medelvärde i tkr",Stor-Malmö,2007K3,1762,https://www.statistikdatabasen.scb.se/pxweb/sv/ssd/START__BO__BO0501__BO0501B/FastprisFHRegKv/
"Köpeskilling, medelvärde i tkr",Stor-Malmö,2007K4,1844,https://www.statistikdatabasen.scb.se/pxweb/sv/ssd/START__BO__BO0501__BO0501B/FastprisFHRegKv/
"Köpeskilling, medelvärde i tkr",Stor-Malmö,2008K1,1998,https://www.statistikdatabasen.scb.se/pxweb/sv/ssd/START__BO__BO0501__BO0501B/FastprisFHRegKv/
"Köpeskilling, medelvärde i tkr",Stor-Malmö,2008K2,1823,https://www.statistikdatabasen.scb.se/pxweb/sv/ssd/START__BO__BO0501__BO0501B/FastprisFHRegKv/
"Köpeskilling, medelvärde i tkr",Stor-Malmö,2008K3,1843,https://www.statistikdatabasen.scb.se/pxweb/sv/ssd/START__BO__BO0501__BO0501B/FastprisFHRegKv/
"Köpeskilling, medelvärde i tkr",Stor-Malmö,2008K4,1963,https://www.statistikdatabasen.scb.se/pxweb/sv/ssd/START__BO__BO0501__BO0501B/FastprisFHRegKv/
"Köpeskilling, medelvärde i tkr",Stor-Malmö,2009K1,1794,https://www.statistikdatabasen.scb.se/pxweb/sv/ssd/START__BO__BO0501__BO0501B/FastprisFHRegKv/
"Köpeskilling, medelvärde i tkr",Stor-Malmö,2009K2,2012,https://www.statistikdatabasen.scb.se/pxweb/sv/ssd/START__BO__BO0501__BO0501B/FastprisFHRegKv/
"Köpeskilling, medelvärde i tkr",Stor-Malmö,2009K3,1669,https://www.statistikdatabasen.scb.se/pxweb/sv/ssd/START__BO__BO0501__BO0501B/FastprisFHRegKv/
"Köpeskilling, medelvärde i tkr",Stor-Malmö,2009K4,2082,https://www.statistikdatabasen.scb.se/pxweb/sv/ssd/START__BO__BO0501__BO0501B/FastprisFHRegKv/
"Köpeskilling, medelvärde i tkr",Stor-Malmö,2010K1,1916,https://www.statistikdatabasen.scb.se/pxweb/sv/ssd/START__BO__BO0501__BO0501B/FastprisFHRegKv/
"Köpeskilling, medelvärde i tkr",Stor-Malmö,2010K2,1756,https://www.statistikdatabasen.scb.se/pxweb/sv/ssd/START__BO__BO0501__BO0501B/FastprisFHRegKv/
"Köpeskilling, medelvärde i tkr",Stor-Malmö,2010K3,1827,https://www.statistikdatabasen.scb.se/pxweb/sv/ssd/START__BO__BO0501__BO0501B/FastprisFHRegKv/
"Köpeskilling, medelvärde i tkr",Stor-Malmö,2010K4,2086,https://www.statistikdatabasen.scb.se/pxweb/sv/ssd/START__BO__BO0501__BO0501B/FastprisFHRegKv/
"Köpeskilling, medelvärde i tkr",Stor-Malmö,2011K1,2049,https://www.statistikdatabasen.scb.se/pxweb/sv/ssd/START__BO__BO0501__BO0501B/FastprisFHRegKv/
"Köpeskilling, medelvärde i tkr",Stor-Malmö,2011K2,2449,https://www.statistikdatabasen.scb.se/pxweb/sv/ssd/START__BO__BO0501__BO0501B/FastprisFHRegKv/
"Köpeskilling, medelvärde i tkr",Stor-Malmö,2011K3,1826,https://www.statistikdatabasen.scb.se/pxweb/sv/ssd/START__BO__BO0501__BO0501B/FastprisFHRegKv/
"Köpeskilling, medelvärde i tkr",Stor-Malmö,2011K4,1998,https://www.statistikdatabasen.scb.se/pxweb/sv/ssd/START__BO__BO0501__BO0501B/FastprisFHRegKv/
"Köpeskilling, medelvärde i tkr",Stor-Malmö,2012K1,1919,https://www.statistikdatabasen.scb.se/pxweb/sv/ssd/START__BO__BO0501__BO0501B/FastprisFHRegKv/
"Köpeskilling, medelvärde i tkr",Stor-Malmö,2012K2,1901,https://www.statistikdatabasen.scb.se/pxweb/sv/ssd/START__BO__BO0501__BO0501B/FastprisFHRegKv/
"Köpeskilling, medelvärde i tkr",Stor-Malmö,2012K3,1894,https://www.statistikdatabasen.scb.se/pxweb/sv/ssd/START__BO__BO0501__BO0501B/FastprisFHRegKv/
"Köpeskilling, medelvärde i tkr",Stor-Malmö,2012K4,1989,https://www.statistikdatabasen.scb.se/pxweb/sv/ssd/START__BO__BO0501__BO0501B/FastprisFHRegKv/
"Köpeskilling, medelvärde i tkr",Stor-Malmö,2013K1,2207,https://www.statistikdatabasen.scb.se/pxweb/sv/ssd/START__BO__BO0501__BO0501B/FastprisFHRegKv/
"Köpeskilling, medelvärde i tkr",Stor-Malmö,2013K2,1540,https://www.statistikdatabasen.scb.se/pxweb/sv/ssd/START__BO__BO0501__BO0501B/FastprisFHRegKv/
"Köpeskilling, medelvärde i tkr",Stor-Malmö,2013K3,2194,https://www.statistikdatabasen.scb.se/pxweb/sv/ssd/START__BO__BO0501__BO0501B/FastprisFHRegKv/
"Köpeskilling, medelvärde i tkr",Stor-Malmö,2013K4,2283,https://www.statistikdatabasen.scb.se/pxweb/sv/ssd/START__BO__BO0501__BO0501B/FastprisFHRegKv/
"Köpeskilling, medelvärde i tkr",Stor-Malmö,2014K1,2224,https://www.statistikdatabasen.scb.se/pxweb/sv/ssd/START__BO__BO0501__BO0501B/FastprisFHRegKv/
"Köpeskilling, medelvärde i tkr",Stor-Malmö,2014K2,2237,https://www.statistikdatabasen.scb.se/pxweb/sv/ssd/START__BO__BO0501__BO0501B/FastprisFHRegKv/
"Köpeskilling, medelvärde i tkr",Stor-Malmö,2014K3,1870,https://www.statistikdatabasen.scb.se/pxweb/sv/ssd/START__BO__BO0501__BO0501B/FastprisFHRegKv/
"Köpeskilling, medelvärde i tkr",Stor-Malmö,2014K4,2652,https://www.statistikdatabasen.scb.se/pxweb/sv/ssd/START__BO__BO0501__BO0501B/FastprisFHRegKv/
"Köpeskilling, medelvärde i tkr",Stor-Malmö,2015K1,3181,https://www.statistikdatabasen.scb.se/pxweb/sv/ssd/START__BO__BO0501__BO0501B/FastprisFHRegKv/
"Köpeskilling, medelvärde i tkr",Stor-Malmö,2015K2,2235,https://www.statistikdatabasen.scb.se/pxweb/sv/ssd/START__BO__BO0501__BO0501B/FastprisFHRegKv/
"Köpeskilling, medelvärde i tkr",Stor-Malmö,2015K3,2300,https://www.statistikdatabasen.scb.se/pxweb/sv/ssd/START__BO__BO0501__BO0501B/FastprisFHRegKv/
"Köpeskilling, medelvärde i tkr",Stor-Malmö,2015K4,2754,https://www.statistikdatabasen.scb.se/pxweb/sv/ssd/START__BO__BO0501__BO0501B/FastprisFHRegKv/
"Köpeskilling, medelvärde i tkr",Stor-Malmö,2016K1,3109,https://www.statistikdatabasen.scb.se/pxweb/sv/ssd/START__BO__BO0501__BO0501B/FastprisFHRegKv/
"Köpeskilling, medelvärde i tkr",Stor-Malmö,2016K2,2260,https://www.statistikdatabasen.scb.se/pxweb/sv/ssd/START__BO__BO0501__BO0501B/FastprisFHRegKv/
"Köpeskilling, medelvärde i tkr",Stor-Malmö,2016K3,2897,https://www.statistikdatabasen.scb.se/pxweb/sv/ssd/START__BO__BO0501__BO0501B/FastprisFHRegKv/
"Köpeskilling, medelvärde i tkr",Stor-Malmö,2016K4,2954,https://www.statistikdatabasen.scb.se/pxweb/sv/ssd/START__BO__BO0501__BO0501B/FastprisFHRegKv/
"Köpeskilling, medelvärde i tkr",Stor-Malmö,2017K1,3186,https://www.statistikdatabasen.scb.se/pxweb/sv/ssd/START__BO__BO0501__BO0501B/FastprisFHRegKv/
"Köpeskilling, medelvärde i tkr",Stor-Malmö,2017K2,2966,https://www.statistikdatabasen.scb.se/pxweb/sv/ssd/START__BO__BO0501__BO0501B/FastprisFHRegKv/
"Köpeskilling, medelvärde i tkr",Stor-Malmö,2017K3,2901,https://www.statistikdatabasen.scb.se/pxweb/sv/ssd/START__BO__BO0501__BO0501B/FastprisFHRegKv/
"Köpeskilling, medelvärde i tkr",Stor-Malmö,2017K4,3591,https://www.statistikdatabasen.scb.se/pxweb/sv/ssd/START__BO__BO0501__BO0501B/FastprisFHRegKv/
"Köpeskilling, medelvärde i tkr",Stor-Malmö,2018K1,3225,https://www.statistikdatabasen.scb.se/pxweb/sv/ssd/START__BO__BO0501__BO0501B/FastprisFHRegKv/
"Köpeskilling, medelvärde i tkr",Stor-Malmö,2018K2,2685,https://www.statistikdatabasen.scb.se/pxweb/sv/ssd/START__BO__BO0501__BO0501B/FastprisFHRegKv/
"Köpeskilling, medelvärde i tkr",Stor-Malmö,2018K3,2782,https://www.statistikdatabasen.scb.se/pxweb/sv/ssd/START__BO__BO0501__BO0501B/FastprisFHRegKv/
"Köpeskilling, medelvärde i tkr",Stor-Malmö,2018K4,3200,https://www.statistikdatabasen.scb.se/pxweb/sv/ssd/START__BO__BO0501__BO0501B/FastprisFHRegKv/
"Köpeskilling, medelvärde i tkr",Stor-Malmö,2019K1,3274,https://www.statistikdatabasen.scb.se/pxweb/sv/ssd/START__BO__BO0501__BO0501B/FastprisFHRegKv/
"Köpeskilling, medelvärde i tkr",Stor-Malmö,2019K2,2939,https://www.statistikdatabasen.scb.se/pxweb/sv/ssd/START__BO__BO0501__BO0501B/FastprisFHRegKv/
"Köpeskilling, medelvärde i tkr",Stor-Malmö,2019K3,3130,https://www.statistikdatabasen.scb.se/pxweb/sv/ssd/START__BO__BO0501__BO0501B/FastprisFHRegKv/
"Köpeskilling, medelvärde i tkr",Stor-Malmö,2019K4,3141,https://www.statistikdatabasen.scb.se/pxweb/sv/ssd/START__BO__BO0501__BO0501B/FastprisFHRegKv/
"Köpeskilling, medelvärde i tkr",Stor-Malmö,2020K1,3013,https://www.statistikdatabasen.scb.se/pxweb/sv/ssd/START__BO__BO0501__BO0501B/FastprisFHRegKv/
"Köpeskilling, medelvärde i tkr",Stor-Malmö,2020K2,3508,https://www.statistikdatabasen.scb.se/pxweb/sv/ssd/START__BO__BO0501__BO0501B/FastprisFHRegKv/
"Köpeskilling, medelvärde i tkr",Stor-Malmö,2020K3,3501,https://www.statistikdatabasen.scb.se/pxweb/sv/ssd/START__BO__BO0501__BO0501B/FastprisFHRegKv/
"Köpeskilling, medelvärde i tkr",Stor-Malmö,2020K4,4590,https://www.statistikdatabasen.scb.se/pxweb/sv/ssd/START__BO__BO0501__BO0501B/FastprisFHRegKv/
"Köpeskilling, medelvärde i tkr",Stor-Malmö,2021K1,3925,https://www.statistikdatabasen.scb.se/pxweb/sv/ssd/START__BO__BO0501__BO0501B/FastprisFHRegKv/
"Köpeskilling, medelvärde i tkr",Stor-Malmö,2021K2,3979,https://www.statistikdatabasen.scb.se/pxweb/sv/ssd/START__BO__BO0501__BO0501B/FastprisFHRegKv/
"Köpeskilling, medelvärde i tkr",Stor-Malmö,2021K3,4699,https://www.statistikdatabasen.scb.se/pxweb/sv/ssd/START__BO__BO0501__BO0501B/FastprisFHRegKv/
"Köpeskilling, medelvärde i tkr",Stor-Malmö,2021K4,4813,https://www.statistikdatabasen.scb.se/pxweb/sv/ssd/START__BO__BO0501__BO0501B/FastprisFHRegKv/
"Köpeskilling, medelvärde i tkr",Stor-Malmö,2022K1,4298,https://www.statistikdatabasen.scb.se/pxweb/sv/ssd/START__BO__BO0501__BO0501B/FastprisFHRegKv/
"Köpeskilling, medelvärde i tkr",Stor-Malmö,2022K2,4110,https://www.statistikdatabasen.scb.se/pxweb/sv/ssd/START__BO__BO0501__BO0501B/FastprisFHRegKv/
"Köpeskilling, medelvärde i tkr",Stor-Malmö,2022K3,4310,https://www.statistikdatabasen.scb.se/pxweb/sv/ssd/START__BO__BO0501__BO0501B/FastprisFHRegKv/
"Köpeskilling, medelvärde i tkr",Stor-Malmö,2022K4,4447,https://www.statistikdatabasen.scb.se/pxweb/sv/ssd/START__BO__BO0501__BO0501B/FastprisFHRegKv/
"Köpeskilling, medelvärde i tkr",Stor-Malmö,2023K1,4062,https://www.statistikdatabasen.scb.se/pxweb/sv/ssd/START__BO__BO0501__BO0501B/FastprisFHRegKv/
"Köpeskilling, medelvärde i tkr",Stor-Malmö,2023K2,3525,https://www.statistikdatabasen.scb.se/pxweb/sv/ssd/START__BO__BO0501__BO0501B/FastprisFHRegKv/
"Köpeskilling, medelvärde i tkr",Stor-Malmö,2023K3,4979,https://www.statistikdatabasen.scb.se/pxweb/sv/ssd/START__BO__BO0501__BO0501B/FastprisFHRegKv/
"Köpeskilling, medelvärde i tkr",Stor-Malmö,2023K4,4241,https://www.statistikdatabasen.scb.se/pxweb/sv/ssd/START__BO__BO0501__BO0501B/FastprisFHRegKv/
"Köpeskilling, medelvärde i tkr",Stor-Malmö,2024K1,4810,https://www.statistikdatabasen.scb.se/pxweb/sv/ssd/START__BO__BO0501__BO0501B/FastprisFHRegKv/
"Köpeskilling, medelvärde i tkr",Stor-Malmö,2024K2,4318,https://www.statistikdatabasen.scb.se/pxweb/sv/ssd/START__BO__BO0501__BO0501B/FastprisFHRegKv/
"Köpeskilling, medelvärde i tkr",Stor-Malmö,2024K3,4088,https://www.statistikdatabasen.scb.se/pxweb/sv/ssd/START__BO__BO0501__BO0501B/FastprisFHRegKv/
"Köpeskilling, medelvärde i tkr",Stor-Malmö,2024K4,4103,https://www.statistikdatabasen.scb.se/pxweb/sv/ssd/START__BO__BO0501__BO0501B/FastprisFHRegKv/
"Köpeskilling, medelvärde i tkr",Stor-Malmö,2025K1,4393,https://www.statistikdatabasen.scb.se/pxweb/sv/ssd/START__BO__BO0501__BO0501B/FastprisFHRegKv/
"Köpeskilling, medelvärde i tkr",Stor-Malmö,2025K2,4314,https://www.statistikdatabasen.scb.se/pxweb/sv/ssd/START__BO__BO0501__BO0501B/FastprisFHRegKv/
"Köpeskilling, medelvärde i tkr",Stor-Malmö,2025K3,4209,https://www.statistikdatabasen.scb.se/pxweb/sv/ssd/START__BO__BO0501__BO0501B/FastprisFHRegKv/
"Köpeskilling, medelvärde i tkr",Stor-Malmö,2025K4,4523,https://www.statistikdatabasen.scb.se/pxweb/sv/ssd/START__BO__BO0501__BO0501B/FastprisFHRegKv/
"Köpeskilling, medelvärde i tkr",Stor-Malmö,2026K1,5197,https://www.statistikdatabasen.scb.se/pxweb/sv/ssd/START__BO__BO0501__BO0501B/FastprisFHRegKv/
"Köpeskilling, medelvärde i tkr",Stor-Malmö,2026K2,4696,https://www.statistikdatabasen.scb.se/pxweb/sv/ssd/START__BO__BO0501__BO0501B/FastprisFHRegKv/
"Bas-/taxeringsvärde, medelvärde i tkr",Stor-Malmö,1998K1,468,https://www.statistikdatabasen.scb.se/pxweb/sv/ssd/START__BO__BO0501__BO0501B/FastprisFHRegKv/
"Bas-/taxeringsvärde, medelvärde i tkr",Stor-Malmö,1998K2,337,https://www.statistikdatabasen.scb.se/pxweb/sv/ssd/START__BO__BO0501__BO0501B/FastprisFHRegKv/
"Bas-/taxeringsvärde, medelvärde i tkr",Stor-Malmö,1998K3,328,https://www.statistikdatabasen.scb.se/pxweb/sv/ssd/START__BO__BO0501__BO0501B/FastprisFHRegKv/
"Bas-/taxeringsvärde, medelvärde i tkr",Stor-Malmö,1998K4,381,https://www.statistikdatabasen.scb.se/pxweb/sv/ssd/START__BO__BO0501__BO0501B/FastprisFHRegKv/
"Bas-/taxeringsvärde, medelvärde i tkr",Stor-Malmö,1999K1,354,https://www.statistikdatabasen.scb.se/pxweb/sv/ssd/START__BO__BO0501__BO0501B/FastprisFHRegKv/
"Bas-/taxeringsvärde, medelvärde i tkr",Stor-Malmö,1999K2,344,https://www.statistikdatabasen.scb.se/pxweb/sv/ssd/START__BO__BO0501__BO0501B/FastprisFHRegKv/
"Bas-/taxeringsvärde, medelvärde i tkr",Stor-Malmö,1999K3,350,https://www.statistikdatabasen.scb.se/pxweb/sv/ssd/START__BO__BO0501__BO0501B/FastprisFHRegKv/
"Bas-/taxeringsvärde, medelvärde i tkr",Stor-Malmö,1999K4,426,https://www.statistikdatabasen.scb.se/pxweb/sv/ssd/START__BO__BO0501__BO0501B/FastprisFHRegKv/
"Bas-/taxeringsvärde, medelvärde i tkr",Stor-Malmö,2000K1,358,https://www.statistikdatabasen.scb.se/pxweb/sv/ssd/START__BO__BO0501__BO0501B/FastprisFHRegKv/
"Bas-/taxeringsvärde, medelvärde i tkr",Stor-Malmö,2000K2,394,https://www.statistikdatabasen.scb.se/pxweb/sv/ssd/START__BO__BO0501__BO0501B/FastprisFHRegKv/
"Bas-/taxeringsvärde, medelvärde i tkr",Stor-Malmö,2000K3,361,https://www.statistikdatabasen.scb.se/pxweb/sv/ssd/START__BO__BO0501__BO0501B/FastprisFHRegKv/
"Bas-/taxeringsvärde, medelvärde i tkr",Stor-Malmö,2000K4,366,https://www.statistikdatabasen.scb.se/pxweb/sv/ssd/START__BO__BO0501__BO0501B/FastprisFHRegKv/
"Bas-/taxeringsvärde, medelvärde i tkr",Stor-Malmö,2001K1,349,https://www.statistikdatabasen.scb.se/pxweb/sv/ssd/START__BO__BO0501__BO0501B/FastprisFHRegKv/
"Bas-/taxeringsvärde, medelvärde i tkr",Stor-Malmö,2001K2,363,https://www.statistikdatabasen.scb.se/pxweb/sv/ssd/START__BO__BO0501__BO0501B/FastprisFHRegKv/
"Bas-/taxeringsvärde, medelvärde i tkr",Stor-Malmö,2001K3,322,https://www.statistikdatabasen.scb.se/pxweb/sv/ssd/START__BO__BO0501__BO0501B/FastprisFHRegKv/
"Bas-/taxeringsvärde, medelvärde i tkr",Stor-Malmö,2001K4,325,https://www.statistikdatabasen.scb.se/pxweb/sv/ssd/START__BO__BO0501__BO0501B/FastprisFHRegKv/
"Bas-/taxeringsvärde, medelvärde i tkr",Stor-Malmö,2002K1,345,https://www.statistikdatabasen.scb.se/pxweb/sv/ssd/START__BO__BO0501__BO0501B/FastprisFHRegKv/
"Bas-/taxeringsvärde, medelvärde i tkr",Stor-Malmö,2002K2,348,https://www.statistikdatabasen.scb.se/pxweb/sv/ssd/START__BO__BO0501__BO0501B/FastprisFHRegKv/
"Bas-/taxeringsvärde, medelvärde i tkr",Stor-Malmö,2002K3,334,https://www.statistikdatabasen.scb.se/pxweb/sv/ssd/START__BO__BO0501__BO0501B/FastprisFHRegKv/
"Bas-/taxeringsvärde, medelvärde i tkr",Stor-Malmö,2002K4,384,https://www.statistikdatabasen.scb.se/pxweb/sv/ssd/START__BO__BO0501__BO0501B/FastprisFHRegKv/
"Bas-/taxeringsvärde, medelvärde i tkr",Stor-Malmö,2003K1,795,https://www.statistikdatabasen.scb.se/pxweb/sv/ssd/START__BO__BO0501__BO0501B/FastprisFHRegKv/
"Bas-/taxeringsvärde, medelvärde i tkr",Stor-Malmö,2003K2,621,https://www.statistikdatabasen.scb.se/pxweb/sv/ssd/START__BO__BO0501__BO0501B/FastprisFHRegKv/
"Bas-/taxeringsvärde, medelvärde i tkr",Stor-Malmö,2003K3,744,https://www.statistikdatabasen.scb.se/pxweb/sv/ssd/START__BO__BO0501__BO0501B/FastprisFHRegKv/
"Bas-/taxeringsvärde, medelvärde i tkr",Stor-Malmö,2003K4,777,https://www.statistikdatabasen.scb.se/pxweb/sv/ssd/START__BO__BO0501__BO0501B/FastprisFHRegKv/
"Bas-/taxeringsvärde, medelvärde i tkr",Stor-Malmö,2004K1,871,https://www.statistikdatabasen.scb.se/pxweb/sv/ssd/START__BO__BO0501__BO0501B/FastprisFHRegKv/
"Bas-/taxeringsvärde, medelvärde i tkr",Stor-Malmö,2004K2,674,https://www.statistikdatabasen.scb.se/pxweb/sv/ssd/START__BO__BO0501__BO0501B/FastprisFHRegKv/
"Bas-/taxeringsvärde, medelvärde i tkr",Stor-Malmö,2004K3,647,https://www.statistikdatabasen.scb.se/pxweb/sv/ssd/START__BO__BO0501__BO0501B/FastprisFHRegKv/
"Bas-/taxeringsvärde, medelvärde i tkr",Stor-Malmö,2004K4,868,https://www.statistikdatabasen.scb.se/pxweb/sv/ssd/START__BO__BO0501__BO0501B/FastprisFHRegKv/
"Bas-/taxeringsvärde, medelvärde i tkr",Stor-Malmö,2005K1,513,https://www.statistikdatabasen.scb.se/pxweb/sv/ssd/START__BO__BO0501__BO0501B/FastprisFHRegKv/
"Bas-/taxeringsvärde, medelvärde i tkr",Stor-Malmö,2005K2,478,https://www.statistikdatabasen.scb.se/pxweb/sv/ssd/START__BO__BO0501__BO0501B/FastprisFHRegKv/
"Bas-/taxeringsvärde, medelvärde i tkr",Stor-Malmö,2005K3,523,https://www.statistikdatabasen.scb.se/pxweb/sv/ssd/START__BO__BO0501__BO0501B/FastprisFHRegKv/
"Bas-/taxeringsvärde, medelvärde i tkr",Stor-Malmö,2005K4,607,https://www.statistikdatabasen.scb.se/pxweb/sv/ssd/START__BO__BO0501__BO0501B/FastprisFHRegKv/
"Bas-/taxeringsvärde, medelvärde i tkr",Stor-Malmö,2006K1,908,https://www.statistikdatabasen.scb.se/pxweb/sv/ssd/START__BO__BO0501__BO0501B/FastprisFHRegKv/
"Bas-/taxeringsvärde, medelvärde i tkr",Stor-Malmö,2006K2,783,https://www.statistikdatabasen.scb.se/pxweb/sv/ssd/START__BO__BO0501__BO0501B/FastprisFHRegKv/
"Bas-/taxeringsvärde, medelvärde i tkr",Stor-Malmö,2006K3,728,https://www.statistikdatabasen.scb.se/pxweb/sv/ssd/START__BO__BO0501__BO0501B/FastprisFHRegKv/
"Bas-/taxeringsvärde, medelvärde i tkr",Stor-Malmö,2006K4,702,https://www.statistikdatabasen.scb.se/pxweb/sv/ssd/START__BO__BO0501__BO0501B/FastprisFHRegKv/
"Bas-/taxeringsvärde, medelvärde i tkr",Stor-Malmö,2007K1,686,https://www.statistikdatabasen.scb.se/pxweb/sv/ssd/START__BO__BO0501__BO0501B/FastprisFHRegKv/
"Bas-/taxeringsvärde, medelvärde i tkr",Stor-Malmö,2007K2,705,https://www.statistikdatabasen.scb.se/pxweb/sv/ssd/START__BO__BO0501__BO0501B/FastprisFHRegKv/
"Bas-/taxeringsvärde, medelvärde i tkr",Stor-Malmö,2007K3,785,https://www.statistikdatabasen.scb.se/pxweb/sv/ssd/START__BO__BO0501__BO0501B/FastprisFHRegKv/
"Bas-/taxeringsvärde, medelvärde i tkr",Stor-Malmö,2007K4,804,https://www.statistikdatabasen.scb.se/pxweb/sv/ssd/START__BO__BO0501__BO0501B/FastprisFHRegKv/
"Bas-/taxeringsvärde, medelvärde i tkr",Stor-Malmö,2008K1,793,https://www.statistikdatabasen.scb.se/pxweb/sv/ssd/START__BO__BO0501__BO0501B/FastprisFHRegKv/
"Bas-/taxeringsvärde, medelvärde i tkr",Stor-Malmö,2008K2,808,https://www.statistikdatabasen.scb.se/pxweb/sv/ssd/START__BO__BO0501__BO0501B/FastprisFHRegKv/
"Bas-/taxeringsvärde, medelvärde i tkr",Stor-Malmö,2008K3,793,https://www.statistikdatabasen.scb.se/pxweb/sv/ssd/START__BO__BO0501__BO0501B/FastprisFHRegKv/
"Bas-/taxeringsvärde, medelvärde i tkr",Stor-Malmö,2008K4,777,https://www.statistikdatabasen.scb.se/pxweb/sv/ssd/START__BO__BO0501__BO0501B/FastprisFHRegKv/
"Bas-/taxeringsvärde, medelvärde i tkr",Stor-Malmö,2009K1,1353,https://www.statistikdatabasen.scb.se/pxweb/sv/ssd/START__BO__BO0501__BO0501B/FastprisFHRegKv/
"Bas-/taxeringsvärde, medelvärde i tkr",Stor-Malmö,2009K2,1434,https://www.statistikdatabasen.scb.se/pxweb/sv/ssd/START__BO__BO0501__BO0501B/FastprisFHRegKv/
"Bas-/taxeringsvärde, medelvärde i tkr",Stor-Malmö,2009K3,1150,https://www.statistikdatabasen.scb.se/pxweb/sv/ssd/START__BO__BO0501__BO0501B/FastprisFHRegKv/
"Bas-/taxeringsvärde, medelvärde i tkr",Stor-Malmö,2009K4,1478,https://www.statistikdatabasen.scb.se/pxweb/sv/ssd/START__BO__BO0501__BO0501B/FastprisFHRegKv/
"Bas-/taxeringsvärde, medelvärde i tkr",Stor-Malmö,2010K1,1199,https://www.statistikdatabasen.scb.se/pxweb/sv/ssd/START__BO__BO0501__BO0501B/FastprisFHRegKv/
"Bas-/taxeringsvärde, medelvärde i tkr",Stor-Malmö,2010K2,1186,https://www.statistikdatabasen.scb.se/pxweb/sv/ssd/START__BO__BO0501__BO0501B/FastprisFHRegKv/
"Bas-/taxeringsvärde, medelvärde i tkr",Stor-Malmö,2010K3,1283,https://www.statistikdatabasen.scb.se/pxweb/sv/ssd/START__BO__BO0501__BO0501B/FastprisFHRegKv/
"Bas-/taxeringsvärde, medelvärde i tkr",Stor-Malmö,2010K4,1340,https://www.statistikdatabasen.scb.se/pxweb/sv/ssd/START__BO__BO0501__BO0501B/FastprisFHRegKv/
"Bas-/taxeringsvärde, medelvärde i tkr",Stor-Malmö,2011K1,1239,https://www.statistikdatabasen.scb.se/pxweb/sv/ssd/START__BO__BO0501__BO0501B/FastprisFHRegKv/
"Bas-/taxeringsvärde, medelvärde i tkr",Stor-Malmö,2011K2,1583,https://www.statistikdatabasen.scb.se/pxweb/sv/ssd/START__BO__BO0501__BO0501B/FastprisFHRegKv/
"Bas-/taxeringsvärde, medelvärde i tkr",Stor-Malmö,2011K3,1280,https://www.statistikdatabasen.scb.se/pxweb/sv/ssd/START__BO__BO0501__BO0501B/FastprisFHRegKv/
"Bas-/taxeringsvärde, medelvärde i tkr",Stor-Malmö,2011K4,1305,https://www.statistikdatabasen.scb.se/pxweb/sv/ssd/START__BO__BO0501__BO0501B/FastprisFHRegKv/
"Bas-/taxeringsvärde, medelvärde i tkr",Stor-Malmö,2012K1,1349,https://www.statistikdatabasen.scb.se/pxweb/sv/ssd/START__BO__BO0501__BO0501B/FastprisFHRegKv/
"Bas-/taxeringsvärde, medelvärde i tkr",Stor-Malmö,2012K2,1435,https://www.statistikdatabasen.scb.se/pxweb/sv/ssd/START__BO__BO0501__BO0501B/FastprisFHRegKv/
"Bas-/taxeringsvärde, medelvärde i tkr",Stor-Malmö,2012K3,1361,https://www.statistikdatabasen.scb.se/pxweb/sv/ssd/START__BO__BO0501__BO0501B/FastprisFHRegKv/
"Bas-/taxeringsvärde, medelvärde i tkr",Stor-Malmö,2012K4,1453,https://www.statistikdatabasen.scb.se/pxweb/sv/ssd/START__BO__BO0501__BO0501B/FastprisFHRegKv/
"Bas-/taxeringsvärde, medelvärde i tkr",Stor-Malmö,2013K1,1756,https://www.statistikdatabasen.scb.se/pxweb/sv/ssd/START__BO__BO0501__BO0501B/FastprisFHRegKv/
"Bas-/taxeringsvärde, medelvärde i tkr",Stor-Malmö,2013K2,1137,https://www.statistikdatabasen.scb.se/pxweb/sv/ssd/START__BO__BO0501__BO0501B/FastprisFHRegKv/
"Bas-/taxeringsvärde, medelvärde i tkr",Stor-Malmö,2013K3,1545,https://www.statistikdatabasen.scb.se/pxweb/sv/ssd/START__BO__BO0501__BO0501B/FastprisFHRegKv/
"Bas-/taxeringsvärde, medelvärde i tkr",Stor-Malmö,2013K4,1512,https://www.statistikdatabasen.scb.se/pxweb/sv/ssd/START__BO__BO0501__BO0501B/FastprisFHRegKv/
"Bas-/taxeringsvärde, medelvärde i tkr",Stor-Malmö,2014K1,1556,https://www.statistikdatabasen.scb.se/pxweb/sv/ssd/START__BO__BO0501__BO0501B/FastprisFHRegKv/
"Bas-/taxeringsvärde, medelvärde i tkr",Stor-Malmö,2014K2,1523,https://www.statistikdatabasen.scb.se/pxweb/sv/ssd/START__BO__BO0501__BO0501B/FastprisFHRegKv/
"Bas-/taxeringsvärde, medelvärde i tkr",Stor-Malmö,2014K3,1300,https://www.statistikdatabasen.scb.se/pxweb/sv/ssd/START__BO__BO0501__BO0501B/FastprisFHRegKv/
"Bas-/taxeringsvärde, medelvärde i tkr",Stor-Malmö,2014K4,1703,https://www.statistikdatabasen.scb.se/pxweb/sv/ssd/START__BO__BO0501__BO0501B/FastprisFHRegKv/
"Bas-/taxeringsvärde, medelvärde i tkr",Stor-Malmö,2015K1,2192,https://www.statistikdatabasen.scb.se/pxweb/sv/ssd/START__BO__BO0501__BO0501B/FastprisFHRegKv/
"Bas-/taxeringsvärde, medelvärde i tkr",Stor-Malmö,2015K2,1482,https://www.statistikdatabasen.scb.se/pxweb/sv/ssd/START__BO__BO0501__BO0501B/FastprisFHRegKv/
"Bas-/taxeringsvärde, medelvärde i tkr",Stor-Malmö,2015K3,1621,https://www.statistikdatabasen.scb.se/pxweb/sv/ssd/START__BO__BO0501__BO0501B/FastprisFHRegKv/
"Bas-/taxeringsvärde, medelvärde i tkr",Stor-Malmö,2015K4,1875,https://www.statistikdatabasen.scb.se/pxweb/sv/ssd/START__BO__BO0501__BO0501B/FastprisFHRegKv/
"Bas-/taxeringsvärde, medelvärde i tkr",Stor-Malmö,2016K1,2069,https://www.statistikdatabasen.scb.se/pxweb/sv/ssd/START__BO__BO0501__BO0501B/FastprisFHRegKv/
"Bas-/taxeringsvärde, medelvärde i tkr",Stor-Malmö,2016K2,1386,https://www.statistikdatabasen.scb.se/pxweb/sv/ssd/START__BO__BO0501__BO0501B/FastprisFHRegKv/
"Bas-/taxeringsvärde, medelvärde i tkr",Stor-Malmö,2016K3,1639,https://www.statistikdatabasen.scb.se/pxweb/sv/ssd/START__BO__BO0501__BO0501B/FastprisFHRegKv/
"Bas-/taxeringsvärde, medelvärde i tkr",Stor-Malmö,2016K4,1801,https://www.statistikdatabasen.scb.se/pxweb/sv/ssd/START__BO__BO0501__BO0501B/FastprisFHRegKv/
"Bas-/taxeringsvärde, medelvärde i tkr",Stor-Malmö,2017K1,1750,https://www.statistikdatabasen.scb.se/pxweb/sv/ssd/START__BO__BO0501__BO0501B/FastprisFHRegKv/
"Bas-/taxeringsvärde, medelvärde i tkr",Stor-Malmö,2017K2,1635,https://www.statistikdatabasen.scb.se/pxweb/sv/ssd/START__BO__BO0501__BO0501B/FastprisFHRegKv/
"Bas-/taxeringsvärde, medelvärde i tkr",Stor-Malmö,2017K3,1475,https://www.statistikdatabasen.scb.se/pxweb/sv/ssd/START__BO__BO0501__BO0501B/FastprisFHRegKv/
"Bas-/taxeringsvärde, medelvärde i tkr",Stor-Malmö,2017K4,1852,https://www.statistikdatabasen.scb.se/pxweb/sv/ssd/START__BO__BO0501__BO0501B/FastprisFHRegKv/
"Bas-/taxeringsvärde, medelvärde i tkr",Stor-Malmö,2018K1,2304,https://www.statistikdatabasen.scb.se/pxweb/sv/ssd/START__BO__BO0501__BO0501B/FastprisFHRegKv/
"Bas-/taxeringsvärde, medelvärde i tkr",Stor-Malmö,2018K2,1781,https://www.statistikdatabasen.scb.se/pxweb/sv/ssd/START__BO__BO0501__BO0501B/FastprisFHRegKv/
"Bas-/taxeringsvärde, medelvärde i tkr",Stor-Malmö,2018K3,1799,https://www.statistikdatabasen.scb.se/pxweb/sv/ssd/START__BO__BO0501__BO0501B/FastprisFHRegKv/
"Bas-/taxeringsvärde, medelvärde i tkr",Stor-Malmö,2018K4,2114,https://www.statistikdatabasen.scb.se/pxweb/sv/ssd/START__BO__BO0501__BO0501B/FastprisFHRegKv/
"Bas-/taxeringsvärde, medelvärde i tkr",Stor-Malmö,2019K1,2101,https://www.statistikdatabasen.scb.se/pxweb/sv/ssd/START__BO__BO0501__BO0501B/FastprisFHRegKv/
"Bas-/taxeringsvärde, medelvärde i tkr",Stor-Malmö,2019K2,1846,https://www.statistikdatabasen.scb.se/pxweb/sv/ssd/START__BO__BO0501__BO0501B/FastprisFHRegKv/
"Bas-/taxeringsvärde, medelvärde i tkr",Stor-Malmö,2019K3,1976,https://www.statistikdatabasen.scb.se/pxweb/sv/ssd/START__BO__BO0501__BO0501B/FastprisFHRegKv/
"Bas-/taxeringsvärde, medelvärde i tkr",Stor-Malmö,2019K4,1870,https://www.statistikdatabasen.scb.se/pxweb/sv/ssd/START__BO__BO0501__BO0501B/FastprisFHRegKv/
"Bas-/taxeringsvärde, medelvärde i tkr",Stor-Malmö,2020K1,1762,https://www.statistikdatabasen.scb.se/pxweb/sv/ssd/START__BO__BO0501__BO0501B/FastprisFHRegKv/
"Bas-/taxeringsvärde, medelvärde i tkr",Stor-Malmö,2020K2,1943,https://www.statistikdatabasen.scb.se/pxweb/sv/ssd/START__BO__BO0501__BO0501B/FastprisFHRegKv/
"Bas-/taxeringsvärde, medelvärde i tkr",Stor-Malmö,2020K3,1837,https://www.statistikdatabasen.scb.se/pxweb/sv/ssd/START__BO__BO0501__BO0501B/FastprisFHRegKv/
"Bas-/taxeringsvärde, medelvärde i tkr",Stor-Malmö,2020K4,2207,https://www.statistikdatabasen.scb.se/pxweb/sv/ssd/START__BO__BO0501__BO0501B/FastprisFHRegKv/
"Bas-/taxeringsvärde, medelvärde i tkr",Stor-Malmö,2021K1,2501,https://www.statistikdatabasen.scb.se/pxweb/sv/ssd/START__BO__BO0501__BO0501B/FastprisFHRegKv/
"Bas-/taxeringsvärde, medelvärde i tkr",Stor-Malmö,2021K2,2416,https://www.statistikdatabasen.scb.se/pxweb/sv/ssd/START__BO__BO0501__BO0501B/FastprisFHRegKv/
"Bas-/taxeringsvärde, medelvärde i tkr",Stor-Malmö,2021K3,2397,https://www.statistikdatabasen.scb.se/pxweb/sv/ssd/START__BO__BO0501__BO0501B/FastprisFHRegKv/
"Bas-/taxeringsvärde, medelvärde i tkr",Stor-Malmö,2021K4,2402,https://www.statistikdatabasen.scb.se/pxweb/sv/ssd/START__BO__BO0501__BO0501B/FastprisFHRegKv/
"Bas-/taxeringsvärde, medelvärde i tkr",Stor-Malmö,2022K1,2349,https://www.statistikdatabasen.scb.se/pxweb/sv/ssd/START__BO__BO0501__BO0501B/FastprisFHRegKv/
"Bas-/taxeringsvärde, medelvärde i tkr",Stor-Malmö,2022K2,2145,https://www.statistikdatabasen.scb.se/pxweb/sv/ssd/START__BO__BO0501__BO0501B/FastprisFHRegKv/
"Bas-/taxeringsvärde, medelvärde i tkr",Stor-Malmö,2022K3,2254,https://www.statistikdatabasen.scb.se/pxweb/sv/ssd/START__BO__BO0501__BO0501B/FastprisFHRegKv/
"Bas-/taxeringsvärde, medelvärde i tkr",Stor-Malmö,2022K4,2653,https://www.statistikdatabasen.scb.se/pxweb/sv/ssd/START__BO__BO0501__BO0501B/FastprisFHRegKv/
"Bas-/taxeringsvärde, medelvärde i tkr",Stor-Malmö,2023K1,2744,https://www.statistikdatabasen.scb.se/pxweb/sv/ssd/START__BO__BO0501__BO0501B/FastprisFHRegKv/
"Bas-/taxeringsvärde, medelvärde i tkr",Stor-Malmö,2023K2,2214,https://www.statistikdatabasen.scb.se/pxweb/sv/ssd/START__BO__BO0501__BO0501B/FastprisFHRegKv/
"Bas-/taxeringsvärde, medelvärde i tkr",Stor-Malmö,2023K3,2757,https://www.statistikdatabasen.scb.se/pxweb/sv/ssd/START__BO__BO0501__BO0501B/FastprisFHRegKv/
"Bas-/taxeringsvärde, medelvärde i tkr",Stor-Malmö,2023K4,2602,https://www.statistikdatabasen.scb.se/pxweb/sv/ssd/START__BO__BO0501__BO0501B/FastprisFHRegKv/
"Bas-/taxeringsvärde, medelvärde i tkr",Stor-Malmö,2024K1,3649,https://www.statistikdatabasen.scb.se/pxweb/sv/ssd/START__BO__BO0501__BO0501B/FastprisFHRegKv/
"Bas-/taxeringsvärde, medelvärde i tkr",Stor-Malmö,2024K2,3397,https://www.statistikdatabasen.scb.se/pxweb/sv/ssd/START__BO__BO0501__BO0501B/FastprisFHRegKv/
"Bas-/taxeringsvärde, medelvärde i tkr",Stor-Malmö,2024K3,3146,https://www.statistikdatabasen.scb.se/pxweb/sv/ssd/START__BO__BO0501__BO0501B/FastprisFHRegKv/
"Bas-/taxeringsvärde, medelvärde i tkr",Stor-Malmö,2024K4,3370,https://www.statistikdatabasen.scb.se/pxweb/sv/ssd/START__BO__BO0501__BO0501B/FastprisFHRegKv/
"Bas-/taxeringsvärde, medelvärde i tkr",Stor-Malmö,2025K1,3555,https://www.statistikdatabasen.scb.se/pxweb/sv/ssd/START__BO__BO0501__BO0501B/FastprisFHRegKv/
"Bas-/taxeringsvärde, medelvärde i tkr",Stor-Malmö,2025K2,3259,https://www.statistikdatabasen.scb.se/pxweb/sv/ssd/START__BO__BO0501__BO0501B/FastprisFHRegKv/
"Bas-/taxeringsvärde, medelvärde i tkr",Stor-Malmö,2025K3,3158,https://www.statistikdatabasen.scb.se/pxweb/sv/ssd/START__BO__BO0501__BO0501B/FastprisFHRegKv/
"Bas-/taxeringsvärde, medelvärde i tkr",Stor-Malmö,2025K4,3338,https://www.statistikdatabasen.scb.se/pxweb/sv/ssd/START__BO__BO0501__BO0501B/FastprisFHRegKv/
"Bas-/taxeringsvärde, medelvärde i tkr",Stor-Malmö,2026K1,3813,https://www.statistikdatabasen.scb.se/pxweb/sv/ssd/START__BO__BO0501__BO0501B/FastprisFHRegKv/
"Bas-/taxeringsvärde, medelvärde i tkr",Stor-Malmö,2026K2,3693,https://www.statistikdatabasen.scb.se/pxweb/sv/ssd/START__BO__BO0501__BO0501B/FastprisFHRegKv/
Köpeskillingskoefficient,Stor-Malmö,1998K1,1.69,https://www.statistikdatabasen.scb.se/pxweb/sv/ssd/START__BO__BO0501__BO0501B/FastprisFHRegKv/
Köpeskillingskoefficient,Stor-Malmö,1998K2,1.76,https://www.statistikdatabasen.scb.se/pxweb/sv/ssd/START__BO__BO0501__BO0501B/FastprisFHRegKv/
Köpeskillingskoefficient,Stor-Malmö,1998K3,1.83,https://www.statistikdatabasen.scb.se/pxweb/sv/ssd/START__BO__BO0501__BO0501B/FastprisFHRegKv/
Köpeskillingskoefficient,Stor-Malmö,1998K4,1.74,https://www.statistikdatabasen.scb.se/pxweb/sv/ssd/START__BO__BO0501__BO0501B/FastprisFHRegKv/
Köpeskillingskoefficient,Stor-Malmö,1999K1,1.99,https://www.statistikdatabasen.scb.se/pxweb/sv/ssd/START__BO__BO0501__BO0501B/FastprisFHRegKv/
Köpeskillingskoefficient,Stor-Malmö,1999K2,2.23,https://www.statistikdatabasen.scb.se/pxweb/sv/ssd/START__BO__BO0501__BO0501B/FastprisFHRegKv/
Köpeskillingskoefficient,Stor-Malmö,1999K3,2.1,https://www.statistikdatabasen.scb.se/pxweb/sv/ssd/START__BO__BO0501__BO0501B/FastprisFHRegKv/
Köpeskillingskoefficient,Stor-Malmö,1999K4,2.22,https://www.statistikdatabasen.scb.se/pxweb/sv/ssd/START__BO__BO0501__BO0501B/FastprisFHRegKv/
Köpeskillingskoefficient,Stor-Malmö,2000K1,2.32,https://www.statistikdatabasen.scb.se/pxweb/sv/ssd/START__BO__BO0501__BO0501B/FastprisFHRegKv/
Köpeskillingskoefficient,Stor-Malmö,2000K2,2.71,https://www.statistikdatabasen.scb.se/pxweb/sv/ssd/START__BO__BO0501__BO0501B/FastprisFHRegKv/
Köpeskillingskoefficient,Stor-Malmö,2000K3,2.77,https://www.statistikdatabasen.scb.se/pxweb/sv/ssd/START__BO__BO0501__BO0501B/FastprisFHRegKv/
Köpeskillingskoefficient,Stor-Malmö,2000K4,2.58,https://www.statistikdatabasen.scb.se/pxweb/sv/ssd/START__BO__BO0501__BO0501B/FastprisFHRegKv/
Köpeskillingskoefficient,Stor-Malmö,2001K1,2.76,https://www.statistikdatabasen.scb.se/pxweb/sv/ssd/START__BO__BO0501__BO0501B/FastprisFHRegKv/
Köpeskillingskoefficient,Stor-Malmö,2001K2,2.83,https://www.statistikdatabasen.scb.se/pxweb/sv/ssd/START__BO__BO0501__BO0501B/FastprisFHRegKv/
Köpeskillingskoefficient,Stor-Malmö,2001K3,2.84,https://www.statistikdatabasen.scb.se/pxweb/sv/ssd/START__BO__BO0501__BO0501B/FastprisFHRegKv/
Köpeskillingskoefficient,Stor-Malmö,2001K4,2.72,https://www.statistikdatabasen.scb.se/pxweb/sv/ssd/START__BO__BO0501__BO0501B/FastprisFHRegKv/
Köpeskillingskoefficient,Stor-Malmö,2002K1,3.09,https://www.statistikdatabasen.scb.se/pxweb/sv/ssd/START__BO__BO0501__BO0501B/FastprisFHRegKv/
Köpeskillingskoefficient,Stor-Malmö,2002K2,2.98,https://www.statistikdatabasen.scb.se/pxweb/sv/ssd/START__BO__BO0501__BO0501B/FastprisFHRegKv/
Köpeskillingskoefficient,Stor-Malmö,2002K3,3.16,https://www.statistikdatabasen.scb.se/pxweb/sv/ssd/START__BO__BO0501__BO0501B/FastprisFHRegKv/
Köpeskillingskoefficient,Stor-Malmö,2002K4,3.31,https://www.statistikdatabasen.scb.se/pxweb/sv/ssd/START__BO__BO0501__BO0501B/FastprisFHRegKv/
Köpeskillingskoefficient,Stor-Malmö,2003K1,1.59,https://www.statistikdatabasen.scb.se/pxweb/sv/ssd/START__BO__BO0501__BO0501B/FastprisFHRegKv/
Köpeskillingskoefficient,Stor-Malmö,2003K2,1.77,https://www.statistikdatabasen.scb.se/pxweb/sv/ssd/START__BO__BO0501__BO0501B/FastprisFHRegKv/
Köpeskillingskoefficient,Stor-Malmö,2003K3,1.87,https://www.statistikdatabasen.scb.se/pxweb/sv/ssd/START__BO__BO0501__BO0501B/FastprisFHRegKv/
Köpeskillingskoefficient,Stor-Malmö,2003K4,1.95,https://www.statistikdatabasen.scb.se/pxweb/sv/ssd/START__BO__BO0501__BO0501B/FastprisFHRegKv/
Köpeskillingskoefficient,Stor-Malmö,2004K1,1.96,https://www.statistikdatabasen.scb.se/pxweb/sv/ssd/START__BO__BO0501__BO0501B/FastprisFHRegKv/
Köpeskillingskoefficient,Stor-Malmö,2004K2,2.15,https://www.statistikdatabasen.scb.se/pxweb/sv/ssd/START__BO__BO0501__BO0501B/FastprisFHRegKv/
Köpeskillingskoefficient,Stor-Malmö,2004K3,2.21,https://www.statistikdatabasen.scb.se/pxweb/sv/ssd/START__BO__BO0501__BO0501B/FastprisFHRegKv/
Köpeskillingskoefficient,Stor-Malmö,2004K4,2.37,https://www.statistikdatabasen.scb.se/pxweb/sv/ssd/START__BO__BO0501__BO0501B/FastprisFHRegKv/
Köpeskillingskoefficient,Stor-Malmö,2005K1,2.19,https://www.statistikdatabasen.scb.se/pxweb/sv/ssd/START__BO__BO0501__BO0501B/FastprisFHRegKv/
Köpeskillingskoefficient,Stor-Malmö,2005K2,2.4,https://www.statistikdatabasen.scb.se/pxweb/sv/ssd/START__BO__BO0501__BO0501B/FastprisFHRegKv/
Köpeskillingskoefficient,Stor-Malmö,2005K3,2.24,https://www.statistikdatabasen.scb.se/pxweb/sv/ssd/START__BO__BO0501__BO0501B/FastprisFHRegKv/
Köpeskillingskoefficient,Stor-Malmö,2005K4,2.53,https://www.statistikdatabasen.scb.se/pxweb/sv/ssd/START__BO__BO0501__BO0501B/FastprisFHRegKv/
Köpeskillingskoefficient,Stor-Malmö,2006K1,1.91,https://www.statistikdatabasen.scb.se/pxweb/sv/ssd/START__BO__BO0501__BO0501B/FastprisFHRegKv/
Köpeskillingskoefficient,Stor-Malmö,2006K2,1.97,https://www.statistikdatabasen.scb.se/pxweb/sv/ssd/START__BO__BO0501__BO0501B/FastprisFHRegKv/
Köpeskillingskoefficient,Stor-Malmö,2006K3,2.05,https://www.statistikdatabasen.scb.se/pxweb/sv/ssd/START__BO__BO0501__BO0501B/FastprisFHRegKv/
Köpeskillingskoefficient,Stor-Malmö,2006K4,2.05,https://www.statistikdatabasen.scb.se/pxweb/sv/ssd/START__BO__BO0501__BO0501B/FastprisFHRegKv/
Köpeskillingskoefficient,Stor-Malmö,2007K1,2.06,https://www.statistikdatabasen.scb.se/pxweb/sv/ssd/START__BO__BO0501__BO0501B/FastprisFHRegKv/
Köpeskillingskoefficient,Stor-Malmö,2007K2,2.31,https://www.statistikdatabasen.scb.se/pxweb/sv/ssd/START__BO__BO0501__BO0501B/FastprisFHRegKv/
Köpeskillingskoefficient,Stor-Malmö,2007K3,2.21,https://www.statistikdatabasen.scb.se/pxweb/sv/ssd/START__BO__BO0501__BO0501B/FastprisFHRegKv/
Köpeskillingskoefficient,Stor-Malmö,2007K4,2.29,https://www.statistikdatabasen.scb.se/pxweb/sv/ssd/START__BO__BO0501__BO0501B/FastprisFHRegKv/
Köpeskillingskoefficient,Stor-Malmö,2008K1,2.44,https://www.statistikdatabasen.scb.se/pxweb/sv/ssd/START__BO__BO0501__BO0501B/FastprisFHRegKv/
Köpeskillingskoefficient,Stor-Malmö,2008K2,2.33,https://www.statistikdatabasen.scb.se/pxweb/sv/ssd/START__BO__BO0501__BO0501B/FastprisFHRegKv/
Köpeskillingskoefficient,Stor-Malmö,2008K3,2.3,https://www.statistikdatabasen.scb.se/pxweb/sv/ssd/START__BO__BO0501__BO0501B/FastprisFHRegKv/
Köpeskillingskoefficient,Stor-Malmö,2008K4,2.48,https://www.statistikdatabasen.scb.se/pxweb/sv/ssd/START__BO__BO0501__BO0501B/FastprisFHRegKv/
Köpeskillingskoefficient,Stor-Malmö,2009K1,1.41,https://www.statistikdatabasen.scb.se/pxweb/sv/ssd/START__BO__BO0501__BO0501B/FastprisFHRegKv/
Köpeskillingskoefficient,Stor-Malmö,2009K2,1.42,https://www.statistikdatabasen.scb.se/pxweb/sv/ssd/START__BO__BO0501__BO0501B/FastprisFHRegKv/
Köpeskillingskoefficient,Stor-Malmö,2009K3,1.44,https://www.statistikdatabasen.scb.se/pxweb/sv/ssd/START__BO__BO0501__BO0501B/FastprisFHRegKv/
Köpeskillingskoefficient,Stor-Malmö,2009K4,1.48,https://www.statistikdatabasen.scb.se/pxweb/sv/ssd/START__BO__BO0501__BO0501B/FastprisFHRegKv/
Köpeskillingskoefficient,Stor-Malmö,2010K1,1.58,https://www.statistikdatabasen.scb.se/pxweb/sv/ssd/START__BO__BO0501__BO0501B/FastprisFHRegKv/
Köpeskillingskoefficient,Stor-Malmö,2010K2,1.49,https://www.statistikdatabasen.scb.se/pxweb/sv/ssd/START__BO__BO0501__BO0501B/FastprisFHRegKv/
Köpeskillingskoefficient,Stor-Malmö,2010K3,1.44,https://www.statistikdatabasen.scb.se/pxweb/sv/ssd/START__BO__BO0501__BO0501B/FastprisFHRegKv/
Köpeskillingskoefficient,Stor-Malmö,2010K4,1.62,https://www.statistikdatabasen.scb.se/pxweb/sv/ssd/START__BO__BO0501__BO0501B/FastprisFHRegKv/
Köpeskillingskoefficient,Stor-Malmö,2011K1,1.63,https://www.statistikdatabasen.scb.se/pxweb/sv/ssd/START__BO__BO0501__BO0501B/FastprisFHRegKv/
Köpeskillingskoefficient,Stor-Malmö,2011K2,1.57,https://www.statistikdatabasen.scb.se/pxweb/sv/ssd/START__BO__BO0501__BO0501B/FastprisFHRegKv/
Köpeskillingskoefficient,Stor-Malmö,2011K3,1.45,https://www.statistikdatabasen.scb.se/pxweb/sv/ssd/START__BO__BO0501__BO0501B/FastprisFHRegKv/
Köpeskillingskoefficient,Stor-Malmö,2011K4,1.52,https://www.statistikdatabasen.scb.se/pxweb/sv/ssd/START__BO__BO0501__BO0501B/FastprisFHRegKv/
Köpeskillingskoefficient,Stor-Malmö,2012K1,1.53,https://www.statistikdatabasen.scb.se/pxweb/sv/ssd/START__BO__BO0501__BO0501B/FastprisFHRegKv/
Köpeskillingskoefficient,Stor-Malmö,2012K2,1.31,https://www.statistikdatabasen.scb.se/pxweb/sv/ssd/START__BO__BO0501__BO0501B/FastprisFHRegKv/
Köpeskillingskoefficient,Stor-Malmö,2012K3,1.51,https://www.statistikdatabasen.scb.se/pxweb/sv/ssd/START__BO__BO0501__BO0501B/FastprisFHRegKv/
Köpeskillingskoefficient,Stor-Malmö,2012K4,1.37,https://www.statistikdatabasen.scb.se/pxweb/sv/ssd/START__BO__BO0501__BO0501B/FastprisFHRegKv/
Köpeskillingskoefficient,Stor-Malmö,2013K1,1.19,https://www.statistikdatabasen.scb.se/pxweb/sv/ssd/START__BO__BO0501__BO0501B/FastprisFHRegKv/
Köpeskillingskoefficient,Stor-Malmö,2013K2,1.41,https://www.statistikdatabasen.scb.se/pxweb/sv/ssd/START__BO__BO0501__BO0501B/FastprisFHRegKv/
Köpeskillingskoefficient,Stor-Malmö,2013K3,1.42,https://www.statistikdatabasen.scb.se/pxweb/sv/ssd/START__BO__BO0501__BO0501B/FastprisFHRegKv/
Köpeskillingskoefficient,Stor-Malmö,2013K4,1.4,https://www.statistikdatabasen.scb.se/pxweb/sv/ssd/START__BO__BO0501__BO0501B/FastprisFHRegKv/
Köpeskillingskoefficient,Stor-Malmö,2014K1,1.41,https://www.statistikdatabasen.scb.se/pxweb/sv/ssd/START__BO__BO0501__BO0501B/FastprisFHRegKv/
Köpeskillingskoefficient,Stor-Malmö,2014K2,1.55,https://www.statistikdatabasen.scb.se/pxweb/sv/ssd/START__BO__BO0501__BO0501B/FastprisFHRegKv/
Köpeskillingskoefficient,Stor-Malmö,2014K3,1.45,https://www.statistikdatabasen.scb.se/pxweb/sv/ssd/START__BO__BO0501__BO0501B/FastprisFHRegKv/
Köpeskillingskoefficient,Stor-Malmö,2014K4,1.42,https://www.statistikdatabasen.scb.se/pxweb/sv/ssd/START__BO__BO0501__BO0501B/FastprisFHRegKv/
Köpeskillingskoefficient,Stor-Malmö,2015K1,1.38,https://www.statistikdatabasen.scb.se/pxweb/sv/ssd/START__BO__BO0501__BO0501B/FastprisFHRegKv/
Köpeskillingskoefficient,Stor-Malmö,2015K2,1.49,https://www.statistikdatabasen.scb.se/pxweb/sv/ssd/START__BO__BO0501__BO0501B/FastprisFHRegKv/
Köpeskillingskoefficient,Stor-Malmö,2015K3,1.43,https://www.statistikdatabasen.scb.se/pxweb/sv/ssd/START__BO__BO0501__BO0501B/FastprisFHRegKv/
Köpeskillingskoefficient,Stor-Malmö,2015K4,1.49,https://www.statistikdatabasen.scb.se/pxweb/sv/ssd/START__BO__BO0501__BO0501B/FastprisFHRegKv/
Köpeskillingskoefficient,Stor-Malmö,2016K1,1.49,https://www.statistikdatabasen.scb.se/pxweb/sv/ssd/START__BO__BO0501__BO0501B/FastprisFHRegKv/
Köpeskillingskoefficient,Stor-Malmö,2016K2,1.58,https://www.statistikdatabasen.scb.se/pxweb/sv/ssd/START__BO__BO0501__BO0501B/FastprisFHRegKv/
Köpeskillingskoefficient,Stor-Malmö,2016K3,1.76,https://www.statistikdatabasen.scb.se/pxweb/sv/ssd/START__BO__BO0501__BO0501B/FastprisFHRegKv/
Köpeskillingskoefficient,Stor-Malmö,2016K4,1.65,https://www.statistikdatabasen.scb.se/pxweb/sv/ssd/START__BO__BO0501__BO0501B/FastprisFHRegKv/
Köpeskillingskoefficient,Stor-Malmö,2017K1,1.86,https://www.statistikdatabasen.scb.se/pxweb/sv/ssd/START__BO__BO0501__BO0501B/FastprisFHRegKv/
Köpeskillingskoefficient,Stor-Malmö,2017K2,1.75,https://www.statistikdatabasen.scb.se/pxweb/sv/ssd/START__BO__BO0501__BO0501B/FastprisFHRegKv/
Köpeskillingskoefficient,Stor-Malmö,2017K3,1.98,https://www.statistikdatabasen.scb.se/pxweb/sv/ssd/START__BO__BO0501__BO0501B/FastprisFHRegKv/
Köpeskillingskoefficient,Stor-Malmö,2017K4,1.9,https://www.statistikdatabasen.scb.se/pxweb/sv/ssd/START__BO__BO0501__BO0501B/FastprisFHRegKv/
Köpeskillingskoefficient,Stor-Malmö,2018K1,1.51,https://www.statistikdatabasen.scb.se/pxweb/sv/ssd/START__BO__BO0501__BO0501B/FastprisFHRegKv/
Köpeskillingskoefficient,Stor-Malmö,2018K2,1.55,https://www.statistikdatabasen.scb.se/pxweb/sv/ssd/START__BO__BO0501__BO0501B/FastprisFHRegKv/
Köpeskillingskoefficient,Stor-Malmö,2018K3,1.6,https://www.statistikdatabasen.scb.se/pxweb/sv/ssd/START__BO__BO0501__BO0501B/FastprisFHRegKv/
Köpeskillingskoefficient,Stor-Malmö,2018K4,1.6,https://www.statistikdatabasen.scb.se/pxweb/sv/ssd/START__BO__BO0501__BO0501B/FastprisFHRegKv/
Köpeskillingskoefficient,Stor-Malmö,2019K1,1.62,https://www.statistikdatabasen.scb.se/pxweb/sv/ssd/START__BO__BO0501__BO0501B/FastprisFHRegKv/
Köpeskillingskoefficient,Stor-Malmö,2019K2,1.57,https://www.statistikdatabasen.scb.se/pxweb/sv/ssd/START__BO__BO0501__BO0501B/FastprisFHRegKv/
Köpeskillingskoefficient,Stor-Malmö,2019K3,1.66,https://www.statistikdatabasen.scb.se/pxweb/sv/ssd/START__BO__BO0501__BO0501B/FastprisFHRegKv/
Köpeskillingskoefficient,Stor-Malmö,2019K4,1.71,https://www.statistikdatabasen.scb.se/pxweb/sv/ssd/START__BO__BO0501__BO0501B/FastprisFHRegKv/
Köpeskillingskoefficient,Stor-Malmö,2020K1,1.84,https://www.statistikdatabasen.scb.se/pxweb/sv/ssd/START__BO__BO0501__BO0501B/FastprisFHRegKv/
Köpeskillingskoefficient,Stor-Malmö,2020K2,1.84,https://www.statistikdatabasen.scb.se/pxweb/sv/ssd/START__BO__BO0501__BO0501B/FastprisFHRegKv/
Köpeskillingskoefficient,Stor-Malmö,2020K3,2.01,https://www.statistikdatabasen.scb.se/pxweb/sv/ssd/START__BO__BO0501__BO0501B/FastprisFHRegKv/
Köpeskillingskoefficient,Stor-Malmö,2020K4,2.07,https://www.statistikdatabasen.scb.se/pxweb/sv/ssd/START__BO__BO0501__BO0501B/FastprisFHRegKv/
Köpeskillingskoefficient,Stor-Malmö,2021K1,1.61,https://www.statistikdatabasen.scb.se/pxweb/sv/ssd/START__BO__BO0501__BO0501B/FastprisFHRegKv/
Köpeskillingskoefficient,Stor-Malmö,2021K2,1.72,https://www.statistikdatabasen.scb.se/pxweb/sv/ssd/START__BO__BO0501__BO0501B/FastprisFHRegKv/
Köpeskillingskoefficient,Stor-Malmö,2021K3,2.13,https://www.statistikdatabasen.scb.se/pxweb/sv/ssd/START__BO__BO0501__BO0501B/FastprisFHRegKv/
Köpeskillingskoefficient,Stor-Malmö,2021K4,2.01,https://www.statistikdatabasen.scb.se/pxweb/sv/ssd/START__BO__BO0501__BO0501B/FastprisFHRegKv/
Köpeskillingskoefficient,Stor-Malmö,2022K1,1.89,https://www.statistikdatabasen.scb.se/pxweb/sv/ssd/START__BO__BO0501__BO0501B/FastprisFHRegKv/
Köpeskillingskoefficient,Stor-Malmö,2022K2,2.01,https://www.statistikdatabasen.scb.se/pxweb/sv/ssd/START__BO__BO0501__BO0501B/FastprisFHRegKv/
Köpeskillingskoefficient,Stor-Malmö,2022K3,1.96,https://www.statistikdatabasen.scb.se/pxweb/sv/ssd/START__BO__BO0501__BO0501B/FastprisFHRegKv/
Köpeskillingskoefficient,Stor-Malmö,2022K4,1.73,https://www.statistikdatabasen.scb.se/pxweb/sv/ssd/START__BO__BO0501__BO0501B/FastprisFHRegKv/
Köpeskillingskoefficient,Stor-Malmö,2023K1,1.56,https://www.statistikdatabasen.scb.se/pxweb/sv/ssd/START__BO__BO0501__BO0501B/FastprisFHRegKv/
Köpeskillingskoefficient,Stor-Malmö,2023K2,1.73,https://www.statistikdatabasen.scb.se/pxweb/sv/ssd/START__BO__BO0501__BO0501B/FastprisFHRegKv/
Köpeskillingskoefficient,Stor-Malmö,2023K3,1.91,https://www.statistikdatabasen.scb.se/pxweb/sv/ssd/START__BO__BO0501__BO0501B/FastprisFHRegKv/
Köpeskillingskoefficient,Stor-Malmö,2023K4,1.68,https://www.statistikdatabasen.scb.se/pxweb/sv/ssd/START__BO__BO0501__BO0501B/FastprisFHRegKv/
Köpeskillingskoefficient,Stor-Malmö,2024K1,1.33,https://www.statistikdatabasen.scb.se/pxweb/sv/ssd/START__BO__BO0501__BO0501B/FastprisFHRegKv/
Köpeskillingskoefficient,Stor-Malmö,2024K2,1.31,https://www.statistikdatabasen.scb.se/pxweb/sv/ssd/START__BO__BO0501__BO0501B/FastprisFHRegKv/
Köpeskillingskoefficient,Stor-Malmö,2024K3,1.34,https://www.statistikdatabasen.scb.se/pxweb/sv/ssd/START__BO__BO0501__BO0501B/FastprisFHRegKv/
Köpeskillingskoefficient,Stor-Malmö,2024K4,1.28,https://www.statistikdatabasen.scb.se/pxweb/sv/ssd/START__BO__BO0501__BO0501B/FastprisFHRegKv/
Köpeskillingskoefficient,Stor-Malmö,2025K1,1.25,https://www.statistikdatabasen.scb.se/pxweb/sv/ssd/START__BO__BO0501__BO0501B/FastprisFHRegKv/
Köpeskillingskoefficient,Stor-Malmö,2025K2,1.33,https://www.statistikdatabasen.scb.se/pxweb/sv/ssd/START__BO__BO0501__BO0501B/FastprisFHRegKv/
Köpeskillingskoefficient,Stor-Malmö,2025K3,1.38,https://www.statistikdatabasen.scb.se/pxweb/sv/ssd/START__BO__BO0501__BO0501B/FastprisFHRegKv/
Köpeskillingskoefficient,Stor-Malmö,2025K4,1.31,https://www.statistikdatabasen.scb.se/pxweb/sv/ssd/START__BO__BO0501__BO0501B/FastprisFHRegKv/
Köpeskillingskoefficient,Stor-Malmö,2026K1,1.42,https://www.statistikdatabasen.scb.se/pxweb/sv/ssd/START__BO__BO0501__BO0501B/FastprisFHRegKv/
Köpeskillingskoefficient,Stor-Malmö,2026K2,1.29,https://www.statistikdatabasen.scb.se/pxweb/sv/ssd/START__BO__BO0501__BO0501B/FastprisFHRegKv/
Antal,Stockholms län,1998K1,232,https://www.statistikdatabasen.scb.se/pxweb/sv/ssd/START__BO__BO0501__BO0501B/FastprisFHRegKv/
Antal,Stockholms län,1998K2,765,https://www.statistikdatabasen.scb.se/pxweb/sv/ssd/START__BO__BO0501__BO0501B/FastprisFHRegKv/
Antal,Stockholms län,1998K3,696,https://www.statistikdatabasen.scb.se/pxweb/sv/ssd/START__BO__BO0501__BO0501B/FastprisFHRegKv/
Antal,Stockholms län,1998K4,474,https://www.statistikdatabasen.scb.se/pxweb/sv/ssd/START__BO__BO0501__BO0501B/FastprisFHRegKv/
Antal,Stockholms län,1999K1,291,https://www.statistikdatabasen.scb.se/pxweb/sv/ssd/START__BO__BO0501__BO0501B/FastprisFHRegKv/
Antal,Stockholms län,1999K2,834,https://www.statistikdatabasen.scb.se/pxweb/sv/ssd/START__BO__BO0501__BO0501B/FastprisFHRegKv/
Antal,Stockholms län,1999K3,770,https://www.statistikdatabasen.scb.se/pxweb/sv/ssd/START__BO__BO0501__BO0501B/FastprisFHRegKv/
Antal,Stockholms län,1999K4,591,https://www.statistikdatabasen.scb.se/pxweb/sv/ssd/START__BO__BO0501__BO0501B/FastprisFHRegKv/
Antal,Stockholms län,2000K1,279,https://www.statistikdatabasen.scb.se/pxweb/sv/ssd/START__BO__BO0501__BO0501B/FastprisFHRegKv/
Antal,Stockholms län,2000K2,777,https://www.statistikdatabasen.scb.se/pxweb/sv/ssd/START__BO__BO0501__BO0501B/FastprisFHRegKv/
Antal,Stockholms län,2000K3,666,https://www.statistikdatabasen.scb.se/pxweb/sv/ssd/START__BO__BO0501__BO0501B/FastprisFHRegKv/
Antal,Stockholms län,2000K4,468,https://www.statistikdatabasen.scb.se/pxweb/sv/ssd/START__BO__BO0501__BO0501B/FastprisFHRegKv/
Antal,Stockholms län,2001K1,212,https://www.statistikdatabasen.scb.se/pxweb/sv/ssd/START__BO__BO0501__BO0501B/FastprisFHRegKv/
Antal,Stockholms län,2001K2,649,https://www.statistikdatabasen.scb.se/pxweb/sv/ssd/START__BO__BO0501__BO0501B/FastprisFHRegKv/
Antal,Stockholms län,2001K3,633,https://www.statistikdatabasen.scb.se/pxweb/sv/ssd/START__BO__BO0501__BO0501B/FastprisFHRegKv/
Antal,Stockholms län,2001K4,470,https://www.statistikdatabasen.scb.se/pxweb/sv/ssd/START__BO__BO0501__BO0501B/FastprisFHRegKv/
Antal,Stockholms län,2002K1,231,https://www.statistikdatabasen.scb.se/pxweb/sv/ssd/START__BO__BO0501__BO0501B/FastprisFHRegKv/
Antal,Stockholms län,2002K2,665,https://www.statistikdatabasen.scb.se/pxweb/sv/ssd/START__BO__BO0501__BO0501B/FastprisFHRegKv/
Antal,Stockholms län,2002K3,589,https://www.statistikdatabasen.scb.se/pxweb/sv/ssd/START__BO__BO0501__BO0501B/FastprisFHRegKv/
Antal,Stockholms län,2002K4,427,https://www.statistikdatabasen.scb.se/pxweb/sv/ssd/START__BO__BO0501__BO0501B/FastprisFHRegKv/
Antal,Stockholms län,2003K1,179,https://www.statistikdatabasen.scb.se/pxweb/sv/ssd/START__BO__BO0501__BO0501B/FastprisFHRegKv/
Antal,Stockholms län,2003K2,626,https://www.statistikdatabasen.scb.se/pxweb/sv/ssd/START__BO__BO0501__BO0501B/FastprisFHRegKv/
Antal,Stockholms län,2003K3,620,https://www.statistikdatabasen.scb.se/pxweb/sv/ssd/START__BO__BO0501__BO0501B/FastprisFHRegKv/
Antal,Stockholms län,2003K4,452,https://www.statistikdatabasen.scb.se/pxweb/sv/ssd/START__BO__BO0501__BO0501B/FastprisFHRegKv/
Antal,Stockholms län,2004K1,187,https://www.statistikdatabasen.scb.se/pxweb/sv/ssd/START__BO__BO0501__BO0501B/FastprisFHRegKv/
Antal,Stockholms län,2004K2,663,https://www.statistikdatabasen.scb.se/pxweb/sv/ssd/START__BO__BO0501__BO0501B/FastprisFHRegKv/
Antal,Stockholms län,2004K3,640,https://www.statistikdatabasen.scb.se/pxweb/sv/ssd/START__BO__BO0501__BO0501B/FastprisFHRegKv/
Antal,Stockholms län,2004K4,472,https://www.statistikdatabasen.scb.se/pxweb/sv/ssd/START__BO__BO0501__BO0501B/FastprisFHRegKv/
Antal,Stockholms län,2005K1,168,https://www.statistikdatabasen.scb.se/pxweb/sv/ssd/START__BO__BO0501__BO0501B/FastprisFHRegKv/
Antal,Stockholms län,2005K2,628,https://www.statistikdatabasen.scb.se/pxweb/sv/ssd/START__BO__BO0501__BO0501B/FastprisFHRegKv/
Antal,Stockholms län,2005K3,692,https://www.statistikdatabasen.scb.se/pxweb/sv/ssd/START__BO__BO0501__BO0501B/FastprisFHRegKv/
Antal,Stockholms län,2005K4,475,https://www.statistikdatabasen.scb.se/pxweb/sv/ssd/START__BO__BO0501__BO0501B/FastprisFHRegKv/
Antal,Stockholms län,2006K1,195,https://www.statistikdatabasen.scb.se/pxweb/sv/ssd/START__BO__BO0501__BO0501B/FastprisFHRegKv/
Antal,Stockholms län,2006K2,610,https://www.statistikdatabasen.scb.se/pxweb/sv/ssd/START__BO__BO0501__BO0501B/FastprisFHRegKv/
Antal,Stockholms län,2006K3,649,https://www.statistikdatabasen.scb.se/pxweb/sv/ssd/START__BO__BO0501__BO0501B/FastprisFHRegKv/
Antal,Stockholms län,2006K4,478,https://www.statistikdatabasen.scb.se/pxweb/sv/ssd/START__BO__BO0501__BO0501B/FastprisFHRegKv/
Antal,Stockholms län,2007K1,177,https://www.statistikdatabasen.scb.se/pxweb/sv/ssd/START__BO__BO0501__BO0501B/FastprisFHRegKv/
Antal,Stockholms län,2007K2,627,https://www.statistikdatabasen.scb.se/pxweb/sv/ssd/START__BO__BO0501__BO0501B/FastprisFHRegKv/
Antal,Stockholms län,2007K3,610,https://www.statistikdatabasen.scb.se/pxweb/sv/ssd/START__BO__BO0501__BO0501B/FastprisFHRegKv/
Antal,Stockholms län,2007K4,474,https://www.statistikdatabasen.scb.se/pxweb/sv/ssd/START__BO__BO0501__BO0501B/FastprisFHRegKv/
Antal,Stockholms län,2008K1,215,https://www.statistikdatabasen.scb.se/pxweb/sv/ssd/START__BO__BO0501__BO0501B/FastprisFHRegKv/
Antal,Stockholms län,2008K2,612,https://www.statistikdatabasen.scb.se/pxweb/sv/ssd/START__BO__BO0501__BO0501B/FastprisFHRegKv/
Antal,Stockholms län,2008K3,571,https://www.statistikdatabasen.scb.se/pxweb/sv/ssd/START__BO__BO0501__BO0501B/FastprisFHRegKv/
Antal,Stockholms län,2008K4,376,https://www.statistikdatabasen.scb.se/pxweb/sv/ssd/START__BO__BO0501__BO0501B/FastprisFHRegKv/
Antal,Stockholms län,2009K1,182,https://www.statistikdatabasen.scb.se/pxweb/sv/ssd/START__BO__BO0501__BO0501B/FastprisFHRegKv/
Antal,Stockholms län,2009K2,542,https://www.statistikdatabasen.scb.se/pxweb/sv/ssd/START__BO__BO0501__BO0501B/FastprisFHRegKv/
Antal,Stockholms län,2009K3,601,https://www.statistikdatabasen.scb.se/pxweb/sv/ssd/START__BO__BO0501__BO0501B/FastprisFHRegKv/
Antal,Stockholms län,2009K4,404,https://www.statistikdatabasen.scb.se/pxweb/sv/ssd/START__BO__BO0501__BO0501B/FastprisFHRegKv/
Antal,Stockholms län,2010K1,170,https://www.statistikdatabasen.scb.se/pxweb/sv/ssd/START__BO__BO0501__BO0501B/FastprisFHRegKv/
Antal,Stockholms län,2010K2,536,https://www.statistikdatabasen.scb.se/pxweb/sv/ssd/START__BO__BO0501__BO0501B/FastprisFHRegKv/
Antal,Stockholms län,2010K3,675,https://www.statistikdatabasen.scb.se/pxweb/sv/ssd/START__BO__BO0501__BO0501B/FastprisFHRegKv/
Antal,Stockholms län,2010K4,471,https://www.statistikdatabasen.scb.se/pxweb/sv/ssd/START__BO__BO0501__BO0501B/FastprisFHRegKv/
Antal,Stockholms län,2011K1,158,https://www.statistikdatabasen.scb.se/pxweb/sv/ssd/START__BO__BO0501__BO0501B/FastprisFHRegKv/
Antal,Stockholms län,2011K2,577,https://www.statistikdatabasen.scb.se/pxweb/sv/ssd/START__BO__BO0501__BO0501B/FastprisFHRegKv/
Antal,Stockholms län,2011K3,626,https://www.statistikdatabasen.scb.se/pxweb/sv/ssd/START__BO__BO0501__BO0501B/FastprisFHRegKv/
Antal,Stockholms län,2011K4,358,https://www.statistikdatabasen.scb.se/pxweb/sv/ssd/START__BO__BO0501__BO0501B/FastprisFHRegKv/
Antal,Stockholms län,2012K1,187,https://www.statistikdatabasen.scb.se/pxweb/sv/ssd/START__BO__BO0501__BO0501B/FastprisFHRegKv/
Antal,Stockholms län,2012K2,560,https://www.statistikdatabasen.scb.se/pxweb/sv/ssd/START__BO__BO0501__BO0501B/FastprisFHRegKv/
Antal,Stockholms län,2012K3,545,https://www.statistikdatabasen.scb.se/pxweb/sv/ssd/START__BO__BO0501__BO0501B/FastprisFHRegKv/
Antal,Stockholms län,2012K4,437,https://www.statistikdatabasen.scb.se/pxweb/sv/ssd/START__BO__BO0501__BO0501B/FastprisFHRegKv/
Antal,Stockholms län,2013K1,190,https://www.statistikdatabasen.scb.se/pxweb/sv/ssd/START__BO__BO0501__BO0501B/FastprisFHRegKv/
Antal,Stockholms län,2013K2,527,https://www.statistikdatabasen.scb.se/pxweb/sv/ssd/START__BO__BO0501__BO0501B/FastprisFHRegKv/
Antal,Stockholms län,2013K3,649,https://www.statistikdatabasen.scb.se/pxweb/sv/ssd/START__BO__BO0501__BO0501B/FastprisFHRegKv/
Antal,Stockholms län,2013K4,516,https://www.statistikdatabasen.scb.se/pxweb/sv/ssd/START__BO__BO0501__BO0501B/FastprisFHRegKv/
Antal,Stockholms län,2014K1,235,https://www.statistikdatabasen.scb.se/pxweb/sv/ssd/START__BO__BO0501__BO0501B/FastprisFHRegKv/
Antal,Stockholms län,2014K2,760,https://www.statistikdatabasen.scb.se/pxweb/sv/ssd/START__BO__BO0501__BO0501B/FastprisFHRegKv/
Antal,Stockholms län,2014K3,645,https://www.statistikdatabasen.scb.se/pxweb/sv/ssd/START__BO__BO0501__BO0501B/FastprisFHRegKv/
Antal,Stockholms län,2014K4,531,https://www.statistikdatabasen.scb.se/pxweb/sv/ssd/START__BO__BO0501__BO0501B/FastprisFHRegKv/
Antal,Stockholms län,2015K1,165,https://www.statistikdatabasen.scb.se/pxweb/sv/ssd/START__BO__BO0501__BO0501B/FastprisFHRegKv/
Antal,Stockholms län,2015K2,647,https://www.statistikdatabasen.scb.se/pxweb/sv/ssd/START__BO__BO0501__BO0501B/FastprisFHRegKv/
Antal,Stockholms län,2015K3,564,https://www.statistikdatabasen.scb.se/pxweb/sv/ssd/START__BO__BO0501__BO0501B/FastprisFHRegKv/
Antal,Stockholms län,2015K4,413,https://www.statistikdatabasen.scb.se/pxweb/sv/ssd/START__BO__BO0501__BO0501B/FastprisFHRegKv/
Antal,Stockholms län,2016K1,142,https://www.statistikdatabasen.scb.se/pxweb/sv/ssd/START__BO__BO0501__BO0501B/FastprisFHRegKv/
Antal,Stockholms län,2016K2,543,https://www.statistikdatabasen.scb.se/pxweb/sv/ssd/START__BO__BO0501__BO0501B/FastprisFHRegKv/
Antal,Stockholms län,2016K3,475,https://www.statistikdatabasen.scb.se/pxweb/sv/ssd/START__BO__BO0501__BO0501B/FastprisFHRegKv/
Antal,Stockholms län,2016K4,369,https://www.statistikdatabasen.scb.se/pxweb/sv/ssd/START__BO__BO0501__BO0501B/FastprisFHRegKv/
Antal,Stockholms län,2017K1,159,https://www.statistikdatabasen.scb.se/pxweb/sv/ssd/START__BO__BO0501__BO0501B/FastprisFHRegKv/
Antal,Stockholms län,2017K2,547,https://www.statistikdatabasen.scb.se/pxweb/sv/ssd/START__BO__BO0501__BO0501B/FastprisFHRegKv/
Antal,Stockholms län,2017K3,461,https://www.statistikdatabasen.scb.se/pxweb/sv/ssd/START__BO__BO0501__BO0501B/FastprisFHRegKv/
Antal,Stockholms län,2017K4,367,https://www.statistikdatabasen.scb.se/pxweb/sv/ssd/START__BO__BO0501__BO0501B/FastprisFHRegKv/
Antal,Stockholms län,2018K1,158,https://www.statistikdatabasen.scb.se/pxweb/sv/ssd/START__BO__BO0501__BO0501B/FastprisFHRegKv/
Antal,Stockholms län,2018K2,429,https://www.statistikdatabasen.scb.se/pxweb/sv/ssd/START__BO__BO0501__BO0501B/FastprisFHRegKv/
Antal,Stockholms län,2018K3,388,https://www.statistikdatabasen.scb.se/pxweb/sv/ssd/START__BO__BO0501__BO0501B/FastprisFHRegKv/
Antal,Stockholms län,2018K4,363,https://www.statistikdatabasen.scb.se/pxweb/sv/ssd/START__BO__BO0501__BO0501B/FastprisFHRegKv/
Antal,Stockholms län,2019K1,155,https://www.statistikdatabasen.scb.se/pxweb/sv/ssd/START__BO__BO0501__BO0501B/FastprisFHRegKv/
Antal,Stockholms län,2019K2,448,https://www.statistikdatabasen.scb.se/pxweb/sv/ssd/START__BO__BO0501__BO0501B/FastprisFHRegKv/
Antal,Stockholms län,2019K3,429,https://www.statistikdatabasen.scb.se/pxweb/sv/ssd/START__BO__BO0501__BO0501B/FastprisFHRegKv/
Antal,Stockholms län,2019K4,372,https://www.statistikdatabasen.scb.se/pxweb/sv/ssd/START__BO__BO0501__BO0501B/FastprisFHRegKv/
Antal,Stockholms län,2020K1,149,https://www.statistikdatabasen.scb.se/pxweb/sv/ssd/START__BO__BO0501__BO0501B/FastprisFHRegKv/
Antal,Stockholms län,2020K2,524,https://www.statistikdatabasen.scb.se/pxweb/sv/ssd/START__BO__BO0501__BO0501B/FastprisFHRegKv/
Antal,Stockholms län,2020K3,658,https://www.statistikdatabasen.scb.se/pxweb/sv/ssd/START__BO__BO0501__BO0501B/FastprisFHRegKv/
Antal,Stockholms län,2020K4,374,https://www.statistikdatabasen.scb.se/pxweb/sv/ssd/START__BO__BO0501__BO0501B/FastprisFHRegKv/
Antal,Stockholms län,2021K1,177,https://www.statistikdatabasen.scb.se/pxweb/sv/ssd/START__BO__BO0501__BO0501B/FastprisFHRegKv/
Antal,Stockholms län,2021K2,546,https://www.statistikdatabasen.scb.se/pxweb/sv/ssd/START__BO__BO0501__BO0501B/FastprisFHRegKv/
Antal,Stockholms län,2021K3,453,https://www.statistikdatabasen.scb.se/pxweb/sv/ssd/START__BO__BO0501__BO0501B/FastprisFHRegKv/
Antal,Stockholms län,2021K4,329,https://www.statistikdatabasen.scb.se/pxweb/sv/ssd/START__BO__BO0501__BO0501B/FastprisFHRegKv/
Antal,Stockholms län,2022K1,149,https://www.statistikdatabasen.scb.se/pxweb/sv/ssd/START__BO__BO0501__BO0501B/FastprisFHRegKv/
Antal,Stockholms län,2022K2,341,https://www.statistikdatabasen.scb.se/pxweb/sv/ssd/START__BO__BO0501__BO0501B/FastprisFHRegKv/
Antal,Stockholms län,2022K3,339,https://www.statistikdatabasen.scb.se/pxweb/sv/ssd/START__BO__BO0501__BO0501B/FastprisFHRegKv/
Antal,Stockholms län,2022K4,236,https://www.statistikdatabasen.scb.se/pxweb/sv/ssd/START__BO__BO0501__BO0501B/FastprisFHRegKv/
Antal,Stockholms län,2023K1,115,https://www.statistikdatabasen.scb.se/pxweb/sv/ssd/START__BO__BO0501__BO0501B/FastprisFHRegKv/
Antal,Stockholms län,2023K2,282,https://www.statistikdatabasen.scb.se/pxweb/sv/ssd/START__BO__BO0501__BO0501B/FastprisFHRegKv/
Antal,Stockholms län,2023K3,337,https://www.statistikdatabasen.scb.se/pxweb/sv/ssd/START__BO__BO0501__BO0501B/FastprisFHRegKv/
Antal,Stockholms län,2023K4,251,https://www.statistikdatabasen.scb.se/pxweb/sv/ssd/START__BO__BO0501__BO0501B/FastprisFHRegKv/
Antal,Stockholms län,2024K1,127,https://www.statistikdatabasen.scb.se/pxweb/sv/ssd/START__BO__BO0501__BO0501B/FastprisFHRegKv/
Antal,Stockholms län,2024K2,333,https://www.statistikdatabasen.scb.se/pxweb/sv/ssd/START__BO__BO0501__BO0501B/FastprisFHRegKv/
Antal,Stockholms län,2024K3,341,https://www.statistikdatabasen.scb.se/pxweb/sv/ssd/START__BO__BO0501__BO0501B/FastprisFHRegKv/
Antal,Stockholms län,2024K4,304,https://www.statistikdatabasen.scb.se/pxweb/sv/ssd/START__BO__BO0501__BO0501B/FastprisFHRegKv/
Antal,Stockholms län,2025K1,186,https://www.statistikdatabasen.scb.se/pxweb/sv/ssd/START__BO__BO0501__BO0501B/FastprisFHRegKv/
Antal,Stockholms län,2025K2,426,https://www.statistikdatabasen.scb.se/pxweb/sv/ssd/START__BO__BO0501__BO0501B/FastprisFHRegKv/
Antal,Stockholms län,2025K3,443,https://www.statistikdatabasen.scb.se/pxweb/sv/ssd/START__BO__BO0501__BO0501B/FastprisFHRegKv/
Antal,Stockholms län,2025K4,312,https://www.statistikdatabasen.scb.se/pxweb/sv/ssd/START__BO__BO0501__BO0501B/FastprisFHRegKv/
Antal,Stockholms län,2026K1,164,https://www.statistikdatabasen.scb.se/pxweb/sv/ssd/START__BO__BO0501__BO0501B/FastprisFHRegKv/
Antal,Stockholms län,2026K2,366,https://www.statistikdatabasen.scb.se/pxweb/sv/ssd/START__BO__BO0501__BO0501B/FastprisFHRegKv/
"Köpeskilling, medelvärde i tkr",Stockholms län,1998K1,695,https://www.statistikdatabasen.scb.se/pxweb/sv/ssd/START__BO__BO0501__BO0501B/FastprisFHRegKv/
"Köpeskilling, medelvärde i tkr",Stockholms län,1998K2,686,https://www.statistikdatabasen.scb.se/pxweb/sv/ssd/START__BO__BO0501__BO0501B/FastprisFHRegKv/
"Köpeskilling, medelvärde i tkr",Stockholms län,1998K3,716,https://www.statistikdatabasen.scb.se/pxweb/sv/ssd/START__BO__BO0501__BO0501B/FastprisFHRegKv/
"Köpeskilling, medelvärde i tkr",Stockholms län,1998K4,719,https://www.statistikdatabasen.scb.se/pxweb/sv/ssd/START__BO__BO0501__BO0501B/FastprisFHRegKv/
"Köpeskilling, medelvärde i tkr",Stockholms län,1999K1,752,https://www.statistikdatabasen.scb.se/pxweb/sv/ssd/START__BO__BO0501__BO0501B/FastprisFHRegKv/
"Köpeskilling, medelvärde i tkr",Stockholms län,1999K2,769,https://www.statistikdatabasen.scb.se/pxweb/sv/ssd/START__BO__BO0501__BO0501B/FastprisFHRegKv/
"Köpeskilling, medelvärde i tkr",Stockholms län,1999K3,820,https://www.statistikdatabasen.scb.se/pxweb/sv/ssd/START__BO__BO0501__BO0501B/FastprisFHRegKv/
"Köpeskilling, medelvärde i tkr",Stockholms län,1999K4,821,https://www.statistikdatabasen.scb.se/pxweb/sv/ssd/START__BO__BO0501__BO0501B/FastprisFHRegKv/
"Köpeskilling, medelvärde i tkr",Stockholms län,2000K1,804,https://www.statistikdatabasen.scb.se/pxweb/sv/ssd/START__BO__BO0501__BO0501B/FastprisFHRegKv/
"Köpeskilling, medelvärde i tkr",Stockholms län,2000K2,875,https://www.statistikdatabasen.scb.se/pxweb/sv/ssd/START__BO__BO0501__BO0501B/FastprisFHRegKv/
"Köpeskilling, medelvärde i tkr",Stockholms län,2000K3,1004,https://www.statistikdatabasen.scb.se/pxweb/sv/ssd/START__BO__BO0501__BO0501B/FastprisFHRegKv/
"Köpeskilling, medelvärde i tkr",Stockholms län,2000K4,998,https://www.statistikdatabasen.scb.se/pxweb/sv/ssd/START__BO__BO0501__BO0501B/FastprisFHRegKv/
"Köpeskilling, medelvärde i tkr",Stockholms län,2001K1,1091,https://www.statistikdatabasen.scb.se/pxweb/sv/ssd/START__BO__BO0501__BO0501B/FastprisFHRegKv/
"Köpeskilling, medelvärde i tkr",Stockholms län,2001K2,1028,https://www.statistikdatabasen.scb.se/pxweb/sv/ssd/START__BO__BO0501__BO0501B/FastprisFHRegKv/
"Köpeskilling, medelvärde i tkr",Stockholms län,2001K3,1045,https://www.statistikdatabasen.scb.se/pxweb/sv/ssd/START__BO__BO0501__BO0501B/FastprisFHRegKv/
"Köpeskilling, medelvärde i tkr",Stockholms län,2001K4,1084,https://www.statistikdatabasen.scb.se/pxweb/sv/ssd/START__BO__BO0501__BO0501B/FastprisFHRegKv/
"Köpeskilling, medelvärde i tkr",Stockholms län,2002K1,1281,https://www.statistikdatabasen.scb.se/pxweb/sv/ssd/START__BO__BO0501__BO0501B/FastprisFHRegKv/
"Köpeskilling, medelvärde i tkr",Stockholms län,2002K2,1147,https://www.statistikdatabasen.scb.se/pxweb/sv/ssd/START__BO__BO0501__BO0501B/FastprisFHRegKv/
"Köpeskilling, medelvärde i tkr",Stockholms län,2002K3,1126,https://www.statistikdatabasen.scb.se/pxweb/sv/ssd/START__BO__BO0501__BO0501B/FastprisFHRegKv/
"Köpeskilling, medelvärde i tkr",Stockholms län,2002K4,1209,https://www.statistikdatabasen.scb.se/pxweb/sv/ssd/START__BO__BO0501__BO0501B/FastprisFHRegKv/
"Köpeskilling, medelvärde i tkr",Stockholms län,2003K1,1415,https://www.statistikdatabasen.scb.se/pxweb/sv/ssd/START__BO__BO0501__BO0501B/FastprisFHRegKv/
"Köpeskilling, medelvärde i tkr",Stockholms län,2003K2,1229,https://www.statistikdatabasen.scb.se/pxweb/sv/ssd/START__BO__BO0501__BO0501B/FastprisFHRegKv/
"Köpeskilling, medelvärde i tkr",Stockholms län,2003K3,1340,https://www.statistikdatabasen.scb.se/pxweb/sv/ssd/START__BO__BO0501__BO0501B/FastprisFHRegKv/
"Köpeskilling, medelvärde i tkr",Stockholms län,2003K4,1331,https://www.statistikdatabasen.scb.se/pxweb/sv/ssd/START__BO__BO0501__BO0501B/FastprisFHRegKv/
"Köpeskilling, medelvärde i tkr",Stockholms län,2004K1,1409,https://www.statistikdatabasen.scb.se/pxweb/sv/ssd/START__BO__BO0501__BO0501B/FastprisFHRegKv/
"Köpeskilling, medelvärde i tkr",Stockholms län,2004K2,1344,https://www.statistikdatabasen.scb.se/pxweb/sv/ssd/START__BO__BO0501__BO0501B/FastprisFHRegKv/
"Köpeskilling, medelvärde i tkr",Stockholms län,2004K3,1312,https://www.statistikdatabasen.scb.se/pxweb/sv/ssd/START__BO__BO0501__BO0501B/FastprisFHRegKv/
"Köpeskilling, medelvärde i tkr",Stockholms län,2004K4,1361,https://www.statistikdatabasen.scb.se/pxweb/sv/ssd/START__BO__BO0501__BO0501B/FastprisFHRegKv/
"Köpeskilling, medelvärde i tkr",Stockholms län,2005K1,1560,https://www.statistikdatabasen.scb.se/pxweb/sv/ssd/START__BO__BO0501__BO0501B/FastprisFHRegKv/
"Köpeskilling, medelvärde i tkr",Stockholms län,2005K2,1374,https://www.statistikdatabasen.scb.se/pxweb/sv/ssd/START__BO__BO0501__BO0501B/FastprisFHRegKv/
"Köpeskilling, medelvärde i tkr",Stockholms län,2005K3,1441,https://www.statistikdatabasen.scb.se/pxweb/sv/ssd/START__BO__BO0501__BO0501B/FastprisFHRegKv/
"Köpeskilling, medelvärde i tkr",Stockholms län,2005K4,1563,https://www.statistikdatabasen.scb.se/pxweb/sv/ssd/START__BO__BO0501__BO0501B/FastprisFHRegKv/
"Köpeskilling, medelvärde i tkr",Stockholms län,2006K1,1803,https://www.statistikdatabasen.scb.se/pxweb/sv/ssd/START__BO__BO0501__BO0501B/FastprisFHRegKv/
"Köpeskilling, medelvärde i tkr",Stockholms län,2006K2,1611,https://www.statistikdatabasen.scb.se/pxweb/sv/ssd/START__BO__BO0501__BO0501B/FastprisFHRegKv/
"Köpeskilling, medelvärde i tkr",Stockholms län,2006K3,1672,https://www.statistikdatabasen.scb.se/pxweb/sv/ssd/START__BO__BO0501__BO0501B/FastprisFHRegKv/
"Köpeskilling, medelvärde i tkr",Stockholms län,2006K4,1753,https://www.statistikdatabasen.scb.se/pxweb/sv/ssd/START__BO__BO0501__BO0501B/FastprisFHRegKv/
"Köpeskilling, medelvärde i tkr",Stockholms län,2007K1,1875,https://www.statistikdatabasen.scb.se/pxweb/sv/ssd/START__BO__BO0501__BO0501B/FastprisFHRegKv/
"Köpeskilling, medelvärde i tkr",Stockholms län,2007K2,1743,https://www.statistikdatabasen.scb.se/pxweb/sv/ssd/START__BO__BO0501__BO0501B/FastprisFHRegKv/
"Köpeskilling, medelvärde i tkr",Stockholms län,2007K3,1766,https://www.statistikdatabasen.scb.se/pxweb/sv/ssd/START__BO__BO0501__BO0501B/FastprisFHRegKv/
"Köpeskilling, medelvärde i tkr",Stockholms län,2007K4,1920,https://www.statistikdatabasen.scb.se/pxweb/sv/ssd/START__BO__BO0501__BO0501B/FastprisFHRegKv/
"Köpeskilling, medelvärde i tkr",Stockholms län,2008K1,2071,https://www.statistikdatabasen.scb.se/pxweb/sv/ssd/START__BO__BO0501__BO0501B/FastprisFHRegKv/
"Köpeskilling, medelvärde i tkr",Stockholms län,2008K2,1960,https://www.statistikdatabasen.scb.se/pxweb/sv/ssd/START__BO__BO0501__BO0501B/FastprisFHRegKv/
"Köpeskilling, medelvärde i tkr",Stockholms län,2008K3,2005,https://www.statistikdatabasen.scb.se/pxweb/sv/ssd/START__BO__BO0501__BO0501B/FastprisFHRegKv/
"Köpeskilling, medelvärde i tkr",Stockholms län,2008K4,2042,https://www.statistikdatabasen.scb.se/pxweb/sv/ssd/START__BO__BO0501__BO0501B/FastprisFHRegKv/
"Köpeskilling, medelvärde i tkr",Stockholms län,2009K1,1970,https://www.statistikdatabasen.scb.se/pxweb/sv/ssd/START__BO__BO0501__BO0501B/FastprisFHRegKv/
"Köpeskilling, medelvärde i tkr",Stockholms län,2009K2,2009,https://www.statistikdatabasen.scb.se/pxweb/sv/ssd/START__BO__BO0501__BO0501B/FastprisFHRegKv/
"Köpeskilling, medelvärde i tkr",Stockholms län,2009K3,2125,https://www.statistikdatabasen.scb.se/pxweb/sv/ssd/START__BO__BO0501__BO0501B/FastprisFHRegKv/
"Köpeskilling, medelvärde i tkr",Stockholms län,2009K4,2322,https://www.statistikdatabasen.scb.se/pxweb/sv/ssd/START__BO__BO0501__BO0501B/FastprisFHRegKv/
"Köpeskilling, medelvärde i tkr",Stockholms län,2010K1,2436,https://www.statistikdatabasen.scb.se/pxweb/sv/ssd/START__BO__BO0501__BO0501B/FastprisFHRegKv/
"Köpeskilling, medelvärde i tkr",Stockholms län,2010K2,2260,https://www.statistikdatabasen.scb.se/pxweb/sv/ssd/START__BO__BO0501__BO0501B/FastprisFHRegKv/
"Köpeskilling, medelvärde i tkr",Stockholms län,2010K3,2184,https://www.statistikdatabasen.scb.se/pxweb/sv/ssd/START__BO__BO0501__BO0501B/FastprisFHRegKv/
"Köpeskilling, medelvärde i tkr",Stockholms län,2010K4,2160,https://www.statistikdatabasen.scb.se/pxweb/sv/ssd/START__BO__BO0501__BO0501B/FastprisFHRegKv/
"Köpeskilling, medelvärde i tkr",Stockholms län,2011K1,2630,https://www.statistikdatabasen.scb.se/pxweb/sv/ssd/START__BO__BO0501__BO0501B/FastprisFHRegKv/
"Köpeskilling, medelvärde i tkr",Stockholms län,2011K2,2406,https://www.statistikdatabasen.scb.se/pxweb/sv/ssd/START__BO__BO0501__BO0501B/FastprisFHRegKv/
"Köpeskilling, medelvärde i tkr",Stockholms län,2011K3,2189,https://www.statistikdatabasen.scb.se/pxweb/sv/ssd/START__BO__BO0501__BO0501B/FastprisFHRegKv/
"Köpeskilling, medelvärde i tkr",Stockholms län,2011K4,2380,https://www.statistikdatabasen.scb.se/pxweb/sv/ssd/START__BO__BO0501__BO0501B/FastprisFHRegKv/
"Köpeskilling, medelvärde i tkr",Stockholms län,2012K1,2173,https://www.statistikdatabasen.scb.se/pxweb/sv/ssd/START__BO__BO0501__BO0501B/FastprisFHRegKv/
"Köpeskilling, medelvärde i tkr",Stockholms län,2012K2,2104,https://www.statistikdatabasen.scb.se/pxweb/sv/ssd/START__BO__BO0501__BO0501B/FastprisFHRegKv/
"Köpeskilling, medelvärde i tkr",Stockholms län,2012K3,2137,https://www.statistikdatabasen.scb.se/pxweb/sv/ssd/START__BO__BO0501__BO0501B/FastprisFHRegKv/
"Köpeskilling, medelvärde i tkr",Stockholms län,2012K4,2147,https://www.statistikdatabasen.scb.se/pxweb/sv/ssd/START__BO__BO0501__BO0501B/FastprisFHRegKv/
"Köpeskilling, medelvärde i tkr",Stockholms län,2013K1,2481,https://www.statistikdatabasen.scb.se/pxweb/sv/ssd/START__BO__BO0501__BO0501B/FastprisFHRegKv/
"Köpeskilling, medelvärde i tkr",Stockholms län,2013K2,2430,https://www.statistikdatabasen.scb.se/pxweb/sv/ssd/START__BO__BO0501__BO0501B/FastprisFHRegKv/
"Köpeskilling, medelvärde i tkr",Stockholms län,2013K3,2257,https://www.statistikdatabasen.scb.se/pxweb/sv/ssd/START__BO__BO0501__BO0501B/FastprisFHRegKv/
"Köpeskilling, medelvärde i tkr",Stockholms län,2013K4,2262,https://www.statistikdatabasen.scb.se/pxweb/sv/ssd/START__BO__BO0501__BO0501B/FastprisFHRegKv/
"Köpeskilling, medelvärde i tkr",Stockholms län,2014K1,2535,https://www.statistikdatabasen.scb.se/pxweb/sv/ssd/START__BO__BO0501__BO0501B/FastprisFHRegKv/
"Köpeskilling, medelvärde i tkr",Stockholms län,2014K2,2463,https://www.statistikdatabasen.scb.se/pxweb/sv/ssd/START__BO__BO0501__BO0501B/FastprisFHRegKv/
"Köpeskilling, medelvärde i tkr",Stockholms län,2014K3,2480,https://www.statistikdatabasen.scb.se/pxweb/sv/ssd/START__BO__BO0501__BO0501B/FastprisFHRegKv/
"Köpeskilling, medelvärde i tkr",Stockholms län,2014K4,2532,https://www.statistikdatabasen.scb.se/pxweb/sv/ssd/START__BO__BO0501__BO0501B/FastprisFHRegKv/
"Köpeskilling, medelvärde i tkr",Stockholms län,2015K1,3388,https://www.statistikdatabasen.scb.se/pxweb/sv/ssd/START__BO__BO0501__BO0501B/FastprisFHRegKv/
"Köpeskilling, medelvärde i tkr",Stockholms län,2015K2,2919,https://www.statistikdatabasen.scb.se/pxweb/sv/ssd/START__BO__BO0501__BO0501B/FastprisFHRegKv/
"Köpeskilling, medelvärde i tkr",Stockholms län,2015K3,2893,https://www.statistikdatabasen.scb.se/pxweb/sv/ssd/START__BO__BO0501__BO0501B/FastprisFHRegKv/
"Köpeskilling, medelvärde i tkr",Stockholms län,2015K4,3215,https://www.statistikdatabasen.scb.se/pxweb/sv/ssd/START__BO__BO0501__BO0501B/FastprisFHRegKv/
"Köpeskilling, medelvärde i tkr",Stockholms län,2016K1,3413,https://www.statistikdatabasen.scb.se/pxweb/sv/ssd/START__BO__BO0501__BO0501B/FastprisFHRegKv/
"Köpeskilling, medelvärde i tkr",Stockholms län,2016K2,3136,https://www.statistikdatabasen.scb.se/pxweb/sv/ssd/START__BO__BO0501__BO0501B/FastprisFHRegKv/
"Köpeskilling, medelvärde i tkr",Stockholms län,2016K3,3263,https://www.statistikdatabasen.scb.se/pxweb/sv/ssd/START__BO__BO0501__BO0501B/FastprisFHRegKv/
"Köpeskilling, medelvärde i tkr",Stockholms län,2016K4,3581,https://www.statistikdatabasen.scb.se/pxweb/sv/ssd/START__BO__BO0501__BO0501B/FastprisFHRegKv/
"Köpeskilling, medelvärde i tkr",Stockholms län,2017K1,4387,https://www.statistikdatabasen.scb.se/pxweb/sv/ssd/START__BO__BO0501__BO0501B/FastprisFHRegKv/
"Köpeskilling, medelvärde i tkr",Stockholms län,2017K2,3607,https://www.statistikdatabasen.scb.se/pxweb/sv/ssd/START__BO__BO0501__BO0501B/FastprisFHRegKv/
"Köpeskilling, medelvärde i tkr",Stockholms län,2017K3,3435,https://www.statistikdatabasen.scb.se/pxweb/sv/ssd/START__BO__BO0501__BO0501B/FastprisFHRegKv/
"Köpeskilling, medelvärde i tkr",Stockholms län,2017K4,3871,https://www.statistikdatabasen.scb.se/pxweb/sv/ssd/START__BO__BO0501__BO0501B/FastprisFHRegKv/
"Köpeskilling, medelvärde i tkr",Stockholms län,2018K1,4133,https://www.statistikdatabasen.scb.se/pxweb/sv/ssd/START__BO__BO0501__BO0501B/FastprisFHRegKv/
"Köpeskilling, medelvärde i tkr",Stockholms län,2018K2,3642,https://www.statistikdatabasen.scb.se/pxweb/sv/ssd/START__BO__BO0501__BO0501B/FastprisFHRegKv/
"Köpeskilling, medelvärde i tkr",Stockholms län,2018K3,3455,https://www.statistikdatabasen.scb.se/pxweb/sv/ssd/START__BO__BO0501__BO0501B/FastprisFHRegKv/
"Köpeskilling, medelvärde i tkr",Stockholms län,2018K4,3439,https://www.statistikdatabasen.scb.se/pxweb/sv/ssd/START__BO__BO0501__BO0501B/FastprisFHRegKv/
"Köpeskilling, medelvärde i tkr",Stockholms län,2019K1,4525,https://www.statistikdatabasen.scb.se/pxweb/sv/ssd/START__BO__BO0501__BO0501B/FastprisFHRegKv/
"Köpeskilling, medelvärde i tkr",Stockholms län,2019K2,3568,https://www.statistikdatabasen.scb.se/pxweb/sv/ssd/START__BO__BO0501__BO0501B/FastprisFHRegKv/
"Köpeskilling, medelvärde i tkr",Stockholms län,2019K3,3801,https://www.statistikdatabasen.scb.se/pxweb/sv/ssd/START__BO__BO0501__BO0501B/FastprisFHRegKv/
"Köpeskilling, medelvärde i tkr",Stockholms län,2019K4,3553,https://www.statistikdatabasen.scb.se/pxweb/sv/ssd/START__BO__BO0501__BO0501B/FastprisFHRegKv/
"Köpeskilling, medelvärde i tkr",Stockholms län,2020K1,3762,https://www.statistikdatabasen.scb.se/pxweb/sv/ssd/START__BO__BO0501__BO0501B/FastprisFHRegKv/
"Köpeskilling, medelvärde i tkr",Stockholms län,2020K2,3646,https://www.statistikdatabasen.scb.se/pxweb/sv/ssd/START__BO__BO0501__BO0501B/FastprisFHRegKv/
"Köpeskilling, medelvärde i tkr",Stockholms län,2020K3,4094,https://www.statistikdatabasen.scb.se/pxweb/sv/ssd/START__BO__BO0501__BO0501B/FastprisFHRegKv/
"Köpeskilling, medelvärde i tkr",Stockholms län,2020K4,4121,https://www.statistikdatabasen.scb.se/pxweb/sv/ssd/START__BO__BO0501__BO0501B/FastprisFHRegKv/
"Köpeskilling, medelvärde i tkr",Stockholms län,2021K1,4880,https://www.statistikdatabasen.scb.se/pxweb/sv/ssd/START__BO__BO0501__BO0501B/FastprisFHRegKv/
"Köpeskilling, medelvärde i tkr",Stockholms län,2021K2,4626,https://www.statistikdatabasen.scb.se/pxweb/sv/ssd/START__BO__BO0501__BO0501B/FastprisFHRegKv/
"Köpeskilling, medelvärde i tkr",Stockholms län,2021K3,4828,https://www.statistikdatabasen.scb.se/pxweb/sv/ssd/START__BO__BO0501__BO0501B/FastprisFHRegKv/
"Köpeskilling, medelvärde i tkr",Stockholms län,2021K4,4780,https://www.statistikdatabasen.scb.se/pxweb/sv/ssd/START__BO__BO0501__BO0501B/FastprisFHRegKv/
"Köpeskilling, medelvärde i tkr",Stockholms län,2022K1,5659,https://www.statistikdatabasen.scb.se/pxweb/sv/ssd/START__BO__BO0501__BO0501B/FastprisFHRegKv/
"Köpeskilling, medelvärde i tkr",Stockholms län,2022K2,4007,https://www.statistikdatabasen.scb.se/pxweb/sv/ssd/START__BO__BO0501__BO0501B/FastprisFHRegKv/
"Köpeskilling, medelvärde i tkr",Stockholms län,2022K3,4464,https://www.statistikdatabasen.scb.se/pxweb/sv/ssd/START__BO__BO0501__BO0501B/FastprisFHRegKv/
"Köpeskilling, medelvärde i tkr",Stockholms län,2022K4,4289,https://www.statistikdatabasen.scb.se/pxweb/sv/ssd/START__BO__BO0501__BO0501B/FastprisFHRegKv/
"Köpeskilling, medelvärde i tkr",Stockholms län,2023K1,4362,https://www.statistikdatabasen.scb.se/pxweb/sv/ssd/START__BO__BO0501__BO0501B/FastprisFHRegKv/
"Köpeskilling, medelvärde i tkr",Stockholms län,2023K2,4501,https://www.statistikdatabasen.scb.se/pxweb/sv/ssd/START__BO__BO0501__BO0501B/FastprisFHRegKv/
"Köpeskilling, medelvärde i tkr",Stockholms län,2023K3,4223,https://www.statistikdatabasen.scb.se/pxweb/sv/ssd/START__BO__BO0501__BO0501B/FastprisFHRegKv/
"Köpeskilling, medelvärde i tkr",Stockholms län,2023K4,4233,https://www.statistikdatabasen.scb.se/pxweb/sv/ssd/START__BO__BO0501__BO0501B/FastprisFHRegKv/
"Köpeskilling, medelvärde i tkr",Stockholms län,2024K1,5317,https://www.statistikdatabasen.scb.se/pxweb/sv/ssd/START__BO__BO0501__BO0501B/FastprisFHRegKv/
"Köpeskilling, medelvärde i tkr",Stockholms län,2024K2,4124,https://www.statistikdatabasen.scb.se/pxweb/sv/ssd/START__BO__BO0501__BO0501B/FastprisFHRegKv/
"Köpeskilling, medelvärde i tkr",Stockholms län,2024K3,4152,https://www.statistikdatabasen.scb.se/pxweb/sv/ssd/START__BO__BO0501__BO0501B/FastprisFHRegKv/
"Köpeskilling, medelvärde i tkr",Stockholms län,2024K4,4943,https://www.statistikdatabasen.scb.se/pxweb/sv/ssd/START__BO__BO0501__BO0501B/FastprisFHRegKv/
"Köpeskilling, medelvärde i tkr",Stockholms län,2025K1,4757,https://www.statistikdatabasen.scb.se/pxweb/sv/ssd/START__BO__BO0501__BO0501B/FastprisFHRegKv/
"Köpeskilling, medelvärde i tkr",Stockholms län,2025K2,4199,https://www.statistikdatabasen.scb.se/pxweb/sv/ssd/START__BO__BO0501__BO0501B/FastprisFHRegKv/
"Köpeskilling, medelvärde i tkr",Stockholms län,2025K3,4271,https://www.statistikdatabasen.scb.se/pxweb/sv/ssd/START__BO__BO0501__BO0501B/FastprisFHRegKv/
"Köpeskilling, medelvärde i tkr",Stockholms län,2025K4,4651,https://www.statistikdatabasen.scb.se/pxweb/sv/ssd/START__BO__BO0501__BO0501B/FastprisFHRegKv/
"Köpeskilling, medelvärde i tkr",Stockholms län,2026K1,4816,https://www.statistikdatabasen.scb.se/pxweb/sv/ssd/START__BO__BO0501__BO0501B/FastprisFHRegKv/
"Köpeskilling, medelvärde i tkr",Stockholms län,2026K2,4179,https://www.statistikdatabasen.scb.se/pxweb/sv/ssd/START__BO__BO0501__BO0501B/FastprisFHRegKv/
"Bas-/taxeringsvärde, medelvärde i tkr",Stockholms län,1998K1,402,https://www.statistikdatabasen.scb.se/pxweb/sv/ssd/START__BO__BO0501__BO0501B/FastprisFHRegKv/
"Bas-/taxeringsvärde, medelvärde i tkr",Stockholms län,1998K2,377,https://www.statistikdatabasen.scb.se/pxweb/sv/ssd/START__BO__BO0501__BO0501B/FastprisFHRegKv/
"Bas-/taxeringsvärde, medelvärde i tkr",Stockholms län,1998K3,383,https://www.statistikdatabasen.scb.se/pxweb/sv/ssd/START__BO__BO0501__BO0501B/FastprisFHRegKv/
"Bas-/taxeringsvärde, medelvärde i tkr",Stockholms län,1998K4,383,https://www.statistikdatabasen.scb.se/pxweb/sv/ssd/START__BO__BO0501__BO0501B/FastprisFHRegKv/
"Bas-/taxeringsvärde, medelvärde i tkr",Stockholms län,1999K1,411,https://www.statistikdatabasen.scb.se/pxweb/sv/ssd/START__BO__BO0501__BO0501B/FastprisFHRegKv/
"Bas-/taxeringsvärde, medelvärde i tkr",Stockholms län,1999K2,368,https://www.statistikdatabasen.scb.se/pxweb/sv/ssd/START__BO__BO0501__BO0501B/FastprisFHRegKv/
"Bas-/taxeringsvärde, medelvärde i tkr",Stockholms län,1999K3,397,https://www.statistikdatabasen.scb.se/pxweb/sv/ssd/START__BO__BO0501__BO0501B/FastprisFHRegKv/
"Bas-/taxeringsvärde, medelvärde i tkr",Stockholms län,1999K4,386,https://www.statistikdatabasen.scb.se/pxweb/sv/ssd/START__BO__BO0501__BO0501B/FastprisFHRegKv/
"Bas-/taxeringsvärde, medelvärde i tkr",Stockholms län,2000K1,373,https://www.statistikdatabasen.scb.se/pxweb/sv/ssd/START__BO__BO0501__BO0501B/FastprisFHRegKv/
"Bas-/taxeringsvärde, medelvärde i tkr",Stockholms län,2000K2,359,https://www.statistikdatabasen.scb.se/pxweb/sv/ssd/START__BO__BO0501__BO0501B/FastprisFHRegKv/
"Bas-/taxeringsvärde, medelvärde i tkr",Stockholms län,2000K3,377,https://www.statistikdatabasen.scb.se/pxweb/sv/ssd/START__BO__BO0501__BO0501B/FastprisFHRegKv/
"Bas-/taxeringsvärde, medelvärde i tkr",Stockholms län,2000K4,380,https://www.statistikdatabasen.scb.se/pxweb/sv/ssd/START__BO__BO0501__BO0501B/FastprisFHRegKv/
"Bas-/taxeringsvärde, medelvärde i tkr",Stockholms län,2001K1,400,https://www.statistikdatabasen.scb.se/pxweb/sv/ssd/START__BO__BO0501__BO0501B/FastprisFHRegKv/
"Bas-/taxeringsvärde, medelvärde i tkr",Stockholms län,2001K2,360,https://www.statistikdatabasen.scb.se/pxweb/sv/ssd/START__BO__BO0501__BO0501B/FastprisFHRegKv/
"Bas-/taxeringsvärde, medelvärde i tkr",Stockholms län,2001K3,367,https://www.statistikdatabasen.scb.se/pxweb/sv/ssd/START__BO__BO0501__BO0501B/FastprisFHRegKv/
"Bas-/taxeringsvärde, medelvärde i tkr",Stockholms län,2001K4,383,https://www.statistikdatabasen.scb.se/pxweb/sv/ssd/START__BO__BO0501__BO0501B/FastprisFHRegKv/
"Bas-/taxeringsvärde, medelvärde i tkr",Stockholms län,2002K1,438,https://www.statistikdatabasen.scb.se/pxweb/sv/ssd/START__BO__BO0501__BO0501B/FastprisFHRegKv/
"Bas-/taxeringsvärde, medelvärde i tkr",Stockholms län,2002K2,368,https://www.statistikdatabasen.scb.se/pxweb/sv/ssd/START__BO__BO0501__BO0501B/FastprisFHRegKv/
"Bas-/taxeringsvärde, medelvärde i tkr",Stockholms län,2002K3,374,https://www.statistikdatabasen.scb.se/pxweb/sv/ssd/START__BO__BO0501__BO0501B/FastprisFHRegKv/
"Bas-/taxeringsvärde, medelvärde i tkr",Stockholms län,2002K4,389,https://www.statistikdatabasen.scb.se/pxweb/sv/ssd/START__BO__BO0501__BO0501B/FastprisFHRegKv/
"Bas-/taxeringsvärde, medelvärde i tkr",Stockholms län,2003K1,838,https://www.statistikdatabasen.scb.se/pxweb/sv/ssd/START__BO__BO0501__BO0501B/FastprisFHRegKv/
"Bas-/taxeringsvärde, medelvärde i tkr",Stockholms län,2003K2,739,https://www.statistikdatabasen.scb.se/pxweb/sv/ssd/START__BO__BO0501__BO0501B/FastprisFHRegKv/
"Bas-/taxeringsvärde, medelvärde i tkr",Stockholms län,2003K3,788,https://www.statistikdatabasen.scb.se/pxweb/sv/ssd/START__BO__BO0501__BO0501B/FastprisFHRegKv/
"Bas-/taxeringsvärde, medelvärde i tkr",Stockholms län,2003K4,759,https://www.statistikdatabasen.scb.se/pxweb/sv/ssd/START__BO__BO0501__BO0501B/FastprisFHRegKv/
"Bas-/taxeringsvärde, medelvärde i tkr",Stockholms län,2004K1,784,https://www.statistikdatabasen.scb.se/pxweb/sv/ssd/START__BO__BO0501__BO0501B/FastprisFHRegKv/
"Bas-/taxeringsvärde, medelvärde i tkr",Stockholms län,2004K2,709,https://www.statistikdatabasen.scb.se/pxweb/sv/ssd/START__BO__BO0501__BO0501B/FastprisFHRegKv/
"Bas-/taxeringsvärde, medelvärde i tkr",Stockholms län,2004K3,698,https://www.statistikdatabasen.scb.se/pxweb/sv/ssd/START__BO__BO0501__BO0501B/FastprisFHRegKv/
"Bas-/taxeringsvärde, medelvärde i tkr",Stockholms län,2004K4,733,https://www.statistikdatabasen.scb.se/pxweb/sv/ssd/START__BO__BO0501__BO0501B/FastprisFHRegKv/
"Bas-/taxeringsvärde, medelvärde i tkr",Stockholms län,2005K1,771,https://www.statistikdatabasen.scb.se/pxweb/sv/ssd/START__BO__BO0501__BO0501B/FastprisFHRegKv/
"Bas-/taxeringsvärde, medelvärde i tkr",Stockholms län,2005K2,696,https://www.statistikdatabasen.scb.se/pxweb/sv/ssd/START__BO__BO0501__BO0501B/FastprisFHRegKv/
"Bas-/taxeringsvärde, medelvärde i tkr",Stockholms län,2005K3,703,https://www.statistikdatabasen.scb.se/pxweb/sv/ssd/START__BO__BO0501__BO0501B/FastprisFHRegKv/
"Bas-/taxeringsvärde, medelvärde i tkr",Stockholms län,2005K4,727,https://www.statistikdatabasen.scb.se/pxweb/sv/ssd/START__BO__BO0501__BO0501B/FastprisFHRegKv/
"Bas-/taxeringsvärde, medelvärde i tkr",Stockholms län,2006K1,1148,https://www.statistikdatabasen.scb.se/pxweb/sv/ssd/START__BO__BO0501__BO0501B/FastprisFHRegKv/
"Bas-/taxeringsvärde, medelvärde i tkr",Stockholms län,2006K2,937,https://www.statistikdatabasen.scb.se/pxweb/sv/ssd/START__BO__BO0501__BO0501B/FastprisFHRegKv/
"Bas-/taxeringsvärde, medelvärde i tkr",Stockholms län,2006K3,970,https://www.statistikdatabasen.scb.se/pxweb/sv/ssd/START__BO__BO0501__BO0501B/FastprisFHRegKv/
"Bas-/taxeringsvärde, medelvärde i tkr",Stockholms län,2006K4,1020,https://www.statistikdatabasen.scb.se/pxweb/sv/ssd/START__BO__BO0501__BO0501B/FastprisFHRegKv/
"Bas-/taxeringsvärde, medelvärde i tkr",Stockholms län,2007K1,1065,https://www.statistikdatabasen.scb.se/pxweb/sv/ssd/START__BO__BO0501__BO0501B/FastprisFHRegKv/
"Bas-/taxeringsvärde, medelvärde i tkr",Stockholms län,2007K2,878,https://www.statistikdatabasen.scb.se/pxweb/sv/ssd/START__BO__BO0501__BO0501B/FastprisFHRegKv/
"Bas-/taxeringsvärde, medelvärde i tkr",Stockholms län,2007K3,870,https://www.statistikdatabasen.scb.se/pxweb/sv/ssd/START__BO__BO0501__BO0501B/FastprisFHRegKv/
"Bas-/taxeringsvärde, medelvärde i tkr",Stockholms län,2007K4,938,https://www.statistikdatabasen.scb.se/pxweb/sv/ssd/START__BO__BO0501__BO0501B/FastprisFHRegKv/
"Bas-/taxeringsvärde, medelvärde i tkr",Stockholms län,2008K1,1050,https://www.statistikdatabasen.scb.se/pxweb/sv/ssd/START__BO__BO0501__BO0501B/FastprisFHRegKv/
"Bas-/taxeringsvärde, medelvärde i tkr",Stockholms län,2008K2,925,https://www.statistikdatabasen.scb.se/pxweb/sv/ssd/START__BO__BO0501__BO0501B/FastprisFHRegKv/
"Bas-/taxeringsvärde, medelvärde i tkr",Stockholms län,2008K3,942,https://www.statistikdatabasen.scb.se/pxweb/sv/ssd/START__BO__BO0501__BO0501B/FastprisFHRegKv/
"Bas-/taxeringsvärde, medelvärde i tkr",Stockholms län,2008K4,1026,https://www.statistikdatabasen.scb.se/pxweb/sv/ssd/START__BO__BO0501__BO0501B/FastprisFHRegKv/
"Bas-/taxeringsvärde, medelvärde i tkr",Stockholms län,2009K1,1451,https://www.statistikdatabasen.scb.se/pxweb/sv/ssd/START__BO__BO0501__BO0501B/FastprisFHRegKv/
"Bas-/taxeringsvärde, medelvärde i tkr",Stockholms län,2009K2,1351,https://www.statistikdatabasen.scb.se/pxweb/sv/ssd/START__BO__BO0501__BO0501B/FastprisFHRegKv/
"Bas-/taxeringsvärde, medelvärde i tkr",Stockholms län,2009K3,1431,https://www.statistikdatabasen.scb.se/pxweb/sv/ssd/START__BO__BO0501__BO0501B/FastprisFHRegKv/
"Bas-/taxeringsvärde, medelvärde i tkr",Stockholms län,2009K4,1520,https://www.statistikdatabasen.scb.se/pxweb/sv/ssd/START__BO__BO0501__BO0501B/FastprisFHRegKv/
"Bas-/taxeringsvärde, medelvärde i tkr",Stockholms län,2010K1,1625,https://www.statistikdatabasen.scb.se/pxweb/sv/ssd/START__BO__BO0501__BO0501B/FastprisFHRegKv/
"Bas-/taxeringsvärde, medelvärde i tkr",Stockholms län,2010K2,1392,https://www.statistikdatabasen.scb.se/pxweb/sv/ssd/START__BO__BO0501__BO0501B/FastprisFHRegKv/
"Bas-/taxeringsvärde, medelvärde i tkr",Stockholms län,2010K3,1404,https://www.statistikdatabasen.scb.se/pxweb/sv/ssd/START__BO__BO0501__BO0501B/FastprisFHRegKv/
"Bas-/taxeringsvärde, medelvärde i tkr",Stockholms län,2010K4,1352,https://www.statistikdatabasen.scb.se/pxweb/sv/ssd/START__BO__BO0501__BO0501B/FastprisFHRegKv/
"Bas-/taxeringsvärde, medelvärde i tkr",Stockholms län,2011K1,1639,https://www.statistikdatabasen.scb.se/pxweb/sv/ssd/START__BO__BO0501__BO0501B/FastprisFHRegKv/
"Bas-/taxeringsvärde, medelvärde i tkr",Stockholms län,2011K2,1412,https://www.statistikdatabasen.scb.se/pxweb/sv/ssd/START__BO__BO0501__BO0501B/FastprisFHRegKv/
"Bas-/taxeringsvärde, medelvärde i tkr",Stockholms län,2011K3,1366,https://www.statistikdatabasen.scb.se/pxweb/sv/ssd/START__BO__BO0501__BO0501B/FastprisFHRegKv/
"Bas-/taxeringsvärde, medelvärde i tkr",Stockholms län,2011K4,1503,https://www.statistikdatabasen.scb.se/pxweb/sv/ssd/START__BO__BO0501__BO0501B/FastprisFHRegKv/
"Bas-/taxeringsvärde, medelvärde i tkr",Stockholms län,2012K1,1688,https://www.statistikdatabasen.scb.se/pxweb/sv/ssd/START__BO__BO0501__BO0501B/FastprisFHRegKv/
"Bas-/taxeringsvärde, medelvärde i tkr",Stockholms län,2012K2,1453,https://www.statistikdatabasen.scb.se/pxweb/sv/ssd/START__BO__BO0501__BO0501B/FastprisFHRegKv/
"Bas-/taxeringsvärde, medelvärde i tkr",Stockholms län,2012K3,1521,https://www.statistikdatabasen.scb.se/pxweb/sv/ssd/START__BO__BO0501__BO0501B/FastprisFHRegKv/
"Bas-/taxeringsvärde, medelvärde i tkr",Stockholms län,2012K4,1507,https://www.statistikdatabasen.scb.se/pxweb/sv/ssd/START__BO__BO0501__BO0501B/FastprisFHRegKv/
"Bas-/taxeringsvärde, medelvärde i tkr",Stockholms län,2013K1,1770,https://www.statistikdatabasen.scb.se/pxweb/sv/ssd/START__BO__BO0501__BO0501B/FastprisFHRegKv/
"Bas-/taxeringsvärde, medelvärde i tkr",Stockholms län,2013K2,1578,https://www.statistikdatabasen.scb.se/pxweb/sv/ssd/START__BO__BO0501__BO0501B/FastprisFHRegKv/
"Bas-/taxeringsvärde, medelvärde i tkr",Stockholms län,2013K3,1516,https://www.statistikdatabasen.scb.se/pxweb/sv/ssd/START__BO__BO0501__BO0501B/FastprisFHRegKv/
"Bas-/taxeringsvärde, medelvärde i tkr",Stockholms län,2013K4,1522,https://www.statistikdatabasen.scb.se/pxweb/sv/ssd/START__BO__BO0501__BO0501B/FastprisFHRegKv/
"Bas-/taxeringsvärde, medelvärde i tkr",Stockholms län,2014K1,1712,https://www.statistikdatabasen.scb.se/pxweb/sv/ssd/START__BO__BO0501__BO0501B/FastprisFHRegKv/
"Bas-/taxeringsvärde, medelvärde i tkr",Stockholms län,2014K2,1578,https://www.statistikdatabasen.scb.se/pxweb/sv/ssd/START__BO__BO0501__BO0501B/FastprisFHRegKv/
"Bas-/taxeringsvärde, medelvärde i tkr",Stockholms län,2014K3,1636,https://www.statistikdatabasen.scb.se/pxweb/sv/ssd/START__BO__BO0501__BO0501B/FastprisFHRegKv/
"Bas-/taxeringsvärde, medelvärde i tkr",Stockholms län,2014K4,1603,https://www.statistikdatabasen.scb.se/pxweb/sv/ssd/START__BO__BO0501__BO0501B/FastprisFHRegKv/
"Bas-/taxeringsvärde, medelvärde i tkr",Stockholms län,2015K1,2260,https://www.statistikdatabasen.scb.se/pxweb/sv/ssd/START__BO__BO0501__BO0501B/FastprisFHRegKv/
"Bas-/taxeringsvärde, medelvärde i tkr",Stockholms län,2015K2,1731,https://www.statistikdatabasen.scb.se/pxweb/sv/ssd/START__BO__BO0501__BO0501B/FastprisFHRegKv/
"Bas-/taxeringsvärde, medelvärde i tkr",Stockholms län,2015K3,1733,https://www.statistikdatabasen.scb.se/pxweb/sv/ssd/START__BO__BO0501__BO0501B/FastprisFHRegKv/
"Bas-/taxeringsvärde, medelvärde i tkr",Stockholms län,2015K4,1849,https://www.statistikdatabasen.scb.se/pxweb/sv/ssd/START__BO__BO0501__BO0501B/FastprisFHRegKv/
"Bas-/taxeringsvärde, medelvärde i tkr",Stockholms län,2016K1,1986,https://www.statistikdatabasen.scb.se/pxweb/sv/ssd/START__BO__BO0501__BO0501B/FastprisFHRegKv/
"Bas-/taxeringsvärde, medelvärde i tkr",Stockholms län,2016K2,1623,https://www.statistikdatabasen.scb.se/pxweb/sv/ssd/START__BO__BO0501__BO0501B/FastprisFHRegKv/
"Bas-/taxeringsvärde, medelvärde i tkr",Stockholms län,2016K3,1791,https://www.statistikdatabasen.scb.se/pxweb/sv/ssd/START__BO__BO0501__BO0501B/FastprisFHRegKv/
"Bas-/taxeringsvärde, medelvärde i tkr",Stockholms län,2016K4,1912,https://www.statistikdatabasen.scb.se/pxweb/sv/ssd/START__BO__BO0501__BO0501B/FastprisFHRegKv/
"Bas-/taxeringsvärde, medelvärde i tkr",Stockholms län,2017K1,2236,https://www.statistikdatabasen.scb.se/pxweb/sv/ssd/START__BO__BO0501__BO0501B/FastprisFHRegKv/
"Bas-/taxeringsvärde, medelvärde i tkr",Stockholms län,2017K2,1745,https://www.statistikdatabasen.scb.se/pxweb/sv/ssd/START__BO__BO0501__BO0501B/FastprisFHRegKv/
"Bas-/taxeringsvärde, medelvärde i tkr",Stockholms län,2017K3,1683,https://www.statistikdatabasen.scb.se/pxweb/sv/ssd/START__BO__BO0501__BO0501B/FastprisFHRegKv/
"Bas-/taxeringsvärde, medelvärde i tkr",Stockholms län,2017K4,1884,https://www.statistikdatabasen.scb.se/pxweb/sv/ssd/START__BO__BO0501__BO0501B/FastprisFHRegKv/
"Bas-/taxeringsvärde, medelvärde i tkr",Stockholms län,2018K1,2901,https://www.statistikdatabasen.scb.se/pxweb/sv/ssd/START__BO__BO0501__BO0501B/FastprisFHRegKv/
"Bas-/taxeringsvärde, medelvärde i tkr",Stockholms län,2018K2,2360,https://www.statistikdatabasen.scb.se/pxweb/sv/ssd/START__BO__BO0501__BO0501B/FastprisFHRegKv/
"Bas-/taxeringsvärde, medelvärde i tkr",Stockholms län,2018K3,2279,https://www.statistikdatabasen.scb.se/pxweb/sv/ssd/START__BO__BO0501__BO0501B/FastprisFHRegKv/
"Bas-/taxeringsvärde, medelvärde i tkr",Stockholms län,2018K4,2277,https://www.statistikdatabasen.scb.se/pxweb/sv/ssd/START__BO__BO0501__BO0501B/FastprisFHRegKv/
"Bas-/taxeringsvärde, medelvärde i tkr",Stockholms län,2019K1,3036,https://www.statistikdatabasen.scb.se/pxweb/sv/ssd/START__BO__BO0501__BO0501B/FastprisFHRegKv/
"Bas-/taxeringsvärde, medelvärde i tkr",Stockholms län,2019K2,2302,https://www.statistikdatabasen.scb.se/pxweb/sv/ssd/START__BO__BO0501__BO0501B/FastprisFHRegKv/
"Bas-/taxeringsvärde, medelvärde i tkr",Stockholms län,2019K3,2513,https://www.statistikdatabasen.scb.se/pxweb/sv/ssd/START__BO__BO0501__BO0501B/FastprisFHRegKv/
"Bas-/taxeringsvärde, medelvärde i tkr",Stockholms län,2019K4,2387,https://www.statistikdatabasen.scb.se/pxweb/sv/ssd/START__BO__BO0501__BO0501B/FastprisFHRegKv/
"Bas-/taxeringsvärde, medelvärde i tkr",Stockholms län,2020K1,2440,https://www.statistikdatabasen.scb.se/pxweb/sv/ssd/START__BO__BO0501__BO0501B/FastprisFHRegKv/
"Bas-/taxeringsvärde, medelvärde i tkr",Stockholms län,2020K2,2203,https://www.statistikdatabasen.scb.se/pxweb/sv/ssd/START__BO__BO0501__BO0501B/FastprisFHRegKv/
"Bas-/taxeringsvärde, medelvärde i tkr",Stockholms län,2020K3,2564,https://www.statistikdatabasen.scb.se/pxweb/sv/ssd/START__BO__BO0501__BO0501B/FastprisFHRegKv/
"Bas-/taxeringsvärde, medelvärde i tkr",Stockholms län,2020K4,2360,https://www.statistikdatabasen.scb.se/pxweb/sv/ssd/START__BO__BO0501__BO0501B/FastprisFHRegKv/
"Bas-/taxeringsvärde, medelvärde i tkr",Stockholms län,2021K1,3011,https://www.statistikdatabasen.scb.se/pxweb/sv/ssd/START__BO__BO0501__BO0501B/FastprisFHRegKv/
"Bas-/taxeringsvärde, medelvärde i tkr",Stockholms län,2021K2,2462,https://www.statistikdatabasen.scb.se/pxweb/sv/ssd/START__BO__BO0501__BO0501B/FastprisFHRegKv/
"Bas-/taxeringsvärde, medelvärde i tkr",Stockholms län,2021K3,2511,https://www.statistikdatabasen.scb.se/pxweb/sv/ssd/START__BO__BO0501__BO0501B/FastprisFHRegKv/
"Bas-/taxeringsvärde, medelvärde i tkr",Stockholms län,2021K4,2472,https://www.statistikdatabasen.scb.se/pxweb/sv/ssd/START__BO__BO0501__BO0501B/FastprisFHRegKv/
"Bas-/taxeringsvärde, medelvärde i tkr",Stockholms län,2022K1,2904,https://www.statistikdatabasen.scb.se/pxweb/sv/ssd/START__BO__BO0501__BO0501B/FastprisFHRegKv/
"Bas-/taxeringsvärde, medelvärde i tkr",Stockholms län,2022K2,2032,https://www.statistikdatabasen.scb.se/pxweb/sv/ssd/START__BO__BO0501__BO0501B/FastprisFHRegKv/
"Bas-/taxeringsvärde, medelvärde i tkr",Stockholms län,2022K3,2346,https://www.statistikdatabasen.scb.se/pxweb/sv/ssd/START__BO__BO0501__BO0501B/FastprisFHRegKv/
"Bas-/taxeringsvärde, medelvärde i tkr",Stockholms län,2022K4,2472,https://www.statistikdatabasen.scb.se/pxweb/sv/ssd/START__BO__BO0501__BO0501B/FastprisFHRegKv/
"Bas-/taxeringsvärde, medelvärde i tkr",Stockholms län,2023K1,2715,https://www.statistikdatabasen.scb.se/pxweb/sv/ssd/START__BO__BO0501__BO0501B/FastprisFHRegKv/
"Bas-/taxeringsvärde, medelvärde i tkr",Stockholms län,2023K2,2573,https://www.statistikdatabasen.scb.se/pxweb/sv/ssd/START__BO__BO0501__BO0501B/FastprisFHRegKv/
"Bas-/taxeringsvärde, medelvärde i tkr",Stockholms län,2023K3,2422,https://www.statistikdatabasen.scb.se/pxweb/sv/ssd/START__BO__BO0501__BO0501B/FastprisFHRegKv/
"Bas-/taxeringsvärde, medelvärde i tkr",Stockholms län,2023K4,2555,https://www.statistikdatabasen.scb.se/pxweb/sv/ssd/START__BO__BO0501__BO0501B/FastprisFHRegKv/
"Bas-/taxeringsvärde, medelvärde i tkr",Stockholms län,2024K1,4203,https://www.statistikdatabasen.scb.se/pxweb/sv/ssd/START__BO__BO0501__BO0501B/FastprisFHRegKv/
"Bas-/taxeringsvärde, medelvärde i tkr",Stockholms län,2024K2,3049,https://www.statistikdatabasen.scb.se/pxweb/sv/ssd/START__BO__BO0501__BO0501B/FastprisFHRegKv/
"Bas-/taxeringsvärde, medelvärde i tkr",Stockholms län,2024K3,3110,https://www.statistikdatabasen.scb.se/pxweb/sv/ssd/START__BO__BO0501__BO0501B/FastprisFHRegKv/
"Bas-/taxeringsvärde, medelvärde i tkr",Stockholms län,2024K4,3768,https://www.statistikdatabasen.scb.se/pxweb/sv/ssd/START__BO__BO0501__BO0501B/FastprisFHRegKv/
"Bas-/taxeringsvärde, medelvärde i tkr",Stockholms län,2025K1,3880,https://www.statistikdatabasen.scb.se/pxweb/sv/ssd/START__BO__BO0501__BO0501B/FastprisFHRegKv/
"Bas-/taxeringsvärde, medelvärde i tkr",Stockholms län,2025K2,3104,https://www.statistikdatabasen.scb.se/pxweb/sv/ssd/START__BO__BO0501__BO0501B/FastprisFHRegKv/
"Bas-/taxeringsvärde, medelvärde i tkr",Stockholms län,2025K3,3154,https://www.statistikdatabasen.scb.se/pxweb/sv/ssd/START__BO__BO0501__BO0501B/FastprisFHRegKv/
"Bas-/taxeringsvärde, medelvärde i tkr",Stockholms län,2025K4,3545,https://www.statistikdatabasen.scb.se/pxweb/sv/ssd/START__BO__BO0501__BO0501B/FastprisFHRegKv/
"Bas-/taxeringsvärde, medelvärde i tkr",Stockholms län,2026K1,3886,https://www.statistikdatabasen.scb.se/pxweb/sv/ssd/START__BO__BO0501__BO0501B/FastprisFHRegKv/
"Bas-/taxeringsvärde, medelvärde i tkr",Stockholms län,2026K2,3162,https://www.statistikdatabasen.scb.se/pxweb/sv/ssd/START__BO__BO0501__BO0501B/FastprisFHRegKv/
Köpeskillingskoefficient,Stockholms län,1998K1,1.62,https://www.statistikdatabasen.scb.se/pxweb/sv/ssd/START__BO__BO0501__BO0501B/FastprisFHRegKv/
Köpeskillingskoefficient,Stockholms län,1998K2,1.73,https://www.statistikdatabasen.scb.se/pxweb/sv/ssd/START__BO__BO0501__BO0501B/FastprisFHRegKv/
Köpeskillingskoefficient,Stockholms län,1998K3,1.77,https://www.statistikdatabasen.scb.se/pxweb/sv/ssd/START__BO__BO0501__BO0501B/FastprisFHRegKv/
Köpeskillingskoefficient,Stockholms län,1998K4,1.79,https://www.statistikdatabasen.scb.se/pxweb/sv/ssd/START__BO__BO0501__BO0501B/FastprisFHRegKv/
Köpeskillingskoefficient,Stockholms län,1999K1,1.76,https://www.statistikdatabasen.scb.se/pxweb/sv/ssd/START__BO__BO0501__BO0501B/FastprisFHRegKv/
Köpeskillingskoefficient,Stockholms län,1999K2,1.96,https://www.statistikdatabasen.scb.se/pxweb/sv/ssd/START__BO__BO0501__BO0501B/FastprisFHRegKv/
Köpeskillingskoefficient,Stockholms län,1999K3,1.95,https://www.statistikdatabasen.scb.se/pxweb/sv/ssd/START__BO__BO0501__BO0501B/FastprisFHRegKv/
Köpeskillingskoefficient,Stockholms län,1999K4,2.01,https://www.statistikdatabasen.scb.se/pxweb/sv/ssd/START__BO__BO0501__BO0501B/FastprisFHRegKv/
Köpeskillingskoefficient,Stockholms län,2000K1,2.03,https://www.statistikdatabasen.scb.se/pxweb/sv/ssd/START__BO__BO0501__BO0501B/FastprisFHRegKv/
Köpeskillingskoefficient,Stockholms län,2000K2,2.27,https://www.statistikdatabasen.scb.se/pxweb/sv/ssd/START__BO__BO0501__BO0501B/FastprisFHRegKv/
Köpeskillingskoefficient,Stockholms län,2000K3,2.47,https://www.statistikdatabasen.scb.se/pxweb/sv/ssd/START__BO__BO0501__BO0501B/FastprisFHRegKv/
Köpeskillingskoefficient,Stockholms län,2000K4,2.49,https://www.statistikdatabasen.scb.se/pxweb/sv/ssd/START__BO__BO0501__BO0501B/FastprisFHRegKv/
Köpeskillingskoefficient,Stockholms län,2001K1,2.52,https://www.statistikdatabasen.scb.se/pxweb/sv/ssd/START__BO__BO0501__BO0501B/FastprisFHRegKv/
Köpeskillingskoefficient,Stockholms län,2001K2,2.65,https://www.statistikdatabasen.scb.se/pxweb/sv/ssd/START__BO__BO0501__BO0501B/FastprisFHRegKv/
Köpeskillingskoefficient,Stockholms län,2001K3,2.7,https://www.statistikdatabasen.scb.se/pxweb/sv/ssd/START__BO__BO0501__BO0501B/FastprisFHRegKv/
Köpeskillingskoefficient,Stockholms län,2001K4,2.66,https://www.statistikdatabasen.scb.se/pxweb/sv/ssd/START__BO__BO0501__BO0501B/FastprisFHRegKv/
Köpeskillingskoefficient,Stockholms län,2002K1,2.81,https://www.statistikdatabasen.scb.se/pxweb/sv/ssd/START__BO__BO0501__BO0501B/FastprisFHRegKv/
Köpeskillingskoefficient,Stockholms län,2002K2,2.9,https://www.statistikdatabasen.scb.se/pxweb/sv/ssd/START__BO__BO0501__BO0501B/FastprisFHRegKv/
Köpeskillingskoefficient,Stockholms län,2002K3,2.86,https://www.statistikdatabasen.scb.se/pxweb/sv/ssd/START__BO__BO0501__BO0501B/FastprisFHRegKv/
Köpeskillingskoefficient,Stockholms län,2002K4,3,https://www.statistikdatabasen.scb.se/pxweb/sv/ssd/START__BO__BO0501__BO0501B/FastprisFHRegKv/
Köpeskillingskoefficient,Stockholms län,2003K1,1.72,https://www.statistikdatabasen.scb.se/pxweb/sv/ssd/START__BO__BO0501__BO0501B/FastprisFHRegKv/
Köpeskillingskoefficient,Stockholms län,2003K2,1.68,https://www.statistikdatabasen.scb.se/pxweb/sv/ssd/START__BO__BO0501__BO0501B/FastprisFHRegKv/
Köpeskillingskoefficient,Stockholms län,2003K3,1.72,https://www.statistikdatabasen.scb.se/pxweb/sv/ssd/START__BO__BO0501__BO0501B/FastprisFHRegKv/
Köpeskillingskoefficient,Stockholms län,2003K4,1.77,https://www.statistikdatabasen.scb.se/pxweb/sv/ssd/START__BO__BO0501__BO0501B/FastprisFHRegKv/
Köpeskillingskoefficient,Stockholms län,2004K1,1.8,https://www.statistikdatabasen.scb.se/pxweb/sv/ssd/START__BO__BO0501__BO0501B/FastprisFHRegKv/
Köpeskillingskoefficient,Stockholms län,2004K2,1.88,https://www.statistikdatabasen.scb.se/pxweb/sv/ssd/START__BO__BO0501__BO0501B/FastprisFHRegKv/
Köpeskillingskoefficient,Stockholms län,2004K3,1.92,https://www.statistikdatabasen.scb.se/pxweb/sv/ssd/START__BO__BO0501__BO0501B/FastprisFHRegKv/
Köpeskillingskoefficient,Stockholms län,2004K4,1.89,https://www.statistikdatabasen.scb.se/pxweb/sv/ssd/START__BO__BO0501__BO0501B/FastprisFHRegKv/
Köpeskillingskoefficient,Stockholms län,2005K1,2.01,https://www.statistikdatabasen.scb.se/pxweb/sv/ssd/START__BO__BO0501__BO0501B/FastprisFHRegKv/
Köpeskillingskoefficient,Stockholms län,2005K2,2.01,https://www.statistikdatabasen.scb.se/pxweb/sv/ssd/START__BO__BO0501__BO0501B/FastprisFHRegKv/
Köpeskillingskoefficient,Stockholms län,2005K3,2.07,https://www.statistikdatabasen.scb.se/pxweb/sv/ssd/START__BO__BO0501__BO0501B/FastprisFHRegKv/
Köpeskillingskoefficient,Stockholms län,2005K4,2.16,https://www.statistikdatabasen.scb.se/pxweb/sv/ssd/START__BO__BO0501__BO0501B/FastprisFHRegKv/
Köpeskillingskoefficient,Stockholms län,2006K1,1.58,https://www.statistikdatabasen.scb.se/pxweb/sv/ssd/START__BO__BO0501__BO0501B/FastprisFHRegKv/
Köpeskillingskoefficient,Stockholms län,2006K2,1.72,https://www.statistikdatabasen.scb.se/pxweb/sv/ssd/START__BO__BO0501__BO0501B/FastprisFHRegKv/
Köpeskillingskoefficient,Stockholms län,2006K3,1.71,https://www.statistikdatabasen.scb.se/pxweb/sv/ssd/START__BO__BO0501__BO0501B/FastprisFHRegKv/
Köpeskillingskoefficient,Stockholms län,2006K4,1.72,https://www.statistikdatabasen.scb.se/pxweb/sv/ssd/START__BO__BO0501__BO0501B/FastprisFHRegKv/
Köpeskillingskoefficient,Stockholms län,2007K1,1.8,https://www.statistikdatabasen.scb.se/pxweb/sv/ssd/START__BO__BO0501__BO0501B/FastprisFHRegKv/
Köpeskillingskoefficient,Stockholms län,2007K2,1.99,https://www.statistikdatabasen.scb.se/pxweb/sv/ssd/START__BO__BO0501__BO0501B/FastprisFHRegKv/
Köpeskillingskoefficient,Stockholms län,2007K3,2.02,https://www.statistikdatabasen.scb.se/pxweb/sv/ssd/START__BO__BO0501__BO0501B/FastprisFHRegKv/
Köpeskillingskoefficient,Stockholms län,2007K4,2.03,https://www.statistikdatabasen.scb.se/pxweb/sv/ssd/START__BO__BO0501__BO0501B/FastprisFHRegKv/
Köpeskillingskoefficient,Stockholms län,2008K1,1.99,https://www.statistikdatabasen.scb.se/pxweb/sv/ssd/START__BO__BO0501__BO0501B/FastprisFHRegKv/
Köpeskillingskoefficient,Stockholms län,2008K2,2.13,https://www.statistikdatabasen.scb.se/pxweb/sv/ssd/START__BO__BO0501__BO0501B/FastprisFHRegKv/
Köpeskillingskoefficient,Stockholms län,2008K3,2.13,https://www.statistikdatabasen.scb.se/pxweb/sv/ssd/START__BO__BO0501__BO0501B/FastprisFHRegKv/
Köpeskillingskoefficient,Stockholms län,2008K4,1.96,https://www.statistikdatabasen.scb.se/pxweb/sv/ssd/START__BO__BO0501__BO0501B/FastprisFHRegKv/
Köpeskillingskoefficient,Stockholms län,2009K1,1.4,https://www.statistikdatabasen.scb.se/pxweb/sv/ssd/START__BO__BO0501__BO0501B/FastprisFHRegKv/
Köpeskillingskoefficient,Stockholms län,2009K2,1.55,https://www.statistikdatabasen.scb.se/pxweb/sv/ssd/START__BO__BO0501__BO0501B/FastprisFHRegKv/
Köpeskillingskoefficient,Stockholms län,2009K3,1.5,https://www.statistikdatabasen.scb.se/pxweb/sv/ssd/START__BO__BO0501__BO0501B/FastprisFHRegKv/
Köpeskillingskoefficient,Stockholms län,2009K4,1.55,https://www.statistikdatabasen.scb.se/pxweb/sv/ssd/START__BO__BO0501__BO0501B/FastprisFHRegKv/
Köpeskillingskoefficient,Stockholms län,2010K1,1.56,https://www.statistikdatabasen.scb.se/pxweb/sv/ssd/START__BO__BO0501__BO0501B/FastprisFHRegKv/
Köpeskillingskoefficient,Stockholms län,2010K2,1.65,https://www.statistikdatabasen.scb.se/pxweb/sv/ssd/START__BO__BO0501__BO0501B/FastprisFHRegKv/
Köpeskillingskoefficient,Stockholms län,2010K3,1.57,https://www.statistikdatabasen.scb.se/pxweb/sv/ssd/START__BO__BO0501__BO0501B/FastprisFHRegKv/
Köpeskillingskoefficient,Stockholms län,2010K4,1.62,https://www.statistikdatabasen.scb.se/pxweb/sv/ssd/START__BO__BO0501__BO0501B/FastprisFHRegKv/
Köpeskillingskoefficient,Stockholms län,2011K1,1.63,https://www.statistikdatabasen.scb.se/pxweb/sv/ssd/START__BO__BO0501__BO0501B/FastprisFHRegKv/
Köpeskillingskoefficient,Stockholms län,2011K2,1.72,https://www.statistikdatabasen.scb.se/pxweb/sv/ssd/START__BO__BO0501__BO0501B/FastprisFHRegKv/
Köpeskillingskoefficient,Stockholms län,2011K3,1.64,https://www.statistikdatabasen.scb.se/pxweb/sv/ssd/START__BO__BO0501__BO0501B/FastprisFHRegKv/
Köpeskillingskoefficient,Stockholms län,2011K4,1.6,https://www.statistikdatabasen.scb.se/pxweb/sv/ssd/START__BO__BO0501__BO0501B/FastprisFHRegKv/
Köpeskillingskoefficient,Stockholms län,2012K1,1.28,https://www.statistikdatabasen.scb.se/pxweb/sv/ssd/START__BO__BO0501__BO0501B/FastprisFHRegKv/
Köpeskillingskoefficient,Stockholms län,2012K2,1.47,https://www.statistikdatabasen.scb.se/pxweb/sv/ssd/START__BO__BO0501__BO0501B/FastprisFHRegKv/
Köpeskillingskoefficient,Stockholms län,2012K3,1.43,https://www.statistikdatabasen.scb.se/pxweb/sv/ssd/START__BO__BO0501__BO0501B/FastprisFHRegKv/
Köpeskillingskoefficient,Stockholms län,2012K4,1.42,https://www.statistikdatabasen.scb.se/pxweb/sv/ssd/START__BO__BO0501__BO0501B/FastprisFHRegKv/
Köpeskillingskoefficient,Stockholms län,2013K1,1.41,https://www.statistikdatabasen.scb.se/pxweb/sv/ssd/START__BO__BO0501__BO0501B/FastprisFHRegKv/
Köpeskillingskoefficient,Stockholms län,2013K2,1.51,https://www.statistikdatabasen.scb.se/pxweb/sv/ssd/START__BO__BO0501__BO0501B/FastprisFHRegKv/
Köpeskillingskoefficient,Stockholms län,2013K3,1.46,https://www.statistikdatabasen.scb.se/pxweb/sv/ssd/START__BO__BO0501__BO0501B/FastprisFHRegKv/
Köpeskillingskoefficient,Stockholms län,2013K4,1.48,https://www.statistikdatabasen.scb.se/pxweb/sv/ssd/START__BO__BO0501__BO0501B/FastprisFHRegKv/
Köpeskillingskoefficient,Stockholms län,2014K1,1.51,https://www.statistikdatabasen.scb.se/pxweb/sv/ssd/START__BO__BO0501__BO0501B/FastprisFHRegKv/
Köpeskillingskoefficient,Stockholms län,2014K2,1.56,https://www.statistikdatabasen.scb.se/pxweb/sv/ssd/START__BO__BO0501__BO0501B/FastprisFHRegKv/
Köpeskillingskoefficient,Stockholms län,2014K3,1.52,https://www.statistikdatabasen.scb.se/pxweb/sv/ssd/START__BO__BO0501__BO0501B/FastprisFHRegKv/
Köpeskillingskoefficient,Stockholms län,2014K4,1.59,https://www.statistikdatabasen.scb.se/pxweb/sv/ssd/START__BO__BO0501__BO0501B/FastprisFHRegKv/
Köpeskillingskoefficient,Stockholms län,2015K1,1.55,https://www.statistikdatabasen.scb.se/pxweb/sv/ssd/START__BO__BO0501__BO0501B/FastprisFHRegKv/
Köpeskillingskoefficient,Stockholms län,2015K2,1.72,https://www.statistikdatabasen.scb.se/pxweb/sv/ssd/START__BO__BO0501__BO0501B/FastprisFHRegKv/
Köpeskillingskoefficient,Stockholms län,2015K3,1.72,https://www.statistikdatabasen.scb.se/pxweb/sv/ssd/START__BO__BO0501__BO0501B/FastprisFHRegKv/
Köpeskillingskoefficient,Stockholms län,2015K4,1.77,https://www.statistikdatabasen.scb.se/pxweb/sv/ssd/START__BO__BO0501__BO0501B/FastprisFHRegKv/
Köpeskillingskoefficient,Stockholms län,2016K1,1.72,https://www.statistikdatabasen.scb.se/pxweb/sv/ssd/START__BO__BO0501__BO0501B/FastprisFHRegKv/
Köpeskillingskoefficient,Stockholms län,2016K2,1.99,https://www.statistikdatabasen.scb.se/pxweb/sv/ssd/START__BO__BO0501__BO0501B/FastprisFHRegKv/
Köpeskillingskoefficient,Stockholms län,2016K3,1.91,https://www.statistikdatabasen.scb.se/pxweb/sv/ssd/START__BO__BO0501__BO0501B/FastprisFHRegKv/
Köpeskillingskoefficient,Stockholms län,2016K4,1.94,https://www.statistikdatabasen.scb.se/pxweb/sv/ssd/START__BO__BO0501__BO0501B/FastprisFHRegKv/
Köpeskillingskoefficient,Stockholms län,2017K1,2.09,https://www.statistikdatabasen.scb.se/pxweb/sv/ssd/START__BO__BO0501__BO0501B/FastprisFHRegKv/
Köpeskillingskoefficient,Stockholms län,2017K2,2.14,https://www.statistikdatabasen.scb.se/pxweb/sv/ssd/START__BO__BO0501__BO0501B/FastprisFHRegKv/
Köpeskillingskoefficient,Stockholms län,2017K3,2.13,https://www.statistikdatabasen.scb.se/pxweb/sv/ssd/START__BO__BO0501__BO0501B/FastprisFHRegKv/
Köpeskillingskoefficient,Stockholms län,2017K4,2.12,https://www.statistikdatabasen.scb.se/pxweb/sv/ssd/START__BO__BO0501__BO0501B/FastprisFHRegKv/
Köpeskillingskoefficient,Stockholms län,2018K1,1.56,https://www.statistikdatabasen.scb.se/pxweb/sv/ssd/START__BO__BO0501__BO0501B/FastprisFHRegKv/
Köpeskillingskoefficient,Stockholms län,2018K2,1.6,https://www.statistikdatabasen.scb.se/pxweb/sv/ssd/START__BO__BO0501__BO0501B/FastprisFHRegKv/
Köpeskillingskoefficient,Stockholms län,2018K3,1.56,https://www.statistikdatabasen.scb.se/pxweb/sv/ssd/START__BO__BO0501__BO0501B/FastprisFHRegKv/
Köpeskillingskoefficient,Stockholms län,2018K4,1.54,https://www.statistikdatabasen.scb.se/pxweb/sv/ssd/START__BO__BO0501__BO0501B/FastprisFHRegKv/
Köpeskillingskoefficient,Stockholms län,2019K1,1.54,https://www.statistikdatabasen.scb.se/pxweb/sv/ssd/START__BO__BO0501__BO0501B/FastprisFHRegKv/
Köpeskillingskoefficient,Stockholms län,2019K2,1.62,https://www.statistikdatabasen.scb.se/pxweb/sv/ssd/START__BO__BO0501__BO0501B/FastprisFHRegKv/
Köpeskillingskoefficient,Stockholms län,2019K3,1.55,https://www.statistikdatabasen.scb.se/pxweb/sv/ssd/START__BO__BO0501__BO0501B/FastprisFHRegKv/
Köpeskillingskoefficient,Stockholms län,2019K4,1.56,https://www.statistikdatabasen.scb.se/pxweb/sv/ssd/START__BO__BO0501__BO0501B/FastprisFHRegKv/
Köpeskillingskoefficient,Stockholms län,2020K1,1.61,https://www.statistikdatabasen.scb.se/pxweb/sv/ssd/START__BO__BO0501__BO0501B/FastprisFHRegKv/
Köpeskillingskoefficient,Stockholms län,2020K2,1.76,https://www.statistikdatabasen.scb.se/pxweb/sv/ssd/START__BO__BO0501__BO0501B/FastprisFHRegKv/
Köpeskillingskoefficient,Stockholms län,2020K3,1.74,https://www.statistikdatabasen.scb.se/pxweb/sv/ssd/START__BO__BO0501__BO0501B/FastprisFHRegKv/
Köpeskillingskoefficient,Stockholms län,2020K4,1.82,https://www.statistikdatabasen.scb.se/pxweb/sv/ssd/START__BO__BO0501__BO0501B/FastprisFHRegKv/
Köpeskillingskoefficient,Stockholms län,2021K1,1.71,https://www.statistikdatabasen.scb.se/pxweb/sv/ssd/START__BO__BO0501__BO0501B/FastprisFHRegKv/
Köpeskillingskoefficient,Stockholms län,2021K2,1.97,https://www.statistikdatabasen.scb.se/pxweb/sv/ssd/START__BO__BO0501__BO0501B/FastprisFHRegKv/
Köpeskillingskoefficient,Stockholms län,2021K3,1.95,https://www.statistikdatabasen.scb.se/pxweb/sv/ssd/START__BO__BO0501__BO0501B/FastprisFHRegKv/
Köpeskillingskoefficient,Stockholms län,2021K4,1.95,https://www.statistikdatabasen.scb.se/pxweb/sv/ssd/START__BO__BO0501__BO0501B/FastprisFHRegKv/
Köpeskillingskoefficient,Stockholms län,2022K1,1.97,https://www.statistikdatabasen.scb.se/pxweb/sv/ssd/START__BO__BO0501__BO0501B/FastprisFHRegKv/
Köpeskillingskoefficient,Stockholms län,2022K2,2.02,https://www.statistikdatabasen.scb.se/pxweb/sv/ssd/START__BO__BO0501__BO0501B/FastprisFHRegKv/
Köpeskillingskoefficient,Stockholms län,2022K3,1.89,https://www.statistikdatabasen.scb.se/pxweb/sv/ssd/START__BO__BO0501__BO0501B/FastprisFHRegKv/
Köpeskillingskoefficient,Stockholms län,2022K4,1.79,https://www.statistikdatabasen.scb.se/pxweb/sv/ssd/START__BO__BO0501__BO0501B/FastprisFHRegKv/
Köpeskillingskoefficient,Stockholms län,2023K1,1.64,https://www.statistikdatabasen.scb.se/pxweb/sv/ssd/START__BO__BO0501__BO0501B/FastprisFHRegKv/
Köpeskillingskoefficient,Stockholms län,2023K2,1.81,https://www.statistikdatabasen.scb.se/pxweb/sv/ssd/START__BO__BO0501__BO0501B/FastprisFHRegKv/
Köpeskillingskoefficient,Stockholms län,2023K3,1.75,https://www.statistikdatabasen.scb.se/pxweb/sv/ssd/START__BO__BO0501__BO0501B/FastprisFHRegKv/
Köpeskillingskoefficient,Stockholms län,2023K4,1.71,https://www.statistikdatabasen.scb.se/pxweb/sv/ssd/START__BO__BO0501__BO0501B/FastprisFHRegKv/
Köpeskillingskoefficient,Stockholms län,2024K1,1.29,https://www.statistikdatabasen.scb.se/pxweb/sv/ssd/START__BO__BO0501__BO0501B/FastprisFHRegKv/
Köpeskillingskoefficient,Stockholms län,2024K2,1.36,https://www.statistikdatabasen.scb.se/pxweb/sv/ssd/START__BO__BO0501__BO0501B/FastprisFHRegKv/
Köpeskillingskoefficient,Stockholms län,2024K3,1.36,https://www.statistikdatabasen.scb.se/pxweb/sv/ssd/START__BO__BO0501__BO0501B/FastprisFHRegKv/
Köpeskillingskoefficient,Stockholms län,2024K4,1.33,https://www.statistikdatabasen.scb.se/pxweb/sv/ssd/START__BO__BO0501__BO0501B/FastprisFHRegKv/
Köpeskillingskoefficient,Stockholms län,2025K1,1.26,https://www.statistikdatabasen.scb.se/pxweb/sv/ssd/START__BO__BO0501__BO0501B/FastprisFHRegKv/
Köpeskillingskoefficient,Stockholms län,2025K2,1.38,https://www.statistikdatabasen.scb.se/pxweb/sv/ssd/START__BO__BO0501__BO0501B/FastprisFHRegKv/
Köpeskillingskoefficient,Stockholms län,2025K3,1.36,https://www.statistikdatabasen.scb.se/pxweb/sv/ssd/START__BO__BO0501__BO0501B/FastprisFHRegKv/
Köpeskillingskoefficient,Stockholms län,2025K4,1.34,https://www.statistikdatabasen.scb.se/pxweb/sv/ssd/START__BO__BO0501__BO0501B/FastprisFHRegKv/
Köpeskillingskoefficient,Stockholms län,2026K1,1.27,https://www.statistikdatabasen.scb.se/pxweb/sv/ssd/START__BO__BO0501__BO0501B/FastprisFHRegKv/
Köpeskillingskoefficient,Stockholms län,2026K2,1.35,https://www.statistikdatabasen.scb.se/pxweb/sv/ssd/START__BO__BO0501__BO0501B/FastprisFHRegKv/
Antal,Östra mellansverige,1998K1,163,https://www.statistikdatabasen.scb.se/pxweb/sv/ssd/START__BO__BO0501__BO0501B/FastprisFHRegKv/
Antal,Östra mellansverige,1998K2,593,https://www.statistikdatabasen.scb.se/pxweb/sv/ssd/START__BO__BO0501__BO0501B/FastprisFHRegKv/
Antal,Östra mellansverige,1998K3,594,https://www.statistikdatabasen.scb.se/pxweb/sv/ssd/START__BO__BO0501__BO0501B/FastprisFHRegKv/
Antal,Östra mellansverige,1998K4,327,https://www.statistikdatabasen.scb.se/pxweb/sv/ssd/START__BO__BO0501__BO0501B/FastprisFHRegKv/
Antal,Östra mellansverige,1999K1,210,https://www.statistikdatabasen.scb.se/pxweb/sv/ssd/START__BO__BO0501__BO0501B/FastprisFHRegKv/
Antal,Östra mellansverige,1999K2,705,https://www.statistikdatabasen.scb.se/pxweb/sv/ssd/START__BO__BO0501__BO0501B/FastprisFHRegKv/
Antal,Östra mellansverige,1999K3,700,https://www.statistikdatabasen.scb.se/pxweb/sv/ssd/START__BO__BO0501__BO0501B/FastprisFHRegKv/
Antal,Östra mellansverige,1999K4,475,https://www.statistikdatabasen.scb.se/pxweb/sv/ssd/START__BO__BO0501__BO0501B/FastprisFHRegKv/
Antal,Östra mellansverige,2000K1,223,https://www.statistikdatabasen.scb.se/pxweb/sv/ssd/START__BO__BO0501__BO0501B/FastprisFHRegKv/
Antal,Östra mellansverige,2000K2,725,https://www.statistikdatabasen.scb.se/pxweb/sv/ssd/START__BO__BO0501__BO0501B/FastprisFHRegKv/
Antal,Östra mellansverige,2000K3,567,https://www.statistikdatabasen.scb.se/pxweb/sv/ssd/START__BO__BO0501__BO0501B/FastprisFHRegKv/
Antal,Östra mellansverige,2000K4,391,https://www.statistikdatabasen.scb.se/pxweb/sv/ssd/START__BO__BO0501__BO0501B/FastprisFHRegKv/
Antal,Östra mellansverige,2001K1,162,https://www.statistikdatabasen.scb.se/pxweb/sv/ssd/START__BO__BO0501__BO0501B/FastprisFHRegKv/
Antal,Östra mellansverige,2001K2,628,https://www.statistikdatabasen.scb.se/pxweb/sv/ssd/START__BO__BO0501__BO0501B/FastprisFHRegKv/
Antal,Östra mellansverige,2001K3,650,https://www.statistikdatabasen.scb.se/pxweb/sv/ssd/START__BO__BO0501__BO0501B/FastprisFHRegKv/
Antal,Östra mellansverige,2001K4,439,https://www.statistikdatabasen.scb.se/pxweb/sv/ssd/START__BO__BO0501__BO0501B/FastprisFHRegKv/
Antal,Östra mellansverige,2002K1,203,https://www.statistikdatabasen.scb.se/pxweb/sv/ssd/START__BO__BO0501__BO0501B/FastprisFHRegKv/
Antal,Östra mellansverige,2002K2,655,https://www.statistikdatabasen.scb.se/pxweb/sv/ssd/START__BO__BO0501__BO0501B/FastprisFHRegKv/
Antal,Östra mellansverige,2002K3,626,https://www.statistikdatabasen.scb.se/pxweb/sv/ssd/START__BO__BO0501__BO0501B/FastprisFHRegKv/
Antal,Östra mellansverige,2002K4,370,https://www.statistikdatabasen.scb.se/pxweb/sv/ssd/START__BO__BO0501__BO0501B/FastprisFHRegKv/
Antal,Östra mellansverige,2003K1,164,https://www.statistikdatabasen.scb.se/pxweb/sv/ssd/START__BO__BO0501__BO0501B/FastprisFHRegKv/
Antal,Östra mellansverige,2003K2,593,https://www.statistikdatabasen.scb.se/pxweb/sv/ssd/START__BO__BO0501__BO0501B/FastprisFHRegKv/
Antal,Östra mellansverige,2003K3,580,https://www.statistikdatabasen.scb.se/pxweb/sv/ssd/START__BO__BO0501__BO0501B/FastprisFHRegKv/
Antal,Östra mellansverige,2003K4,412,https://www.statistikdatabasen.scb.se/pxweb/sv/ssd/START__BO__BO0501__BO0501B/FastprisFHRegKv/
Antal,Östra mellansverige,2004K1,175,https://www.statistikdatabasen.scb.se/pxweb/sv/ssd/START__BO__BO0501__BO0501B/FastprisFHRegKv/
Antal,Östra mellansverige,2004K2,686,https://www.statistikdatabasen.scb.se/pxweb/sv/ssd/START__BO__BO0501__BO0501B/FastprisFHRegKv/
Antal,Östra mellansverige,2004K3,585,https://www.statistikdatabasen.scb.se/pxweb/sv/ssd/START__BO__BO0501__BO0501B/FastprisFHRegKv/
Antal,Östra mellansverige,2004K4,378,https://www.statistikdatabasen.scb.se/pxweb/sv/ssd/START__BO__BO0501__BO0501B/FastprisFHRegKv/
Antal,Östra mellansverige,2005K1,194,https://www.statistikdatabasen.scb.se/pxweb/sv/ssd/START__BO__BO0501__BO0501B/FastprisFHRegKv/
Antal,Östra mellansverige,2005K2,669,https://www.statistikdatabasen.scb.se/pxweb/sv/ssd/START__BO__BO0501__BO0501B/FastprisFHRegKv/
Antal,Östra mellansverige,2005K3,710,https://www.statistikdatabasen.scb.se/pxweb/sv/ssd/START__BO__BO0501__BO0501B/FastprisFHRegKv/
Antal,Östra mellansverige,2005K4,396,https://www.statistikdatabasen.scb.se/pxweb/sv/ssd/START__BO__BO0501__BO0501B/FastprisFHRegKv/
Antal,Östra mellansverige,2006K1,185,https://www.statistikdatabasen.scb.se/pxweb/sv/ssd/START__BO__BO0501__BO0501B/FastprisFHRegKv/
Antal,Östra mellansverige,2006K2,567,https://www.statistikdatabasen.scb.se/pxweb/sv/ssd/START__BO__BO0501__BO0501B/FastprisFHRegKv/
Antal,Östra mellansverige,2006K3,698,https://www.statistikdatabasen.scb.se/pxweb/sv/ssd/START__BO__BO0501__BO0501B/FastprisFHRegKv/
Antal,Östra mellansverige,2006K4,386,https://www.statistikdatabasen.scb.se/pxweb/sv/ssd/START__BO__BO0501__BO0501B/FastprisFHRegKv/
Antal,Östra mellansverige,2007K1,194,https://www.statistikdatabasen.scb.se/pxweb/sv/ssd/START__BO__BO0501__BO0501B/FastprisFHRegKv/
Antal,Östra mellansverige,2007K2,716,https://www.statistikdatabasen.scb.se/pxweb/sv/ssd/START__BO__BO0501__BO0501B/FastprisFHRegKv/
Antal,Östra mellansverige,2007K3,675,https://www.statistikdatabasen.scb.se/pxweb/sv/ssd/START__BO__BO0501__BO0501B/FastprisFHRegKv/
Antal,Östra mellansverige,2007K4,447,https://www.statistikdatabasen.scb.se/pxweb/sv/ssd/START__BO__BO0501__BO0501B/FastprisFHRegKv/
Antal,Östra mellansverige,2008K1,158,https://www.statistikdatabasen.scb.se/pxweb/sv/ssd/START__BO__BO0501__BO0501B/FastprisFHRegKv/
Antal,Östra mellansverige,2008K2,684,https://www.statistikdatabasen.scb.se/pxweb/sv/ssd/START__BO__BO0501__BO0501B/FastprisFHRegKv/
Antal,Östra mellansverige,2008K3,604,https://www.statistikdatabasen.scb.se/pxweb/sv/ssd/START__BO__BO0501__BO0501B/FastprisFHRegKv/
Antal,Östra mellansverige,2008K4,346,https://www.statistikdatabasen.scb.se/pxweb/sv/ssd/START__BO__BO0501__BO0501B/FastprisFHRegKv/
Antal,Östra mellansverige,2009K1,171,https://www.statistikdatabasen.scb.se/pxweb/sv/ssd/START__BO__BO0501__BO0501B/FastprisFHRegKv/
Antal,Östra mellansverige,2009K2,523,https://www.statistikdatabasen.scb.se/pxweb/sv/ssd/START__BO__BO0501__BO0501B/FastprisFHRegKv/
Antal,Östra mellansverige,2009K3,567,https://www.statistikdatabasen.scb.se/pxweb/sv/ssd/START__BO__BO0501__BO0501B/FastprisFHRegKv/
Antal,Östra mellansverige,2009K4,384,https://www.statistikdatabasen.scb.se/pxweb/sv/ssd/START__BO__BO0501__BO0501B/FastprisFHRegKv/
Antal,Östra mellansverige,2010K1,131,https://www.statistikdatabasen.scb.se/pxweb/sv/ssd/START__BO__BO0501__BO0501B/FastprisFHRegKv/
Antal,Östra mellansverige,2010K2,460,https://www.statistikdatabasen.scb.se/pxweb/sv/ssd/START__BO__BO0501__BO0501B/FastprisFHRegKv/
Antal,Östra mellansverige,2010K3,727,https://www.statistikdatabasen.scb.se/pxweb/sv/ssd/START__BO__BO0501__BO0501B/FastprisFHRegKv/
Antal,Östra mellansverige,2010K4,374,https://www.statistikdatabasen.scb.se/pxweb/sv/ssd/START__BO__BO0501__BO0501B/FastprisFHRegKv/
Antal,Östra mellansverige,2011K1,147,https://www.statistikdatabasen.scb.se/pxweb/sv/ssd/START__BO__BO0501__BO0501B/FastprisFHRegKv/
Antal,Östra mellansverige,2011K2,542,https://www.statistikdatabasen.scb.se/pxweb/sv/ssd/START__BO__BO0501__BO0501B/FastprisFHRegKv/
Antal,Östra mellansverige,2011K3,640,https://www.statistikdatabasen.scb.se/pxweb/sv/ssd/START__BO__BO0501__BO0501B/FastprisFHRegKv/
Antal,Östra mellansverige,2011K4,368,https://www.statistikdatabasen.scb.se/pxweb/sv/ssd/START__BO__BO0501__BO0501B/FastprisFHRegKv/
Antal,Östra mellansverige,2012K1,151,https://www.statistikdatabasen.scb.se/pxweb/sv/ssd/START__BO__BO0501__BO0501B/FastprisFHRegKv/
Antal,Östra mellansverige,2012K2,571,https://www.statistikdatabasen.scb.se/pxweb/sv/ssd/START__BO__BO0501__BO0501B/FastprisFHRegKv/
Antal,Östra mellansverige,2012K3,542,https://www.statistikdatabasen.scb.se/pxweb/sv/ssd/START__BO__BO0501__BO0501B/FastprisFHRegKv/
Antal,Östra mellansverige,2012K4,372,https://www.statistikdatabasen.scb.se/pxweb/sv/ssd/START__BO__BO0501__BO0501B/FastprisFHRegKv/
Antal,Östra mellansverige,2013K1,145,https://www.statistikdatabasen.scb.se/pxweb/sv/ssd/START__BO__BO0501__BO0501B/FastprisFHRegKv/
Antal,Östra mellansverige,2013K2,469,https://www.statistikdatabasen.scb.se/pxweb/sv/ssd/START__BO__BO0501__BO0501B/FastprisFHRegKv/
Antal,Östra mellansverige,2013K3,673,https://www.statistikdatabasen.scb.se/pxweb/sv/ssd/START__BO__BO0501__BO0501B/FastprisFHRegKv/
Antal,Östra mellansverige,2013K4,405,https://www.statistikdatabasen.scb.se/pxweb/sv/ssd/START__BO__BO0501__BO0501B/FastprisFHRegKv/
Antal,Östra mellansverige,2014K1,183,https://www.statistikdatabasen.scb.se/pxweb/sv/ssd/START__BO__BO0501__BO0501B/FastprisFHRegKv/
Antal,Östra mellansverige,2014K2,696,https://www.statistikdatabasen.scb.se/pxweb/sv/ssd/START__BO__BO0501__BO0501B/FastprisFHRegKv/
Antal,Östra mellansverige,2014K3,656,https://www.statistikdatabasen.scb.se/pxweb/sv/ssd/START__BO__BO0501__BO0501B/FastprisFHRegKv/
Antal,Östra mellansverige,2014K4,413,https://www.statistikdatabasen.scb.se/pxweb/sv/ssd/START__BO__BO0501__BO0501B/FastprisFHRegKv/
Antal,Östra mellansverige,2015K1,190,https://www.statistikdatabasen.scb.se/pxweb/sv/ssd/START__BO__BO0501__BO0501B/FastprisFHRegKv/
Antal,Östra mellansverige,2015K2,695,https://www.statistikdatabasen.scb.se/pxweb/sv/ssd/START__BO__BO0501__BO0501B/FastprisFHRegKv/
Antal,Östra mellansverige,2015K3,736,https://www.statistikdatabasen.scb.se/pxweb/sv/ssd/START__BO__BO0501__BO0501B/FastprisFHRegKv/
Antal,Östra mellansverige,2015K4,482,https://www.statistikdatabasen.scb.se/pxweb/sv/ssd/START__BO__BO0501__BO0501B/FastprisFHRegKv/
Antal,Östra mellansverige,2016K1,206,https://www.statistikdatabasen.scb.se/pxweb/sv/ssd/START__BO__BO0501__BO0501B/FastprisFHRegKv/
Antal,Östra mellansverige,2016K2,694,https://www.statistikdatabasen.scb.se/pxweb/sv/ssd/START__BO__BO0501__BO0501B/FastprisFHRegKv/
Antal,Östra mellansverige,2016K3,661,https://www.statistikdatabasen.scb.se/pxweb/sv/ssd/START__BO__BO0501__BO0501B/FastprisFHRegKv/
Antal,Östra mellansverige,2016K4,407,https://www.statistikdatabasen.scb.se/pxweb/sv/ssd/START__BO__BO0501__BO0501B/FastprisFHRegKv/
Antal,Östra mellansverige,2017K1,201,https://www.statistikdatabasen.scb.se/pxweb/sv/ssd/START__BO__BO0501__BO0501B/FastprisFHRegKv/
Antal,Östra mellansverige,2017K2,640,https://www.statistikdatabasen.scb.se/pxweb/sv/ssd/START__BO__BO0501__BO0501B/FastprisFHRegKv/
Antal,Östra mellansverige,2017K3,708,https://www.statistikdatabasen.scb.se/pxweb/sv/ssd/START__BO__BO0501__BO0501B/FastprisFHRegKv/
Antal,Östra mellansverige,2017K4,436,https://www.statistikdatabasen.scb.se/pxweb/sv/ssd/START__BO__BO0501__BO0501B/FastprisFHRegKv/
Antal,Östra mellansverige,2018K1,159,https://www.statistikdatabasen.scb.se/pxweb/sv/ssd/START__BO__BO0501__BO0501B/FastprisFHRegKv/
Antal,Östra mellansverige,2018K2,545,https://www.statistikdatabasen.scb.se/pxweb/sv/ssd/START__BO__BO0501__BO0501B/FastprisFHRegKv/
Antal,Östra mellansverige,2018K3,678,https://www.statistikdatabasen.scb.se/pxweb/sv/ssd/START__BO__BO0501__BO0501B/FastprisFHRegKv/
Antal,Östra mellansverige,2018K4,452,https://www.statistikdatabasen.scb.se/pxweb/sv/ssd/START__BO__BO0501__BO0501B/FastprisFHRegKv/
Antal,Östra mellansverige,2019K1,171,https://www.statistikdatabasen.scb.se/pxweb/sv/ssd/START__BO__BO0501__BO0501B/FastprisFHRegKv/
Antal,Östra mellansverige,2019K2,581,https://www.statistikdatabasen.scb.se/pxweb/sv/ssd/START__BO__BO0501__BO0501B/FastprisFHRegKv/
Antal,Östra mellansverige,2019K3,682,https://www.statistikdatabasen.scb.se/pxweb/sv/ssd/START__BO__BO0501__BO0501B/FastprisFHRegKv/
Antal,Östra mellansverige,2019K4,443,https://www.statistikdatabasen.scb.se/pxweb/sv/ssd/START__BO__BO0501__BO0501B/FastprisFHRegKv/
Antal,Östra mellansverige,2020K1,202,https://www.statistikdatabasen.scb.se/pxweb/sv/ssd/START__BO__BO0501__BO0501B/FastprisFHRegKv/
Antal,Östra mellansverige,2020K2,665,https://www.statistikdatabasen.scb.se/pxweb/sv/ssd/START__BO__BO0501__BO0501B/FastprisFHRegKv/
Antal,Östra mellansverige,2020K3,894,https://www.statistikdatabasen.scb.se/pxweb/sv/ssd/START__BO__BO0501__BO0501B/FastprisFHRegKv/
Antal,Östra mellansverige,2020K4,454,https://www.statistikdatabasen.scb.se/pxweb/sv/ssd/START__BO__BO0501__BO0501B/FastprisFHRegKv/
Antal,Östra mellansverige,2021K1,205,https://www.statistikdatabasen.scb.se/pxweb/sv/ssd/START__BO__BO0501__BO0501B/FastprisFHRegKv/
Antal,Östra mellansverige,2021K2,690,https://www.statistikdatabasen.scb.se/pxweb/sv/ssd/START__BO__BO0501__BO0501B/FastprisFHRegKv/
Antal,Östra mellansverige,2021K3,663,https://www.statistikdatabasen.scb.se/pxweb/sv/ssd/START__BO__BO0501__BO0501B/FastprisFHRegKv/
Antal,Östra mellansverige,2021K4,386,https://www.statistikdatabasen.scb.se/pxweb/sv/ssd/START__BO__BO0501__BO0501B/FastprisFHRegKv/
Antal,Östra mellansverige,2022K1,174,https://www.statistikdatabasen.scb.se/pxweb/sv/ssd/START__BO__BO0501__BO0501B/FastprisFHRegKv/
Antal,Östra mellansverige,2022K2,493,https://www.statistikdatabasen.scb.se/pxweb/sv/ssd/START__BO__BO0501__BO0501B/FastprisFHRegKv/
Antal,Östra mellansverige,2022K3,563,https://www.statistikdatabasen.scb.se/pxweb/sv/ssd/START__BO__BO0501__BO0501B/FastprisFHRegKv/
Antal,Östra mellansverige,2022K4,320,https://www.statistikdatabasen.scb.se/pxweb/sv/ssd/START__BO__BO0501__BO0501B/FastprisFHRegKv/
Antal,Östra mellansverige,2023K1,182,https://www.statistikdatabasen.scb.se/pxweb/sv/ssd/START__BO__BO0501__BO0501B/FastprisFHRegKv/
Antal,Östra mellansverige,2023K2,381,https://www.statistikdatabasen.scb.se/pxweb/sv/ssd/START__BO__BO0501__BO0501B/FastprisFHRegKv/
Antal,Östra mellansverige,2023K3,518,https://www.statistikdatabasen.scb.se/pxweb/sv/ssd/START__BO__BO0501__BO0501B/FastprisFHRegKv/
Antal,Östra mellansverige,2023K4,355,https://www.statistikdatabasen.scb.se/pxweb/sv/ssd/START__BO__BO0501__BO0501B/FastprisFHRegKv/
Antal,Östra mellansverige,2024K1,160,https://www.statistikdatabasen.scb.se/pxweb/sv/ssd/START__BO__BO0501__BO0501B/FastprisFHRegKv/
Antal,Östra mellansverige,2024K2,381,https://www.statistikdatabasen.scb.se/pxweb/sv/ssd/START__BO__BO0501__BO0501B/FastprisFHRegKv/
Antal,Östra mellansverige,2024K3,536,https://www.statistikdatabasen.scb.se/pxweb/sv/ssd/START__BO__BO0501__BO0501B/FastprisFHRegKv/
Antal,Östra mellansverige,2024K4,427,https://www.statistikdatabasen.scb.se/pxweb/sv/ssd/START__BO__BO0501__BO0501B/FastprisFHRegKv/
Antal,Östra mellansverige,2025K1,203,https://www.statistikdatabasen.scb.se/pxweb/sv/ssd/START__BO__BO0501__BO0501B/FastprisFHRegKv/
Antal,Östra mellansverige,2025K2,564,https://www.statistikdatabasen.scb.se/pxweb/sv/ssd/START__BO__BO0501__BO0501B/FastprisFHRegKv/
Antal,Östra mellansverige,2025K3,634,https://www.statistikdatabasen.scb.se/pxweb/sv/ssd/START__BO__BO0501__BO0501B/FastprisFHRegKv/
Antal,Östra mellansverige,2025K4,415,https://www.statistikdatabasen.scb.se/pxweb/sv/ssd/START__BO__BO0501__BO0501B/FastprisFHRegKv/
Antal,Östra mellansverige,2026K1,254,https://www.statistikdatabasen.scb.se/pxweb/sv/ssd/START__BO__BO0501__BO0501B/FastprisFHRegKv/
Antal,Östra mellansverige,2026K2,508,https://www.statistikdatabasen.scb.se/pxweb/sv/ssd/START__BO__BO0501__BO0501B/FastprisFHRegKv/
"Köpeskilling, medelvärde i tkr",Östra mellansverige,1998K1,428,https://www.statistikdatabasen.scb.se/pxweb/sv/ssd/START__BO__BO0501__BO0501B/FastprisFHRegKv/
"Köpeskilling, medelvärde i tkr",Östra mellansverige,1998K2,388,https://www.statistikdatabasen.scb.se/pxweb/sv/ssd/START__BO__BO0501__BO0501B/FastprisFHRegKv/
"Köpeskilling, medelvärde i tkr",Östra mellansverige,1998K3,393,https://www.statistikdatabasen.scb.se/pxweb/sv/ssd/START__BO__BO0501__BO0501B/FastprisFHRegKv/
"Köpeskilling, medelvärde i tkr",Östra mellansverige,1998K4,390,https://www.statistikdatabasen.scb.se/pxweb/sv/ssd/START__BO__BO0501__BO0501B/FastprisFHRegKv/
"Köpeskilling, medelvärde i tkr",Östra mellansverige,1999K1,433,https://www.statistikdatabasen.scb.se/pxweb/sv/ssd/START__BO__BO0501__BO0501B/FastprisFHRegKv/
"Köpeskilling, medelvärde i tkr",Östra mellansverige,1999K2,430,https://www.statistikdatabasen.scb.se/pxweb/sv/ssd/START__BO__BO0501__BO0501B/FastprisFHRegKv/
"Köpeskilling, medelvärde i tkr",Östra mellansverige,1999K3,439,https://www.statistikdatabasen.scb.se/pxweb/sv/ssd/START__BO__BO0501__BO0501B/FastprisFHRegKv/
"Köpeskilling, medelvärde i tkr",Östra mellansverige,1999K4,455,https://www.statistikdatabasen.scb.se/pxweb/sv/ssd/START__BO__BO0501__BO0501B/FastprisFHRegKv/
"Köpeskilling, medelvärde i tkr",Östra mellansverige,2000K1,493,https://www.statistikdatabasen.scb.se/pxweb/sv/ssd/START__BO__BO0501__BO0501B/FastprisFHRegKv/
"Köpeskilling, medelvärde i tkr",Östra mellansverige,2000K2,458,https://www.statistikdatabasen.scb.se/pxweb/sv/ssd/START__BO__BO0501__BO0501B/FastprisFHRegKv/
"Köpeskilling, medelvärde i tkr",Östra mellansverige,2000K3,461,https://www.statistikdatabasen.scb.se/pxweb/sv/ssd/START__BO__BO0501__BO0501B/FastprisFHRegKv/
"Köpeskilling, medelvärde i tkr",Östra mellansverige,2000K4,497,https://www.statistikdatabasen.scb.se/pxweb/sv/ssd/START__BO__BO0501__BO0501B/FastprisFHRegKv/
"Köpeskilling, medelvärde i tkr",Östra mellansverige,2001K1,518,https://www.statistikdatabasen.scb.se/pxweb/sv/ssd/START__BO__BO0501__BO0501B/FastprisFHRegKv/
"Köpeskilling, medelvärde i tkr",Östra mellansverige,2001K2,492,https://www.statistikdatabasen.scb.se/pxweb/sv/ssd/START__BO__BO0501__BO0501B/FastprisFHRegKv/
"Köpeskilling, medelvärde i tkr",Östra mellansverige,2001K3,515,https://www.statistikdatabasen.scb.se/pxweb/sv/ssd/START__BO__BO0501__BO0501B/FastprisFHRegKv/
"Köpeskilling, medelvärde i tkr",Östra mellansverige,2001K4,568,https://www.statistikdatabasen.scb.se/pxweb/sv/ssd/START__BO__BO0501__BO0501B/FastprisFHRegKv/
"Köpeskilling, medelvärde i tkr",Östra mellansverige,2002K1,510,https://www.statistikdatabasen.scb.se/pxweb/sv/ssd/START__BO__BO0501__BO0501B/FastprisFHRegKv/
"Köpeskilling, medelvärde i tkr",Östra mellansverige,2002K2,528,https://www.statistikdatabasen.scb.se/pxweb/sv/ssd/START__BO__BO0501__BO0501B/FastprisFHRegKv/
"Köpeskilling, medelvärde i tkr",Östra mellansverige,2002K3,539,https://www.statistikdatabasen.scb.se/pxweb/sv/ssd/START__BO__BO0501__BO0501B/FastprisFHRegKv/
"Köpeskilling, medelvärde i tkr",Östra mellansverige,2002K4,619,https://www.statistikdatabasen.scb.se/pxweb/sv/ssd/START__BO__BO0501__BO0501B/FastprisFHRegKv/
"Köpeskilling, medelvärde i tkr",Östra mellansverige,2003K1,684,https://www.statistikdatabasen.scb.se/pxweb/sv/ssd/START__BO__BO0501__BO0501B/FastprisFHRegKv/
"Köpeskilling, medelvärde i tkr",Östra mellansverige,2003K2,599,https://www.statistikdatabasen.scb.se/pxweb/sv/ssd/START__BO__BO0501__BO0501B/FastprisFHRegKv/
"Köpeskilling, medelvärde i tkr",Östra mellansverige,2003K3,653,https://www.statistikdatabasen.scb.se/pxweb/sv/ssd/START__BO__BO0501__BO0501B/FastprisFHRegKv/
"Köpeskilling, medelvärde i tkr",Östra mellansverige,2003K4,713,https://www.statistikdatabasen.scb.se/pxweb/sv/ssd/START__BO__BO0501__BO0501B/FastprisFHRegKv/
"Köpeskilling, medelvärde i tkr",Östra mellansverige,2004K1,691,https://www.statistikdatabasen.scb.se/pxweb/sv/ssd/START__BO__BO0501__BO0501B/FastprisFHRegKv/
"Köpeskilling, medelvärde i tkr",Östra mellansverige,2004K2,644,https://www.statistikdatabasen.scb.se/pxweb/sv/ssd/START__BO__BO0501__BO0501B/FastprisFHRegKv/
"Köpeskilling, medelvärde i tkr",Östra mellansverige,2004K3,652,https://www.statistikdatabasen.scb.se/pxweb/sv/ssd/START__BO__BO0501__BO0501B/FastprisFHRegKv/
"Köpeskilling, medelvärde i tkr",Östra mellansverige,2004K4,750,https://www.statistikdatabasen.scb.se/pxweb/sv/ssd/START__BO__BO0501__BO0501B/FastprisFHRegKv/
"Köpeskilling, medelvärde i tkr",Östra mellansverige,2005K1,743,https://www.statistikdatabasen.scb.se/pxweb/sv/ssd/START__BO__BO0501__BO0501B/FastprisFHRegKv/
"Köpeskilling, medelvärde i tkr",Östra mellansverige,2005K2,695,https://www.statistikdatabasen.scb.se/pxweb/sv/ssd/START__BO__BO0501__BO0501B/FastprisFHRegKv/
"Köpeskilling, medelvärde i tkr",Östra mellansverige,2005K3,703,https://www.statistikdatabasen.scb.se/pxweb/sv/ssd/START__BO__BO0501__BO0501B/FastprisFHRegKv/
"Köpeskilling, medelvärde i tkr",Östra mellansverige,2005K4,842,https://www.statistikdatabasen.scb.se/pxweb/sv/ssd/START__BO__BO0501__BO0501B/FastprisFHRegKv/
"Köpeskilling, medelvärde i tkr",Östra mellansverige,2006K1,903,https://www.statistikdatabasen.scb.se/pxweb/sv/ssd/START__BO__BO0501__BO0501B/FastprisFHRegKv/
"Köpeskilling, medelvärde i tkr",Östra mellansverige,2006K2,839,https://www.statistikdatabasen.scb.se/pxweb/sv/ssd/START__BO__BO0501__BO0501B/FastprisFHRegKv/
"Köpeskilling, medelvärde i tkr",Östra mellansverige,2006K3,807,https://www.statistikdatabasen.scb.se/pxweb/sv/ssd/START__BO__BO0501__BO0501B/FastprisFHRegKv/
"Köpeskilling, medelvärde i tkr",Östra mellansverige,2006K4,890,https://www.statistikdatabasen.scb.se/pxweb/sv/ssd/START__BO__BO0501__BO0501B/FastprisFHRegKv/
"Köpeskilling, medelvärde i tkr",Östra mellansverige,2007K1,912,https://www.statistikdatabasen.scb.se/pxweb/sv/ssd/START__BO__BO0501__BO0501B/FastprisFHRegKv/
"Köpeskilling, medelvärde i tkr",Östra mellansverige,2007K2,848,https://www.statistikdatabasen.scb.se/pxweb/sv/ssd/START__BO__BO0501__BO0501B/FastprisFHRegKv/
"Köpeskilling, medelvärde i tkr",Östra mellansverige,2007K3,863,https://www.statistikdatabasen.scb.se/pxweb/sv/ssd/START__BO__BO0501__BO0501B/FastprisFHRegKv/
"Köpeskilling, medelvärde i tkr",Östra mellansverige,2007K4,981,https://www.statistikdatabasen.scb.se/pxweb/sv/ssd/START__BO__BO0501__BO0501B/FastprisFHRegKv/
"Köpeskilling, medelvärde i tkr",Östra mellansverige,2008K1,1097,https://www.statistikdatabasen.scb.se/pxweb/sv/ssd/START__BO__BO0501__BO0501B/FastprisFHRegKv/
"Köpeskilling, medelvärde i tkr",Östra mellansverige,2008K2,945,https://www.statistikdatabasen.scb.se/pxweb/sv/ssd/START__BO__BO0501__BO0501B/FastprisFHRegKv/
"Köpeskilling, medelvärde i tkr",Östra mellansverige,2008K3,941,https://www.statistikdatabasen.scb.se/pxweb/sv/ssd/START__BO__BO0501__BO0501B/FastprisFHRegKv/
"Köpeskilling, medelvärde i tkr",Östra mellansverige,2008K4,939,https://www.statistikdatabasen.scb.se/pxweb/sv/ssd/START__BO__BO0501__BO0501B/FastprisFHRegKv/
"Köpeskilling, medelvärde i tkr",Östra mellansverige,2009K1,1108,https://www.statistikdatabasen.scb.se/pxweb/sv/ssd/START__BO__BO0501__BO0501B/FastprisFHRegKv/
"Köpeskilling, medelvärde i tkr",Östra mellansverige,2009K2,970,https://www.statistikdatabasen.scb.se/pxweb/sv/ssd/START__BO__BO0501__BO0501B/FastprisFHRegKv/
"Köpeskilling, medelvärde i tkr",Östra mellansverige,2009K3,1019,https://www.statistikdatabasen.scb.se/pxweb/sv/ssd/START__BO__BO0501__BO0501B/FastprisFHRegKv/
"Köpeskilling, medelvärde i tkr",Östra mellansverige,2009K4,1100,https://www.statistikdatabasen.scb.se/pxweb/sv/ssd/START__BO__BO0501__BO0501B/FastprisFHRegKv/
"Köpeskilling, medelvärde i tkr",Östra mellansverige,2010K1,1217,https://www.statistikdatabasen.scb.se/pxweb/sv/ssd/START__BO__BO0501__BO0501B/FastprisFHRegKv/
"Köpeskilling, medelvärde i tkr",Östra mellansverige,2010K2,1064,https://www.statistikdatabasen.scb.se/pxweb/sv/ssd/START__BO__BO0501__BO0501B/FastprisFHRegKv/
"Köpeskilling, medelvärde i tkr",Östra mellansverige,2010K3,1068,https://www.statistikdatabasen.scb.se/pxweb/sv/ssd/START__BO__BO0501__BO0501B/FastprisFHRegKv/
"Köpeskilling, medelvärde i tkr",Östra mellansverige,2010K4,1080,https://www.statistikdatabasen.scb.se/pxweb/sv/ssd/START__BO__BO0501__BO0501B/FastprisFHRegKv/
"Köpeskilling, medelvärde i tkr",Östra mellansverige,2011K1,1185,https://www.statistikdatabasen.scb.se/pxweb/sv/ssd/START__BO__BO0501__BO0501B/FastprisFHRegKv/
"Köpeskilling, medelvärde i tkr",Östra mellansverige,2011K2,1073,https://www.statistikdatabasen.scb.se/pxweb/sv/ssd/START__BO__BO0501__BO0501B/FastprisFHRegKv/
"Köpeskilling, medelvärde i tkr",Östra mellansverige,2011K3,1112,https://www.statistikdatabasen.scb.se/pxweb/sv/ssd/START__BO__BO0501__BO0501B/FastprisFHRegKv/
"Köpeskilling, medelvärde i tkr",Östra mellansverige,2011K4,1155,https://www.statistikdatabasen.scb.se/pxweb/sv/ssd/START__BO__BO0501__BO0501B/FastprisFHRegKv/
"Köpeskilling, medelvärde i tkr",Östra mellansverige,2012K1,1202,https://www.statistikdatabasen.scb.se/pxweb/sv/ssd/START__BO__BO0501__BO0501B/FastprisFHRegKv/
"Köpeskilling, medelvärde i tkr",Östra mellansverige,2012K2,1011,https://www.statistikdatabasen.scb.se/pxweb/sv/ssd/START__BO__BO0501__BO0501B/FastprisFHRegKv/
"Köpeskilling, medelvärde i tkr",Östra mellansverige,2012K3,1108,https://www.statistikdatabasen.scb.se/pxweb/sv/ssd/START__BO__BO0501__BO0501B/FastprisFHRegKv/
"Köpeskilling, medelvärde i tkr",Östra mellansverige,2012K4,1148,https://www.statistikdatabasen.scb.se/pxweb/sv/ssd/START__BO__BO0501__BO0501B/FastprisFHRegKv/
"Köpeskilling, medelvärde i tkr",Östra mellansverige,2013K1,1177,https://www.statistikdatabasen.scb.se/pxweb/sv/ssd/START__BO__BO0501__BO0501B/FastprisFHRegKv/
"Köpeskilling, medelvärde i tkr",Östra mellansverige,2013K2,1086,https://www.statistikdatabasen.scb.se/pxweb/sv/ssd/START__BO__BO0501__BO0501B/FastprisFHRegKv/
"Köpeskilling, medelvärde i tkr",Östra mellansverige,2013K3,1095,https://www.statistikdatabasen.scb.se/pxweb/sv/ssd/START__BO__BO0501__BO0501B/FastprisFHRegKv/
"Köpeskilling, medelvärde i tkr",Östra mellansverige,2013K4,1116,https://www.statistikdatabasen.scb.se/pxweb/sv/ssd/START__BO__BO0501__BO0501B/FastprisFHRegKv/
"Köpeskilling, medelvärde i tkr",Östra mellansverige,2014K1,1275,https://www.statistikdatabasen.scb.se/pxweb/sv/ssd/START__BO__BO0501__BO0501B/FastprisFHRegKv/
"Köpeskilling, medelvärde i tkr",Östra mellansverige,2014K2,1066,https://www.statistikdatabasen.scb.se/pxweb/sv/ssd/START__BO__BO0501__BO0501B/FastprisFHRegKv/
"Köpeskilling, medelvärde i tkr",Östra mellansverige,2014K3,1139,https://www.statistikdatabasen.scb.se/pxweb/sv/ssd/START__BO__BO0501__BO0501B/FastprisFHRegKv/
"Köpeskilling, medelvärde i tkr",Östra mellansverige,2014K4,1212,https://www.statistikdatabasen.scb.se/pxweb/sv/ssd/START__BO__BO0501__BO0501B/FastprisFHRegKv/
"Köpeskilling, medelvärde i tkr",Östra mellansverige,2015K1,1230,https://www.statistikdatabasen.scb.se/pxweb/sv/ssd/START__BO__BO0501__BO0501B/FastprisFHRegKv/
"Köpeskilling, medelvärde i tkr",Östra mellansverige,2015K2,1195,https://www.statistikdatabasen.scb.se/pxweb/sv/ssd/START__BO__BO0501__BO0501B/FastprisFHRegKv/
"Köpeskilling, medelvärde i tkr",Östra mellansverige,2015K3,1156,https://www.statistikdatabasen.scb.se/pxweb/sv/ssd/START__BO__BO0501__BO0501B/FastprisFHRegKv/
"Köpeskilling, medelvärde i tkr",Östra mellansverige,2015K4,1315,https://www.statistikdatabasen.scb.se/pxweb/sv/ssd/START__BO__BO0501__BO0501B/FastprisFHRegKv/
"Köpeskilling, medelvärde i tkr",Östra mellansverige,2016K1,1195,https://www.statistikdatabasen.scb.se/pxweb/sv/ssd/START__BO__BO0501__BO0501B/FastprisFHRegKv/
"Köpeskilling, medelvärde i tkr",Östra mellansverige,2016K2,1320,https://www.statistikdatabasen.scb.se/pxweb/sv/ssd/START__BO__BO0501__BO0501B/FastprisFHRegKv/
"Köpeskilling, medelvärde i tkr",Östra mellansverige,2016K3,1346,https://www.statistikdatabasen.scb.se/pxweb/sv/ssd/START__BO__BO0501__BO0501B/FastprisFHRegKv/
"Köpeskilling, medelvärde i tkr",Östra mellansverige,2016K4,1467,https://www.statistikdatabasen.scb.se/pxweb/sv/ssd/START__BO__BO0501__BO0501B/FastprisFHRegKv/
"Köpeskilling, medelvärde i tkr",Östra mellansverige,2017K1,1467,https://www.statistikdatabasen.scb.se/pxweb/sv/ssd/START__BO__BO0501__BO0501B/FastprisFHRegKv/
"Köpeskilling, medelvärde i tkr",Östra mellansverige,2017K2,1386,https://www.statistikdatabasen.scb.se/pxweb/sv/ssd/START__BO__BO0501__BO0501B/FastprisFHRegKv/
"Köpeskilling, medelvärde i tkr",Östra mellansverige,2017K3,1403,https://www.statistikdatabasen.scb.se/pxweb/sv/ssd/START__BO__BO0501__BO0501B/FastprisFHRegKv/
"Köpeskilling, medelvärde i tkr",Östra mellansverige,2017K4,1607,https://www.statistikdatabasen.scb.se/pxweb/sv/ssd/START__BO__BO0501__BO0501B/FastprisFHRegKv/
"Köpeskilling, medelvärde i tkr",Östra mellansverige,2018K1,1627,https://www.statistikdatabasen.scb.se/pxweb/sv/ssd/START__BO__BO0501__BO0501B/FastprisFHRegKv/
"Köpeskilling, medelvärde i tkr",Östra mellansverige,2018K2,1456,https://www.statistikdatabasen.scb.se/pxweb/sv/ssd/START__BO__BO0501__BO0501B/FastprisFHRegKv/
"Köpeskilling, medelvärde i tkr",Östra mellansverige,2018K3,1426,https://www.statistikdatabasen.scb.se/pxweb/sv/ssd/START__BO__BO0501__BO0501B/FastprisFHRegKv/
"Köpeskilling, medelvärde i tkr",Östra mellansverige,2018K4,1659,https://www.statistikdatabasen.scb.se/pxweb/sv/ssd/START__BO__BO0501__BO0501B/FastprisFHRegKv/
"Köpeskilling, medelvärde i tkr",Östra mellansverige,2019K1,1607,https://www.statistikdatabasen.scb.se/pxweb/sv/ssd/START__BO__BO0501__BO0501B/FastprisFHRegKv/
"Köpeskilling, medelvärde i tkr",Östra mellansverige,2019K2,1623,https://www.statistikdatabasen.scb.se/pxweb/sv/ssd/START__BO__BO0501__BO0501B/FastprisFHRegKv/
"Köpeskilling, medelvärde i tkr",Östra mellansverige,2019K3,1602,https://www.statistikdatabasen.scb.se/pxweb/sv/ssd/START__BO__BO0501__BO0501B/FastprisFHRegKv/
"Köpeskilling, medelvärde i tkr",Östra mellansverige,2019K4,1633,https://www.statistikdatabasen.scb.se/pxweb/sv/ssd/START__BO__BO0501__BO0501B/FastprisFHRegKv/
"Köpeskilling, medelvärde i tkr",Östra mellansverige,2020K1,1708,https://www.statistikdatabasen.scb.se/pxweb/sv/ssd/START__BO__BO0501__BO0501B/FastprisFHRegKv/
"Köpeskilling, medelvärde i tkr",Östra mellansverige,2020K2,1658,https://www.statistikdatabasen.scb.se/pxweb/sv/ssd/START__BO__BO0501__BO0501B/FastprisFHRegKv/
"Köpeskilling, medelvärde i tkr",Östra mellansverige,2020K3,1787,https://www.statistikdatabasen.scb.se/pxweb/sv/ssd/START__BO__BO0501__BO0501B/FastprisFHRegKv/
"Köpeskilling, medelvärde i tkr",Östra mellansverige,2020K4,1797,https://www.statistikdatabasen.scb.se/pxweb/sv/ssd/START__BO__BO0501__BO0501B/FastprisFHRegKv/
"Köpeskilling, medelvärde i tkr",Östra mellansverige,2021K1,2087,https://www.statistikdatabasen.scb.se/pxweb/sv/ssd/START__BO__BO0501__BO0501B/FastprisFHRegKv/
"Köpeskilling, medelvärde i tkr",Östra mellansverige,2021K2,2041,https://www.statistikdatabasen.scb.se/pxweb/sv/ssd/START__BO__BO0501__BO0501B/FastprisFHRegKv/
"Köpeskilling, medelvärde i tkr",Östra mellansverige,2021K3,1906,https://www.statistikdatabasen.scb.se/pxweb/sv/ssd/START__BO__BO0501__BO0501B/FastprisFHRegKv/
"Köpeskilling, medelvärde i tkr",Östra mellansverige,2021K4,2162,https://www.statistikdatabasen.scb.se/pxweb/sv/ssd/START__BO__BO0501__BO0501B/FastprisFHRegKv/
"Köpeskilling, medelvärde i tkr",Östra mellansverige,2022K1,2007,https://www.statistikdatabasen.scb.se/pxweb/sv/ssd/START__BO__BO0501__BO0501B/FastprisFHRegKv/
"Köpeskilling, medelvärde i tkr",Östra mellansverige,2022K2,2148,https://www.statistikdatabasen.scb.se/pxweb/sv/ssd/START__BO__BO0501__BO0501B/FastprisFHRegKv/
"Köpeskilling, medelvärde i tkr",Östra mellansverige,2022K3,2024,https://www.statistikdatabasen.scb.se/pxweb/sv/ssd/START__BO__BO0501__BO0501B/FastprisFHRegKv/
"Köpeskilling, medelvärde i tkr",Östra mellansverige,2022K4,1838,https://www.statistikdatabasen.scb.se/pxweb/sv/ssd/START__BO__BO0501__BO0501B/FastprisFHRegKv/
"Köpeskilling, medelvärde i tkr",Östra mellansverige,2023K1,1911,https://www.statistikdatabasen.scb.se/pxweb/sv/ssd/START__BO__BO0501__BO0501B/FastprisFHRegKv/
"Köpeskilling, medelvärde i tkr",Östra mellansverige,2023K2,1922,https://www.statistikdatabasen.scb.se/pxweb/sv/ssd/START__BO__BO0501__BO0501B/FastprisFHRegKv/
"Köpeskilling, medelvärde i tkr",Östra mellansverige,2023K3,1907,https://www.statistikdatabasen.scb.se/pxweb/sv/ssd/START__BO__BO0501__BO0501B/FastprisFHRegKv/
"Köpeskilling, medelvärde i tkr",Östra mellansverige,2023K4,1855,https://www.statistikdatabasen.scb.se/pxweb/sv/ssd/START__BO__BO0501__BO0501B/FastprisFHRegKv/
"Köpeskilling, medelvärde i tkr",Östra mellansverige,2024K1,1998,https://www.statistikdatabasen.scb.se/pxweb/sv/ssd/START__BO__BO0501__BO0501B/FastprisFHRegKv/
"Köpeskilling, medelvärde i tkr",Östra mellansverige,2024K2,2293,https://www.statistikdatabasen.scb.se/pxweb/sv/ssd/START__BO__BO0501__BO0501B/FastprisFHRegKv/
"Köpeskilling, medelvärde i tkr",Östra mellansverige,2024K3,1969,https://www.statistikdatabasen.scb.se/pxweb/sv/ssd/START__BO__BO0501__BO0501B/FastprisFHRegKv/
"Köpeskilling, medelvärde i tkr",Östra mellansverige,2024K4,1993,https://www.statistikdatabasen.scb.se/pxweb/sv/ssd/START__BO__BO0501__BO0501B/FastprisFHRegKv/
"Köpeskilling, medelvärde i tkr",Östra mellansverige,2025K1,2378,https://www.statistikdatabasen.scb.se/pxweb/sv/ssd/START__BO__BO0501__BO0501B/FastprisFHRegKv/
"Köpeskilling, medelvärde i tkr",Östra mellansverige,2025K2,2035,https://www.statistikdatabasen.scb.se/pxweb/sv/ssd/START__BO__BO0501__BO0501B/FastprisFHRegKv/
"Köpeskilling, medelvärde i tkr",Östra mellansverige,2025K3,1979,https://www.statistikdatabasen.scb.se/pxweb/sv/ssd/START__BO__BO0501__BO0501B/FastprisFHRegKv/
"Köpeskilling, medelvärde i tkr",Östra mellansverige,2025K4,2064,https://www.statistikdatabasen.scb.se/pxweb/sv/ssd/START__BO__BO0501__BO0501B/FastprisFHRegKv/
"Köpeskilling, medelvärde i tkr",Östra mellansverige,2026K1,2127,https://www.statistikdatabasen.scb.se/pxweb/sv/ssd/START__BO__BO0501__BO0501B/FastprisFHRegKv/
"Köpeskilling, medelvärde i tkr",Östra mellansverige,2026K2,2154,https://www.statistikdatabasen.scb.se/pxweb/sv/ssd/START__BO__BO0501__BO0501B/FastprisFHRegKv/
"Bas-/taxeringsvärde, medelvärde i tkr",Östra mellansverige,1998K1,261,https://www.statistikdatabasen.scb.se/pxweb/sv/ssd/START__BO__BO0501__BO0501B/FastprisFHRegKv/
"Bas-/taxeringsvärde, medelvärde i tkr",Östra mellansverige,1998K2,229,https://www.statistikdatabasen.scb.se/pxweb/sv/ssd/START__BO__BO0501__BO0501B/FastprisFHRegKv/
"Bas-/taxeringsvärde, medelvärde i tkr",Östra mellansverige,1998K3,229,https://www.statistikdatabasen.scb.se/pxweb/sv/ssd/START__BO__BO0501__BO0501B/FastprisFHRegKv/
"Bas-/taxeringsvärde, medelvärde i tkr",Östra mellansverige,1998K4,242,https://www.statistikdatabasen.scb.se/pxweb/sv/ssd/START__BO__BO0501__BO0501B/FastprisFHRegKv/
"Bas-/taxeringsvärde, medelvärde i tkr",Östra mellansverige,1999K1,254,https://www.statistikdatabasen.scb.se/pxweb/sv/ssd/START__BO__BO0501__BO0501B/FastprisFHRegKv/
"Bas-/taxeringsvärde, medelvärde i tkr",Östra mellansverige,1999K2,238,https://www.statistikdatabasen.scb.se/pxweb/sv/ssd/START__BO__BO0501__BO0501B/FastprisFHRegKv/
"Bas-/taxeringsvärde, medelvärde i tkr",Östra mellansverige,1999K3,229,https://www.statistikdatabasen.scb.se/pxweb/sv/ssd/START__BO__BO0501__BO0501B/FastprisFHRegKv/
"Bas-/taxeringsvärde, medelvärde i tkr",Östra mellansverige,1999K4,246,https://www.statistikdatabasen.scb.se/pxweb/sv/ssd/START__BO__BO0501__BO0501B/FastprisFHRegKv/
"Bas-/taxeringsvärde, medelvärde i tkr",Östra mellansverige,2000K1,261,https://www.statistikdatabasen.scb.se/pxweb/sv/ssd/START__BO__BO0501__BO0501B/FastprisFHRegKv/
"Bas-/taxeringsvärde, medelvärde i tkr",Östra mellansverige,2000K2,229,https://www.statistikdatabasen.scb.se/pxweb/sv/ssd/START__BO__BO0501__BO0501B/FastprisFHRegKv/
"Bas-/taxeringsvärde, medelvärde i tkr",Östra mellansverige,2000K3,226,https://www.statistikdatabasen.scb.se/pxweb/sv/ssd/START__BO__BO0501__BO0501B/FastprisFHRegKv/
"Bas-/taxeringsvärde, medelvärde i tkr",Östra mellansverige,2000K4,240,https://www.statistikdatabasen.scb.se/pxweb/sv/ssd/START__BO__BO0501__BO0501B/FastprisFHRegKv/
"Bas-/taxeringsvärde, medelvärde i tkr",Östra mellansverige,2001K1,249,https://www.statistikdatabasen.scb.se/pxweb/sv/ssd/START__BO__BO0501__BO0501B/FastprisFHRegKv/
"Bas-/taxeringsvärde, medelvärde i tkr",Östra mellansverige,2001K2,229,https://www.statistikdatabasen.scb.se/pxweb/sv/ssd/START__BO__BO0501__BO0501B/FastprisFHRegKv/
"Bas-/taxeringsvärde, medelvärde i tkr",Östra mellansverige,2001K3,229,https://www.statistikdatabasen.scb.se/pxweb/sv/ssd/START__BO__BO0501__BO0501B/FastprisFHRegKv/
"Bas-/taxeringsvärde, medelvärde i tkr",Östra mellansverige,2001K4,251,https://www.statistikdatabasen.scb.se/pxweb/sv/ssd/START__BO__BO0501__BO0501B/FastprisFHRegKv/
"Bas-/taxeringsvärde, medelvärde i tkr",Östra mellansverige,2002K1,241,https://www.statistikdatabasen.scb.se/pxweb/sv/ssd/START__BO__BO0501__BO0501B/FastprisFHRegKv/
"Bas-/taxeringsvärde, medelvärde i tkr",Östra mellansverige,2002K2,225,https://www.statistikdatabasen.scb.se/pxweb/sv/ssd/START__BO__BO0501__BO0501B/FastprisFHRegKv/
"Bas-/taxeringsvärde, medelvärde i tkr",Östra mellansverige,2002K3,228,https://www.statistikdatabasen.scb.se/pxweb/sv/ssd/START__BO__BO0501__BO0501B/FastprisFHRegKv/
"Bas-/taxeringsvärde, medelvärde i tkr",Östra mellansverige,2002K4,245,https://www.statistikdatabasen.scb.se/pxweb/sv/ssd/START__BO__BO0501__BO0501B/FastprisFHRegKv/
"Bas-/taxeringsvärde, medelvärde i tkr",Östra mellansverige,2003K1,401,https://www.statistikdatabasen.scb.se/pxweb/sv/ssd/START__BO__BO0501__BO0501B/FastprisFHRegKv/
"Bas-/taxeringsvärde, medelvärde i tkr",Östra mellansverige,2003K2,338,https://www.statistikdatabasen.scb.se/pxweb/sv/ssd/START__BO__BO0501__BO0501B/FastprisFHRegKv/
"Bas-/taxeringsvärde, medelvärde i tkr",Östra mellansverige,2003K3,342,https://www.statistikdatabasen.scb.se/pxweb/sv/ssd/START__BO__BO0501__BO0501B/FastprisFHRegKv/
"Bas-/taxeringsvärde, medelvärde i tkr",Östra mellansverige,2003K4,375,https://www.statistikdatabasen.scb.se/pxweb/sv/ssd/START__BO__BO0501__BO0501B/FastprisFHRegKv/
"Bas-/taxeringsvärde, medelvärde i tkr",Östra mellansverige,2004K1,394,https://www.statistikdatabasen.scb.se/pxweb/sv/ssd/START__BO__BO0501__BO0501B/FastprisFHRegKv/
"Bas-/taxeringsvärde, medelvärde i tkr",Östra mellansverige,2004K2,325,https://www.statistikdatabasen.scb.se/pxweb/sv/ssd/START__BO__BO0501__BO0501B/FastprisFHRegKv/
"Bas-/taxeringsvärde, medelvärde i tkr",Östra mellansverige,2004K3,326,https://www.statistikdatabasen.scb.se/pxweb/sv/ssd/START__BO__BO0501__BO0501B/FastprisFHRegKv/
"Bas-/taxeringsvärde, medelvärde i tkr",Östra mellansverige,2004K4,369,https://www.statistikdatabasen.scb.se/pxweb/sv/ssd/START__BO__BO0501__BO0501B/FastprisFHRegKv/
"Bas-/taxeringsvärde, medelvärde i tkr",Östra mellansverige,2005K1,359,https://www.statistikdatabasen.scb.se/pxweb/sv/ssd/START__BO__BO0501__BO0501B/FastprisFHRegKv/
"Bas-/taxeringsvärde, medelvärde i tkr",Östra mellansverige,2005K2,331,https://www.statistikdatabasen.scb.se/pxweb/sv/ssd/START__BO__BO0501__BO0501B/FastprisFHRegKv/
"Bas-/taxeringsvärde, medelvärde i tkr",Östra mellansverige,2005K3,327,https://www.statistikdatabasen.scb.se/pxweb/sv/ssd/START__BO__BO0501__BO0501B/FastprisFHRegKv/
"Bas-/taxeringsvärde, medelvärde i tkr",Östra mellansverige,2005K4,375,https://www.statistikdatabasen.scb.se/pxweb/sv/ssd/START__BO__BO0501__BO0501B/FastprisFHRegKv/
"Bas-/taxeringsvärde, medelvärde i tkr",Östra mellansverige,2006K1,501,https://www.statistikdatabasen.scb.se/pxweb/sv/ssd/START__BO__BO0501__BO0501B/FastprisFHRegKv/
"Bas-/taxeringsvärde, medelvärde i tkr",Östra mellansverige,2006K2,447,https://www.statistikdatabasen.scb.se/pxweb/sv/ssd/START__BO__BO0501__BO0501B/FastprisFHRegKv/
"Bas-/taxeringsvärde, medelvärde i tkr",Östra mellansverige,2006K3,437,https://www.statistikdatabasen.scb.se/pxweb/sv/ssd/START__BO__BO0501__BO0501B/FastprisFHRegKv/
"Bas-/taxeringsvärde, medelvärde i tkr",Östra mellansverige,2006K4,466,https://www.statistikdatabasen.scb.se/pxweb/sv/ssd/START__BO__BO0501__BO0501B/FastprisFHRegKv/
"Bas-/taxeringsvärde, medelvärde i tkr",Östra mellansverige,2007K1,497,https://www.statistikdatabasen.scb.se/pxweb/sv/ssd/START__BO__BO0501__BO0501B/FastprisFHRegKv/
"Bas-/taxeringsvärde, medelvärde i tkr",Östra mellansverige,2007K2,412,https://www.statistikdatabasen.scb.se/pxweb/sv/ssd/START__BO__BO0501__BO0501B/FastprisFHRegKv/
"Bas-/taxeringsvärde, medelvärde i tkr",Östra mellansverige,2007K3,423,https://www.statistikdatabasen.scb.se/pxweb/sv/ssd/START__BO__BO0501__BO0501B/FastprisFHRegKv/
"Bas-/taxeringsvärde, medelvärde i tkr",Östra mellansverige,2007K4,474,https://www.statistikdatabasen.scb.se/pxweb/sv/ssd/START__BO__BO0501__BO0501B/FastprisFHRegKv/
"Bas-/taxeringsvärde, medelvärde i tkr",Östra mellansverige,2008K1,549,https://www.statistikdatabasen.scb.se/pxweb/sv/ssd/START__BO__BO0501__BO0501B/FastprisFHRegKv/
"Bas-/taxeringsvärde, medelvärde i tkr",Östra mellansverige,2008K2,434,https://www.statistikdatabasen.scb.se/pxweb/sv/ssd/START__BO__BO0501__BO0501B/FastprisFHRegKv/
"Bas-/taxeringsvärde, medelvärde i tkr",Östra mellansverige,2008K3,441,https://www.statistikdatabasen.scb.se/pxweb/sv/ssd/START__BO__BO0501__BO0501B/FastprisFHRegKv/
"Bas-/taxeringsvärde, medelvärde i tkr",Östra mellansverige,2008K4,464,https://www.statistikdatabasen.scb.se/pxweb/sv/ssd/START__BO__BO0501__BO0501B/FastprisFHRegKv/
"Bas-/taxeringsvärde, medelvärde i tkr",Östra mellansverige,2009K1,745,https://www.statistikdatabasen.scb.se/pxweb/sv/ssd/START__BO__BO0501__BO0501B/FastprisFHRegKv/
"Bas-/taxeringsvärde, medelvärde i tkr",Östra mellansverige,2009K2,620,https://www.statistikdatabasen.scb.se/pxweb/sv/ssd/START__BO__BO0501__BO0501B/FastprisFHRegKv/
"Bas-/taxeringsvärde, medelvärde i tkr",Östra mellansverige,2009K3,637,https://www.statistikdatabasen.scb.se/pxweb/sv/ssd/START__BO__BO0501__BO0501B/FastprisFHRegKv/
"Bas-/taxeringsvärde, medelvärde i tkr",Östra mellansverige,2009K4,653,https://www.statistikdatabasen.scb.se/pxweb/sv/ssd/START__BO__BO0501__BO0501B/FastprisFHRegKv/
"Bas-/taxeringsvärde, medelvärde i tkr",Östra mellansverige,2010K1,737,https://www.statistikdatabasen.scb.se/pxweb/sv/ssd/START__BO__BO0501__BO0501B/FastprisFHRegKv/
"Bas-/taxeringsvärde, medelvärde i tkr",Östra mellansverige,2010K2,614,https://www.statistikdatabasen.scb.se/pxweb/sv/ssd/START__BO__BO0501__BO0501B/FastprisFHRegKv/
"Bas-/taxeringsvärde, medelvärde i tkr",Östra mellansverige,2010K3,622,https://www.statistikdatabasen.scb.se/pxweb/sv/ssd/START__BO__BO0501__BO0501B/FastprisFHRegKv/
"Bas-/taxeringsvärde, medelvärde i tkr",Östra mellansverige,2010K4,650,https://www.statistikdatabasen.scb.se/pxweb/sv/ssd/START__BO__BO0501__BO0501B/FastprisFHRegKv/
"Bas-/taxeringsvärde, medelvärde i tkr",Östra mellansverige,2011K1,673,https://www.statistikdatabasen.scb.se/pxweb/sv/ssd/START__BO__BO0501__BO0501B/FastprisFHRegKv/
"Bas-/taxeringsvärde, medelvärde i tkr",Östra mellansverige,2011K2,631,https://www.statistikdatabasen.scb.se/pxweb/sv/ssd/START__BO__BO0501__BO0501B/FastprisFHRegKv/
"Bas-/taxeringsvärde, medelvärde i tkr",Östra mellansverige,2011K3,665,https://www.statistikdatabasen.scb.se/pxweb/sv/ssd/START__BO__BO0501__BO0501B/FastprisFHRegKv/
"Bas-/taxeringsvärde, medelvärde i tkr",Östra mellansverige,2011K4,714,https://www.statistikdatabasen.scb.se/pxweb/sv/ssd/START__BO__BO0501__BO0501B/FastprisFHRegKv/
"Bas-/taxeringsvärde, medelvärde i tkr",Östra mellansverige,2012K1,787,https://www.statistikdatabasen.scb.se/pxweb/sv/ssd/START__BO__BO0501__BO0501B/FastprisFHRegKv/
"Bas-/taxeringsvärde, medelvärde i tkr",Östra mellansverige,2012K2,674,https://www.statistikdatabasen.scb.se/pxweb/sv/ssd/START__BO__BO0501__BO0501B/FastprisFHRegKv/
"Bas-/taxeringsvärde, medelvärde i tkr",Östra mellansverige,2012K3,714,https://www.statistikdatabasen.scb.se/pxweb/sv/ssd/START__BO__BO0501__BO0501B/FastprisFHRegKv/
"Bas-/taxeringsvärde, medelvärde i tkr",Östra mellansverige,2012K4,749,https://www.statistikdatabasen.scb.se/pxweb/sv/ssd/START__BO__BO0501__BO0501B/FastprisFHRegKv/
"Bas-/taxeringsvärde, medelvärde i tkr",Östra mellansverige,2013K1,773,https://www.statistikdatabasen.scb.se/pxweb/sv/ssd/START__BO__BO0501__BO0501B/FastprisFHRegKv/
"Bas-/taxeringsvärde, medelvärde i tkr",Östra mellansverige,2013K2,698,https://www.statistikdatabasen.scb.se/pxweb/sv/ssd/START__BO__BO0501__BO0501B/FastprisFHRegKv/
"Bas-/taxeringsvärde, medelvärde i tkr",Östra mellansverige,2013K3,710,https://www.statistikdatabasen.scb.se/pxweb/sv/ssd/START__BO__BO0501__BO0501B/FastprisFHRegKv/
"Bas-/taxeringsvärde, medelvärde i tkr",Östra mellansverige,2013K4,711,https://www.statistikdatabasen.scb.se/pxweb/sv/ssd/START__BO__BO0501__BO0501B/FastprisFHRegKv/
"Bas-/taxeringsvärde, medelvärde i tkr",Östra mellansverige,2014K1,836,https://www.statistikdatabasen.scb.se/pxweb/sv/ssd/START__BO__BO0501__BO0501B/FastprisFHRegKv/
"Bas-/taxeringsvärde, medelvärde i tkr",Östra mellansverige,2014K2,659,https://www.statistikdatabasen.scb.se/pxweb/sv/ssd/START__BO__BO0501__BO0501B/FastprisFHRegKv/
"Bas-/taxeringsvärde, medelvärde i tkr",Östra mellansverige,2014K3,691,https://www.statistikdatabasen.scb.se/pxweb/sv/ssd/START__BO__BO0501__BO0501B/FastprisFHRegKv/
"Bas-/taxeringsvärde, medelvärde i tkr",Östra mellansverige,2014K4,741,https://www.statistikdatabasen.scb.se/pxweb/sv/ssd/START__BO__BO0501__BO0501B/FastprisFHRegKv/
"Bas-/taxeringsvärde, medelvärde i tkr",Östra mellansverige,2015K1,803,https://www.statistikdatabasen.scb.se/pxweb/sv/ssd/START__BO__BO0501__BO0501B/FastprisFHRegKv/
"Bas-/taxeringsvärde, medelvärde i tkr",Östra mellansverige,2015K2,685,https://www.statistikdatabasen.scb.se/pxweb/sv/ssd/START__BO__BO0501__BO0501B/FastprisFHRegKv/
"Bas-/taxeringsvärde, medelvärde i tkr",Östra mellansverige,2015K3,673,https://www.statistikdatabasen.scb.se/pxweb/sv/ssd/START__BO__BO0501__BO0501B/FastprisFHRegKv/
"Bas-/taxeringsvärde, medelvärde i tkr",Östra mellansverige,2015K4,728,https://www.statistikdatabasen.scb.se/pxweb/sv/ssd/START__BO__BO0501__BO0501B/FastprisFHRegKv/
"Bas-/taxeringsvärde, medelvärde i tkr",Östra mellansverige,2016K1,717,https://www.statistikdatabasen.scb.se/pxweb/sv/ssd/START__BO__BO0501__BO0501B/FastprisFHRegKv/
"Bas-/taxeringsvärde, medelvärde i tkr",Östra mellansverige,2016K2,689,https://www.statistikdatabasen.scb.se/pxweb/sv/ssd/START__BO__BO0501__BO0501B/FastprisFHRegKv/
"Bas-/taxeringsvärde, medelvärde i tkr",Östra mellansverige,2016K3,722,https://www.statistikdatabasen.scb.se/pxweb/sv/ssd/START__BO__BO0501__BO0501B/FastprisFHRegKv/
"Bas-/taxeringsvärde, medelvärde i tkr",Östra mellansverige,2016K4,781,https://www.statistikdatabasen.scb.se/pxweb/sv/ssd/START__BO__BO0501__BO0501B/FastprisFHRegKv/
"Bas-/taxeringsvärde, medelvärde i tkr",Östra mellansverige,2017K1,821,https://www.statistikdatabasen.scb.se/pxweb/sv/ssd/START__BO__BO0501__BO0501B/FastprisFHRegKv/
"Bas-/taxeringsvärde, medelvärde i tkr",Östra mellansverige,2017K2,670,https://www.statistikdatabasen.scb.se/pxweb/sv/ssd/START__BO__BO0501__BO0501B/FastprisFHRegKv/
"Bas-/taxeringsvärde, medelvärde i tkr",Östra mellansverige,2017K3,677,https://www.statistikdatabasen.scb.se/pxweb/sv/ssd/START__BO__BO0501__BO0501B/FastprisFHRegKv/
"Bas-/taxeringsvärde, medelvärde i tkr",Östra mellansverige,2017K4,773,https://www.statistikdatabasen.scb.se/pxweb/sv/ssd/START__BO__BO0501__BO0501B/FastprisFHRegKv/
"Bas-/taxeringsvärde, medelvärde i tkr",Östra mellansverige,2018K1,1031,https://www.statistikdatabasen.scb.se/pxweb/sv/ssd/START__BO__BO0501__BO0501B/FastprisFHRegKv/
"Bas-/taxeringsvärde, medelvärde i tkr",Östra mellansverige,2018K2,845,https://www.statistikdatabasen.scb.se/pxweb/sv/ssd/START__BO__BO0501__BO0501B/FastprisFHRegKv/
"Bas-/taxeringsvärde, medelvärde i tkr",Östra mellansverige,2018K3,808,https://www.statistikdatabasen.scb.se/pxweb/sv/ssd/START__BO__BO0501__BO0501B/FastprisFHRegKv/
"Bas-/taxeringsvärde, medelvärde i tkr",Östra mellansverige,2018K4,1002,https://www.statistikdatabasen.scb.se/pxweb/sv/ssd/START__BO__BO0501__BO0501B/FastprisFHRegKv/
"Bas-/taxeringsvärde, medelvärde i tkr",Östra mellansverige,2019K1,1010,https://www.statistikdatabasen.scb.se/pxweb/sv/ssd/START__BO__BO0501__BO0501B/FastprisFHRegKv/
"Bas-/taxeringsvärde, medelvärde i tkr",Östra mellansverige,2019K2,916,https://www.statistikdatabasen.scb.se/pxweb/sv/ssd/START__BO__BO0501__BO0501B/FastprisFHRegKv/
"Bas-/taxeringsvärde, medelvärde i tkr",Östra mellansverige,2019K3,904,https://www.statistikdatabasen.scb.se/pxweb/sv/ssd/START__BO__BO0501__BO0501B/FastprisFHRegKv/
"Bas-/taxeringsvärde, medelvärde i tkr",Östra mellansverige,2019K4,979,https://www.statistikdatabasen.scb.se/pxweb/sv/ssd/START__BO__BO0501__BO0501B/FastprisFHRegKv/
"Bas-/taxeringsvärde, medelvärde i tkr",Östra mellansverige,2020K1,1020,https://www.statistikdatabasen.scb.se/pxweb/sv/ssd/START__BO__BO0501__BO0501B/FastprisFHRegKv/
"Bas-/taxeringsvärde, medelvärde i tkr",Östra mellansverige,2020K2,850,https://www.statistikdatabasen.scb.se/pxweb/sv/ssd/START__BO__BO0501__BO0501B/FastprisFHRegKv/
"Bas-/taxeringsvärde, medelvärde i tkr",Östra mellansverige,2020K3,919,https://www.statistikdatabasen.scb.se/pxweb/sv/ssd/START__BO__BO0501__BO0501B/FastprisFHRegKv/
"Bas-/taxeringsvärde, medelvärde i tkr",Östra mellansverige,2020K4,938,https://www.statistikdatabasen.scb.se/pxweb/sv/ssd/START__BO__BO0501__BO0501B/FastprisFHRegKv/
"Bas-/taxeringsvärde, medelvärde i tkr",Östra mellansverige,2021K1,1151,https://www.statistikdatabasen.scb.se/pxweb/sv/ssd/START__BO__BO0501__BO0501B/FastprisFHRegKv/
"Bas-/taxeringsvärde, medelvärde i tkr",Östra mellansverige,2021K2,1042,https://www.statistikdatabasen.scb.se/pxweb/sv/ssd/START__BO__BO0501__BO0501B/FastprisFHRegKv/
"Bas-/taxeringsvärde, medelvärde i tkr",Östra mellansverige,2021K3,924,https://www.statistikdatabasen.scb.se/pxweb/sv/ssd/START__BO__BO0501__BO0501B/FastprisFHRegKv/
"Bas-/taxeringsvärde, medelvärde i tkr",Östra mellansverige,2021K4,1108,https://www.statistikdatabasen.scb.se/pxweb/sv/ssd/START__BO__BO0501__BO0501B/FastprisFHRegKv/
"Bas-/taxeringsvärde, medelvärde i tkr",Östra mellansverige,2022K1,1093,https://www.statistikdatabasen.scb.se/pxweb/sv/ssd/START__BO__BO0501__BO0501B/FastprisFHRegKv/
"Bas-/taxeringsvärde, medelvärde i tkr",Östra mellansverige,2022K2,1053,https://www.statistikdatabasen.scb.se/pxweb/sv/ssd/START__BO__BO0501__BO0501B/FastprisFHRegKv/
"Bas-/taxeringsvärde, medelvärde i tkr",Östra mellansverige,2022K3,1032,https://www.statistikdatabasen.scb.se/pxweb/sv/ssd/START__BO__BO0501__BO0501B/FastprisFHRegKv/
"Bas-/taxeringsvärde, medelvärde i tkr",Östra mellansverige,2022K4,1017,https://www.statistikdatabasen.scb.se/pxweb/sv/ssd/START__BO__BO0501__BO0501B/FastprisFHRegKv/
"Bas-/taxeringsvärde, medelvärde i tkr",Östra mellansverige,2023K1,1191,https://www.statistikdatabasen.scb.se/pxweb/sv/ssd/START__BO__BO0501__BO0501B/FastprisFHRegKv/
"Bas-/taxeringsvärde, medelvärde i tkr",Östra mellansverige,2023K2,1084,https://www.statistikdatabasen.scb.se/pxweb/sv/ssd/START__BO__BO0501__BO0501B/FastprisFHRegKv/
"Bas-/taxeringsvärde, medelvärde i tkr",Östra mellansverige,2023K3,1048,https://www.statistikdatabasen.scb.se/pxweb/sv/ssd/START__BO__BO0501__BO0501B/FastprisFHRegKv/
"Bas-/taxeringsvärde, medelvärde i tkr",Östra mellansverige,2023K4,1096,https://www.statistikdatabasen.scb.se/pxweb/sv/ssd/START__BO__BO0501__BO0501B/FastprisFHRegKv/
"Bas-/taxeringsvärde, medelvärde i tkr",Östra mellansverige,2024K1,1553,https://www.statistikdatabasen.scb.se/pxweb/sv/ssd/START__BO__BO0501__BO0501B/FastprisFHRegKv/
"Bas-/taxeringsvärde, medelvärde i tkr",Östra mellansverige,2024K2,1604,https://www.statistikdatabasen.scb.se/pxweb/sv/ssd/START__BO__BO0501__BO0501B/FastprisFHRegKv/
"Bas-/taxeringsvärde, medelvärde i tkr",Östra mellansverige,2024K3,1411,https://www.statistikdatabasen.scb.se/pxweb/sv/ssd/START__BO__BO0501__BO0501B/FastprisFHRegKv/
"Bas-/taxeringsvärde, medelvärde i tkr",Östra mellansverige,2024K4,1474,https://www.statistikdatabasen.scb.se/pxweb/sv/ssd/START__BO__BO0501__BO0501B/FastprisFHRegKv/
"Bas-/taxeringsvärde, medelvärde i tkr",Östra mellansverige,2025K1,1746,https://www.statistikdatabasen.scb.se/pxweb/sv/ssd/START__BO__BO0501__BO0501B/FastprisFHRegKv/
"Bas-/taxeringsvärde, medelvärde i tkr",Östra mellansverige,2025K2,1469,https://www.statistikdatabasen.scb.se/pxweb/sv/ssd/START__BO__BO0501__BO0501B/FastprisFHRegKv/
"Bas-/taxeringsvärde, medelvärde i tkr",Östra mellansverige,2025K3,1393,https://www.statistikdatabasen.scb.se/pxweb/sv/ssd/START__BO__BO0501__BO0501B/FastprisFHRegKv/
"Bas-/taxeringsvärde, medelvärde i tkr",Östra mellansverige,2025K4,1523,https://www.statistikdatabasen.scb.se/pxweb/sv/ssd/START__BO__BO0501__BO0501B/FastprisFHRegKv/
"Bas-/taxeringsvärde, medelvärde i tkr",Östra mellansverige,2026K1,1593,https://www.statistikdatabasen.scb.se/pxweb/sv/ssd/START__BO__BO0501__BO0501B/FastprisFHRegKv/
"Bas-/taxeringsvärde, medelvärde i tkr",Östra mellansverige,2026K2,1517,https://www.statistikdatabasen.scb.se/pxweb/sv/ssd/START__BO__BO0501__BO0501B/FastprisFHRegKv/
Köpeskillingskoefficient,Östra mellansverige,1998K1,1.61,https://www.statistikdatabasen.scb.se/pxweb/sv/ssd/START__BO__BO0501__BO0501B/FastprisFHRegKv/
Köpeskillingskoefficient,Östra mellansverige,1998K2,1.67,https://www.statistikdatabasen.scb.se/pxweb/sv/ssd/START__BO__BO0501__BO0501B/FastprisFHRegKv/
Köpeskillingskoefficient,Östra mellansverige,1998K3,1.69,https://www.statistikdatabasen.scb.se/pxweb/sv/ssd/START__BO__BO0501__BO0501B/FastprisFHRegKv/
Köpeskillingskoefficient,Östra mellansverige,1998K4,1.62,https://www.statistikdatabasen.scb.se/pxweb/sv/ssd/START__BO__BO0501__BO0501B/FastprisFHRegKv/
Köpeskillingskoefficient,Östra mellansverige,1999K1,1.64,https://www.statistikdatabasen.scb.se/pxweb/sv/ssd/START__BO__BO0501__BO0501B/FastprisFHRegKv/
Köpeskillingskoefficient,Östra mellansverige,1999K2,1.77,https://www.statistikdatabasen.scb.se/pxweb/sv/ssd/START__BO__BO0501__BO0501B/FastprisFHRegKv/
Köpeskillingskoefficient,Östra mellansverige,1999K3,1.83,https://www.statistikdatabasen.scb.se/pxweb/sv/ssd/START__BO__BO0501__BO0501B/FastprisFHRegKv/
Köpeskillingskoefficient,Östra mellansverige,1999K4,1.78,https://www.statistikdatabasen.scb.se/pxweb/sv/ssd/START__BO__BO0501__BO0501B/FastprisFHRegKv/
Köpeskillingskoefficient,Östra mellansverige,2000K1,1.84,https://www.statistikdatabasen.scb.se/pxweb/sv/ssd/START__BO__BO0501__BO0501B/FastprisFHRegKv/
Köpeskillingskoefficient,Östra mellansverige,2000K2,1.92,https://www.statistikdatabasen.scb.se/pxweb/sv/ssd/START__BO__BO0501__BO0501B/FastprisFHRegKv/
Köpeskillingskoefficient,Östra mellansverige,2000K3,1.95,https://www.statistikdatabasen.scb.se/pxweb/sv/ssd/START__BO__BO0501__BO0501B/FastprisFHRegKv/
Köpeskillingskoefficient,Östra mellansverige,2000K4,1.99,https://www.statistikdatabasen.scb.se/pxweb/sv/ssd/START__BO__BO0501__BO0501B/FastprisFHRegKv/
Köpeskillingskoefficient,Östra mellansverige,2001K1,1.96,https://www.statistikdatabasen.scb.se/pxweb/sv/ssd/START__BO__BO0501__BO0501B/FastprisFHRegKv/
Köpeskillingskoefficient,Östra mellansverige,2001K2,2.06,https://www.statistikdatabasen.scb.se/pxweb/sv/ssd/START__BO__BO0501__BO0501B/FastprisFHRegKv/
Köpeskillingskoefficient,Östra mellansverige,2001K3,2.16,https://www.statistikdatabasen.scb.se/pxweb/sv/ssd/START__BO__BO0501__BO0501B/FastprisFHRegKv/
Köpeskillingskoefficient,Östra mellansverige,2001K4,2.15,https://www.statistikdatabasen.scb.se/pxweb/sv/ssd/START__BO__BO0501__BO0501B/FastprisFHRegKv/
Köpeskillingskoefficient,Östra mellansverige,2002K1,2.05,https://www.statistikdatabasen.scb.se/pxweb/sv/ssd/START__BO__BO0501__BO0501B/FastprisFHRegKv/
Köpeskillingskoefficient,Östra mellansverige,2002K2,2.24,https://www.statistikdatabasen.scb.se/pxweb/sv/ssd/START__BO__BO0501__BO0501B/FastprisFHRegKv/
Köpeskillingskoefficient,Östra mellansverige,2002K3,2.26,https://www.statistikdatabasen.scb.se/pxweb/sv/ssd/START__BO__BO0501__BO0501B/FastprisFHRegKv/
Köpeskillingskoefficient,Östra mellansverige,2002K4,2.38,https://www.statistikdatabasen.scb.se/pxweb/sv/ssd/START__BO__BO0501__BO0501B/FastprisFHRegKv/
Köpeskillingskoefficient,Östra mellansverige,2003K1,1.67,https://www.statistikdatabasen.scb.se/pxweb/sv/ssd/START__BO__BO0501__BO0501B/FastprisFHRegKv/
Köpeskillingskoefficient,Östra mellansverige,2003K2,1.78,https://www.statistikdatabasen.scb.se/pxweb/sv/ssd/START__BO__BO0501__BO0501B/FastprisFHRegKv/
Köpeskillingskoefficient,Östra mellansverige,2003K3,1.87,https://www.statistikdatabasen.scb.se/pxweb/sv/ssd/START__BO__BO0501__BO0501B/FastprisFHRegKv/
Köpeskillingskoefficient,Östra mellansverige,2003K4,1.88,https://www.statistikdatabasen.scb.se/pxweb/sv/ssd/START__BO__BO0501__BO0501B/FastprisFHRegKv/
Köpeskillingskoefficient,Östra mellansverige,2004K1,1.73,https://www.statistikdatabasen.scb.se/pxweb/sv/ssd/START__BO__BO0501__BO0501B/FastprisFHRegKv/
Köpeskillingskoefficient,Östra mellansverige,2004K2,1.98,https://www.statistikdatabasen.scb.se/pxweb/sv/ssd/START__BO__BO0501__BO0501B/FastprisFHRegKv/
Köpeskillingskoefficient,Östra mellansverige,2004K3,1.96,https://www.statistikdatabasen.scb.se/pxweb/sv/ssd/START__BO__BO0501__BO0501B/FastprisFHRegKv/
Köpeskillingskoefficient,Östra mellansverige,2004K4,2.03,https://www.statistikdatabasen.scb.se/pxweb/sv/ssd/START__BO__BO0501__BO0501B/FastprisFHRegKv/
Köpeskillingskoefficient,Östra mellansverige,2005K1,2.01,https://www.statistikdatabasen.scb.se/pxweb/sv/ssd/START__BO__BO0501__BO0501B/FastprisFHRegKv/
Köpeskillingskoefficient,Östra mellansverige,2005K2,2.09,https://www.statistikdatabasen.scb.se/pxweb/sv/ssd/START__BO__BO0501__BO0501B/FastprisFHRegKv/
Köpeskillingskoefficient,Östra mellansverige,2005K3,2.15,https://www.statistikdatabasen.scb.se/pxweb/sv/ssd/START__BO__BO0501__BO0501B/FastprisFHRegKv/
Köpeskillingskoefficient,Östra mellansverige,2005K4,2.24,https://www.statistikdatabasen.scb.se/pxweb/sv/ssd/START__BO__BO0501__BO0501B/FastprisFHRegKv/
Köpeskillingskoefficient,Östra mellansverige,2006K1,1.79,https://www.statistikdatabasen.scb.se/pxweb/sv/ssd/START__BO__BO0501__BO0501B/FastprisFHRegKv/
Köpeskillingskoefficient,Östra mellansverige,2006K2,1.92,https://www.statistikdatabasen.scb.se/pxweb/sv/ssd/START__BO__BO0501__BO0501B/FastprisFHRegKv/
Köpeskillingskoefficient,Östra mellansverige,2006K3,1.87,https://www.statistikdatabasen.scb.se/pxweb/sv/ssd/START__BO__BO0501__BO0501B/FastprisFHRegKv/
Köpeskillingskoefficient,Östra mellansverige,2006K4,1.91,https://www.statistikdatabasen.scb.se/pxweb/sv/ssd/START__BO__BO0501__BO0501B/FastprisFHRegKv/
Köpeskillingskoefficient,Östra mellansverige,2007K1,1.85,https://www.statistikdatabasen.scb.se/pxweb/sv/ssd/START__BO__BO0501__BO0501B/FastprisFHRegKv/
Köpeskillingskoefficient,Östra mellansverige,2007K2,2.09,https://www.statistikdatabasen.scb.se/pxweb/sv/ssd/START__BO__BO0501__BO0501B/FastprisFHRegKv/
Köpeskillingskoefficient,Östra mellansverige,2007K3,2.06,https://www.statistikdatabasen.scb.se/pxweb/sv/ssd/START__BO__BO0501__BO0501B/FastprisFHRegKv/
Köpeskillingskoefficient,Östra mellansverige,2007K4,2.05,https://www.statistikdatabasen.scb.se/pxweb/sv/ssd/START__BO__BO0501__BO0501B/FastprisFHRegKv/
Köpeskillingskoefficient,Östra mellansverige,2008K1,2.01,https://www.statistikdatabasen.scb.se/pxweb/sv/ssd/START__BO__BO0501__BO0501B/FastprisFHRegKv/
Köpeskillingskoefficient,Östra mellansverige,2008K2,2.21,https://www.statistikdatabasen.scb.se/pxweb/sv/ssd/START__BO__BO0501__BO0501B/FastprisFHRegKv/
Köpeskillingskoefficient,Östra mellansverige,2008K3,2.16,https://www.statistikdatabasen.scb.se/pxweb/sv/ssd/START__BO__BO0501__BO0501B/FastprisFHRegKv/
Köpeskillingskoefficient,Östra mellansverige,2008K4,2.06,https://www.statistikdatabasen.scb.se/pxweb/sv/ssd/START__BO__BO0501__BO0501B/FastprisFHRegKv/
Köpeskillingskoefficient,Östra mellansverige,2009K1,1.6,https://www.statistikdatabasen.scb.se/pxweb/sv/ssd/START__BO__BO0501__BO0501B/FastprisFHRegKv/
Köpeskillingskoefficient,Östra mellansverige,2009K2,1.62,https://www.statistikdatabasen.scb.se/pxweb/sv/ssd/START__BO__BO0501__BO0501B/FastprisFHRegKv/
Köpeskillingskoefficient,Östra mellansverige,2009K3,1.66,https://www.statistikdatabasen.scb.se/pxweb/sv/ssd/START__BO__BO0501__BO0501B/FastprisFHRegKv/
Köpeskillingskoefficient,Östra mellansverige,2009K4,1.74,https://www.statistikdatabasen.scb.se/pxweb/sv/ssd/START__BO__BO0501__BO0501B/FastprisFHRegKv/
Köpeskillingskoefficient,Östra mellansverige,2010K1,1.74,https://www.statistikdatabasen.scb.se/pxweb/sv/ssd/START__BO__BO0501__BO0501B/FastprisFHRegKv/
Köpeskillingskoefficient,Östra mellansverige,2010K2,1.77,https://www.statistikdatabasen.scb.se/pxweb/sv/ssd/START__BO__BO0501__BO0501B/FastprisFHRegKv/
Köpeskillingskoefficient,Östra mellansverige,2010K3,1.76,https://www.statistikdatabasen.scb.se/pxweb/sv/ssd/START__BO__BO0501__BO0501B/FastprisFHRegKv/
Köpeskillingskoefficient,Östra mellansverige,2010K4,1.67,https://www.statistikdatabasen.scb.se/pxweb/sv/ssd/START__BO__BO0501__BO0501B/FastprisFHRegKv/
Köpeskillingskoefficient,Östra mellansverige,2011K1,1.74,https://www.statistikdatabasen.scb.se/pxweb/sv/ssd/START__BO__BO0501__BO0501B/FastprisFHRegKv/
Köpeskillingskoefficient,Östra mellansverige,2011K2,1.73,https://www.statistikdatabasen.scb.se/pxweb/sv/ssd/START__BO__BO0501__BO0501B/FastprisFHRegKv/
Köpeskillingskoefficient,Östra mellansverige,2011K3,1.73,https://www.statistikdatabasen.scb.se/pxweb/sv/ssd/START__BO__BO0501__BO0501B/FastprisFHRegKv/
Köpeskillingskoefficient,Östra mellansverige,2011K4,1.63,https://www.statistikdatabasen.scb.se/pxweb/sv/ssd/START__BO__BO0501__BO0501B/FastprisFHRegKv/
Köpeskillingskoefficient,Östra mellansverige,2012K1,1.56,https://www.statistikdatabasen.scb.se/pxweb/sv/ssd/START__BO__BO0501__BO0501B/FastprisFHRegKv/
Köpeskillingskoefficient,Östra mellansverige,2012K2,1.55,https://www.statistikdatabasen.scb.se/pxweb/sv/ssd/START__BO__BO0501__BO0501B/FastprisFHRegKv/
Köpeskillingskoefficient,Östra mellansverige,2012K3,1.6,https://www.statistikdatabasen.scb.se/pxweb/sv/ssd/START__BO__BO0501__BO0501B/FastprisFHRegKv/
Köpeskillingskoefficient,Östra mellansverige,2012K4,1.57,https://www.statistikdatabasen.scb.se/pxweb/sv/ssd/START__BO__BO0501__BO0501B/FastprisFHRegKv/
Köpeskillingskoefficient,Östra mellansverige,2013K1,1.56,https://www.statistikdatabasen.scb.se/pxweb/sv/ssd/START__BO__BO0501__BO0501B/FastprisFHRegKv/
Köpeskillingskoefficient,Östra mellansverige,2013K2,1.65,https://www.statistikdatabasen.scb.se/pxweb/sv/ssd/START__BO__BO0501__BO0501B/FastprisFHRegKv/
Köpeskillingskoefficient,Östra mellansverige,2013K3,1.59,https://www.statistikdatabasen.scb.se/pxweb/sv/ssd/START__BO__BO0501__BO0501B/FastprisFHRegKv/
Köpeskillingskoefficient,Östra mellansverige,2013K4,1.61,https://www.statistikdatabasen.scb.se/pxweb/sv/ssd/START__BO__BO0501__BO0501B/FastprisFHRegKv/
Köpeskillingskoefficient,Östra mellansverige,2014K1,1.54,https://www.statistikdatabasen.scb.se/pxweb/sv/ssd/START__BO__BO0501__BO0501B/FastprisFHRegKv/
Köpeskillingskoefficient,Östra mellansverige,2014K2,1.67,https://www.statistikdatabasen.scb.se/pxweb/sv/ssd/START__BO__BO0501__BO0501B/FastprisFHRegKv/
Köpeskillingskoefficient,Östra mellansverige,2014K3,1.69,https://www.statistikdatabasen.scb.se/pxweb/sv/ssd/START__BO__BO0501__BO0501B/FastprisFHRegKv/
Köpeskillingskoefficient,Östra mellansverige,2014K4,1.66,https://www.statistikdatabasen.scb.se/pxweb/sv/ssd/START__BO__BO0501__BO0501B/FastprisFHRegKv/
Köpeskillingskoefficient,Östra mellansverige,2015K1,1.61,https://www.statistikdatabasen.scb.se/pxweb/sv/ssd/START__BO__BO0501__BO0501B/FastprisFHRegKv/
Köpeskillingskoefficient,Östra mellansverige,2015K2,1.77,https://www.statistikdatabasen.scb.se/pxweb/sv/ssd/START__BO__BO0501__BO0501B/FastprisFHRegKv/
Köpeskillingskoefficient,Östra mellansverige,2015K3,1.78,https://www.statistikdatabasen.scb.se/pxweb/sv/ssd/START__BO__BO0501__BO0501B/FastprisFHRegKv/
Köpeskillingskoefficient,Östra mellansverige,2015K4,1.82,https://www.statistikdatabasen.scb.se/pxweb/sv/ssd/START__BO__BO0501__BO0501B/FastprisFHRegKv/
Köpeskillingskoefficient,Östra mellansverige,2016K1,1.68,https://www.statistikdatabasen.scb.se/pxweb/sv/ssd/START__BO__BO0501__BO0501B/FastprisFHRegKv/
Köpeskillingskoefficient,Östra mellansverige,2016K2,1.99,https://www.statistikdatabasen.scb.se/pxweb/sv/ssd/START__BO__BO0501__BO0501B/FastprisFHRegKv/
Köpeskillingskoefficient,Östra mellansverige,2016K3,1.94,https://www.statistikdatabasen.scb.se/pxweb/sv/ssd/START__BO__BO0501__BO0501B/FastprisFHRegKv/
Köpeskillingskoefficient,Östra mellansverige,2016K4,1.92,https://www.statistikdatabasen.scb.se/pxweb/sv/ssd/START__BO__BO0501__BO0501B/FastprisFHRegKv/
Köpeskillingskoefficient,Östra mellansverige,2017K1,1.84,https://www.statistikdatabasen.scb.se/pxweb/sv/ssd/START__BO__BO0501__BO0501B/FastprisFHRegKv/
Köpeskillingskoefficient,Östra mellansverige,2017K2,2.16,https://www.statistikdatabasen.scb.se/pxweb/sv/ssd/START__BO__BO0501__BO0501B/FastprisFHRegKv/
Köpeskillingskoefficient,Östra mellansverige,2017K3,2.17,https://www.statistikdatabasen.scb.se/pxweb/sv/ssd/START__BO__BO0501__BO0501B/FastprisFHRegKv/
Köpeskillingskoefficient,Östra mellansverige,2017K4,2.18,https://www.statistikdatabasen.scb.se/pxweb/sv/ssd/START__BO__BO0501__BO0501B/FastprisFHRegKv/
Köpeskillingskoefficient,Östra mellansverige,2018K1,1.66,https://www.statistikdatabasen.scb.se/pxweb/sv/ssd/START__BO__BO0501__BO0501B/FastprisFHRegKv/
Köpeskillingskoefficient,Östra mellansverige,2018K2,1.82,https://www.statistikdatabasen.scb.se/pxweb/sv/ssd/START__BO__BO0501__BO0501B/FastprisFHRegKv/
Köpeskillingskoefficient,Östra mellansverige,2018K3,1.87,https://www.statistikdatabasen.scb.se/pxweb/sv/ssd/START__BO__BO0501__BO0501B/FastprisFHRegKv/
Köpeskillingskoefficient,Östra mellansverige,2018K4,1.75,https://www.statistikdatabasen.scb.se/pxweb/sv/ssd/START__BO__BO0501__BO0501B/FastprisFHRegKv/
Köpeskillingskoefficient,Östra mellansverige,2019K1,1.65,https://www.statistikdatabasen.scb.se/pxweb/sv/ssd/START__BO__BO0501__BO0501B/FastprisFHRegKv/
Köpeskillingskoefficient,Östra mellansverige,2019K2,1.88,https://www.statistikdatabasen.scb.se/pxweb/sv/ssd/START__BO__BO0501__BO0501B/FastprisFHRegKv/
Köpeskillingskoefficient,Östra mellansverige,2019K3,1.93,https://www.statistikdatabasen.scb.se/pxweb/sv/ssd/START__BO__BO0501__BO0501B/FastprisFHRegKv/
Köpeskillingskoefficient,Östra mellansverige,2019K4,1.74,https://www.statistikdatabasen.scb.se/pxweb/sv/ssd/START__BO__BO0501__BO0501B/FastprisFHRegKv/
Köpeskillingskoefficient,Östra mellansverige,2020K1,1.83,https://www.statistikdatabasen.scb.se/pxweb/sv/ssd/START__BO__BO0501__BO0501B/FastprisFHRegKv/
Köpeskillingskoefficient,Östra mellansverige,2020K2,2.1,https://www.statistikdatabasen.scb.se/pxweb/sv/ssd/START__BO__BO0501__BO0501B/FastprisFHRegKv/
Köpeskillingskoefficient,Östra mellansverige,2020K3,2.1,https://www.statistikdatabasen.scb.se/pxweb/sv/ssd/START__BO__BO0501__BO0501B/FastprisFHRegKv/
Köpeskillingskoefficient,Östra mellansverige,2020K4,2.08,https://www.statistikdatabasen.scb.se/pxweb/sv/ssd/START__BO__BO0501__BO0501B/FastprisFHRegKv/
Köpeskillingskoefficient,Östra mellansverige,2021K1,1.9,https://www.statistikdatabasen.scb.se/pxweb/sv/ssd/START__BO__BO0501__BO0501B/FastprisFHRegKv/
Köpeskillingskoefficient,Östra mellansverige,2021K2,2.08,https://www.statistikdatabasen.scb.se/pxweb/sv/ssd/START__BO__BO0501__BO0501B/FastprisFHRegKv/
Köpeskillingskoefficient,Östra mellansverige,2021K3,2.14,https://www.statistikdatabasen.scb.se/pxweb/sv/ssd/START__BO__BO0501__BO0501B/FastprisFHRegKv/
Köpeskillingskoefficient,Östra mellansverige,2021K4,2.06,https://www.statistikdatabasen.scb.se/pxweb/sv/ssd/START__BO__BO0501__BO0501B/FastprisFHRegKv/
Köpeskillingskoefficient,Östra mellansverige,2022K1,1.93,https://www.statistikdatabasen.scb.se/pxweb/sv/ssd/START__BO__BO0501__BO0501B/FastprisFHRegKv/
Köpeskillingskoefficient,Östra mellansverige,2022K2,2.17,https://www.statistikdatabasen.scb.se/pxweb/sv/ssd/START__BO__BO0501__BO0501B/FastprisFHRegKv/
Köpeskillingskoefficient,Östra mellansverige,2022K3,2.08,https://www.statistikdatabasen.scb.se/pxweb/sv/ssd/START__BO__BO0501__BO0501B/FastprisFHRegKv/
Köpeskillingskoefficient,Östra mellansverige,2022K4,1.92,https://www.statistikdatabasen.scb.se/pxweb/sv/ssd/START__BO__BO0501__BO0501B/FastprisFHRegKv/
Köpeskillingskoefficient,Östra mellansverige,2023K1,1.69,https://www.statistikdatabasen.scb.se/pxweb/sv/ssd/START__BO__BO0501__BO0501B/FastprisFHRegKv/
Köpeskillingskoefficient,Östra mellansverige,2023K2,1.91,https://www.statistikdatabasen.scb.se/pxweb/sv/ssd/START__BO__BO0501__BO0501B/FastprisFHRegKv/
Köpeskillingskoefficient,Östra mellansverige,2023K3,1.96,https://www.statistikdatabasen.scb.se/pxweb/sv/ssd/START__BO__BO0501__BO0501B/FastprisFHRegKv/
Köpeskillingskoefficient,Östra mellansverige,2023K4,1.76,https://www.statistikdatabasen.scb.se/pxweb/sv/ssd/START__BO__BO0501__BO0501B/FastprisFHRegKv/
Köpeskillingskoefficient,Östra mellansverige,2024K1,1.39,https://www.statistikdatabasen.scb.se/pxweb/sv/ssd/START__BO__BO0501__BO0501B/FastprisFHRegKv/
Köpeskillingskoefficient,Östra mellansverige,2024K2,1.49,https://www.statistikdatabasen.scb.se/pxweb/sv/ssd/START__BO__BO0501__BO0501B/FastprisFHRegKv/
Köpeskillingskoefficient,Östra mellansverige,2024K3,1.46,https://www.statistikdatabasen.scb.se/pxweb/sv/ssd/START__BO__BO0501__BO0501B/FastprisFHRegKv/
Köpeskillingskoefficient,Östra mellansverige,2024K4,1.42,https://www.statistikdatabasen.scb.se/pxweb/sv/ssd/START__BO__BO0501__BO0501B/FastprisFHRegKv/
Köpeskillingskoefficient,Östra mellansverige,2025K1,1.43,https://www.statistikdatabasen.scb.se/pxweb/sv/ssd/START__BO__BO0501__BO0501B/FastprisFHRegKv/
Köpeskillingskoefficient,Östra mellansverige,2025K2,1.46,https://www.statistikdatabasen.scb.se/pxweb/sv/ssd/START__BO__BO0501__BO0501B/FastprisFHRegKv/
Köpeskillingskoefficient,Östra mellansverige,2025K3,1.5,https://www.statistikdatabasen.scb.se/pxweb/sv/ssd/START__BO__BO0501__BO0501B/FastprisFHRegKv/
Köpeskillingskoefficient,Östra mellansverige,2025K4,1.43,https://www.statistikdatabasen.scb.se/pxweb/sv/ssd/START__BO__BO0501__BO0501B/FastprisFHRegKv/
Köpeskillingskoefficient,Östra mellansverige,2026K1,1.39,https://www.statistikdatabasen.scb.se/pxweb/sv/ssd/START__BO__BO0501__BO0501B/FastprisFHRegKv/
Köpeskillingskoefficient,Östra mellansverige,2026K2,1.49,https://www.statistikdatabasen.scb.se/pxweb/sv/ssd/START__BO__BO0501__BO0501B/FastprisFHRegKv/
Antal,Småland med öarna,1998K1,80,https://www.statistikdatabasen.scb.se/pxweb/sv/ssd/START__BO__BO0501__BO0501B/FastprisFHRegKv/
Antal,Småland med öarna,1998K2,200,https://www.statistikdatabasen.scb.se/pxweb/sv/ssd/START__BO__BO0501__BO0501B/FastprisFHRegKv/
Antal,Småland med öarna,1998K3,252,https://www.statistikdatabasen.scb.se/pxweb/sv/ssd/START__BO__BO0501__BO0501B/FastprisFHRegKv/
Antal,Småland med öarna,1998K4,160,https://www.statistikdatabasen.scb.se/pxweb/sv/ssd/START__BO__BO0501__BO0501B/FastprisFHRegKv/
Antal,Småland med öarna,1999K1,89,https://www.statistikdatabasen.scb.se/pxweb/sv/ssd/START__BO__BO0501__BO0501B/FastprisFHRegKv/
Antal,Småland med öarna,1999K2,228,https://www.statistikdatabasen.scb.se/pxweb/sv/ssd/START__BO__BO0501__BO0501B/FastprisFHRegKv/
Antal,Småland med öarna,1999K3,285,https://www.statistikdatabasen.scb.se/pxweb/sv/ssd/START__BO__BO0501__BO0501B/FastprisFHRegKv/
Antal,Småland med öarna,1999K4,229,https://www.statistikdatabasen.scb.se/pxweb/sv/ssd/START__BO__BO0501__BO0501B/FastprisFHRegKv/
Antal,Småland med öarna,2000K1,107,https://www.statistikdatabasen.scb.se/pxweb/sv/ssd/START__BO__BO0501__BO0501B/FastprisFHRegKv/
Antal,Småland med öarna,2000K2,260,https://www.statistikdatabasen.scb.se/pxweb/sv/ssd/START__BO__BO0501__BO0501B/FastprisFHRegKv/
Antal,Småland med öarna,2000K3,245,https://www.statistikdatabasen.scb.se/pxweb/sv/ssd/START__BO__BO0501__BO0501B/FastprisFHRegKv/
Antal,Småland med öarna,2000K4,202,https://www.statistikdatabasen.scb.se/pxweb/sv/ssd/START__BO__BO0501__BO0501B/FastprisFHRegKv/
Antal,Småland med öarna,2001K1,73,https://www.statistikdatabasen.scb.se/pxweb/sv/ssd/START__BO__BO0501__BO0501B/FastprisFHRegKv/
Antal,Småland med öarna,2001K2,208,https://www.statistikdatabasen.scb.se/pxweb/sv/ssd/START__BO__BO0501__BO0501B/FastprisFHRegKv/
Antal,Småland med öarna,2001K3,249,https://www.statistikdatabasen.scb.se/pxweb/sv/ssd/START__BO__BO0501__BO0501B/FastprisFHRegKv/
Antal,Småland med öarna,2001K4,188,https://www.statistikdatabasen.scb.se/pxweb/sv/ssd/START__BO__BO0501__BO0501B/FastprisFHRegKv/
Antal,Småland med öarna,2002K1,80,https://www.statistikdatabasen.scb.se/pxweb/sv/ssd/START__BO__BO0501__BO0501B/FastprisFHRegKv/
Antal,Småland med öarna,2002K2,231,https://www.statistikdatabasen.scb.se/pxweb/sv/ssd/START__BO__BO0501__BO0501B/FastprisFHRegKv/
Antal,Småland med öarna,2002K3,244,https://www.statistikdatabasen.scb.se/pxweb/sv/ssd/START__BO__BO0501__BO0501B/FastprisFHRegKv/
Antal,Småland med öarna,2002K4,154,https://www.statistikdatabasen.scb.se/pxweb/sv/ssd/START__BO__BO0501__BO0501B/FastprisFHRegKv/
Antal,Småland med öarna,2003K1,93,https://www.statistikdatabasen.scb.se/pxweb/sv/ssd/START__BO__BO0501__BO0501B/FastprisFHRegKv/
Antal,Småland med öarna,2003K2,210,https://www.statistikdatabasen.scb.se/pxweb/sv/ssd/START__BO__BO0501__BO0501B/FastprisFHRegKv/
Antal,Småland med öarna,2003K3,226,https://www.statistikdatabasen.scb.se/pxweb/sv/ssd/START__BO__BO0501__BO0501B/FastprisFHRegKv/
Antal,Småland med öarna,2003K4,192,https://www.statistikdatabasen.scb.se/pxweb/sv/ssd/START__BO__BO0501__BO0501B/FastprisFHRegKv/
Antal,Småland med öarna,2004K1,85,https://www.statistikdatabasen.scb.se/pxweb/sv/ssd/START__BO__BO0501__BO0501B/FastprisFHRegKv/
Antal,Småland med öarna,2004K2,258,https://www.statistikdatabasen.scb.se/pxweb/sv/ssd/START__BO__BO0501__BO0501B/FastprisFHRegKv/
Antal,Småland med öarna,2004K3,282,https://www.statistikdatabasen.scb.se/pxweb/sv/ssd/START__BO__BO0501__BO0501B/FastprisFHRegKv/
Antal,Småland med öarna,2004K4,174,https://www.statistikdatabasen.scb.se/pxweb/sv/ssd/START__BO__BO0501__BO0501B/FastprisFHRegKv/
Antal,Småland med öarna,2005K1,99,https://www.statistikdatabasen.scb.se/pxweb/sv/ssd/START__BO__BO0501__BO0501B/FastprisFHRegKv/
Antal,Småland med öarna,2005K2,257,https://www.statistikdatabasen.scb.se/pxweb/sv/ssd/START__BO__BO0501__BO0501B/FastprisFHRegKv/
Antal,Småland med öarna,2005K3,348,https://www.statistikdatabasen.scb.se/pxweb/sv/ssd/START__BO__BO0501__BO0501B/FastprisFHRegKv/
Antal,Småland med öarna,2005K4,204,https://www.statistikdatabasen.scb.se/pxweb/sv/ssd/START__BO__BO0501__BO0501B/FastprisFHRegKv/
Antal,Småland med öarna,2006K1,85,https://www.statistikdatabasen.scb.se/pxweb/sv/ssd/START__BO__BO0501__BO0501B/FastprisFHRegKv/
Antal,Småland med öarna,2006K2,225,https://www.statistikdatabasen.scb.se/pxweb/sv/ssd/START__BO__BO0501__BO0501B/FastprisFHRegKv/
Antal,Småland med öarna,2006K3,300,https://www.statistikdatabasen.scb.se/pxweb/sv/ssd/START__BO__BO0501__BO0501B/FastprisFHRegKv/
Antal,Småland med öarna,2006K4,211,https://www.statistikdatabasen.scb.se/pxweb/sv/ssd/START__BO__BO0501__BO0501B/FastprisFHRegKv/
Antal,Småland med öarna,2007K1,100,https://www.statistikdatabasen.scb.se/pxweb/sv/ssd/START__BO__BO0501__BO0501B/FastprisFHRegKv/
Antal,Småland med öarna,2007K2,286,https://www.statistikdatabasen.scb.se/pxweb/sv/ssd/START__BO__BO0501__BO0501B/FastprisFHRegKv/
Antal,Småland med öarna,2007K3,340,https://www.statistikdatabasen.scb.se/pxweb/sv/ssd/START__BO__BO0501__BO0501B/FastprisFHRegKv/
Antal,Småland med öarna,2007K4,235,https://www.statistikdatabasen.scb.se/pxweb/sv/ssd/START__BO__BO0501__BO0501B/FastprisFHRegKv/
Antal,Småland med öarna,2008K1,92,https://www.statistikdatabasen.scb.se/pxweb/sv/ssd/START__BO__BO0501__BO0501B/FastprisFHRegKv/
Antal,Småland med öarna,2008K2,251,https://www.statistikdatabasen.scb.se/pxweb/sv/ssd/START__BO__BO0501__BO0501B/FastprisFHRegKv/
Antal,Småland med öarna,2008K3,286,https://www.statistikdatabasen.scb.se/pxweb/sv/ssd/START__BO__BO0501__BO0501B/FastprisFHRegKv/
Antal,Småland med öarna,2008K4,172,https://www.statistikdatabasen.scb.se/pxweb/sv/ssd/START__BO__BO0501__BO0501B/FastprisFHRegKv/
Antal,Småland med öarna,2009K1,79,https://www.statistikdatabasen.scb.se/pxweb/sv/ssd/START__BO__BO0501__BO0501B/FastprisFHRegKv/
Antal,Småland med öarna,2009K2,231,https://www.statistikdatabasen.scb.se/pxweb/sv/ssd/START__BO__BO0501__BO0501B/FastprisFHRegKv/
Antal,Småland med öarna,2009K3,284,https://www.statistikdatabasen.scb.se/pxweb/sv/ssd/START__BO__BO0501__BO0501B/FastprisFHRegKv/
Antal,Småland med öarna,2009K4,171,https://www.statistikdatabasen.scb.se/pxweb/sv/ssd/START__BO__BO0501__BO0501B/FastprisFHRegKv/
Antal,Småland med öarna,2010K1,67,https://www.statistikdatabasen.scb.se/pxweb/sv/ssd/START__BO__BO0501__BO0501B/FastprisFHRegKv/
Antal,Småland med öarna,2010K2,230,https://www.statistikdatabasen.scb.se/pxweb/sv/ssd/START__BO__BO0501__BO0501B/FastprisFHRegKv/
Antal,Småland med öarna,2010K3,360,https://www.statistikdatabasen.scb.se/pxweb/sv/ssd/START__BO__BO0501__BO0501B/FastprisFHRegKv/
Antal,Småland med öarna,2010K4,180,https://www.statistikdatabasen.scb.se/pxweb/sv/ssd/START__BO__BO0501__BO0501B/FastprisFHRegKv/
Antal,Småland med öarna,2011K1,74,https://www.statistikdatabasen.scb.se/pxweb/sv/ssd/START__BO__BO0501__BO0501B/FastprisFHRegKv/
Antal,Småland med öarna,2011K2,238,https://www.statistikdatabasen.scb.se/pxweb/sv/ssd/START__BO__BO0501__BO0501B/FastprisFHRegKv/
Antal,Småland med öarna,2011K3,352,https://www.statistikdatabasen.scb.se/pxweb/sv/ssd/START__BO__BO0501__BO0501B/FastprisFHRegKv/
Antal,Småland med öarna,2011K4,179,https://www.statistikdatabasen.scb.se/pxweb/sv/ssd/START__BO__BO0501__BO0501B/FastprisFHRegKv/
Antal,Småland med öarna,2012K1,100,https://www.statistikdatabasen.scb.se/pxweb/sv/ssd/START__BO__BO0501__BO0501B/FastprisFHRegKv/
Antal,Småland med öarna,2012K2,222,https://www.statistikdatabasen.scb.se/pxweb/sv/ssd/START__BO__BO0501__BO0501B/FastprisFHRegKv/
Antal,Småland med öarna,2012K3,259,https://www.statistikdatabasen.scb.se/pxweb/sv/ssd/START__BO__BO0501__BO0501B/FastprisFHRegKv/
Antal,Småland med öarna,2012K4,189,https://www.statistikdatabasen.scb.se/pxweb/sv/ssd/START__BO__BO0501__BO0501B/FastprisFHRegKv/
Antal,Småland med öarna,2013K1,85,https://www.statistikdatabasen.scb.se/pxweb/sv/ssd/START__BO__BO0501__BO0501B/FastprisFHRegKv/
Antal,Småland med öarna,2013K2,208,https://www.statistikdatabasen.scb.se/pxweb/sv/ssd/START__BO__BO0501__BO0501B/FastprisFHRegKv/
Antal,Småland med öarna,2013K3,331,https://www.statistikdatabasen.scb.se/pxweb/sv/ssd/START__BO__BO0501__BO0501B/FastprisFHRegKv/
Antal,Småland med öarna,2013K4,210,https://www.statistikdatabasen.scb.se/pxweb/sv/ssd/START__BO__BO0501__BO0501B/FastprisFHRegKv/
Antal,Småland med öarna,2014K1,97,https://www.statistikdatabasen.scb.se/pxweb/sv/ssd/START__BO__BO0501__BO0501B/FastprisFHRegKv/
Antal,Småland med öarna,2014K2,286,https://www.statistikdatabasen.scb.se/pxweb/sv/ssd/START__BO__BO0501__BO0501B/FastprisFHRegKv/
Antal,Småland med öarna,2014K3,368,https://www.statistikdatabasen.scb.se/pxweb/sv/ssd/START__BO__BO0501__BO0501B/FastprisFHRegKv/
Antal,Småland med öarna,2014K4,224,https://www.statistikdatabasen.scb.se/pxweb/sv/ssd/START__BO__BO0501__BO0501B/FastprisFHRegKv/
Antal,Småland med öarna,2015K1,158,https://www.statistikdatabasen.scb.se/pxweb/sv/ssd/START__BO__BO0501__BO0501B/FastprisFHRegKv/
Antal,Småland med öarna,2015K2,447,https://www.statistikdatabasen.scb.se/pxweb/sv/ssd/START__BO__BO0501__BO0501B/FastprisFHRegKv/
Antal,Småland med öarna,2015K3,497,https://www.statistikdatabasen.scb.se/pxweb/sv/ssd/START__BO__BO0501__BO0501B/FastprisFHRegKv/
Antal,Småland med öarna,2015K4,346,https://www.statistikdatabasen.scb.se/pxweb/sv/ssd/START__BO__BO0501__BO0501B/FastprisFHRegKv/
Antal,Småland med öarna,2016K1,176,https://www.statistikdatabasen.scb.se/pxweb/sv/ssd/START__BO__BO0501__BO0501B/FastprisFHRegKv/
Antal,Småland med öarna,2016K2,425,https://www.statistikdatabasen.scb.se/pxweb/sv/ssd/START__BO__BO0501__BO0501B/FastprisFHRegKv/
Antal,Småland med öarna,2016K3,480,https://www.statistikdatabasen.scb.se/pxweb/sv/ssd/START__BO__BO0501__BO0501B/FastprisFHRegKv/
Antal,Småland med öarna,2016K4,314,https://www.statistikdatabasen.scb.se/pxweb/sv/ssd/START__BO__BO0501__BO0501B/FastprisFHRegKv/
Antal,Småland med öarna,2017K1,186,https://www.statistikdatabasen.scb.se/pxweb/sv/ssd/START__BO__BO0501__BO0501B/FastprisFHRegKv/
Antal,Småland med öarna,2017K2,399,https://www.statistikdatabasen.scb.se/pxweb/sv/ssd/START__BO__BO0501__BO0501B/FastprisFHRegKv/
Antal,Småland med öarna,2017K3,486,https://www.statistikdatabasen.scb.se/pxweb/sv/ssd/START__BO__BO0501__BO0501B/FastprisFHRegKv/
Antal,Småland med öarna,2017K4,328,https://www.statistikdatabasen.scb.se/pxweb/sv/ssd/START__BO__BO0501__BO0501B/FastprisFHRegKv/
Antal,Småland med öarna,2018K1,166,https://www.statistikdatabasen.scb.se/pxweb/sv/ssd/START__BO__BO0501__BO0501B/FastprisFHRegKv/
Antal,Småland med öarna,2018K2,298,https://www.statistikdatabasen.scb.se/pxweb/sv/ssd/START__BO__BO0501__BO0501B/FastprisFHRegKv/
Antal,Småland med öarna,2018K3,422,https://www.statistikdatabasen.scb.se/pxweb/sv/ssd/START__BO__BO0501__BO0501B/FastprisFHRegKv/
Antal,Småland med öarna,2018K4,297,https://www.statistikdatabasen.scb.se/pxweb/sv/ssd/START__BO__BO0501__BO0501B/FastprisFHRegKv/
Antal,Småland med öarna,2019K1,140,https://www.statistikdatabasen.scb.se/pxweb/sv/ssd/START__BO__BO0501__BO0501B/FastprisFHRegKv/
Antal,Småland med öarna,2019K2,366,https://www.statistikdatabasen.scb.se/pxweb/sv/ssd/START__BO__BO0501__BO0501B/FastprisFHRegKv/
Antal,Småland med öarna,2019K3,481,https://www.statistikdatabasen.scb.se/pxweb/sv/ssd/START__BO__BO0501__BO0501B/FastprisFHRegKv/
Antal,Småland med öarna,2019K4,331,https://www.statistikdatabasen.scb.se/pxweb/sv/ssd/START__BO__BO0501__BO0501B/FastprisFHRegKv/
Antal,Småland med öarna,2020K1,142,https://www.statistikdatabasen.scb.se/pxweb/sv/ssd/START__BO__BO0501__BO0501B/FastprisFHRegKv/
Antal,Småland med öarna,2020K2,371,https://www.statistikdatabasen.scb.se/pxweb/sv/ssd/START__BO__BO0501__BO0501B/FastprisFHRegKv/
Antal,Småland med öarna,2020K3,626,https://www.statistikdatabasen.scb.se/pxweb/sv/ssd/START__BO__BO0501__BO0501B/FastprisFHRegKv/
Antal,Småland med öarna,2020K4,400,https://www.statistikdatabasen.scb.se/pxweb/sv/ssd/START__BO__BO0501__BO0501B/FastprisFHRegKv/
Antal,Småland med öarna,2021K1,165,https://www.statistikdatabasen.scb.se/pxweb/sv/ssd/START__BO__BO0501__BO0501B/FastprisFHRegKv/
Antal,Småland med öarna,2021K2,441,https://www.statistikdatabasen.scb.se/pxweb/sv/ssd/START__BO__BO0501__BO0501B/FastprisFHRegKv/
Antal,Småland med öarna,2021K3,470,https://www.statistikdatabasen.scb.se/pxweb/sv/ssd/START__BO__BO0501__BO0501B/FastprisFHRegKv/
Antal,Småland med öarna,2021K4,361,https://www.statistikdatabasen.scb.se/pxweb/sv/ssd/START__BO__BO0501__BO0501B/FastprisFHRegKv/
Antal,Småland med öarna,2022K1,147,https://www.statistikdatabasen.scb.se/pxweb/sv/ssd/START__BO__BO0501__BO0501B/FastprisFHRegKv/
Antal,Småland med öarna,2022K2,320,https://www.statistikdatabasen.scb.se/pxweb/sv/ssd/START__BO__BO0501__BO0501B/FastprisFHRegKv/
Antal,Småland med öarna,2022K3,445,https://www.statistikdatabasen.scb.se/pxweb/sv/ssd/START__BO__BO0501__BO0501B/FastprisFHRegKv/
Antal,Småland med öarna,2022K4,276,https://www.statistikdatabasen.scb.se/pxweb/sv/ssd/START__BO__BO0501__BO0501B/FastprisFHRegKv/
Antal,Småland med öarna,2023K1,164,https://www.statistikdatabasen.scb.se/pxweb/sv/ssd/START__BO__BO0501__BO0501B/FastprisFHRegKv/
Antal,Småland med öarna,2023K2,230,https://www.statistikdatabasen.scb.se/pxweb/sv/ssd/START__BO__BO0501__BO0501B/FastprisFHRegKv/
Antal,Småland med öarna,2023K3,354,https://www.statistikdatabasen.scb.se/pxweb/sv/ssd/START__BO__BO0501__BO0501B/FastprisFHRegKv/
Antal,Småland med öarna,2023K4,316,https://www.statistikdatabasen.scb.se/pxweb/sv/ssd/START__BO__BO0501__BO0501B/FastprisFHRegKv/
Antal,Småland med öarna,2024K1,147,https://www.statistikdatabasen.scb.se/pxweb/sv/ssd/START__BO__BO0501__BO0501B/FastprisFHRegKv/
Antal,Småland med öarna,2024K2,290,https://www.statistikdatabasen.scb.se/pxweb/sv/ssd/START__BO__BO0501__BO0501B/FastprisFHRegKv/
Antal,Småland med öarna,2024K3,406,https://www.statistikdatabasen.scb.se/pxweb/sv/ssd/START__BO__BO0501__BO0501B/FastprisFHRegKv/
Antal,Småland med öarna,2024K4,351,https://www.statistikdatabasen.scb.se/pxweb/sv/ssd/START__BO__BO0501__BO0501B/FastprisFHRegKv/
Antal,Småland med öarna,2025K1,171,https://www.statistikdatabasen.scb.se/pxweb/sv/ssd/START__BO__BO0501__BO0501B/FastprisFHRegKv/
Antal,Småland med öarna,2025K2,368,https://www.statistikdatabasen.scb.se/pxweb/sv/ssd/START__BO__BO0501__BO0501B/FastprisFHRegKv/
Antal,Småland med öarna,2025K3,448,https://www.statistikdatabasen.scb.se/pxweb/sv/ssd/START__BO__BO0501__BO0501B/FastprisFHRegKv/
Antal,Småland med öarna,2025K4,343,https://www.statistikdatabasen.scb.se/pxweb/sv/ssd/START__BO__BO0501__BO0501B/FastprisFHRegKv/
Antal,Småland med öarna,2026K1,186,https://www.statistikdatabasen.scb.se/pxweb/sv/ssd/START__BO__BO0501__BO0501B/FastprisFHRegKv/
Antal,Småland med öarna,2026K2,325,https://www.statistikdatabasen.scb.se/pxweb/sv/ssd/START__BO__BO0501__BO0501B/FastprisFHRegKv/
"Köpeskilling, medelvärde i tkr",Småland med öarna,1998K1,402,https://www.statistikdatabasen.scb.se/pxweb/sv/ssd/START__BO__BO0501__BO0501B/FastprisFHRegKv/
"Köpeskilling, medelvärde i tkr",Småland med öarna,1998K2,408,https://www.statistikdatabasen.scb.se/pxweb/sv/ssd/START__BO__BO0501__BO0501B/FastprisFHRegKv/
"Köpeskilling, medelvärde i tkr",Småland med öarna,1998K3,408,https://www.statistikdatabasen.scb.se/pxweb/sv/ssd/START__BO__BO0501__BO0501B/FastprisFHRegKv/
"Köpeskilling, medelvärde i tkr",Småland med öarna,1998K4,404,https://www.statistikdatabasen.scb.se/pxweb/sv/ssd/START__BO__BO0501__BO0501B/FastprisFHRegKv/
"Köpeskilling, medelvärde i tkr",Småland med öarna,1999K1,391,https://www.statistikdatabasen.scb.se/pxweb/sv/ssd/START__BO__BO0501__BO0501B/FastprisFHRegKv/
"Köpeskilling, medelvärde i tkr",Småland med öarna,1999K2,409,https://www.statistikdatabasen.scb.se/pxweb/sv/ssd/START__BO__BO0501__BO0501B/FastprisFHRegKv/
"Köpeskilling, medelvärde i tkr",Småland med öarna,1999K3,442,https://www.statistikdatabasen.scb.se/pxweb/sv/ssd/START__BO__BO0501__BO0501B/FastprisFHRegKv/
"Köpeskilling, medelvärde i tkr",Småland med öarna,1999K4,419,https://www.statistikdatabasen.scb.se/pxweb/sv/ssd/START__BO__BO0501__BO0501B/FastprisFHRegKv/
"Köpeskilling, medelvärde i tkr",Småland med öarna,2000K1,450,https://www.statistikdatabasen.scb.se/pxweb/sv/ssd/START__BO__BO0501__BO0501B/FastprisFHRegKv/
"Köpeskilling, medelvärde i tkr",Småland med öarna,2000K2,434,https://www.statistikdatabasen.scb.se/pxweb/sv/ssd/START__BO__BO0501__BO0501B/FastprisFHRegKv/
"Köpeskilling, medelvärde i tkr",Småland med öarna,2000K3,447,https://www.statistikdatabasen.scb.se/pxweb/sv/ssd/START__BO__BO0501__BO0501B/FastprisFHRegKv/
"Köpeskilling, medelvärde i tkr",Småland med öarna,2000K4,463,https://www.statistikdatabasen.scb.se/pxweb/sv/ssd/START__BO__BO0501__BO0501B/FastprisFHRegKv/
"Köpeskilling, medelvärde i tkr",Småland med öarna,2001K1,463,https://www.statistikdatabasen.scb.se/pxweb/sv/ssd/START__BO__BO0501__BO0501B/FastprisFHRegKv/
"Köpeskilling, medelvärde i tkr",Småland med öarna,2001K2,471,https://www.statistikdatabasen.scb.se/pxweb/sv/ssd/START__BO__BO0501__BO0501B/FastprisFHRegKv/
"Köpeskilling, medelvärde i tkr",Småland med öarna,2001K3,490,https://www.statistikdatabasen.scb.se/pxweb/sv/ssd/START__BO__BO0501__BO0501B/FastprisFHRegKv/
"Köpeskilling, medelvärde i tkr",Småland med öarna,2001K4,467,https://www.statistikdatabasen.scb.se/pxweb/sv/ssd/START__BO__BO0501__BO0501B/FastprisFHRegKv/
"Köpeskilling, medelvärde i tkr",Småland med öarna,2002K1,535,https://www.statistikdatabasen.scb.se/pxweb/sv/ssd/START__BO__BO0501__BO0501B/FastprisFHRegKv/
"Köpeskilling, medelvärde i tkr",Småland med öarna,2002K2,498,https://www.statistikdatabasen.scb.se/pxweb/sv/ssd/START__BO__BO0501__BO0501B/FastprisFHRegKv/
"Köpeskilling, medelvärde i tkr",Småland med öarna,2002K3,494,https://www.statistikdatabasen.scb.se/pxweb/sv/ssd/START__BO__BO0501__BO0501B/FastprisFHRegKv/
"Köpeskilling, medelvärde i tkr",Småland med öarna,2002K4,511,https://www.statistikdatabasen.scb.se/pxweb/sv/ssd/START__BO__BO0501__BO0501B/FastprisFHRegKv/
"Köpeskilling, medelvärde i tkr",Småland med öarna,2003K1,582,https://www.statistikdatabasen.scb.se/pxweb/sv/ssd/START__BO__BO0501__BO0501B/FastprisFHRegKv/
"Köpeskilling, medelvärde i tkr",Småland med öarna,2003K2,543,https://www.statistikdatabasen.scb.se/pxweb/sv/ssd/START__BO__BO0501__BO0501B/FastprisFHRegKv/
"Köpeskilling, medelvärde i tkr",Småland med öarna,2003K3,614,https://www.statistikdatabasen.scb.se/pxweb/sv/ssd/START__BO__BO0501__BO0501B/FastprisFHRegKv/
"Köpeskilling, medelvärde i tkr",Småland med öarna,2003K4,608,https://www.statistikdatabasen.scb.se/pxweb/sv/ssd/START__BO__BO0501__BO0501B/FastprisFHRegKv/
"Köpeskilling, medelvärde i tkr",Småland med öarna,2004K1,547,https://www.statistikdatabasen.scb.se/pxweb/sv/ssd/START__BO__BO0501__BO0501B/FastprisFHRegKv/
"Köpeskilling, medelvärde i tkr",Småland med öarna,2004K2,617,https://www.statistikdatabasen.scb.se/pxweb/sv/ssd/START__BO__BO0501__BO0501B/FastprisFHRegKv/
"Köpeskilling, medelvärde i tkr",Småland med öarna,2004K3,653,https://www.statistikdatabasen.scb.se/pxweb/sv/ssd/START__BO__BO0501__BO0501B/FastprisFHRegKv/
"Köpeskilling, medelvärde i tkr",Småland med öarna,2004K4,652,https://www.statistikdatabasen.scb.se/pxweb/sv/ssd/START__BO__BO0501__BO0501B/FastprisFHRegKv/
"Köpeskilling, medelvärde i tkr",Småland med öarna,2005K1,640,https://www.statistikdatabasen.scb.se/pxweb/sv/ssd/START__BO__BO0501__BO0501B/FastprisFHRegKv/
"Köpeskilling, medelvärde i tkr",Småland med öarna,2005K2,667,https://www.statistikdatabasen.scb.se/pxweb/sv/ssd/START__BO__BO0501__BO0501B/FastprisFHRegKv/
"Köpeskilling, medelvärde i tkr",Småland med öarna,2005K3,688,https://www.statistikdatabasen.scb.se/pxweb/sv/ssd/START__BO__BO0501__BO0501B/FastprisFHRegKv/
"Köpeskilling, medelvärde i tkr",Småland med öarna,2005K4,799,https://www.statistikdatabasen.scb.se/pxweb/sv/ssd/START__BO__BO0501__BO0501B/FastprisFHRegKv/
"Köpeskilling, medelvärde i tkr",Småland med öarna,2006K1,779,https://www.statistikdatabasen.scb.se/pxweb/sv/ssd/START__BO__BO0501__BO0501B/FastprisFHRegKv/
"Köpeskilling, medelvärde i tkr",Småland med öarna,2006K2,771,https://www.statistikdatabasen.scb.se/pxweb/sv/ssd/START__BO__BO0501__BO0501B/FastprisFHRegKv/
"Köpeskilling, medelvärde i tkr",Småland med öarna,2006K3,811,https://www.statistikdatabasen.scb.se/pxweb/sv/ssd/START__BO__BO0501__BO0501B/FastprisFHRegKv/
"Köpeskilling, medelvärde i tkr",Småland med öarna,2006K4,777,https://www.statistikdatabasen.scb.se/pxweb/sv/ssd/START__BO__BO0501__BO0501B/FastprisFHRegKv/
"Köpeskilling, medelvärde i tkr",Småland med öarna,2007K1,708,https://www.statistikdatabasen.scb.se/pxweb/sv/ssd/START__BO__BO0501__BO0501B/FastprisFHRegKv/
"Köpeskilling, medelvärde i tkr",Småland med öarna,2007K2,846,https://www.statistikdatabasen.scb.se/pxweb/sv/ssd/START__BO__BO0501__BO0501B/FastprisFHRegKv/
"Köpeskilling, medelvärde i tkr",Småland med öarna,2007K3,955,https://www.statistikdatabasen.scb.se/pxweb/sv/ssd/START__BO__BO0501__BO0501B/FastprisFHRegKv/
"Köpeskilling, medelvärde i tkr",Småland med öarna,2007K4,927,https://www.statistikdatabasen.scb.se/pxweb/sv/ssd/START__BO__BO0501__BO0501B/FastprisFHRegKv/
"Köpeskilling, medelvärde i tkr",Småland med öarna,2008K1,799,https://www.statistikdatabasen.scb.se/pxweb/sv/ssd/START__BO__BO0501__BO0501B/FastprisFHRegKv/
"Köpeskilling, medelvärde i tkr",Småland med öarna,2008K2,886,https://www.statistikdatabasen.scb.se/pxweb/sv/ssd/START__BO__BO0501__BO0501B/FastprisFHRegKv/
"Köpeskilling, medelvärde i tkr",Småland med öarna,2008K3,1020,https://www.statistikdatabasen.scb.se/pxweb/sv/ssd/START__BO__BO0501__BO0501B/FastprisFHRegKv/
"Köpeskilling, medelvärde i tkr",Småland med öarna,2008K4,938,https://www.statistikdatabasen.scb.se/pxweb/sv/ssd/START__BO__BO0501__BO0501B/FastprisFHRegKv/
"Köpeskilling, medelvärde i tkr",Småland med öarna,2009K1,1056,https://www.statistikdatabasen.scb.se/pxweb/sv/ssd/START__BO__BO0501__BO0501B/FastprisFHRegKv/
"Köpeskilling, medelvärde i tkr",Småland med öarna,2009K2,983,https://www.statistikdatabasen.scb.se/pxweb/sv/ssd/START__BO__BO0501__BO0501B/FastprisFHRegKv/
"Köpeskilling, medelvärde i tkr",Småland med öarna,2009K3,1178,https://www.statistikdatabasen.scb.se/pxweb/sv/ssd/START__BO__BO0501__BO0501B/FastprisFHRegKv/
"Köpeskilling, medelvärde i tkr",Småland med öarna,2009K4,1131,https://www.statistikdatabasen.scb.se/pxweb/sv/ssd/START__BO__BO0501__BO0501B/FastprisFHRegKv/
"Köpeskilling, medelvärde i tkr",Småland med öarna,2010K1,1421,https://www.statistikdatabasen.scb.se/pxweb/sv/ssd/START__BO__BO0501__BO0501B/FastprisFHRegKv/
"Köpeskilling, medelvärde i tkr",Småland med öarna,2010K2,1076,https://www.statistikdatabasen.scb.se/pxweb/sv/ssd/START__BO__BO0501__BO0501B/FastprisFHRegKv/
"Köpeskilling, medelvärde i tkr",Småland med öarna,2010K3,1130,https://www.statistikdatabasen.scb.se/pxweb/sv/ssd/START__BO__BO0501__BO0501B/FastprisFHRegKv/
"Köpeskilling, medelvärde i tkr",Småland med öarna,2010K4,1080,https://www.statistikdatabasen.scb.se/pxweb/sv/ssd/START__BO__BO0501__BO0501B/FastprisFHRegKv/
"Köpeskilling, medelvärde i tkr",Småland med öarna,2011K1,1260,https://www.statistikdatabasen.scb.se/pxweb/sv/ssd/START__BO__BO0501__BO0501B/FastprisFHRegKv/
"Köpeskilling, medelvärde i tkr",Småland med öarna,2011K2,1095,https://www.statistikdatabasen.scb.se/pxweb/sv/ssd/START__BO__BO0501__BO0501B/FastprisFHRegKv/
"Köpeskilling, medelvärde i tkr",Småland med öarna,2011K3,1222,https://www.statistikdatabasen.scb.se/pxweb/sv/ssd/START__BO__BO0501__BO0501B/FastprisFHRegKv/
"Köpeskilling, medelvärde i tkr",Småland med öarna,2011K4,1071,https://www.statistikdatabasen.scb.se/pxweb/sv/ssd/START__BO__BO0501__BO0501B/FastprisFHRegKv/
"Köpeskilling, medelvärde i tkr",Småland med öarna,2012K1,964,https://www.statistikdatabasen.scb.se/pxweb/sv/ssd/START__BO__BO0501__BO0501B/FastprisFHRegKv/
"Köpeskilling, medelvärde i tkr",Småland med öarna,2012K2,1085,https://www.statistikdatabasen.scb.se/pxweb/sv/ssd/START__BO__BO0501__BO0501B/FastprisFHRegKv/
"Köpeskilling, medelvärde i tkr",Småland med öarna,2012K3,1114,https://www.statistikdatabasen.scb.se/pxweb/sv/ssd/START__BO__BO0501__BO0501B/FastprisFHRegKv/
"Köpeskilling, medelvärde i tkr",Småland med öarna,2012K4,1013,https://www.statistikdatabasen.scb.se/pxweb/sv/ssd/START__BO__BO0501__BO0501B/FastprisFHRegKv/
"Köpeskilling, medelvärde i tkr",Småland med öarna,2013K1,1415,https://www.statistikdatabasen.scb.se/pxweb/sv/ssd/START__BO__BO0501__BO0501B/FastprisFHRegKv/
"Köpeskilling, medelvärde i tkr",Småland med öarna,2013K2,1108,https://www.statistikdatabasen.scb.se/pxweb/sv/ssd/START__BO__BO0501__BO0501B/FastprisFHRegKv/
"Köpeskilling, medelvärde i tkr",Småland med öarna,2013K3,1135,https://www.statistikdatabasen.scb.se/pxweb/sv/ssd/START__BO__BO0501__BO0501B/FastprisFHRegKv/
"Köpeskilling, medelvärde i tkr",Småland med öarna,2013K4,1164,https://www.statistikdatabasen.scb.se/pxweb/sv/ssd/START__BO__BO0501__BO0501B/FastprisFHRegKv/
"Köpeskilling, medelvärde i tkr",Småland med öarna,2014K1,1149,https://www.statistikdatabasen.scb.se/pxweb/sv/ssd/START__BO__BO0501__BO0501B/FastprisFHRegKv/
"Köpeskilling, medelvärde i tkr",Småland med öarna,2014K2,1086,https://www.statistikdatabasen.scb.se/pxweb/sv/ssd/START__BO__BO0501__BO0501B/FastprisFHRegKv/
"Köpeskilling, medelvärde i tkr",Småland med öarna,2014K3,1183,https://www.statistikdatabasen.scb.se/pxweb/sv/ssd/START__BO__BO0501__BO0501B/FastprisFHRegKv/
"Köpeskilling, medelvärde i tkr",Småland med öarna,2014K4,1146,https://www.statistikdatabasen.scb.se/pxweb/sv/ssd/START__BO__BO0501__BO0501B/FastprisFHRegKv/
"Köpeskilling, medelvärde i tkr",Småland med öarna,2015K1,1001,https://www.statistikdatabasen.scb.se/pxweb/sv/ssd/START__BO__BO0501__BO0501B/FastprisFHRegKv/
"Köpeskilling, medelvärde i tkr",Småland med öarna,2015K2,1090,https://www.statistikdatabasen.scb.se/pxweb/sv/ssd/START__BO__BO0501__BO0501B/FastprisFHRegKv/
"Köpeskilling, medelvärde i tkr",Småland med öarna,2015K3,1230,https://www.statistikdatabasen.scb.se/pxweb/sv/ssd/START__BO__BO0501__BO0501B/FastprisFHRegKv/
"Köpeskilling, medelvärde i tkr",Småland med öarna,2015K4,1120,https://www.statistikdatabasen.scb.se/pxweb/sv/ssd/START__BO__BO0501__BO0501B/FastprisFHRegKv/
"Köpeskilling, medelvärde i tkr",Småland med öarna,2016K1,1127,https://www.statistikdatabasen.scb.se/pxweb/sv/ssd/START__BO__BO0501__BO0501B/FastprisFHRegKv/
"Köpeskilling, medelvärde i tkr",Småland med öarna,2016K2,1195,https://www.statistikdatabasen.scb.se/pxweb/sv/ssd/START__BO__BO0501__BO0501B/FastprisFHRegKv/
"Köpeskilling, medelvärde i tkr",Småland med öarna,2016K3,1160,https://www.statistikdatabasen.scb.se/pxweb/sv/ssd/START__BO__BO0501__BO0501B/FastprisFHRegKv/
"Köpeskilling, medelvärde i tkr",Småland med öarna,2016K4,1328,https://www.statistikdatabasen.scb.se/pxweb/sv/ssd/START__BO__BO0501__BO0501B/FastprisFHRegKv/
"Köpeskilling, medelvärde i tkr",Småland med öarna,2017K1,1257,https://www.statistikdatabasen.scb.se/pxweb/sv/ssd/START__BO__BO0501__BO0501B/FastprisFHRegKv/
"Köpeskilling, medelvärde i tkr",Småland med öarna,2017K2,1260,https://www.statistikdatabasen.scb.se/pxweb/sv/ssd/START__BO__BO0501__BO0501B/FastprisFHRegKv/
"Köpeskilling, medelvärde i tkr",Småland med öarna,2017K3,1480,https://www.statistikdatabasen.scb.se/pxweb/sv/ssd/START__BO__BO0501__BO0501B/FastprisFHRegKv/
"Köpeskilling, medelvärde i tkr",Småland med öarna,2017K4,1296,https://www.statistikdatabasen.scb.se/pxweb/sv/ssd/START__BO__BO0501__BO0501B/FastprisFHRegKv/
"Köpeskilling, medelvärde i tkr",Småland med öarna,2018K1,1524,https://www.statistikdatabasen.scb.se/pxweb/sv/ssd/START__BO__BO0501__BO0501B/FastprisFHRegKv/
"Köpeskilling, medelvärde i tkr",Småland med öarna,2018K2,1397,https://www.statistikdatabasen.scb.se/pxweb/sv/ssd/START__BO__BO0501__BO0501B/FastprisFHRegKv/
"Köpeskilling, medelvärde i tkr",Småland med öarna,2018K3,1433,https://www.statistikdatabasen.scb.se/pxweb/sv/ssd/START__BO__BO0501__BO0501B/FastprisFHRegKv/
"Köpeskilling, medelvärde i tkr",Småland med öarna,2018K4,1397,https://www.statistikdatabasen.scb.se/pxweb/sv/ssd/START__BO__BO0501__BO0501B/FastprisFHRegKv/
"Köpeskilling, medelvärde i tkr",Småland med öarna,2019K1,1305,https://www.statistikdatabasen.scb.se/pxweb/sv/ssd/START__BO__BO0501__BO0501B/FastprisFHRegKv/
"Köpeskilling, medelvärde i tkr",Småland med öarna,2019K2,1384,https://www.statistikdatabasen.scb.se/pxweb/sv/ssd/START__BO__BO0501__BO0501B/FastprisFHRegKv/
"Köpeskilling, medelvärde i tkr",Småland med öarna,2019K3,1415,https://www.statistikdatabasen.scb.se/pxweb/sv/ssd/START__BO__BO0501__BO0501B/FastprisFHRegKv/
"Köpeskilling, medelvärde i tkr",Småland med öarna,2019K4,1390,https://www.statistikdatabasen.scb.se/pxweb/sv/ssd/START__BO__BO0501__BO0501B/FastprisFHRegKv/
"Köpeskilling, medelvärde i tkr",Småland med öarna,2020K1,1185,https://www.statistikdatabasen.scb.se/pxweb/sv/ssd/START__BO__BO0501__BO0501B/FastprisFHRegKv/
"Köpeskilling, medelvärde i tkr",Småland med öarna,2020K2,1510,https://www.statistikdatabasen.scb.se/pxweb/sv/ssd/START__BO__BO0501__BO0501B/FastprisFHRegKv/
"Köpeskilling, medelvärde i tkr",Småland med öarna,2020K3,1752,https://www.statistikdatabasen.scb.se/pxweb/sv/ssd/START__BO__BO0501__BO0501B/FastprisFHRegKv/
"Köpeskilling, medelvärde i tkr",Småland med öarna,2020K4,1612,https://www.statistikdatabasen.scb.se/pxweb/sv/ssd/START__BO__BO0501__BO0501B/FastprisFHRegKv/
"Köpeskilling, medelvärde i tkr",Småland med öarna,2021K1,1676,https://www.statistikdatabasen.scb.se/pxweb/sv/ssd/START__BO__BO0501__BO0501B/FastprisFHRegKv/
"Köpeskilling, medelvärde i tkr",Småland med öarna,2021K2,1816,https://www.statistikdatabasen.scb.se/pxweb/sv/ssd/START__BO__BO0501__BO0501B/FastprisFHRegKv/
"Köpeskilling, medelvärde i tkr",Småland med öarna,2021K3,1915,https://www.statistikdatabasen.scb.se/pxweb/sv/ssd/START__BO__BO0501__BO0501B/FastprisFHRegKv/
"Köpeskilling, medelvärde i tkr",Småland med öarna,2021K4,1749,https://www.statistikdatabasen.scb.se/pxweb/sv/ssd/START__BO__BO0501__BO0501B/FastprisFHRegKv/
"Köpeskilling, medelvärde i tkr",Småland med öarna,2022K1,1896,https://www.statistikdatabasen.scb.se/pxweb/sv/ssd/START__BO__BO0501__BO0501B/FastprisFHRegKv/
"Köpeskilling, medelvärde i tkr",Småland med öarna,2022K2,1807,https://www.statistikdatabasen.scb.se/pxweb/sv/ssd/START__BO__BO0501__BO0501B/FastprisFHRegKv/
"Köpeskilling, medelvärde i tkr",Småland med öarna,2022K3,2013,https://www.statistikdatabasen.scb.se/pxweb/sv/ssd/START__BO__BO0501__BO0501B/FastprisFHRegKv/
"Köpeskilling, medelvärde i tkr",Småland med öarna,2022K4,1777,https://www.statistikdatabasen.scb.se/pxweb/sv/ssd/START__BO__BO0501__BO0501B/FastprisFHRegKv/
"Köpeskilling, medelvärde i tkr",Småland med öarna,2023K1,1476,https://www.statistikdatabasen.scb.se/pxweb/sv/ssd/START__BO__BO0501__BO0501B/FastprisFHRegKv/
"Köpeskilling, medelvärde i tkr",Småland med öarna,2023K2,1565,https://www.statistikdatabasen.scb.se/pxweb/sv/ssd/START__BO__BO0501__BO0501B/FastprisFHRegKv/
"Köpeskilling, medelvärde i tkr",Småland med öarna,2023K3,1870,https://www.statistikdatabasen.scb.se/pxweb/sv/ssd/START__BO__BO0501__BO0501B/FastprisFHRegKv/
"Köpeskilling, medelvärde i tkr",Småland med öarna,2023K4,1667,https://www.statistikdatabasen.scb.se/pxweb/sv/ssd/START__BO__BO0501__BO0501B/FastprisFHRegKv/
"Köpeskilling, medelvärde i tkr",Småland med öarna,2024K1,1772,https://www.statistikdatabasen.scb.se/pxweb/sv/ssd/START__BO__BO0501__BO0501B/FastprisFHRegKv/
"Köpeskilling, medelvärde i tkr",Småland med öarna,2024K2,1839,https://www.statistikdatabasen.scb.se/pxweb/sv/ssd/START__BO__BO0501__BO0501B/FastprisFHRegKv/
"Köpeskilling, medelvärde i tkr",Småland med öarna,2024K3,2018,https://www.statistikdatabasen.scb.se/pxweb/sv/ssd/START__BO__BO0501__BO0501B/FastprisFHRegKv/
"Köpeskilling, medelvärde i tkr",Småland med öarna,2024K4,1729,https://www.statistikdatabasen.scb.se/pxweb/sv/ssd/START__BO__BO0501__BO0501B/FastprisFHRegKv/
"Köpeskilling, medelvärde i tkr",Småland med öarna,2025K1,1790,https://www.statistikdatabasen.scb.se/pxweb/sv/ssd/START__BO__BO0501__BO0501B/FastprisFHRegKv/
"Köpeskilling, medelvärde i tkr",Småland med öarna,2025K2,1985,https://www.statistikdatabasen.scb.se/pxweb/sv/ssd/START__BO__BO0501__BO0501B/FastprisFHRegKv/
"Köpeskilling, medelvärde i tkr",Småland med öarna,2025K3,1942,https://www.statistikdatabasen.scb.se/pxweb/sv/ssd/START__BO__BO0501__BO0501B/FastprisFHRegKv/
"Köpeskilling, medelvärde i tkr",Småland med öarna,2025K4,1978,https://www.statistikdatabasen.scb.se/pxweb/sv/ssd/START__BO__BO0501__BO0501B/FastprisFHRegKv/
"Köpeskilling, medelvärde i tkr",Småland med öarna,2026K1,1867,https://www.statistikdatabasen.scb.se/pxweb/sv/ssd/START__BO__BO0501__BO0501B/FastprisFHRegKv/
"Köpeskilling, medelvärde i tkr",Småland med öarna,2026K2,2048,https://www.statistikdatabasen.scb.se/pxweb/sv/ssd/START__BO__BO0501__BO0501B/FastprisFHRegKv/
"Bas-/taxeringsvärde, medelvärde i tkr",Småland med öarna,1998K1,212,https://www.statistikdatabasen.scb.se/pxweb/sv/ssd/START__BO__BO0501__BO0501B/FastprisFHRegKv/
"Bas-/taxeringsvärde, medelvärde i tkr",Småland med öarna,1998K2,224,https://www.statistikdatabasen.scb.se/pxweb/sv/ssd/START__BO__BO0501__BO0501B/FastprisFHRegKv/
"Bas-/taxeringsvärde, medelvärde i tkr",Småland med öarna,1998K3,222,https://www.statistikdatabasen.scb.se/pxweb/sv/ssd/START__BO__BO0501__BO0501B/FastprisFHRegKv/
"Bas-/taxeringsvärde, medelvärde i tkr",Småland med öarna,1998K4,220,https://www.statistikdatabasen.scb.se/pxweb/sv/ssd/START__BO__BO0501__BO0501B/FastprisFHRegKv/
"Bas-/taxeringsvärde, medelvärde i tkr",Småland med öarna,1999K1,227,https://www.statistikdatabasen.scb.se/pxweb/sv/ssd/START__BO__BO0501__BO0501B/FastprisFHRegKv/
"Bas-/taxeringsvärde, medelvärde i tkr",Småland med öarna,1999K2,221,https://www.statistikdatabasen.scb.se/pxweb/sv/ssd/START__BO__BO0501__BO0501B/FastprisFHRegKv/
"Bas-/taxeringsvärde, medelvärde i tkr",Småland med öarna,1999K3,223,https://www.statistikdatabasen.scb.se/pxweb/sv/ssd/START__BO__BO0501__BO0501B/FastprisFHRegKv/
"Bas-/taxeringsvärde, medelvärde i tkr",Småland med öarna,1999K4,220,https://www.statistikdatabasen.scb.se/pxweb/sv/ssd/START__BO__BO0501__BO0501B/FastprisFHRegKv/
"Bas-/taxeringsvärde, medelvärde i tkr",Småland med öarna,2000K1,246,https://www.statistikdatabasen.scb.se/pxweb/sv/ssd/START__BO__BO0501__BO0501B/FastprisFHRegKv/
"Bas-/taxeringsvärde, medelvärde i tkr",Småland med öarna,2000K2,216,https://www.statistikdatabasen.scb.se/pxweb/sv/ssd/START__BO__BO0501__BO0501B/FastprisFHRegKv/
"Bas-/taxeringsvärde, medelvärde i tkr",Småland med öarna,2000K3,208,https://www.statistikdatabasen.scb.se/pxweb/sv/ssd/START__BO__BO0501__BO0501B/FastprisFHRegKv/
"Bas-/taxeringsvärde, medelvärde i tkr",Småland med öarna,2000K4,233,https://www.statistikdatabasen.scb.se/pxweb/sv/ssd/START__BO__BO0501__BO0501B/FastprisFHRegKv/
"Bas-/taxeringsvärde, medelvärde i tkr",Småland med öarna,2001K1,220,https://www.statistikdatabasen.scb.se/pxweb/sv/ssd/START__BO__BO0501__BO0501B/FastprisFHRegKv/
"Bas-/taxeringsvärde, medelvärde i tkr",Småland med öarna,2001K2,225,https://www.statistikdatabasen.scb.se/pxweb/sv/ssd/START__BO__BO0501__BO0501B/FastprisFHRegKv/
"Bas-/taxeringsvärde, medelvärde i tkr",Småland med öarna,2001K3,220,https://www.statistikdatabasen.scb.se/pxweb/sv/ssd/START__BO__BO0501__BO0501B/FastprisFHRegKv/
"Bas-/taxeringsvärde, medelvärde i tkr",Småland med öarna,2001K4,213,https://www.statistikdatabasen.scb.se/pxweb/sv/ssd/START__BO__BO0501__BO0501B/FastprisFHRegKv/
"Bas-/taxeringsvärde, medelvärde i tkr",Småland med öarna,2002K1,235,https://www.statistikdatabasen.scb.se/pxweb/sv/ssd/START__BO__BO0501__BO0501B/FastprisFHRegKv/
"Bas-/taxeringsvärde, medelvärde i tkr",Småland med öarna,2002K2,215,https://www.statistikdatabasen.scb.se/pxweb/sv/ssd/START__BO__BO0501__BO0501B/FastprisFHRegKv/
"Bas-/taxeringsvärde, medelvärde i tkr",Småland med öarna,2002K3,207,https://www.statistikdatabasen.scb.se/pxweb/sv/ssd/START__BO__BO0501__BO0501B/FastprisFHRegKv/
"Bas-/taxeringsvärde, medelvärde i tkr",Småland med öarna,2002K4,219,https://www.statistikdatabasen.scb.se/pxweb/sv/ssd/START__BO__BO0501__BO0501B/FastprisFHRegKv/
"Bas-/taxeringsvärde, medelvärde i tkr",Småland med öarna,2003K1,324,https://www.statistikdatabasen.scb.se/pxweb/sv/ssd/START__BO__BO0501__BO0501B/FastprisFHRegKv/
"Bas-/taxeringsvärde, medelvärde i tkr",Småland med öarna,2003K2,293,https://www.statistikdatabasen.scb.se/pxweb/sv/ssd/START__BO__BO0501__BO0501B/FastprisFHRegKv/
"Bas-/taxeringsvärde, medelvärde i tkr",Småland med öarna,2003K3,317,https://www.statistikdatabasen.scb.se/pxweb/sv/ssd/START__BO__BO0501__BO0501B/FastprisFHRegKv/
"Bas-/taxeringsvärde, medelvärde i tkr",Småland med öarna,2003K4,298,https://www.statistikdatabasen.scb.se/pxweb/sv/ssd/START__BO__BO0501__BO0501B/FastprisFHRegKv/
"Bas-/taxeringsvärde, medelvärde i tkr",Småland med öarna,2004K1,275,https://www.statistikdatabasen.scb.se/pxweb/sv/ssd/START__BO__BO0501__BO0501B/FastprisFHRegKv/
"Bas-/taxeringsvärde, medelvärde i tkr",Småland med öarna,2004K2,295,https://www.statistikdatabasen.scb.se/pxweb/sv/ssd/START__BO__BO0501__BO0501B/FastprisFHRegKv/
"Bas-/taxeringsvärde, medelvärde i tkr",Småland med öarna,2004K3,306,https://www.statistikdatabasen.scb.se/pxweb/sv/ssd/START__BO__BO0501__BO0501B/FastprisFHRegKv/
"Bas-/taxeringsvärde, medelvärde i tkr",Småland med öarna,2004K4,303,https://www.statistikdatabasen.scb.se/pxweb/sv/ssd/START__BO__BO0501__BO0501B/FastprisFHRegKv/
"Bas-/taxeringsvärde, medelvärde i tkr",Småland med öarna,2005K1,306,https://www.statistikdatabasen.scb.se/pxweb/sv/ssd/START__BO__BO0501__BO0501B/FastprisFHRegKv/
"Bas-/taxeringsvärde, medelvärde i tkr",Småland med öarna,2005K2,285,https://www.statistikdatabasen.scb.se/pxweb/sv/ssd/START__BO__BO0501__BO0501B/FastprisFHRegKv/
"Bas-/taxeringsvärde, medelvärde i tkr",Småland med öarna,2005K3,280,https://www.statistikdatabasen.scb.se/pxweb/sv/ssd/START__BO__BO0501__BO0501B/FastprisFHRegKv/
"Bas-/taxeringsvärde, medelvärde i tkr",Småland med öarna,2005K4,320,https://www.statistikdatabasen.scb.se/pxweb/sv/ssd/START__BO__BO0501__BO0501B/FastprisFHRegKv/
"Bas-/taxeringsvärde, medelvärde i tkr",Småland med öarna,2006K1,447,https://www.statistikdatabasen.scb.se/pxweb/sv/ssd/START__BO__BO0501__BO0501B/FastprisFHRegKv/
"Bas-/taxeringsvärde, medelvärde i tkr",Småland med öarna,2006K2,387,https://www.statistikdatabasen.scb.se/pxweb/sv/ssd/START__BO__BO0501__BO0501B/FastprisFHRegKv/
"Bas-/taxeringsvärde, medelvärde i tkr",Småland med öarna,2006K3,394,https://www.statistikdatabasen.scb.se/pxweb/sv/ssd/START__BO__BO0501__BO0501B/FastprisFHRegKv/
"Bas-/taxeringsvärde, medelvärde i tkr",Småland med öarna,2006K4,383,https://www.statistikdatabasen.scb.se/pxweb/sv/ssd/START__BO__BO0501__BO0501B/FastprisFHRegKv/
"Bas-/taxeringsvärde, medelvärde i tkr",Småland med öarna,2007K1,326,https://www.statistikdatabasen.scb.se/pxweb/sv/ssd/START__BO__BO0501__BO0501B/FastprisFHRegKv/
"Bas-/taxeringsvärde, medelvärde i tkr",Småland med öarna,2007K2,384,https://www.statistikdatabasen.scb.se/pxweb/sv/ssd/START__BO__BO0501__BO0501B/FastprisFHRegKv/
"Bas-/taxeringsvärde, medelvärde i tkr",Småland med öarna,2007K3,397,https://www.statistikdatabasen.scb.se/pxweb/sv/ssd/START__BO__BO0501__BO0501B/FastprisFHRegKv/
"Bas-/taxeringsvärde, medelvärde i tkr",Småland med öarna,2007K4,423,https://www.statistikdatabasen.scb.se/pxweb/sv/ssd/START__BO__BO0501__BO0501B/FastprisFHRegKv/
"Bas-/taxeringsvärde, medelvärde i tkr",Småland med öarna,2008K1,367,https://www.statistikdatabasen.scb.se/pxweb/sv/ssd/START__BO__BO0501__BO0501B/FastprisFHRegKv/
"Bas-/taxeringsvärde, medelvärde i tkr",Småland med öarna,2008K2,399,https://www.statistikdatabasen.scb.se/pxweb/sv/ssd/START__BO__BO0501__BO0501B/FastprisFHRegKv/
"Bas-/taxeringsvärde, medelvärde i tkr",Småland med öarna,2008K3,411,https://www.statistikdatabasen.scb.se/pxweb/sv/ssd/START__BO__BO0501__BO0501B/FastprisFHRegKv/
"Bas-/taxeringsvärde, medelvärde i tkr",Småland med öarna,2008K4,408,https://www.statistikdatabasen.scb.se/pxweb/sv/ssd/START__BO__BO0501__BO0501B/FastprisFHRegKv/
"Bas-/taxeringsvärde, medelvärde i tkr",Småland med öarna,2009K1,649,https://www.statistikdatabasen.scb.se/pxweb/sv/ssd/START__BO__BO0501__BO0501B/FastprisFHRegKv/
"Bas-/taxeringsvärde, medelvärde i tkr",Småland med öarna,2009K2,585,https://www.statistikdatabasen.scb.se/pxweb/sv/ssd/START__BO__BO0501__BO0501B/FastprisFHRegKv/
"Bas-/taxeringsvärde, medelvärde i tkr",Småland med öarna,2009K3,654,https://www.statistikdatabasen.scb.se/pxweb/sv/ssd/START__BO__BO0501__BO0501B/FastprisFHRegKv/
"Bas-/taxeringsvärde, medelvärde i tkr",Småland med öarna,2009K4,609,https://www.statistikdatabasen.scb.se/pxweb/sv/ssd/START__BO__BO0501__BO0501B/FastprisFHRegKv/
"Bas-/taxeringsvärde, medelvärde i tkr",Småland med öarna,2010K1,713,https://www.statistikdatabasen.scb.se/pxweb/sv/ssd/START__BO__BO0501__BO0501B/FastprisFHRegKv/
"Bas-/taxeringsvärde, medelvärde i tkr",Småland med öarna,2010K2,586,https://www.statistikdatabasen.scb.se/pxweb/sv/ssd/START__BO__BO0501__BO0501B/FastprisFHRegKv/
"Bas-/taxeringsvärde, medelvärde i tkr",Småland med öarna,2010K3,576,https://www.statistikdatabasen.scb.se/pxweb/sv/ssd/START__BO__BO0501__BO0501B/FastprisFHRegKv/
"Bas-/taxeringsvärde, medelvärde i tkr",Småland med öarna,2010K4,598,https://www.statistikdatabasen.scb.se/pxweb/sv/ssd/START__BO__BO0501__BO0501B/FastprisFHRegKv/
"Bas-/taxeringsvärde, medelvärde i tkr",Småland med öarna,2011K1,666,https://www.statistikdatabasen.scb.se/pxweb/sv/ssd/START__BO__BO0501__BO0501B/FastprisFHRegKv/
"Bas-/taxeringsvärde, medelvärde i tkr",Småland med öarna,2011K2,593,https://www.statistikdatabasen.scb.se/pxweb/sv/ssd/START__BO__BO0501__BO0501B/FastprisFHRegKv/
"Bas-/taxeringsvärde, medelvärde i tkr",Småland med öarna,2011K3,641,https://www.statistikdatabasen.scb.se/pxweb/sv/ssd/START__BO__BO0501__BO0501B/FastprisFHRegKv/
"Bas-/taxeringsvärde, medelvärde i tkr",Småland med öarna,2011K4,628,https://www.statistikdatabasen.scb.se/pxweb/sv/ssd/START__BO__BO0501__BO0501B/FastprisFHRegKv/
"Bas-/taxeringsvärde, medelvärde i tkr",Småland med öarna,2012K1,657,https://www.statistikdatabasen.scb.se/pxweb/sv/ssd/START__BO__BO0501__BO0501B/FastprisFHRegKv/
"Bas-/taxeringsvärde, medelvärde i tkr",Småland med öarna,2012K2,668,https://www.statistikdatabasen.scb.se/pxweb/sv/ssd/START__BO__BO0501__BO0501B/FastprisFHRegKv/
"Bas-/taxeringsvärde, medelvärde i tkr",Småland med öarna,2012K3,734,https://www.statistikdatabasen.scb.se/pxweb/sv/ssd/START__BO__BO0501__BO0501B/FastprisFHRegKv/
"Bas-/taxeringsvärde, medelvärde i tkr",Småland med öarna,2012K4,660,https://www.statistikdatabasen.scb.se/pxweb/sv/ssd/START__BO__BO0501__BO0501B/FastprisFHRegKv/
"Bas-/taxeringsvärde, medelvärde i tkr",Småland med öarna,2013K1,881,https://www.statistikdatabasen.scb.se/pxweb/sv/ssd/START__BO__BO0501__BO0501B/FastprisFHRegKv/
"Bas-/taxeringsvärde, medelvärde i tkr",Småland med öarna,2013K2,647,https://www.statistikdatabasen.scb.se/pxweb/sv/ssd/START__BO__BO0501__BO0501B/FastprisFHRegKv/
"Bas-/taxeringsvärde, medelvärde i tkr",Småland med öarna,2013K3,717,https://www.statistikdatabasen.scb.se/pxweb/sv/ssd/START__BO__BO0501__BO0501B/FastprisFHRegKv/
"Bas-/taxeringsvärde, medelvärde i tkr",Småland med öarna,2013K4,727,https://www.statistikdatabasen.scb.se/pxweb/sv/ssd/START__BO__BO0501__BO0501B/FastprisFHRegKv/
"Bas-/taxeringsvärde, medelvärde i tkr",Småland med öarna,2014K1,747,https://www.statistikdatabasen.scb.se/pxweb/sv/ssd/START__BO__BO0501__BO0501B/FastprisFHRegKv/
"Bas-/taxeringsvärde, medelvärde i tkr",Småland med öarna,2014K2,664,https://www.statistikdatabasen.scb.se/pxweb/sv/ssd/START__BO__BO0501__BO0501B/FastprisFHRegKv/
"Bas-/taxeringsvärde, medelvärde i tkr",Småland med öarna,2014K3,748,https://www.statistikdatabasen.scb.se/pxweb/sv/ssd/START__BO__BO0501__BO0501B/FastprisFHRegKv/
"Bas-/taxeringsvärde, medelvärde i tkr",Småland med öarna,2014K4,708,https://www.statistikdatabasen.scb.se/pxweb/sv/ssd/START__BO__BO0501__BO0501B/FastprisFHRegKv/
"Bas-/taxeringsvärde, medelvärde i tkr",Småland med öarna,2015K1,694,https://www.statistikdatabasen.scb.se/pxweb/sv/ssd/START__BO__BO0501__BO0501B/FastprisFHRegKv/
"Bas-/taxeringsvärde, medelvärde i tkr",Småland med öarna,2015K2,664,https://www.statistikdatabasen.scb.se/pxweb/sv/ssd/START__BO__BO0501__BO0501B/FastprisFHRegKv/
"Bas-/taxeringsvärde, medelvärde i tkr",Småland med öarna,2015K3,686,https://www.statistikdatabasen.scb.se/pxweb/sv/ssd/START__BO__BO0501__BO0501B/FastprisFHRegKv/
"Bas-/taxeringsvärde, medelvärde i tkr",Småland med öarna,2015K4,655,https://www.statistikdatabasen.scb.se/pxweb/sv/ssd/START__BO__BO0501__BO0501B/FastprisFHRegKv/
"Bas-/taxeringsvärde, medelvärde i tkr",Småland med öarna,2016K1,651,https://www.statistikdatabasen.scb.se/pxweb/sv/ssd/START__BO__BO0501__BO0501B/FastprisFHRegKv/
"Bas-/taxeringsvärde, medelvärde i tkr",Småland med öarna,2016K2,671,https://www.statistikdatabasen.scb.se/pxweb/sv/ssd/START__BO__BO0501__BO0501B/FastprisFHRegKv/
"Bas-/taxeringsvärde, medelvärde i tkr",Småland med öarna,2016K3,615,https://www.statistikdatabasen.scb.se/pxweb/sv/ssd/START__BO__BO0501__BO0501B/FastprisFHRegKv/
"Bas-/taxeringsvärde, medelvärde i tkr",Småland med öarna,2016K4,678,https://www.statistikdatabasen.scb.se/pxweb/sv/ssd/START__BO__BO0501__BO0501B/FastprisFHRegKv/
"Bas-/taxeringsvärde, medelvärde i tkr",Småland med öarna,2017K1,686,https://www.statistikdatabasen.scb.se/pxweb/sv/ssd/START__BO__BO0501__BO0501B/FastprisFHRegKv/
"Bas-/taxeringsvärde, medelvärde i tkr",Småland med öarna,2017K2,643,https://www.statistikdatabasen.scb.se/pxweb/sv/ssd/START__BO__BO0501__BO0501B/FastprisFHRegKv/
"Bas-/taxeringsvärde, medelvärde i tkr",Småland med öarna,2017K3,704,https://www.statistikdatabasen.scb.se/pxweb/sv/ssd/START__BO__BO0501__BO0501B/FastprisFHRegKv/
"Bas-/taxeringsvärde, medelvärde i tkr",Småland med öarna,2017K4,651,https://www.statistikdatabasen.scb.se/pxweb/sv/ssd/START__BO__BO0501__BO0501B/FastprisFHRegKv/
"Bas-/taxeringsvärde, medelvärde i tkr",Småland med öarna,2018K1,857,https://www.statistikdatabasen.scb.se/pxweb/sv/ssd/START__BO__BO0501__BO0501B/FastprisFHRegKv/
"Bas-/taxeringsvärde, medelvärde i tkr",Småland med öarna,2018K2,784,https://www.statistikdatabasen.scb.se/pxweb/sv/ssd/START__BO__BO0501__BO0501B/FastprisFHRegKv/
"Bas-/taxeringsvärde, medelvärde i tkr",Småland med öarna,2018K3,834,https://www.statistikdatabasen.scb.se/pxweb/sv/ssd/START__BO__BO0501__BO0501B/FastprisFHRegKv/
"Bas-/taxeringsvärde, medelvärde i tkr",Småland med öarna,2018K4,802,https://www.statistikdatabasen.scb.se/pxweb/sv/ssd/START__BO__BO0501__BO0501B/FastprisFHRegKv/
"Bas-/taxeringsvärde, medelvärde i tkr",Småland med öarna,2019K1,790,https://www.statistikdatabasen.scb.se/pxweb/sv/ssd/START__BO__BO0501__BO0501B/FastprisFHRegKv/
"Bas-/taxeringsvärde, medelvärde i tkr",Småland med öarna,2019K2,766,https://www.statistikdatabasen.scb.se/pxweb/sv/ssd/START__BO__BO0501__BO0501B/FastprisFHRegKv/
"Bas-/taxeringsvärde, medelvärde i tkr",Småland med öarna,2019K3,787,https://www.statistikdatabasen.scb.se/pxweb/sv/ssd/START__BO__BO0501__BO0501B/FastprisFHRegKv/
"Bas-/taxeringsvärde, medelvärde i tkr",Småland med öarna,2019K4,786,https://www.statistikdatabasen.scb.se/pxweb/sv/ssd/START__BO__BO0501__BO0501B/FastprisFHRegKv/
"Bas-/taxeringsvärde, medelvärde i tkr",Småland med öarna,2020K1,676,https://www.statistikdatabasen.scb.se/pxweb/sv/ssd/START__BO__BO0501__BO0501B/FastprisFHRegKv/
"Bas-/taxeringsvärde, medelvärde i tkr",Småland med öarna,2020K2,768,https://www.statistikdatabasen.scb.se/pxweb/sv/ssd/START__BO__BO0501__BO0501B/FastprisFHRegKv/
"Bas-/taxeringsvärde, medelvärde i tkr",Småland med öarna,2020K3,871,https://www.statistikdatabasen.scb.se/pxweb/sv/ssd/START__BO__BO0501__BO0501B/FastprisFHRegKv/
"Bas-/taxeringsvärde, medelvärde i tkr",Småland med öarna,2020K4,810,https://www.statistikdatabasen.scb.se/pxweb/sv/ssd/START__BO__BO0501__BO0501B/FastprisFHRegKv/
"Bas-/taxeringsvärde, medelvärde i tkr",Småland med öarna,2021K1,922,https://www.statistikdatabasen.scb.se/pxweb/sv/ssd/START__BO__BO0501__BO0501B/FastprisFHRegKv/
"Bas-/taxeringsvärde, medelvärde i tkr",Småland med öarna,2021K2,940,https://www.statistikdatabasen.scb.se/pxweb/sv/ssd/START__BO__BO0501__BO0501B/FastprisFHRegKv/
"Bas-/taxeringsvärde, medelvärde i tkr",Småland med öarna,2021K3,902,https://www.statistikdatabasen.scb.se/pxweb/sv/ssd/START__BO__BO0501__BO0501B/FastprisFHRegKv/
"Bas-/taxeringsvärde, medelvärde i tkr",Småland med öarna,2021K4,861,https://www.statistikdatabasen.scb.se/pxweb/sv/ssd/START__BO__BO0501__BO0501B/FastprisFHRegKv/
"Bas-/taxeringsvärde, medelvärde i tkr",Småland med öarna,2022K1,943,https://www.statistikdatabasen.scb.se/pxweb/sv/ssd/START__BO__BO0501__BO0501B/FastprisFHRegKv/
"Bas-/taxeringsvärde, medelvärde i tkr",Småland med öarna,2022K2,867,https://www.statistikdatabasen.scb.se/pxweb/sv/ssd/START__BO__BO0501__BO0501B/FastprisFHRegKv/
"Bas-/taxeringsvärde, medelvärde i tkr",Småland med öarna,2022K3,930,https://www.statistikdatabasen.scb.se/pxweb/sv/ssd/START__BO__BO0501__BO0501B/FastprisFHRegKv/
"Bas-/taxeringsvärde, medelvärde i tkr",Småland med öarna,2022K4,919,https://www.statistikdatabasen.scb.se/pxweb/sv/ssd/START__BO__BO0501__BO0501B/FastprisFHRegKv/
"Bas-/taxeringsvärde, medelvärde i tkr",Småland med öarna,2023K1,889,https://www.statistikdatabasen.scb.se/pxweb/sv/ssd/START__BO__BO0501__BO0501B/FastprisFHRegKv/
"Bas-/taxeringsvärde, medelvärde i tkr",Småland med öarna,2023K2,881,https://www.statistikdatabasen.scb.se/pxweb/sv/ssd/START__BO__BO0501__BO0501B/FastprisFHRegKv/
"Bas-/taxeringsvärde, medelvärde i tkr",Småland med öarna,2023K3,926,https://www.statistikdatabasen.scb.se/pxweb/sv/ssd/START__BO__BO0501__BO0501B/FastprisFHRegKv/
"Bas-/taxeringsvärde, medelvärde i tkr",Småland med öarna,2023K4,886,https://www.statistikdatabasen.scb.se/pxweb/sv/ssd/START__BO__BO0501__BO0501B/FastprisFHRegKv/
"Bas-/taxeringsvärde, medelvärde i tkr",Småland med öarna,2024K1,1290,https://www.statistikdatabasen.scb.se/pxweb/sv/ssd/START__BO__BO0501__BO0501B/FastprisFHRegKv/
"Bas-/taxeringsvärde, medelvärde i tkr",Småland med öarna,2024K2,1316,https://www.statistikdatabasen.scb.se/pxweb/sv/ssd/START__BO__BO0501__BO0501B/FastprisFHRegKv/
"Bas-/taxeringsvärde, medelvärde i tkr",Småland med öarna,2024K3,1351,https://www.statistikdatabasen.scb.se/pxweb/sv/ssd/START__BO__BO0501__BO0501B/FastprisFHRegKv/
"Bas-/taxeringsvärde, medelvärde i tkr",Småland med öarna,2024K4,1208,https://www.statistikdatabasen.scb.se/pxweb/sv/ssd/START__BO__BO0501__BO0501B/FastprisFHRegKv/
"Bas-/taxeringsvärde, medelvärde i tkr",Småland med öarna,2025K1,1317,https://www.statistikdatabasen.scb.se/pxweb/sv/ssd/START__BO__BO0501__BO0501B/FastprisFHRegKv/
"Bas-/taxeringsvärde, medelvärde i tkr",Småland med öarna,2025K2,1329,https://www.statistikdatabasen.scb.se/pxweb/sv/ssd/START__BO__BO0501__BO0501B/FastprisFHRegKv/
"Bas-/taxeringsvärde, medelvärde i tkr",Småland med öarna,2025K3,1272,https://www.statistikdatabasen.scb.se/pxweb/sv/ssd/START__BO__BO0501__BO0501B/FastprisFHRegKv/
"Bas-/taxeringsvärde, medelvärde i tkr",Småland med öarna,2025K4,1365,https://www.statistikdatabasen.scb.se/pxweb/sv/ssd/START__BO__BO0501__BO0501B/FastprisFHRegKv/
"Bas-/taxeringsvärde, medelvärde i tkr",Småland med öarna,2026K1,1383,https://www.statistikdatabasen.scb.se/pxweb/sv/ssd/START__BO__BO0501__BO0501B/FastprisFHRegKv/
"Bas-/taxeringsvärde, medelvärde i tkr",Småland med öarna,2026K2,1413,https://www.statistikdatabasen.scb.se/pxweb/sv/ssd/START__BO__BO0501__BO0501B/FastprisFHRegKv/
Köpeskillingskoefficient,Småland med öarna,1998K1,1.93,https://www.statistikdatabasen.scb.se/pxweb/sv/ssd/START__BO__BO0501__BO0501B/FastprisFHRegKv/
Köpeskillingskoefficient,Småland med öarna,1998K2,1.81,https://www.statistikdatabasen.scb.se/pxweb/sv/ssd/START__BO__BO0501__BO0501B/FastprisFHRegKv/
Köpeskillingskoefficient,Småland med öarna,1998K3,1.85,https://www.statistikdatabasen.scb.se/pxweb/sv/ssd/START__BO__BO0501__BO0501B/FastprisFHRegKv/
Köpeskillingskoefficient,Småland med öarna,1998K4,1.84,https://www.statistikdatabasen.scb.se/pxweb/sv/ssd/START__BO__BO0501__BO0501B/FastprisFHRegKv/
Köpeskillingskoefficient,Småland med öarna,1999K1,1.77,https://www.statistikdatabasen.scb.se/pxweb/sv/ssd/START__BO__BO0501__BO0501B/FastprisFHRegKv/
Köpeskillingskoefficient,Småland med öarna,1999K2,1.9,https://www.statistikdatabasen.scb.se/pxweb/sv/ssd/START__BO__BO0501__BO0501B/FastprisFHRegKv/
Köpeskillingskoefficient,Småland med öarna,1999K3,2,https://www.statistikdatabasen.scb.se/pxweb/sv/ssd/START__BO__BO0501__BO0501B/FastprisFHRegKv/
Köpeskillingskoefficient,Småland med öarna,1999K4,1.89,https://www.statistikdatabasen.scb.se/pxweb/sv/ssd/START__BO__BO0501__BO0501B/FastprisFHRegKv/
Köpeskillingskoefficient,Småland med öarna,2000K1,1.81,https://www.statistikdatabasen.scb.se/pxweb/sv/ssd/START__BO__BO0501__BO0501B/FastprisFHRegKv/
Köpeskillingskoefficient,Småland med öarna,2000K2,2.01,https://www.statistikdatabasen.scb.se/pxweb/sv/ssd/START__BO__BO0501__BO0501B/FastprisFHRegKv/
Köpeskillingskoefficient,Småland med öarna,2000K3,2.17,https://www.statistikdatabasen.scb.se/pxweb/sv/ssd/START__BO__BO0501__BO0501B/FastprisFHRegKv/
Köpeskillingskoefficient,Småland med öarna,2000K4,2.02,https://www.statistikdatabasen.scb.se/pxweb/sv/ssd/START__BO__BO0501__BO0501B/FastprisFHRegKv/
Köpeskillingskoefficient,Småland med öarna,2001K1,2.05,https://www.statistikdatabasen.scb.se/pxweb/sv/ssd/START__BO__BO0501__BO0501B/FastprisFHRegKv/
Köpeskillingskoefficient,Småland med öarna,2001K2,2.09,https://www.statistikdatabasen.scb.se/pxweb/sv/ssd/START__BO__BO0501__BO0501B/FastprisFHRegKv/
Köpeskillingskoefficient,Småland med öarna,2001K3,2.25,https://www.statistikdatabasen.scb.se/pxweb/sv/ssd/START__BO__BO0501__BO0501B/FastprisFHRegKv/
Köpeskillingskoefficient,Småland med öarna,2001K4,2.19,https://www.statistikdatabasen.scb.se/pxweb/sv/ssd/START__BO__BO0501__BO0501B/FastprisFHRegKv/
Köpeskillingskoefficient,Småland med öarna,2002K1,2.34,https://www.statistikdatabasen.scb.se/pxweb/sv/ssd/START__BO__BO0501__BO0501B/FastprisFHRegKv/
Köpeskillingskoefficient,Småland med öarna,2002K2,2.33,https://www.statistikdatabasen.scb.se/pxweb/sv/ssd/START__BO__BO0501__BO0501B/FastprisFHRegKv/
Köpeskillingskoefficient,Småland med öarna,2002K3,2.38,https://www.statistikdatabasen.scb.se/pxweb/sv/ssd/START__BO__BO0501__BO0501B/FastprisFHRegKv/
Köpeskillingskoefficient,Småland med öarna,2002K4,2.35,https://www.statistikdatabasen.scb.se/pxweb/sv/ssd/START__BO__BO0501__BO0501B/FastprisFHRegKv/
Köpeskillingskoefficient,Småland med öarna,2003K1,1.83,https://www.statistikdatabasen.scb.se/pxweb/sv/ssd/START__BO__BO0501__BO0501B/FastprisFHRegKv/
Köpeskillingskoefficient,Småland med öarna,2003K2,1.86,https://www.statistikdatabasen.scb.se/pxweb/sv/ssd/START__BO__BO0501__BO0501B/FastprisFHRegKv/
Köpeskillingskoefficient,Småland med öarna,2003K3,1.96,https://www.statistikdatabasen.scb.se/pxweb/sv/ssd/START__BO__BO0501__BO0501B/FastprisFHRegKv/
Köpeskillingskoefficient,Småland med öarna,2003K4,2.01,https://www.statistikdatabasen.scb.se/pxweb/sv/ssd/START__BO__BO0501__BO0501B/FastprisFHRegKv/
Köpeskillingskoefficient,Småland med öarna,2004K1,2.05,https://www.statistikdatabasen.scb.se/pxweb/sv/ssd/START__BO__BO0501__BO0501B/FastprisFHRegKv/
Köpeskillingskoefficient,Småland med öarna,2004K2,2.12,https://www.statistikdatabasen.scb.se/pxweb/sv/ssd/START__BO__BO0501__BO0501B/FastprisFHRegKv/
Köpeskillingskoefficient,Småland med öarna,2004K3,2.2,https://www.statistikdatabasen.scb.se/pxweb/sv/ssd/START__BO__BO0501__BO0501B/FastprisFHRegKv/
Köpeskillingskoefficient,Småland med öarna,2004K4,2.14,https://www.statistikdatabasen.scb.se/pxweb/sv/ssd/START__BO__BO0501__BO0501B/FastprisFHRegKv/
Köpeskillingskoefficient,Småland med öarna,2005K1,2.04,https://www.statistikdatabasen.scb.se/pxweb/sv/ssd/START__BO__BO0501__BO0501B/FastprisFHRegKv/
Köpeskillingskoefficient,Småland med öarna,2005K2,2.34,https://www.statistikdatabasen.scb.se/pxweb/sv/ssd/START__BO__BO0501__BO0501B/FastprisFHRegKv/
Köpeskillingskoefficient,Småland med öarna,2005K3,2.49,https://www.statistikdatabasen.scb.se/pxweb/sv/ssd/START__BO__BO0501__BO0501B/FastprisFHRegKv/
Köpeskillingskoefficient,Småland med öarna,2005K4,2.43,https://www.statistikdatabasen.scb.se/pxweb/sv/ssd/START__BO__BO0501__BO0501B/FastprisFHRegKv/
Köpeskillingskoefficient,Småland med öarna,2006K1,1.8,https://www.statistikdatabasen.scb.se/pxweb/sv/ssd/START__BO__BO0501__BO0501B/FastprisFHRegKv/
Köpeskillingskoefficient,Småland med öarna,2006K2,2.08,https://www.statistikdatabasen.scb.se/pxweb/sv/ssd/START__BO__BO0501__BO0501B/FastprisFHRegKv/
Köpeskillingskoefficient,Småland med öarna,2006K3,2.1,https://www.statistikdatabasen.scb.se/pxweb/sv/ssd/START__BO__BO0501__BO0501B/FastprisFHRegKv/
Köpeskillingskoefficient,Småland med öarna,2006K4,2.11,https://www.statistikdatabasen.scb.se/pxweb/sv/ssd/START__BO__BO0501__BO0501B/FastprisFHRegKv/
Köpeskillingskoefficient,Småland med öarna,2007K1,2.11,https://www.statistikdatabasen.scb.se/pxweb/sv/ssd/START__BO__BO0501__BO0501B/FastprisFHRegKv/
Köpeskillingskoefficient,Småland med öarna,2007K2,2.24,https://www.statistikdatabasen.scb.se/pxweb/sv/ssd/START__BO__BO0501__BO0501B/FastprisFHRegKv/
Köpeskillingskoefficient,Småland med öarna,2007K3,2.41,https://www.statistikdatabasen.scb.se/pxweb/sv/ssd/START__BO__BO0501__BO0501B/FastprisFHRegKv/
Köpeskillingskoefficient,Småland med öarna,2007K4,2.28,https://www.statistikdatabasen.scb.se/pxweb/sv/ssd/START__BO__BO0501__BO0501B/FastprisFHRegKv/
Köpeskillingskoefficient,Småland med öarna,2008K1,2.21,https://www.statistikdatabasen.scb.se/pxweb/sv/ssd/START__BO__BO0501__BO0501B/FastprisFHRegKv/
Köpeskillingskoefficient,Småland med öarna,2008K2,2.27,https://www.statistikdatabasen.scb.se/pxweb/sv/ssd/START__BO__BO0501__BO0501B/FastprisFHRegKv/
Köpeskillingskoefficient,Småland med öarna,2008K3,2.48,https://www.statistikdatabasen.scb.se/pxweb/sv/ssd/START__BO__BO0501__BO0501B/FastprisFHRegKv/
Köpeskillingskoefficient,Småland med öarna,2008K4,2.34,https://www.statistikdatabasen.scb.se/pxweb/sv/ssd/START__BO__BO0501__BO0501B/FastprisFHRegKv/
Köpeskillingskoefficient,Småland med öarna,2009K1,1.7,https://www.statistikdatabasen.scb.se/pxweb/sv/ssd/START__BO__BO0501__BO0501B/FastprisFHRegKv/
Köpeskillingskoefficient,Småland med öarna,2009K2,1.8,https://www.statistikdatabasen.scb.se/pxweb/sv/ssd/START__BO__BO0501__BO0501B/FastprisFHRegKv/
Köpeskillingskoefficient,Småland med öarna,2009K3,1.83,https://www.statistikdatabasen.scb.se/pxweb/sv/ssd/START__BO__BO0501__BO0501B/FastprisFHRegKv/
Köpeskillingskoefficient,Småland med öarna,2009K4,1.93,https://www.statistikdatabasen.scb.se/pxweb/sv/ssd/START__BO__BO0501__BO0501B/FastprisFHRegKv/
Köpeskillingskoefficient,Småland med öarna,2010K1,1.98,https://www.statistikdatabasen.scb.se/pxweb/sv/ssd/START__BO__BO0501__BO0501B/FastprisFHRegKv/
Köpeskillingskoefficient,Småland med öarna,2010K2,1.92,https://www.statistikdatabasen.scb.se/pxweb/sv/ssd/START__BO__BO0501__BO0501B/FastprisFHRegKv/
Köpeskillingskoefficient,Småland med öarna,2010K3,1.97,https://www.statistikdatabasen.scb.se/pxweb/sv/ssd/START__BO__BO0501__BO0501B/FastprisFHRegKv/
Köpeskillingskoefficient,Småland med öarna,2010K4,1.83,https://www.statistikdatabasen.scb.se/pxweb/sv/ssd/START__BO__BO0501__BO0501B/FastprisFHRegKv/
Köpeskillingskoefficient,Småland med öarna,2011K1,1.92,https://www.statistikdatabasen.scb.se/pxweb/sv/ssd/START__BO__BO0501__BO0501B/FastprisFHRegKv/
Köpeskillingskoefficient,Småland med öarna,2011K2,1.92,https://www.statistikdatabasen.scb.se/pxweb/sv/ssd/START__BO__BO0501__BO0501B/FastprisFHRegKv/
Köpeskillingskoefficient,Småland med öarna,2011K3,1.9,https://www.statistikdatabasen.scb.se/pxweb/sv/ssd/START__BO__BO0501__BO0501B/FastprisFHRegKv/
Köpeskillingskoefficient,Småland med öarna,2011K4,1.77,https://www.statistikdatabasen.scb.se/pxweb/sv/ssd/START__BO__BO0501__BO0501B/FastprisFHRegKv/
Köpeskillingskoefficient,Småland med öarna,2012K1,1.53,https://www.statistikdatabasen.scb.se/pxweb/sv/ssd/START__BO__BO0501__BO0501B/FastprisFHRegKv/
Köpeskillingskoefficient,Småland med öarna,2012K2,1.66,https://www.statistikdatabasen.scb.se/pxweb/sv/ssd/START__BO__BO0501__BO0501B/FastprisFHRegKv/
Köpeskillingskoefficient,Småland med öarna,2012K3,1.59,https://www.statistikdatabasen.scb.se/pxweb/sv/ssd/START__BO__BO0501__BO0501B/FastprisFHRegKv/
Köpeskillingskoefficient,Småland med öarna,2012K4,1.59,https://www.statistikdatabasen.scb.se/pxweb/sv/ssd/START__BO__BO0501__BO0501B/FastprisFHRegKv/
Köpeskillingskoefficient,Småland med öarna,2013K1,1.54,https://www.statistikdatabasen.scb.se/pxweb/sv/ssd/START__BO__BO0501__BO0501B/FastprisFHRegKv/
Köpeskillingskoefficient,Småland med öarna,2013K2,1.7,https://www.statistikdatabasen.scb.se/pxweb/sv/ssd/START__BO__BO0501__BO0501B/FastprisFHRegKv/
Köpeskillingskoefficient,Småland med öarna,2013K3,1.63,https://www.statistikdatabasen.scb.se/pxweb/sv/ssd/START__BO__BO0501__BO0501B/FastprisFHRegKv/
Köpeskillingskoefficient,Småland med öarna,2013K4,1.62,https://www.statistikdatabasen.scb.se/pxweb/sv/ssd/START__BO__BO0501__BO0501B/FastprisFHRegKv/
Köpeskillingskoefficient,Småland med öarna,2014K1,1.58,https://www.statistikdatabasen.scb.se/pxweb/sv/ssd/START__BO__BO0501__BO0501B/FastprisFHRegKv/
Köpeskillingskoefficient,Småland med öarna,2014K2,1.65,https://www.statistikdatabasen.scb.se/pxweb/sv/ssd/START__BO__BO0501__BO0501B/FastprisFHRegKv/
Köpeskillingskoefficient,Småland med öarna,2014K3,1.61,https://www.statistikdatabasen.scb.se/pxweb/sv/ssd/START__BO__BO0501__BO0501B/FastprisFHRegKv/
Köpeskillingskoefficient,Småland med öarna,2014K4,1.69,https://www.statistikdatabasen.scb.se/pxweb/sv/ssd/START__BO__BO0501__BO0501B/FastprisFHRegKv/
Köpeskillingskoefficient,Småland med öarna,2015K1,1.51,https://www.statistikdatabasen.scb.se/pxweb/sv/ssd/START__BO__BO0501__BO0501B/FastprisFHRegKv/
Köpeskillingskoefficient,Småland med öarna,2015K2,1.68,https://www.statistikdatabasen.scb.se/pxweb/sv/ssd/START__BO__BO0501__BO0501B/FastprisFHRegKv/
Köpeskillingskoefficient,Småland med öarna,2015K3,1.76,https://www.statistikdatabasen.scb.se/pxweb/sv/ssd/START__BO__BO0501__BO0501B/FastprisFHRegKv/
Köpeskillingskoefficient,Småland med öarna,2015K4,1.72,https://www.statistikdatabasen.scb.se/pxweb/sv/ssd/START__BO__BO0501__BO0501B/FastprisFHRegKv/
Köpeskillingskoefficient,Småland med öarna,2016K1,1.69,https://www.statistikdatabasen.scb.se/pxweb/sv/ssd/START__BO__BO0501__BO0501B/FastprisFHRegKv/
Köpeskillingskoefficient,Småland med öarna,2016K2,1.81,https://www.statistikdatabasen.scb.se/pxweb/sv/ssd/START__BO__BO0501__BO0501B/FastprisFHRegKv/
Köpeskillingskoefficient,Småland med öarna,2016K3,1.93,https://www.statistikdatabasen.scb.se/pxweb/sv/ssd/START__BO__BO0501__BO0501B/FastprisFHRegKv/
Köpeskillingskoefficient,Småland med öarna,2016K4,1.93,https://www.statistikdatabasen.scb.se/pxweb/sv/ssd/START__BO__BO0501__BO0501B/FastprisFHRegKv/
Köpeskillingskoefficient,Småland med öarna,2017K1,1.81,https://www.statistikdatabasen.scb.se/pxweb/sv/ssd/START__BO__BO0501__BO0501B/FastprisFHRegKv/
Köpeskillingskoefficient,Småland med öarna,2017K2,1.98,https://www.statistikdatabasen.scb.se/pxweb/sv/ssd/START__BO__BO0501__BO0501B/FastprisFHRegKv/
Köpeskillingskoefficient,Småland med öarna,2017K3,2.11,https://www.statistikdatabasen.scb.se/pxweb/sv/ssd/START__BO__BO0501__BO0501B/FastprisFHRegKv/
Köpeskillingskoefficient,Småland med öarna,2017K4,1.96,https://www.statistikdatabasen.scb.se/pxweb/sv/ssd/START__BO__BO0501__BO0501B/FastprisFHRegKv/
Köpeskillingskoefficient,Småland med öarna,2018K1,1.83,https://www.statistikdatabasen.scb.se/pxweb/sv/ssd/START__BO__BO0501__BO0501B/FastprisFHRegKv/
Köpeskillingskoefficient,Småland med öarna,2018K2,1.85,https://www.statistikdatabasen.scb.se/pxweb/sv/ssd/START__BO__BO0501__BO0501B/FastprisFHRegKv/
Köpeskillingskoefficient,Småland med öarna,2018K3,1.85,https://www.statistikdatabasen.scb.se/pxweb/sv/ssd/START__BO__BO0501__BO0501B/FastprisFHRegKv/
Köpeskillingskoefficient,Småland med öarna,2018K4,1.87,https://www.statistikdatabasen.scb.se/pxweb/sv/ssd/START__BO__BO0501__BO0501B/FastprisFHRegKv/
Köpeskillingskoefficient,Småland med öarna,2019K1,1.68,https://www.statistikdatabasen.scb.se/pxweb/sv/ssd/START__BO__BO0501__BO0501B/FastprisFHRegKv/
Köpeskillingskoefficient,Småland med öarna,2019K2,1.92,https://www.statistikdatabasen.scb.se/pxweb/sv/ssd/START__BO__BO0501__BO0501B/FastprisFHRegKv/
Köpeskillingskoefficient,Småland med öarna,2019K3,1.91,https://www.statistikdatabasen.scb.se/pxweb/sv/ssd/START__BO__BO0501__BO0501B/FastprisFHRegKv/
Köpeskillingskoefficient,Småland med öarna,2019K4,1.89,https://www.statistikdatabasen.scb.se/pxweb/sv/ssd/START__BO__BO0501__BO0501B/FastprisFHRegKv/
Köpeskillingskoefficient,Småland med öarna,2020K1,1.81,https://www.statistikdatabasen.scb.se/pxweb/sv/ssd/START__BO__BO0501__BO0501B/FastprisFHRegKv/
Köpeskillingskoefficient,Småland med öarna,2020K2,2.06,https://www.statistikdatabasen.scb.se/pxweb/sv/ssd/START__BO__BO0501__BO0501B/FastprisFHRegKv/
Köpeskillingskoefficient,Småland med öarna,2020K3,2.2,https://www.statistikdatabasen.scb.se/pxweb/sv/ssd/START__BO__BO0501__BO0501B/FastprisFHRegKv/
Köpeskillingskoefficient,Småland med öarna,2020K4,2.15,https://www.statistikdatabasen.scb.se/pxweb/sv/ssd/START__BO__BO0501__BO0501B/FastprisFHRegKv/
Köpeskillingskoefficient,Småland med öarna,2021K1,1.84,https://www.statistikdatabasen.scb.se/pxweb/sv/ssd/START__BO__BO0501__BO0501B/FastprisFHRegKv/
Köpeskillingskoefficient,Småland med öarna,2021K2,2.08,https://www.statistikdatabasen.scb.se/pxweb/sv/ssd/START__BO__BO0501__BO0501B/FastprisFHRegKv/
Köpeskillingskoefficient,Småland med öarna,2021K3,2.27,https://www.statistikdatabasen.scb.se/pxweb/sv/ssd/START__BO__BO0501__BO0501B/FastprisFHRegKv/
Köpeskillingskoefficient,Småland med öarna,2021K4,2.07,https://www.statistikdatabasen.scb.se/pxweb/sv/ssd/START__BO__BO0501__BO0501B/FastprisFHRegKv/
Köpeskillingskoefficient,Småland med öarna,2022K1,2.13,https://www.statistikdatabasen.scb.se/pxweb/sv/ssd/START__BO__BO0501__BO0501B/FastprisFHRegKv/
Köpeskillingskoefficient,Småland med öarna,2022K2,2.21,https://www.statistikdatabasen.scb.se/pxweb/sv/ssd/START__BO__BO0501__BO0501B/FastprisFHRegKv/
Köpeskillingskoefficient,Småland med öarna,2022K3,2.28,https://www.statistikdatabasen.scb.se/pxweb/sv/ssd/START__BO__BO0501__BO0501B/FastprisFHRegKv/
Köpeskillingskoefficient,Småland med öarna,2022K4,2.02,https://www.statistikdatabasen.scb.se/pxweb/sv/ssd/START__BO__BO0501__BO0501B/FastprisFHRegKv/
Köpeskillingskoefficient,Småland med öarna,2023K1,1.87,https://www.statistikdatabasen.scb.se/pxweb/sv/ssd/START__BO__BO0501__BO0501B/FastprisFHRegKv/
Köpeskillingskoefficient,Småland med öarna,2023K2,2,https://www.statistikdatabasen.scb.se/pxweb/sv/ssd/START__BO__BO0501__BO0501B/FastprisFHRegKv/
Köpeskillingskoefficient,Småland med öarna,2023K3,2.14,https://www.statistikdatabasen.scb.se/pxweb/sv/ssd/START__BO__BO0501__BO0501B/FastprisFHRegKv/
Köpeskillingskoefficient,Småland med öarna,2023K4,2.02,https://www.statistikdatabasen.scb.se/pxweb/sv/ssd/START__BO__BO0501__BO0501B/FastprisFHRegKv/
Köpeskillingskoefficient,Småland med öarna,2024K1,1.55,https://www.statistikdatabasen.scb.se/pxweb/sv/ssd/START__BO__BO0501__BO0501B/FastprisFHRegKv/
Köpeskillingskoefficient,Småland med öarna,2024K2,1.52,https://www.statistikdatabasen.scb.se/pxweb/sv/ssd/START__BO__BO0501__BO0501B/FastprisFHRegKv/
Köpeskillingskoefficient,Småland med öarna,2024K3,1.6,https://www.statistikdatabasen.scb.se/pxweb/sv/ssd/START__BO__BO0501__BO0501B/FastprisFHRegKv/
Köpeskillingskoefficient,Småland med öarna,2024K4,1.58,https://www.statistikdatabasen.scb.se/pxweb/sv/ssd/START__BO__BO0501__BO0501B/FastprisFHRegKv/
Köpeskillingskoefficient,Småland med öarna,2025K1,1.5,https://www.statistikdatabasen.scb.se/pxweb/sv/ssd/START__BO__BO0501__BO0501B/FastprisFHRegKv/
Köpeskillingskoefficient,Småland med öarna,2025K2,1.64,https://www.statistikdatabasen.scb.se/pxweb/sv/ssd/START__BO__BO0501__BO0501B/FastprisFHRegKv/
Köpeskillingskoefficient,Småland med öarna,2025K3,1.64,https://www.statistikdatabasen.scb.se/pxweb/sv/ssd/START__BO__BO0501__BO0501B/FastprisFHRegKv/
Köpeskillingskoefficient,Småland med öarna,2025K4,1.59,https://www.statistikdatabasen.scb.se/pxweb/sv/ssd/START__BO__BO0501__BO0501B/FastprisFHRegKv/
Köpeskillingskoefficient,Småland med öarna,2026K1,1.52,https://www.statistikdatabasen.scb.se/pxweb/sv/ssd/START__BO__BO0501__BO0501B/FastprisFHRegKv/
Köpeskillingskoefficient,Småland med öarna,2026K2,1.61,https://www.statistikdatabasen.scb.se/pxweb/sv/ssd/START__BO__BO0501__BO0501B/FastprisFHRegKv/
Antal,Sydsverige,1998K1,130,https://www.statistikdatabasen.scb.se/pxweb/sv/ssd/START__BO__BO0501__BO0501B/FastprisFHRegKv/
Antal,Sydsverige,1998K2,329,https://www.statistikdatabasen.scb.se/pxweb/sv/ssd/START__BO__BO0501__BO0501B/FastprisFHRegKv/
Antal,Sydsverige,1998K3,378,https://www.statistikdatabasen.scb.se/pxweb/sv/ssd/START__BO__BO0501__BO0501B/FastprisFHRegKv/
Antal,Sydsverige,1998K4,226,https://www.statistikdatabasen.scb.se/pxweb/sv/ssd/START__BO__BO0501__BO0501B/FastprisFHRegKv/
Antal,Sydsverige,1999K1,156,https://www.statistikdatabasen.scb.se/pxweb/sv/ssd/START__BO__BO0501__BO0501B/FastprisFHRegKv/
Antal,Sydsverige,1999K2,392,https://www.statistikdatabasen.scb.se/pxweb/sv/ssd/START__BO__BO0501__BO0501B/FastprisFHRegKv/
Antal,Sydsverige,1999K3,404,https://www.statistikdatabasen.scb.se/pxweb/sv/ssd/START__BO__BO0501__BO0501B/FastprisFHRegKv/
Antal,Sydsverige,1999K4,294,https://www.statistikdatabasen.scb.se/pxweb/sv/ssd/START__BO__BO0501__BO0501B/FastprisFHRegKv/
Antal,Sydsverige,2000K1,176,https://www.statistikdatabasen.scb.se/pxweb/sv/ssd/START__BO__BO0501__BO0501B/FastprisFHRegKv/
Antal,Sydsverige,2000K2,345,https://www.statistikdatabasen.scb.se/pxweb/sv/ssd/START__BO__BO0501__BO0501B/FastprisFHRegKv/
Antal,Sydsverige,2000K3,321,https://www.statistikdatabasen.scb.se/pxweb/sv/ssd/START__BO__BO0501__BO0501B/FastprisFHRegKv/
Antal,Sydsverige,2000K4,238,https://www.statistikdatabasen.scb.se/pxweb/sv/ssd/START__BO__BO0501__BO0501B/FastprisFHRegKv/
Antal,Sydsverige,2001K1,142,https://www.statistikdatabasen.scb.se/pxweb/sv/ssd/START__BO__BO0501__BO0501B/FastprisFHRegKv/
Antal,Sydsverige,2001K2,353,https://www.statistikdatabasen.scb.se/pxweb/sv/ssd/START__BO__BO0501__BO0501B/FastprisFHRegKv/
Antal,Sydsverige,2001K3,341,https://www.statistikdatabasen.scb.se/pxweb/sv/ssd/START__BO__BO0501__BO0501B/FastprisFHRegKv/
Antal,Sydsverige,2001K4,252,https://www.statistikdatabasen.scb.se/pxweb/sv/ssd/START__BO__BO0501__BO0501B/FastprisFHRegKv/
Antal,Sydsverige,2002K1,155,https://www.statistikdatabasen.scb.se/pxweb/sv/ssd/START__BO__BO0501__BO0501B/FastprisFHRegKv/
Antal,Sydsverige,2002K2,318,https://www.statistikdatabasen.scb.se/pxweb/sv/ssd/START__BO__BO0501__BO0501B/FastprisFHRegKv/
Antal,Sydsverige,2002K3,348,https://www.statistikdatabasen.scb.se/pxweb/sv/ssd/START__BO__BO0501__BO0501B/FastprisFHRegKv/
Antal,Sydsverige,2002K4,256,https://www.statistikdatabasen.scb.se/pxweb/sv/ssd/START__BO__BO0501__BO0501B/FastprisFHRegKv/
Antal,Sydsverige,2003K1,156,https://www.statistikdatabasen.scb.se/pxweb/sv/ssd/START__BO__BO0501__BO0501B/FastprisFHRegKv/
Antal,Sydsverige,2003K2,355,https://www.statistikdatabasen.scb.se/pxweb/sv/ssd/START__BO__BO0501__BO0501B/FastprisFHRegKv/
Antal,Sydsverige,2003K3,370,https://www.statistikdatabasen.scb.se/pxweb/sv/ssd/START__BO__BO0501__BO0501B/FastprisFHRegKv/
Antal,Sydsverige,2003K4,284,https://www.statistikdatabasen.scb.se/pxweb/sv/ssd/START__BO__BO0501__BO0501B/FastprisFHRegKv/
Antal,Sydsverige,2004K1,167,https://www.statistikdatabasen.scb.se/pxweb/sv/ssd/START__BO__BO0501__BO0501B/FastprisFHRegKv/
Antal,Sydsverige,2004K2,424,https://www.statistikdatabasen.scb.se/pxweb/sv/ssd/START__BO__BO0501__BO0501B/FastprisFHRegKv/
Antal,Sydsverige,2004K3,354,https://www.statistikdatabasen.scb.se/pxweb/sv/ssd/START__BO__BO0501__BO0501B/FastprisFHRegKv/
Antal,Sydsverige,2004K4,275,https://www.statistikdatabasen.scb.se/pxweb/sv/ssd/START__BO__BO0501__BO0501B/FastprisFHRegKv/
Antal,Sydsverige,2005K1,165,https://www.statistikdatabasen.scb.se/pxweb/sv/ssd/START__BO__BO0501__BO0501B/FastprisFHRegKv/
Antal,Sydsverige,2005K2,364,https://www.statistikdatabasen.scb.se/pxweb/sv/ssd/START__BO__BO0501__BO0501B/FastprisFHRegKv/
Antal,Sydsverige,2005K3,442,https://www.statistikdatabasen.scb.se/pxweb/sv/ssd/START__BO__BO0501__BO0501B/FastprisFHRegKv/
Antal,Sydsverige,2005K4,298,https://www.statistikdatabasen.scb.se/pxweb/sv/ssd/START__BO__BO0501__BO0501B/FastprisFHRegKv/
Antal,Sydsverige,2006K1,166,https://www.statistikdatabasen.scb.se/pxweb/sv/ssd/START__BO__BO0501__BO0501B/FastprisFHRegKv/
Antal,Sydsverige,2006K2,360,https://www.statistikdatabasen.scb.se/pxweb/sv/ssd/START__BO__BO0501__BO0501B/FastprisFHRegKv/
Antal,Sydsverige,2006K3,396,https://www.statistikdatabasen.scb.se/pxweb/sv/ssd/START__BO__BO0501__BO0501B/FastprisFHRegKv/
Antal,Sydsverige,2006K4,289,https://www.statistikdatabasen.scb.se/pxweb/sv/ssd/START__BO__BO0501__BO0501B/FastprisFHRegKv/
Antal,Sydsverige,2007K1,186,https://www.statistikdatabasen.scb.se/pxweb/sv/ssd/START__BO__BO0501__BO0501B/FastprisFHRegKv/
Antal,Sydsverige,2007K2,386,https://www.statistikdatabasen.scb.se/pxweb/sv/ssd/START__BO__BO0501__BO0501B/FastprisFHRegKv/
Antal,Sydsverige,2007K3,439,https://www.statistikdatabasen.scb.se/pxweb/sv/ssd/START__BO__BO0501__BO0501B/FastprisFHRegKv/
Antal,Sydsverige,2007K4,344,https://www.statistikdatabasen.scb.se/pxweb/sv/ssd/START__BO__BO0501__BO0501B/FastprisFHRegKv/
Antal,Sydsverige,2008K1,176,https://www.statistikdatabasen.scb.se/pxweb/sv/ssd/START__BO__BO0501__BO0501B/FastprisFHRegKv/
Antal,Sydsverige,2008K2,307,https://www.statistikdatabasen.scb.se/pxweb/sv/ssd/START__BO__BO0501__BO0501B/FastprisFHRegKv/
Antal,Sydsverige,2008K3,367,https://www.statistikdatabasen.scb.se/pxweb/sv/ssd/START__BO__BO0501__BO0501B/FastprisFHRegKv/
Antal,Sydsverige,2008K4,206,https://www.statistikdatabasen.scb.se/pxweb/sv/ssd/START__BO__BO0501__BO0501B/FastprisFHRegKv/
Antal,Sydsverige,2009K1,129,https://www.statistikdatabasen.scb.se/pxweb/sv/ssd/START__BO__BO0501__BO0501B/FastprisFHRegKv/
Antal,Sydsverige,2009K2,272,https://www.statistikdatabasen.scb.se/pxweb/sv/ssd/START__BO__BO0501__BO0501B/FastprisFHRegKv/
Antal,Sydsverige,2009K3,319,https://www.statistikdatabasen.scb.se/pxweb/sv/ssd/START__BO__BO0501__BO0501B/FastprisFHRegKv/
Antal,Sydsverige,2009K4,265,https://www.statistikdatabasen.scb.se/pxweb/sv/ssd/START__BO__BO0501__BO0501B/FastprisFHRegKv/
Antal,Sydsverige,2010K1,108,https://www.statistikdatabasen.scb.se/pxweb/sv/ssd/START__BO__BO0501__BO0501B/FastprisFHRegKv/
Antal,Sydsverige,2010K2,289,https://www.statistikdatabasen.scb.se/pxweb/sv/ssd/START__BO__BO0501__BO0501B/FastprisFHRegKv/
Antal,Sydsverige,2010K3,360,https://www.statistikdatabasen.scb.se/pxweb/sv/ssd/START__BO__BO0501__BO0501B/FastprisFHRegKv/
Antal,Sydsverige,2010K4,261,https://www.statistikdatabasen.scb.se/pxweb/sv/ssd/START__BO__BO0501__BO0501B/FastprisFHRegKv/
Antal,Sydsverige,2011K1,117,https://www.statistikdatabasen.scb.se/pxweb/sv/ssd/START__BO__BO0501__BO0501B/FastprisFHRegKv/
Antal,Sydsverige,2011K2,248,https://www.statistikdatabasen.scb.se/pxweb/sv/ssd/START__BO__BO0501__BO0501B/FastprisFHRegKv/
Antal,Sydsverige,2011K3,325,https://www.statistikdatabasen.scb.se/pxweb/sv/ssd/START__BO__BO0501__BO0501B/FastprisFHRegKv/
Antal,Sydsverige,2011K4,199,https://www.statistikdatabasen.scb.se/pxweb/sv/ssd/START__BO__BO0501__BO0501B/FastprisFHRegKv/
Antal,Sydsverige,2012K1,114,https://www.statistikdatabasen.scb.se/pxweb/sv/ssd/START__BO__BO0501__BO0501B/FastprisFHRegKv/
Antal,Sydsverige,2012K2,261,https://www.statistikdatabasen.scb.se/pxweb/sv/ssd/START__BO__BO0501__BO0501B/FastprisFHRegKv/
Antal,Sydsverige,2012K3,247,https://www.statistikdatabasen.scb.se/pxweb/sv/ssd/START__BO__BO0501__BO0501B/FastprisFHRegKv/
Antal,Sydsverige,2012K4,225,https://www.statistikdatabasen.scb.se/pxweb/sv/ssd/START__BO__BO0501__BO0501B/FastprisFHRegKv/
Antal,Sydsverige,2013K1,127,https://www.statistikdatabasen.scb.se/pxweb/sv/ssd/START__BO__BO0501__BO0501B/FastprisFHRegKv/
Antal,Sydsverige,2013K2,227,https://www.statistikdatabasen.scb.se/pxweb/sv/ssd/START__BO__BO0501__BO0501B/FastprisFHRegKv/
Antal,Sydsverige,2013K3,337,https://www.statistikdatabasen.scb.se/pxweb/sv/ssd/START__BO__BO0501__BO0501B/FastprisFHRegKv/
Antal,Sydsverige,2013K4,222,https://www.statistikdatabasen.scb.se/pxweb/sv/ssd/START__BO__BO0501__BO0501B/FastprisFHRegKv/
Antal,Sydsverige,2014K1,128,https://www.statistikdatabasen.scb.se/pxweb/sv/ssd/START__BO__BO0501__BO0501B/FastprisFHRegKv/
Antal,Sydsverige,2014K2,276,https://www.statistikdatabasen.scb.se/pxweb/sv/ssd/START__BO__BO0501__BO0501B/FastprisFHRegKv/
Antal,Sydsverige,2014K3,369,https://www.statistikdatabasen.scb.se/pxweb/sv/ssd/START__BO__BO0501__BO0501B/FastprisFHRegKv/
Antal,Sydsverige,2014K4,265,https://www.statistikdatabasen.scb.se/pxweb/sv/ssd/START__BO__BO0501__BO0501B/FastprisFHRegKv/
Antal,Sydsverige,2015K1,219,https://www.statistikdatabasen.scb.se/pxweb/sv/ssd/START__BO__BO0501__BO0501B/FastprisFHRegKv/
Antal,Sydsverige,2015K2,422,https://www.statistikdatabasen.scb.se/pxweb/sv/ssd/START__BO__BO0501__BO0501B/FastprisFHRegKv/
Antal,Sydsverige,2015K3,493,https://www.statistikdatabasen.scb.se/pxweb/sv/ssd/START__BO__BO0501__BO0501B/FastprisFHRegKv/
Antal,Sydsverige,2015K4,414,https://www.statistikdatabasen.scb.se/pxweb/sv/ssd/START__BO__BO0501__BO0501B/FastprisFHRegKv/
Antal,Sydsverige,2016K1,197,https://www.statistikdatabasen.scb.se/pxweb/sv/ssd/START__BO__BO0501__BO0501B/FastprisFHRegKv/
Antal,Sydsverige,2016K2,416,https://www.statistikdatabasen.scb.se/pxweb/sv/ssd/START__BO__BO0501__BO0501B/FastprisFHRegKv/
Antal,Sydsverige,2016K3,455,https://www.statistikdatabasen.scb.se/pxweb/sv/ssd/START__BO__BO0501__BO0501B/FastprisFHRegKv/
Antal,Sydsverige,2016K4,352,https://www.statistikdatabasen.scb.se/pxweb/sv/ssd/START__BO__BO0501__BO0501B/FastprisFHRegKv/
Antal,Sydsverige,2017K1,192,https://www.statistikdatabasen.scb.se/pxweb/sv/ssd/START__BO__BO0501__BO0501B/FastprisFHRegKv/
Antal,Sydsverige,2017K2,398,https://www.statistikdatabasen.scb.se/pxweb/sv/ssd/START__BO__BO0501__BO0501B/FastprisFHRegKv/
Antal,Sydsverige,2017K3,431,https://www.statistikdatabasen.scb.se/pxweb/sv/ssd/START__BO__BO0501__BO0501B/FastprisFHRegKv/
Antal,Sydsverige,2017K4,357,https://www.statistikdatabasen.scb.se/pxweb/sv/ssd/START__BO__BO0501__BO0501B/FastprisFHRegKv/
Antal,Sydsverige,2018K1,182,https://www.statistikdatabasen.scb.se/pxweb/sv/ssd/START__BO__BO0501__BO0501B/FastprisFHRegKv/
Antal,Sydsverige,2018K2,353,https://www.statistikdatabasen.scb.se/pxweb/sv/ssd/START__BO__BO0501__BO0501B/FastprisFHRegKv/
Antal,Sydsverige,2018K3,435,https://www.statistikdatabasen.scb.se/pxweb/sv/ssd/START__BO__BO0501__BO0501B/FastprisFHRegKv/
Antal,Sydsverige,2018K4,334,https://www.statistikdatabasen.scb.se/pxweb/sv/ssd/START__BO__BO0501__BO0501B/FastprisFHRegKv/
Antal,Sydsverige,2019K1,181,https://www.statistikdatabasen.scb.se/pxweb/sv/ssd/START__BO__BO0501__BO0501B/FastprisFHRegKv/
Antal,Sydsverige,2019K2,393,https://www.statistikdatabasen.scb.se/pxweb/sv/ssd/START__BO__BO0501__BO0501B/FastprisFHRegKv/
Antal,Sydsverige,2019K3,432,https://www.statistikdatabasen.scb.se/pxweb/sv/ssd/START__BO__BO0501__BO0501B/FastprisFHRegKv/
Antal,Sydsverige,2019K4,369,https://www.statistikdatabasen.scb.se/pxweb/sv/ssd/START__BO__BO0501__BO0501B/FastprisFHRegKv/
Antal,Sydsverige,2020K1,171,https://www.statistikdatabasen.scb.se/pxweb/sv/ssd/START__BO__BO0501__BO0501B/FastprisFHRegKv/
Antal,Sydsverige,2020K2,370,https://www.statistikdatabasen.scb.se/pxweb/sv/ssd/START__BO__BO0501__BO0501B/FastprisFHRegKv/
Antal,Sydsverige,2020K3,651,https://www.statistikdatabasen.scb.se/pxweb/sv/ssd/START__BO__BO0501__BO0501B/FastprisFHRegKv/
Antal,Sydsverige,2020K4,388,https://www.statistikdatabasen.scb.se/pxweb/sv/ssd/START__BO__BO0501__BO0501B/FastprisFHRegKv/
Antal,Sydsverige,2021K1,189,https://www.statistikdatabasen.scb.se/pxweb/sv/ssd/START__BO__BO0501__BO0501B/FastprisFHRegKv/
Antal,Sydsverige,2021K2,452,https://www.statistikdatabasen.scb.se/pxweb/sv/ssd/START__BO__BO0501__BO0501B/FastprisFHRegKv/
Antal,Sydsverige,2021K3,408,https://www.statistikdatabasen.scb.se/pxweb/sv/ssd/START__BO__BO0501__BO0501B/FastprisFHRegKv/
Antal,Sydsverige,2021K4,369,https://www.statistikdatabasen.scb.se/pxweb/sv/ssd/START__BO__BO0501__BO0501B/FastprisFHRegKv/
Antal,Sydsverige,2022K1,171,https://www.statistikdatabasen.scb.se/pxweb/sv/ssd/START__BO__BO0501__BO0501B/FastprisFHRegKv/
Antal,Sydsverige,2022K2,321,https://www.statistikdatabasen.scb.se/pxweb/sv/ssd/START__BO__BO0501__BO0501B/FastprisFHRegKv/
Antal,Sydsverige,2022K3,364,https://www.statistikdatabasen.scb.se/pxweb/sv/ssd/START__BO__BO0501__BO0501B/FastprisFHRegKv/
Antal,Sydsverige,2022K4,274,https://www.statistikdatabasen.scb.se/pxweb/sv/ssd/START__BO__BO0501__BO0501B/FastprisFHRegKv/
Antal,Sydsverige,2023K1,177,https://www.statistikdatabasen.scb.se/pxweb/sv/ssd/START__BO__BO0501__BO0501B/FastprisFHRegKv/
Antal,Sydsverige,2023K2,269,https://www.statistikdatabasen.scb.se/pxweb/sv/ssd/START__BO__BO0501__BO0501B/FastprisFHRegKv/
Antal,Sydsverige,2023K3,361,https://www.statistikdatabasen.scb.se/pxweb/sv/ssd/START__BO__BO0501__BO0501B/FastprisFHRegKv/
Antal,Sydsverige,2023K4,282,https://www.statistikdatabasen.scb.se/pxweb/sv/ssd/START__BO__BO0501__BO0501B/FastprisFHRegKv/
Antal,Sydsverige,2024K1,156,https://www.statistikdatabasen.scb.se/pxweb/sv/ssd/START__BO__BO0501__BO0501B/FastprisFHRegKv/
Antal,Sydsverige,2024K2,266,https://www.statistikdatabasen.scb.se/pxweb/sv/ssd/START__BO__BO0501__BO0501B/FastprisFHRegKv/
Antal,Sydsverige,2024K3,383,https://www.statistikdatabasen.scb.se/pxweb/sv/ssd/START__BO__BO0501__BO0501B/FastprisFHRegKv/
Antal,Sydsverige,2024K4,338,https://www.statistikdatabasen.scb.se/pxweb/sv/ssd/START__BO__BO0501__BO0501B/FastprisFHRegKv/
Antal,Sydsverige,2025K1,226,https://www.statistikdatabasen.scb.se/pxweb/sv/ssd/START__BO__BO0501__BO0501B/FastprisFHRegKv/
Antal,Sydsverige,2025K2,333,https://www.statistikdatabasen.scb.se/pxweb/sv/ssd/START__BO__BO0501__BO0501B/FastprisFHRegKv/
Antal,Sydsverige,2025K3,442,https://www.statistikdatabasen.scb.se/pxweb/sv/ssd/START__BO__BO0501__BO0501B/FastprisFHRegKv/
Antal,Sydsverige,2025K4,367,https://www.statistikdatabasen.scb.se/pxweb/sv/ssd/START__BO__BO0501__BO0501B/FastprisFHRegKv/
Antal,Sydsverige,2026K1,210,https://www.statistikdatabasen.scb.se/pxweb/sv/ssd/START__BO__BO0501__BO0501B/FastprisFHRegKv/
Antal,Sydsverige,2026K2,379,https://www.statistikdatabasen.scb.se/pxweb/sv/ssd/START__BO__BO0501__BO0501B/FastprisFHRegKv/
"Köpeskilling, medelvärde i tkr",Sydsverige,1998K1,569,https://www.statistikdatabasen.scb.se/pxweb/sv/ssd/START__BO__BO0501__BO0501B/FastprisFHRegKv/
"Köpeskilling, medelvärde i tkr",Sydsverige,1998K2,498,https://www.statistikdatabasen.scb.se/pxweb/sv/ssd/START__BO__BO0501__BO0501B/FastprisFHRegKv/
"Köpeskilling, medelvärde i tkr",Sydsverige,1998K3,473,https://www.statistikdatabasen.scb.se/pxweb/sv/ssd/START__BO__BO0501__BO0501B/FastprisFHRegKv/
"Köpeskilling, medelvärde i tkr",Sydsverige,1998K4,477,https://www.statistikdatabasen.scb.se/pxweb/sv/ssd/START__BO__BO0501__BO0501B/FastprisFHRegKv/
"Köpeskilling, medelvärde i tkr",Sydsverige,1999K1,609,https://www.statistikdatabasen.scb.se/pxweb/sv/ssd/START__BO__BO0501__BO0501B/FastprisFHRegKv/
"Köpeskilling, medelvärde i tkr",Sydsverige,1999K2,545,https://www.statistikdatabasen.scb.se/pxweb/sv/ssd/START__BO__BO0501__BO0501B/FastprisFHRegKv/
"Köpeskilling, medelvärde i tkr",Sydsverige,1999K3,572,https://www.statistikdatabasen.scb.se/pxweb/sv/ssd/START__BO__BO0501__BO0501B/FastprisFHRegKv/
"Köpeskilling, medelvärde i tkr",Sydsverige,1999K4,612,https://www.statistikdatabasen.scb.se/pxweb/sv/ssd/START__BO__BO0501__BO0501B/FastprisFHRegKv/
"Köpeskilling, medelvärde i tkr",Sydsverige,2000K1,629,https://www.statistikdatabasen.scb.se/pxweb/sv/ssd/START__BO__BO0501__BO0501B/FastprisFHRegKv/
"Köpeskilling, medelvärde i tkr",Sydsverige,2000K2,622,https://www.statistikdatabasen.scb.se/pxweb/sv/ssd/START__BO__BO0501__BO0501B/FastprisFHRegKv/
"Köpeskilling, medelvärde i tkr",Sydsverige,2000K3,611,https://www.statistikdatabasen.scb.se/pxweb/sv/ssd/START__BO__BO0501__BO0501B/FastprisFHRegKv/
"Köpeskilling, medelvärde i tkr",Sydsverige,2000K4,611,https://www.statistikdatabasen.scb.se/pxweb/sv/ssd/START__BO__BO0501__BO0501B/FastprisFHRegKv/
"Köpeskilling, medelvärde i tkr",Sydsverige,2001K1,671,https://www.statistikdatabasen.scb.se/pxweb/sv/ssd/START__BO__BO0501__BO0501B/FastprisFHRegKv/
"Köpeskilling, medelvärde i tkr",Sydsverige,2001K2,655,https://www.statistikdatabasen.scb.se/pxweb/sv/ssd/START__BO__BO0501__BO0501B/FastprisFHRegKv/
"Köpeskilling, medelvärde i tkr",Sydsverige,2001K3,644,https://www.statistikdatabasen.scb.se/pxweb/sv/ssd/START__BO__BO0501__BO0501B/FastprisFHRegKv/
"Köpeskilling, medelvärde i tkr",Sydsverige,2001K4,608,https://www.statistikdatabasen.scb.se/pxweb/sv/ssd/START__BO__BO0501__BO0501B/FastprisFHRegKv/
"Köpeskilling, medelvärde i tkr",Sydsverige,2002K1,681,https://www.statistikdatabasen.scb.se/pxweb/sv/ssd/START__BO__BO0501__BO0501B/FastprisFHRegKv/
"Köpeskilling, medelvärde i tkr",Sydsverige,2002K2,658,https://www.statistikdatabasen.scb.se/pxweb/sv/ssd/START__BO__BO0501__BO0501B/FastprisFHRegKv/
"Köpeskilling, medelvärde i tkr",Sydsverige,2002K3,613,https://www.statistikdatabasen.scb.se/pxweb/sv/ssd/START__BO__BO0501__BO0501B/FastprisFHRegKv/
"Köpeskilling, medelvärde i tkr",Sydsverige,2002K4,763,https://www.statistikdatabasen.scb.se/pxweb/sv/ssd/START__BO__BO0501__BO0501B/FastprisFHRegKv/
"Köpeskilling, medelvärde i tkr",Sydsverige,2003K1,754,https://www.statistikdatabasen.scb.se/pxweb/sv/ssd/START__BO__BO0501__BO0501B/FastprisFHRegKv/
"Köpeskilling, medelvärde i tkr",Sydsverige,2003K2,768,https://www.statistikdatabasen.scb.se/pxweb/sv/ssd/START__BO__BO0501__BO0501B/FastprisFHRegKv/
"Köpeskilling, medelvärde i tkr",Sydsverige,2003K3,781,https://www.statistikdatabasen.scb.se/pxweb/sv/ssd/START__BO__BO0501__BO0501B/FastprisFHRegKv/
"Köpeskilling, medelvärde i tkr",Sydsverige,2003K4,818,https://www.statistikdatabasen.scb.se/pxweb/sv/ssd/START__BO__BO0501__BO0501B/FastprisFHRegKv/
"Köpeskilling, medelvärde i tkr",Sydsverige,2004K1,932,https://www.statistikdatabasen.scb.se/pxweb/sv/ssd/START__BO__BO0501__BO0501B/FastprisFHRegKv/
"Köpeskilling, medelvärde i tkr",Sydsverige,2004K2,850,https://www.statistikdatabasen.scb.se/pxweb/sv/ssd/START__BO__BO0501__BO0501B/FastprisFHRegKv/
"Köpeskilling, medelvärde i tkr",Sydsverige,2004K3,832,https://www.statistikdatabasen.scb.se/pxweb/sv/ssd/START__BO__BO0501__BO0501B/FastprisFHRegKv/
"Köpeskilling, medelvärde i tkr",Sydsverige,2004K4,1014,https://www.statistikdatabasen.scb.se/pxweb/sv/ssd/START__BO__BO0501__BO0501B/FastprisFHRegKv/
"Köpeskilling, medelvärde i tkr",Sydsverige,2005K1,907,https://www.statistikdatabasen.scb.se/pxweb/sv/ssd/START__BO__BO0501__BO0501B/FastprisFHRegKv/
"Köpeskilling, medelvärde i tkr",Sydsverige,2005K2,966,https://www.statistikdatabasen.scb.se/pxweb/sv/ssd/START__BO__BO0501__BO0501B/FastprisFHRegKv/
"Köpeskilling, medelvärde i tkr",Sydsverige,2005K3,997,https://www.statistikdatabasen.scb.se/pxweb/sv/ssd/START__BO__BO0501__BO0501B/FastprisFHRegKv/
"Köpeskilling, medelvärde i tkr",Sydsverige,2005K4,1146,https://www.statistikdatabasen.scb.se/pxweb/sv/ssd/START__BO__BO0501__BO0501B/FastprisFHRegKv/
"Köpeskilling, medelvärde i tkr",Sydsverige,2006K1,1232,https://www.statistikdatabasen.scb.se/pxweb/sv/ssd/START__BO__BO0501__BO0501B/FastprisFHRegKv/
"Köpeskilling, medelvärde i tkr",Sydsverige,2006K2,1185,https://www.statistikdatabasen.scb.se/pxweb/sv/ssd/START__BO__BO0501__BO0501B/FastprisFHRegKv/
"Köpeskilling, medelvärde i tkr",Sydsverige,2006K3,1229,https://www.statistikdatabasen.scb.se/pxweb/sv/ssd/START__BO__BO0501__BO0501B/FastprisFHRegKv/
"Köpeskilling, medelvärde i tkr",Sydsverige,2006K4,1178,https://www.statistikdatabasen.scb.se/pxweb/sv/ssd/START__BO__BO0501__BO0501B/FastprisFHRegKv/
"Köpeskilling, medelvärde i tkr",Sydsverige,2007K1,1261,https://www.statistikdatabasen.scb.se/pxweb/sv/ssd/START__BO__BO0501__BO0501B/FastprisFHRegKv/
"Köpeskilling, medelvärde i tkr",Sydsverige,2007K2,1299,https://www.statistikdatabasen.scb.se/pxweb/sv/ssd/START__BO__BO0501__BO0501B/FastprisFHRegKv/
"Köpeskilling, medelvärde i tkr",Sydsverige,2007K3,1207,https://www.statistikdatabasen.scb.se/pxweb/sv/ssd/START__BO__BO0501__BO0501B/FastprisFHRegKv/
"Köpeskilling, medelvärde i tkr",Sydsverige,2007K4,1393,https://www.statistikdatabasen.scb.se/pxweb/sv/ssd/START__BO__BO0501__BO0501B/FastprisFHRegKv/
"Köpeskilling, medelvärde i tkr",Sydsverige,2008K1,1399,https://www.statistikdatabasen.scb.se/pxweb/sv/ssd/START__BO__BO0501__BO0501B/FastprisFHRegKv/
"Köpeskilling, medelvärde i tkr",Sydsverige,2008K2,1325,https://www.statistikdatabasen.scb.se/pxweb/sv/ssd/START__BO__BO0501__BO0501B/FastprisFHRegKv/
"Köpeskilling, medelvärde i tkr",Sydsverige,2008K3,1340,https://www.statistikdatabasen.scb.se/pxweb/sv/ssd/START__BO__BO0501__BO0501B/FastprisFHRegKv/
"Köpeskilling, medelvärde i tkr",Sydsverige,2008K4,1233,https://www.statistikdatabasen.scb.se/pxweb/sv/ssd/START__BO__BO0501__BO0501B/FastprisFHRegKv/
"Köpeskilling, medelvärde i tkr",Sydsverige,2009K1,1478,https://www.statistikdatabasen.scb.se/pxweb/sv/ssd/START__BO__BO0501__BO0501B/FastprisFHRegKv/
"Köpeskilling, medelvärde i tkr",Sydsverige,2009K2,1499,https://www.statistikdatabasen.scb.se/pxweb/sv/ssd/START__BO__BO0501__BO0501B/FastprisFHRegKv/
"Köpeskilling, medelvärde i tkr",Sydsverige,2009K3,1396,https://www.statistikdatabasen.scb.se/pxweb/sv/ssd/START__BO__BO0501__BO0501B/FastprisFHRegKv/
"Köpeskilling, medelvärde i tkr",Sydsverige,2009K4,1546,https://www.statistikdatabasen.scb.se/pxweb/sv/ssd/START__BO__BO0501__BO0501B/FastprisFHRegKv/
"Köpeskilling, medelvärde i tkr",Sydsverige,2010K1,1571,https://www.statistikdatabasen.scb.se/pxweb/sv/ssd/START__BO__BO0501__BO0501B/FastprisFHRegKv/
"Köpeskilling, medelvärde i tkr",Sydsverige,2010K2,1557,https://www.statistikdatabasen.scb.se/pxweb/sv/ssd/START__BO__BO0501__BO0501B/FastprisFHRegKv/
"Köpeskilling, medelvärde i tkr",Sydsverige,2010K3,1473,https://www.statistikdatabasen.scb.se/pxweb/sv/ssd/START__BO__BO0501__BO0501B/FastprisFHRegKv/
"Köpeskilling, medelvärde i tkr",Sydsverige,2010K4,1562,https://www.statistikdatabasen.scb.se/pxweb/sv/ssd/START__BO__BO0501__BO0501B/FastprisFHRegKv/
"Köpeskilling, medelvärde i tkr",Sydsverige,2011K1,1531,https://www.statistikdatabasen.scb.se/pxweb/sv/ssd/START__BO__BO0501__BO0501B/FastprisFHRegKv/
"Köpeskilling, medelvärde i tkr",Sydsverige,2011K2,1611,https://www.statistikdatabasen.scb.se/pxweb/sv/ssd/START__BO__BO0501__BO0501B/FastprisFHRegKv/
"Köpeskilling, medelvärde i tkr",Sydsverige,2011K3,1468,https://www.statistikdatabasen.scb.se/pxweb/sv/ssd/START__BO__BO0501__BO0501B/FastprisFHRegKv/
"Köpeskilling, medelvärde i tkr",Sydsverige,2011K4,1642,https://www.statistikdatabasen.scb.se/pxweb/sv/ssd/START__BO__BO0501__BO0501B/FastprisFHRegKv/
"Köpeskilling, medelvärde i tkr",Sydsverige,2012K1,1506,https://www.statistikdatabasen.scb.se/pxweb/sv/ssd/START__BO__BO0501__BO0501B/FastprisFHRegKv/
"Köpeskilling, medelvärde i tkr",Sydsverige,2012K2,1482,https://www.statistikdatabasen.scb.se/pxweb/sv/ssd/START__BO__BO0501__BO0501B/FastprisFHRegKv/
"Köpeskilling, medelvärde i tkr",Sydsverige,2012K3,1498,https://www.statistikdatabasen.scb.se/pxweb/sv/ssd/START__BO__BO0501__BO0501B/FastprisFHRegKv/
"Köpeskilling, medelvärde i tkr",Sydsverige,2012K4,1556,https://www.statistikdatabasen.scb.se/pxweb/sv/ssd/START__BO__BO0501__BO0501B/FastprisFHRegKv/
"Köpeskilling, medelvärde i tkr",Sydsverige,2013K1,1548,https://www.statistikdatabasen.scb.se/pxweb/sv/ssd/START__BO__BO0501__BO0501B/FastprisFHRegKv/
"Köpeskilling, medelvärde i tkr",Sydsverige,2013K2,1552,https://www.statistikdatabasen.scb.se/pxweb/sv/ssd/START__BO__BO0501__BO0501B/FastprisFHRegKv/
"Köpeskilling, medelvärde i tkr",Sydsverige,2013K3,1458,https://www.statistikdatabasen.scb.se/pxweb/sv/ssd/START__BO__BO0501__BO0501B/FastprisFHRegKv/
"Köpeskilling, medelvärde i tkr",Sydsverige,2013K4,1678,https://www.statistikdatabasen.scb.se/pxweb/sv/ssd/START__BO__BO0501__BO0501B/FastprisFHRegKv/
"Köpeskilling, medelvärde i tkr",Sydsverige,2014K1,1736,https://www.statistikdatabasen.scb.se/pxweb/sv/ssd/START__BO__BO0501__BO0501B/FastprisFHRegKv/
"Köpeskilling, medelvärde i tkr",Sydsverige,2014K2,1611,https://www.statistikdatabasen.scb.se/pxweb/sv/ssd/START__BO__BO0501__BO0501B/FastprisFHRegKv/
"Köpeskilling, medelvärde i tkr",Sydsverige,2014K3,1502,https://www.statistikdatabasen.scb.se/pxweb/sv/ssd/START__BO__BO0501__BO0501B/FastprisFHRegKv/
"Köpeskilling, medelvärde i tkr",Sydsverige,2014K4,1689,https://www.statistikdatabasen.scb.se/pxweb/sv/ssd/START__BO__BO0501__BO0501B/FastprisFHRegKv/
"Köpeskilling, medelvärde i tkr",Sydsverige,2015K1,1966,https://www.statistikdatabasen.scb.se/pxweb/sv/ssd/START__BO__BO0501__BO0501B/FastprisFHRegKv/
"Köpeskilling, medelvärde i tkr",Sydsverige,2015K2,1783,https://www.statistikdatabasen.scb.se/pxweb/sv/ssd/START__BO__BO0501__BO0501B/FastprisFHRegKv/
"Köpeskilling, medelvärde i tkr",Sydsverige,2015K3,1849,https://www.statistikdatabasen.scb.se/pxweb/sv/ssd/START__BO__BO0501__BO0501B/FastprisFHRegKv/
"Köpeskilling, medelvärde i tkr",Sydsverige,2015K4,1802,https://www.statistikdatabasen.scb.se/pxweb/sv/ssd/START__BO__BO0501__BO0501B/FastprisFHRegKv/
"Köpeskilling, medelvärde i tkr",Sydsverige,2016K1,1942,https://www.statistikdatabasen.scb.se/pxweb/sv/ssd/START__BO__BO0501__BO0501B/FastprisFHRegKv/
"Köpeskilling, medelvärde i tkr",Sydsverige,2016K2,1709,https://www.statistikdatabasen.scb.se/pxweb/sv/ssd/START__BO__BO0501__BO0501B/FastprisFHRegKv/
"Köpeskilling, medelvärde i tkr",Sydsverige,2016K3,1866,https://www.statistikdatabasen.scb.se/pxweb/sv/ssd/START__BO__BO0501__BO0501B/FastprisFHRegKv/
"Köpeskilling, medelvärde i tkr",Sydsverige,2016K4,1974,https://www.statistikdatabasen.scb.se/pxweb/sv/ssd/START__BO__BO0501__BO0501B/FastprisFHRegKv/
"Köpeskilling, medelvärde i tkr",Sydsverige,2017K1,1791,https://www.statistikdatabasen.scb.se/pxweb/sv/ssd/START__BO__BO0501__BO0501B/FastprisFHRegKv/
"Köpeskilling, medelvärde i tkr",Sydsverige,2017K2,2069,https://www.statistikdatabasen.scb.se/pxweb/sv/ssd/START__BO__BO0501__BO0501B/FastprisFHRegKv/
"Köpeskilling, medelvärde i tkr",Sydsverige,2017K3,1802,https://www.statistikdatabasen.scb.se/pxweb/sv/ssd/START__BO__BO0501__BO0501B/FastprisFHRegKv/
"Köpeskilling, medelvärde i tkr",Sydsverige,2017K4,2108,https://www.statistikdatabasen.scb.se/pxweb/sv/ssd/START__BO__BO0501__BO0501B/FastprisFHRegKv/
"Köpeskilling, medelvärde i tkr",Sydsverige,2018K1,2326,https://www.statistikdatabasen.scb.se/pxweb/sv/ssd/START__BO__BO0501__BO0501B/FastprisFHRegKv/
"Köpeskilling, medelvärde i tkr",Sydsverige,2018K2,2163,https://www.statistikdatabasen.scb.se/pxweb/sv/ssd/START__BO__BO0501__BO0501B/FastprisFHRegKv/
"Köpeskilling, medelvärde i tkr",Sydsverige,2018K3,1929,https://www.statistikdatabasen.scb.se/pxweb/sv/ssd/START__BO__BO0501__BO0501B/FastprisFHRegKv/
"Köpeskilling, medelvärde i tkr",Sydsverige,2018K4,2101,https://www.statistikdatabasen.scb.se/pxweb/sv/ssd/START__BO__BO0501__BO0501B/FastprisFHRegKv/
"Köpeskilling, medelvärde i tkr",Sydsverige,2019K1,2366,https://www.statistikdatabasen.scb.se/pxweb/sv/ssd/START__BO__BO0501__BO0501B/FastprisFHRegKv/
"Köpeskilling, medelvärde i tkr",Sydsverige,2019K2,2117,https://www.statistikdatabasen.scb.se/pxweb/sv/ssd/START__BO__BO0501__BO0501B/FastprisFHRegKv/
"Köpeskilling, medelvärde i tkr",Sydsverige,2019K3,2094,https://www.statistikdatabasen.scb.se/pxweb/sv/ssd/START__BO__BO0501__BO0501B/FastprisFHRegKv/
"Köpeskilling, medelvärde i tkr",Sydsverige,2019K4,2087,https://www.statistikdatabasen.scb.se/pxweb/sv/ssd/START__BO__BO0501__BO0501B/FastprisFHRegKv/
"Köpeskilling, medelvärde i tkr",Sydsverige,2020K1,2449,https://www.statistikdatabasen.scb.se/pxweb/sv/ssd/START__BO__BO0501__BO0501B/FastprisFHRegKv/
"Köpeskilling, medelvärde i tkr",Sydsverige,2020K2,2330,https://www.statistikdatabasen.scb.se/pxweb/sv/ssd/START__BO__BO0501__BO0501B/FastprisFHRegKv/
"Köpeskilling, medelvärde i tkr",Sydsverige,2020K3,2387,https://www.statistikdatabasen.scb.se/pxweb/sv/ssd/START__BO__BO0501__BO0501B/FastprisFHRegKv/
"Köpeskilling, medelvärde i tkr",Sydsverige,2020K4,2686,https://www.statistikdatabasen.scb.se/pxweb/sv/ssd/START__BO__BO0501__BO0501B/FastprisFHRegKv/
"Köpeskilling, medelvärde i tkr",Sydsverige,2021K1,2570,https://www.statistikdatabasen.scb.se/pxweb/sv/ssd/START__BO__BO0501__BO0501B/FastprisFHRegKv/
"Köpeskilling, medelvärde i tkr",Sydsverige,2021K2,2693,https://www.statistikdatabasen.scb.se/pxweb/sv/ssd/START__BO__BO0501__BO0501B/FastprisFHRegKv/
"Köpeskilling, medelvärde i tkr",Sydsverige,2021K3,2954,https://www.statistikdatabasen.scb.se/pxweb/sv/ssd/START__BO__BO0501__BO0501B/FastprisFHRegKv/
"Köpeskilling, medelvärde i tkr",Sydsverige,2021K4,2766,https://www.statistikdatabasen.scb.se/pxweb/sv/ssd/START__BO__BO0501__BO0501B/FastprisFHRegKv/
"Köpeskilling, medelvärde i tkr",Sydsverige,2022K1,2712,https://www.statistikdatabasen.scb.se/pxweb/sv/ssd/START__BO__BO0501__BO0501B/FastprisFHRegKv/
"Köpeskilling, medelvärde i tkr",Sydsverige,2022K2,2574,https://www.statistikdatabasen.scb.se/pxweb/sv/ssd/START__BO__BO0501__BO0501B/FastprisFHRegKv/
"Köpeskilling, medelvärde i tkr",Sydsverige,2022K3,3109,https://www.statistikdatabasen.scb.se/pxweb/sv/ssd/START__BO__BO0501__BO0501B/FastprisFHRegKv/
"Köpeskilling, medelvärde i tkr",Sydsverige,2022K4,2856,https://www.statistikdatabasen.scb.se/pxweb/sv/ssd/START__BO__BO0501__BO0501B/FastprisFHRegKv/
"Köpeskilling, medelvärde i tkr",Sydsverige,2023K1,2615,https://www.statistikdatabasen.scb.se/pxweb/sv/ssd/START__BO__BO0501__BO0501B/FastprisFHRegKv/
"Köpeskilling, medelvärde i tkr",Sydsverige,2023K2,2661,https://www.statistikdatabasen.scb.se/pxweb/sv/ssd/START__BO__BO0501__BO0501B/FastprisFHRegKv/
"Köpeskilling, medelvärde i tkr",Sydsverige,2023K3,2920,https://www.statistikdatabasen.scb.se/pxweb/sv/ssd/START__BO__BO0501__BO0501B/FastprisFHRegKv/
"Köpeskilling, medelvärde i tkr",Sydsverige,2023K4,2789,https://www.statistikdatabasen.scb.se/pxweb/sv/ssd/START__BO__BO0501__BO0501B/FastprisFHRegKv/
"Köpeskilling, medelvärde i tkr",Sydsverige,2024K1,3204,https://www.statistikdatabasen.scb.se/pxweb/sv/ssd/START__BO__BO0501__BO0501B/FastprisFHRegKv/
"Köpeskilling, medelvärde i tkr",Sydsverige,2024K2,3000,https://www.statistikdatabasen.scb.se/pxweb/sv/ssd/START__BO__BO0501__BO0501B/FastprisFHRegKv/
"Köpeskilling, medelvärde i tkr",Sydsverige,2024K3,2878,https://www.statistikdatabasen.scb.se/pxweb/sv/ssd/START__BO__BO0501__BO0501B/FastprisFHRegKv/
"Köpeskilling, medelvärde i tkr",Sydsverige,2024K4,3201,https://www.statistikdatabasen.scb.se/pxweb/sv/ssd/START__BO__BO0501__BO0501B/FastprisFHRegKv/
"Köpeskilling, medelvärde i tkr",Sydsverige,2025K1,3086,https://www.statistikdatabasen.scb.se/pxweb/sv/ssd/START__BO__BO0501__BO0501B/FastprisFHRegKv/
"Köpeskilling, medelvärde i tkr",Sydsverige,2025K2,3115,https://www.statistikdatabasen.scb.se/pxweb/sv/ssd/START__BO__BO0501__BO0501B/FastprisFHRegKv/
"Köpeskilling, medelvärde i tkr",Sydsverige,2025K3,2968,https://www.statistikdatabasen.scb.se/pxweb/sv/ssd/START__BO__BO0501__BO0501B/FastprisFHRegKv/
"Köpeskilling, medelvärde i tkr",Sydsverige,2025K4,3079,https://www.statistikdatabasen.scb.se/pxweb/sv/ssd/START__BO__BO0501__BO0501B/FastprisFHRegKv/
"Köpeskilling, medelvärde i tkr",Sydsverige,2026K1,3517,https://www.statistikdatabasen.scb.se/pxweb/sv/ssd/START__BO__BO0501__BO0501B/FastprisFHRegKv/
"Köpeskilling, medelvärde i tkr",Sydsverige,2026K2,3486,https://www.statistikdatabasen.scb.se/pxweb/sv/ssd/START__BO__BO0501__BO0501B/FastprisFHRegKv/
"Bas-/taxeringsvärde, medelvärde i tkr",Sydsverige,1998K1,310,https://www.statistikdatabasen.scb.se/pxweb/sv/ssd/START__BO__BO0501__BO0501B/FastprisFHRegKv/
"Bas-/taxeringsvärde, medelvärde i tkr",Sydsverige,1998K2,268,https://www.statistikdatabasen.scb.se/pxweb/sv/ssd/START__BO__BO0501__BO0501B/FastprisFHRegKv/
"Bas-/taxeringsvärde, medelvärde i tkr",Sydsverige,1998K3,244,https://www.statistikdatabasen.scb.se/pxweb/sv/ssd/START__BO__BO0501__BO0501B/FastprisFHRegKv/
"Bas-/taxeringsvärde, medelvärde i tkr",Sydsverige,1998K4,259,https://www.statistikdatabasen.scb.se/pxweb/sv/ssd/START__BO__BO0501__BO0501B/FastprisFHRegKv/
"Bas-/taxeringsvärde, medelvärde i tkr",Sydsverige,1999K1,285,https://www.statistikdatabasen.scb.se/pxweb/sv/ssd/START__BO__BO0501__BO0501B/FastprisFHRegKv/
"Bas-/taxeringsvärde, medelvärde i tkr",Sydsverige,1999K2,261,https://www.statistikdatabasen.scb.se/pxweb/sv/ssd/START__BO__BO0501__BO0501B/FastprisFHRegKv/
"Bas-/taxeringsvärde, medelvärde i tkr",Sydsverige,1999K3,266,https://www.statistikdatabasen.scb.se/pxweb/sv/ssd/START__BO__BO0501__BO0501B/FastprisFHRegKv/
"Bas-/taxeringsvärde, medelvärde i tkr",Sydsverige,1999K4,283,https://www.statistikdatabasen.scb.se/pxweb/sv/ssd/START__BO__BO0501__BO0501B/FastprisFHRegKv/
"Bas-/taxeringsvärde, medelvärde i tkr",Sydsverige,2000K1,274,https://www.statistikdatabasen.scb.se/pxweb/sv/ssd/START__BO__BO0501__BO0501B/FastprisFHRegKv/
"Bas-/taxeringsvärde, medelvärde i tkr",Sydsverige,2000K2,267,https://www.statistikdatabasen.scb.se/pxweb/sv/ssd/START__BO__BO0501__BO0501B/FastprisFHRegKv/
"Bas-/taxeringsvärde, medelvärde i tkr",Sydsverige,2000K3,252,https://www.statistikdatabasen.scb.se/pxweb/sv/ssd/START__BO__BO0501__BO0501B/FastprisFHRegKv/
"Bas-/taxeringsvärde, medelvärde i tkr",Sydsverige,2000K4,256,https://www.statistikdatabasen.scb.se/pxweb/sv/ssd/START__BO__BO0501__BO0501B/FastprisFHRegKv/
"Bas-/taxeringsvärde, medelvärde i tkr",Sydsverige,2001K1,275,https://www.statistikdatabasen.scb.se/pxweb/sv/ssd/START__BO__BO0501__BO0501B/FastprisFHRegKv/
"Bas-/taxeringsvärde, medelvärde i tkr",Sydsverige,2001K2,253,https://www.statistikdatabasen.scb.se/pxweb/sv/ssd/START__BO__BO0501__BO0501B/FastprisFHRegKv/
"Bas-/taxeringsvärde, medelvärde i tkr",Sydsverige,2001K3,247,https://www.statistikdatabasen.scb.se/pxweb/sv/ssd/START__BO__BO0501__BO0501B/FastprisFHRegKv/
"Bas-/taxeringsvärde, medelvärde i tkr",Sydsverige,2001K4,249,https://www.statistikdatabasen.scb.se/pxweb/sv/ssd/START__BO__BO0501__BO0501B/FastprisFHRegKv/
"Bas-/taxeringsvärde, medelvärde i tkr",Sydsverige,2002K1,250,https://www.statistikdatabasen.scb.se/pxweb/sv/ssd/START__BO__BO0501__BO0501B/FastprisFHRegKv/
"Bas-/taxeringsvärde, medelvärde i tkr",Sydsverige,2002K2,245,https://www.statistikdatabasen.scb.se/pxweb/sv/ssd/START__BO__BO0501__BO0501B/FastprisFHRegKv/
"Bas-/taxeringsvärde, medelvärde i tkr",Sydsverige,2002K3,230,https://www.statistikdatabasen.scb.se/pxweb/sv/ssd/START__BO__BO0501__BO0501B/FastprisFHRegKv/
"Bas-/taxeringsvärde, medelvärde i tkr",Sydsverige,2002K4,265,https://www.statistikdatabasen.scb.se/pxweb/sv/ssd/START__BO__BO0501__BO0501B/FastprisFHRegKv/
"Bas-/taxeringsvärde, medelvärde i tkr",Sydsverige,2003K1,423,https://www.statistikdatabasen.scb.se/pxweb/sv/ssd/START__BO__BO0501__BO0501B/FastprisFHRegKv/
"Bas-/taxeringsvärde, medelvärde i tkr",Sydsverige,2003K2,404,https://www.statistikdatabasen.scb.se/pxweb/sv/ssd/START__BO__BO0501__BO0501B/FastprisFHRegKv/
"Bas-/taxeringsvärde, medelvärde i tkr",Sydsverige,2003K3,411,https://www.statistikdatabasen.scb.se/pxweb/sv/ssd/START__BO__BO0501__BO0501B/FastprisFHRegKv/
"Bas-/taxeringsvärde, medelvärde i tkr",Sydsverige,2003K4,418,https://www.statistikdatabasen.scb.se/pxweb/sv/ssd/START__BO__BO0501__BO0501B/FastprisFHRegKv/
"Bas-/taxeringsvärde, medelvärde i tkr",Sydsverige,2004K1,460,https://www.statistikdatabasen.scb.se/pxweb/sv/ssd/START__BO__BO0501__BO0501B/FastprisFHRegKv/
"Bas-/taxeringsvärde, medelvärde i tkr",Sydsverige,2004K2,398,https://www.statistikdatabasen.scb.se/pxweb/sv/ssd/START__BO__BO0501__BO0501B/FastprisFHRegKv/
"Bas-/taxeringsvärde, medelvärde i tkr",Sydsverige,2004K3,372,https://www.statistikdatabasen.scb.se/pxweb/sv/ssd/START__BO__BO0501__BO0501B/FastprisFHRegKv/
"Bas-/taxeringsvärde, medelvärde i tkr",Sydsverige,2004K4,436,https://www.statistikdatabasen.scb.se/pxweb/sv/ssd/START__BO__BO0501__BO0501B/FastprisFHRegKv/
"Bas-/taxeringsvärde, medelvärde i tkr",Sydsverige,2005K1,399,https://www.statistikdatabasen.scb.se/pxweb/sv/ssd/START__BO__BO0501__BO0501B/FastprisFHRegKv/
"Bas-/taxeringsvärde, medelvärde i tkr",Sydsverige,2005K2,398,https://www.statistikdatabasen.scb.se/pxweb/sv/ssd/START__BO__BO0501__BO0501B/FastprisFHRegKv/
"Bas-/taxeringsvärde, medelvärde i tkr",Sydsverige,2005K3,391,https://www.statistikdatabasen.scb.se/pxweb/sv/ssd/START__BO__BO0501__BO0501B/FastprisFHRegKv/
"Bas-/taxeringsvärde, medelvärde i tkr",Sydsverige,2005K4,461,https://www.statistikdatabasen.scb.se/pxweb/sv/ssd/START__BO__BO0501__BO0501B/FastprisFHRegKv/
"Bas-/taxeringsvärde, medelvärde i tkr",Sydsverige,2006K1,643,https://www.statistikdatabasen.scb.se/pxweb/sv/ssd/START__BO__BO0501__BO0501B/FastprisFHRegKv/
"Bas-/taxeringsvärde, medelvärde i tkr",Sydsverige,2006K2,585,https://www.statistikdatabasen.scb.se/pxweb/sv/ssd/START__BO__BO0501__BO0501B/FastprisFHRegKv/
"Bas-/taxeringsvärde, medelvärde i tkr",Sydsverige,2006K3,569,https://www.statistikdatabasen.scb.se/pxweb/sv/ssd/START__BO__BO0501__BO0501B/FastprisFHRegKv/
"Bas-/taxeringsvärde, medelvärde i tkr",Sydsverige,2006K4,542,https://www.statistikdatabasen.scb.se/pxweb/sv/ssd/START__BO__BO0501__BO0501B/FastprisFHRegKv/
"Bas-/taxeringsvärde, medelvärde i tkr",Sydsverige,2007K1,581,https://www.statistikdatabasen.scb.se/pxweb/sv/ssd/START__BO__BO0501__BO0501B/FastprisFHRegKv/
"Bas-/taxeringsvärde, medelvärde i tkr",Sydsverige,2007K2,544,https://www.statistikdatabasen.scb.se/pxweb/sv/ssd/START__BO__BO0501__BO0501B/FastprisFHRegKv/
"Bas-/taxeringsvärde, medelvärde i tkr",Sydsverige,2007K3,530,https://www.statistikdatabasen.scb.se/pxweb/sv/ssd/START__BO__BO0501__BO0501B/FastprisFHRegKv/
"Bas-/taxeringsvärde, medelvärde i tkr",Sydsverige,2007K4,576,https://www.statistikdatabasen.scb.se/pxweb/sv/ssd/START__BO__BO0501__BO0501B/FastprisFHRegKv/
"Bas-/taxeringsvärde, medelvärde i tkr",Sydsverige,2008K1,564,https://www.statistikdatabasen.scb.se/pxweb/sv/ssd/START__BO__BO0501__BO0501B/FastprisFHRegKv/
"Bas-/taxeringsvärde, medelvärde i tkr",Sydsverige,2008K2,559,https://www.statistikdatabasen.scb.se/pxweb/sv/ssd/START__BO__BO0501__BO0501B/FastprisFHRegKv/
"Bas-/taxeringsvärde, medelvärde i tkr",Sydsverige,2008K3,557,https://www.statistikdatabasen.scb.se/pxweb/sv/ssd/START__BO__BO0501__BO0501B/FastprisFHRegKv/
"Bas-/taxeringsvärde, medelvärde i tkr",Sydsverige,2008K4,525,https://www.statistikdatabasen.scb.se/pxweb/sv/ssd/START__BO__BO0501__BO0501B/FastprisFHRegKv/
"Bas-/taxeringsvärde, medelvärde i tkr",Sydsverige,2009K1,954,https://www.statistikdatabasen.scb.se/pxweb/sv/ssd/START__BO__BO0501__BO0501B/FastprisFHRegKv/
"Bas-/taxeringsvärde, medelvärde i tkr",Sydsverige,2009K2,945,https://www.statistikdatabasen.scb.se/pxweb/sv/ssd/START__BO__BO0501__BO0501B/FastprisFHRegKv/
"Bas-/taxeringsvärde, medelvärde i tkr",Sydsverige,2009K3,840,https://www.statistikdatabasen.scb.se/pxweb/sv/ssd/START__BO__BO0501__BO0501B/FastprisFHRegKv/
"Bas-/taxeringsvärde, medelvärde i tkr",Sydsverige,2009K4,931,https://www.statistikdatabasen.scb.se/pxweb/sv/ssd/START__BO__BO0501__BO0501B/FastprisFHRegKv/
"Bas-/taxeringsvärde, medelvärde i tkr",Sydsverige,2010K1,928,https://www.statistikdatabasen.scb.se/pxweb/sv/ssd/START__BO__BO0501__BO0501B/FastprisFHRegKv/
"Bas-/taxeringsvärde, medelvärde i tkr",Sydsverige,2010K2,902,https://www.statistikdatabasen.scb.se/pxweb/sv/ssd/START__BO__BO0501__BO0501B/FastprisFHRegKv/
"Bas-/taxeringsvärde, medelvärde i tkr",Sydsverige,2010K3,869,https://www.statistikdatabasen.scb.se/pxweb/sv/ssd/START__BO__BO0501__BO0501B/FastprisFHRegKv/
"Bas-/taxeringsvärde, medelvärde i tkr",Sydsverige,2010K4,914,https://www.statistikdatabasen.scb.se/pxweb/sv/ssd/START__BO__BO0501__BO0501B/FastprisFHRegKv/
"Bas-/taxeringsvärde, medelvärde i tkr",Sydsverige,2011K1,918,https://www.statistikdatabasen.scb.se/pxweb/sv/ssd/START__BO__BO0501__BO0501B/FastprisFHRegKv/
"Bas-/taxeringsvärde, medelvärde i tkr",Sydsverige,2011K2,951,https://www.statistikdatabasen.scb.se/pxweb/sv/ssd/START__BO__BO0501__BO0501B/FastprisFHRegKv/
"Bas-/taxeringsvärde, medelvärde i tkr",Sydsverige,2011K3,885,https://www.statistikdatabasen.scb.se/pxweb/sv/ssd/START__BO__BO0501__BO0501B/FastprisFHRegKv/
"Bas-/taxeringsvärde, medelvärde i tkr",Sydsverige,2011K4,954,https://www.statistikdatabasen.scb.se/pxweb/sv/ssd/START__BO__BO0501__BO0501B/FastprisFHRegKv/
"Bas-/taxeringsvärde, medelvärde i tkr",Sydsverige,2012K1,953,https://www.statistikdatabasen.scb.se/pxweb/sv/ssd/START__BO__BO0501__BO0501B/FastprisFHRegKv/
"Bas-/taxeringsvärde, medelvärde i tkr",Sydsverige,2012K2,1028,https://www.statistikdatabasen.scb.se/pxweb/sv/ssd/START__BO__BO0501__BO0501B/FastprisFHRegKv/
"Bas-/taxeringsvärde, medelvärde i tkr",Sydsverige,2012K3,1005,https://www.statistikdatabasen.scb.se/pxweb/sv/ssd/START__BO__BO0501__BO0501B/FastprisFHRegKv/
"Bas-/taxeringsvärde, medelvärde i tkr",Sydsverige,2012K4,1062,https://www.statistikdatabasen.scb.se/pxweb/sv/ssd/START__BO__BO0501__BO0501B/FastprisFHRegKv/
"Bas-/taxeringsvärde, medelvärde i tkr",Sydsverige,2013K1,1126,https://www.statistikdatabasen.scb.se/pxweb/sv/ssd/START__BO__BO0501__BO0501B/FastprisFHRegKv/
"Bas-/taxeringsvärde, medelvärde i tkr",Sydsverige,2013K2,1039,https://www.statistikdatabasen.scb.se/pxweb/sv/ssd/START__BO__BO0501__BO0501B/FastprisFHRegKv/
"Bas-/taxeringsvärde, medelvärde i tkr",Sydsverige,2013K3,982,https://www.statistikdatabasen.scb.se/pxweb/sv/ssd/START__BO__BO0501__BO0501B/FastprisFHRegKv/
"Bas-/taxeringsvärde, medelvärde i tkr",Sydsverige,2013K4,1069,https://www.statistikdatabasen.scb.se/pxweb/sv/ssd/START__BO__BO0501__BO0501B/FastprisFHRegKv/
"Bas-/taxeringsvärde, medelvärde i tkr",Sydsverige,2014K1,1214,https://www.statistikdatabasen.scb.se/pxweb/sv/ssd/START__BO__BO0501__BO0501B/FastprisFHRegKv/
"Bas-/taxeringsvärde, medelvärde i tkr",Sydsverige,2014K2,1074,https://www.statistikdatabasen.scb.se/pxweb/sv/ssd/START__BO__BO0501__BO0501B/FastprisFHRegKv/
"Bas-/taxeringsvärde, medelvärde i tkr",Sydsverige,2014K3,997,https://www.statistikdatabasen.scb.se/pxweb/sv/ssd/START__BO__BO0501__BO0501B/FastprisFHRegKv/
"Bas-/taxeringsvärde, medelvärde i tkr",Sydsverige,2014K4,1088,https://www.statistikdatabasen.scb.se/pxweb/sv/ssd/START__BO__BO0501__BO0501B/FastprisFHRegKv/
"Bas-/taxeringsvärde, medelvärde i tkr",Sydsverige,2015K1,1318,https://www.statistikdatabasen.scb.se/pxweb/sv/ssd/START__BO__BO0501__BO0501B/FastprisFHRegKv/
"Bas-/taxeringsvärde, medelvärde i tkr",Sydsverige,2015K2,1137,https://www.statistikdatabasen.scb.se/pxweb/sv/ssd/START__BO__BO0501__BO0501B/FastprisFHRegKv/
"Bas-/taxeringsvärde, medelvärde i tkr",Sydsverige,2015K3,1168,https://www.statistikdatabasen.scb.se/pxweb/sv/ssd/START__BO__BO0501__BO0501B/FastprisFHRegKv/
"Bas-/taxeringsvärde, medelvärde i tkr",Sydsverige,2015K4,1185,https://www.statistikdatabasen.scb.se/pxweb/sv/ssd/START__BO__BO0501__BO0501B/FastprisFHRegKv/
"Bas-/taxeringsvärde, medelvärde i tkr",Sydsverige,2016K1,1270,https://www.statistikdatabasen.scb.se/pxweb/sv/ssd/START__BO__BO0501__BO0501B/FastprisFHRegKv/
"Bas-/taxeringsvärde, medelvärde i tkr",Sydsverige,2016K2,1051,https://www.statistikdatabasen.scb.se/pxweb/sv/ssd/START__BO__BO0501__BO0501B/FastprisFHRegKv/
"Bas-/taxeringsvärde, medelvärde i tkr",Sydsverige,2016K3,1092,https://www.statistikdatabasen.scb.se/pxweb/sv/ssd/START__BO__BO0501__BO0501B/FastprisFHRegKv/
"Bas-/taxeringsvärde, medelvärde i tkr",Sydsverige,2016K4,1169,https://www.statistikdatabasen.scb.se/pxweb/sv/ssd/START__BO__BO0501__BO0501B/FastprisFHRegKv/
"Bas-/taxeringsvärde, medelvärde i tkr",Sydsverige,2017K1,1065,https://www.statistikdatabasen.scb.se/pxweb/sv/ssd/START__BO__BO0501__BO0501B/FastprisFHRegKv/
"Bas-/taxeringsvärde, medelvärde i tkr",Sydsverige,2017K2,1123,https://www.statistikdatabasen.scb.se/pxweb/sv/ssd/START__BO__BO0501__BO0501B/FastprisFHRegKv/
"Bas-/taxeringsvärde, medelvärde i tkr",Sydsverige,2017K3,953,https://www.statistikdatabasen.scb.se/pxweb/sv/ssd/START__BO__BO0501__BO0501B/FastprisFHRegKv/
"Bas-/taxeringsvärde, medelvärde i tkr",Sydsverige,2017K4,1141,https://www.statistikdatabasen.scb.se/pxweb/sv/ssd/START__BO__BO0501__BO0501B/FastprisFHRegKv/
"Bas-/taxeringsvärde, medelvärde i tkr",Sydsverige,2018K1,1476,https://www.statistikdatabasen.scb.se/pxweb/sv/ssd/START__BO__BO0501__BO0501B/FastprisFHRegKv/
"Bas-/taxeringsvärde, medelvärde i tkr",Sydsverige,2018K2,1270,https://www.statistikdatabasen.scb.se/pxweb/sv/ssd/START__BO__BO0501__BO0501B/FastprisFHRegKv/
"Bas-/taxeringsvärde, medelvärde i tkr",Sydsverige,2018K3,1178,https://www.statistikdatabasen.scb.se/pxweb/sv/ssd/START__BO__BO0501__BO0501B/FastprisFHRegKv/
"Bas-/taxeringsvärde, medelvärde i tkr",Sydsverige,2018K4,1296,https://www.statistikdatabasen.scb.se/pxweb/sv/ssd/START__BO__BO0501__BO0501B/FastprisFHRegKv/
"Bas-/taxeringsvärde, medelvärde i tkr",Sydsverige,2019K1,1440,https://www.statistikdatabasen.scb.se/pxweb/sv/ssd/START__BO__BO0501__BO0501B/FastprisFHRegKv/
"Bas-/taxeringsvärde, medelvärde i tkr",Sydsverige,2019K2,1254,https://www.statistikdatabasen.scb.se/pxweb/sv/ssd/START__BO__BO0501__BO0501B/FastprisFHRegKv/
"Bas-/taxeringsvärde, medelvärde i tkr",Sydsverige,2019K3,1140,https://www.statistikdatabasen.scb.se/pxweb/sv/ssd/START__BO__BO0501__BO0501B/FastprisFHRegKv/
"Bas-/taxeringsvärde, medelvärde i tkr",Sydsverige,2019K4,1192,https://www.statistikdatabasen.scb.se/pxweb/sv/ssd/START__BO__BO0501__BO0501B/FastprisFHRegKv/
"Bas-/taxeringsvärde, medelvärde i tkr",Sydsverige,2020K1,1405,https://www.statistikdatabasen.scb.se/pxweb/sv/ssd/START__BO__BO0501__BO0501B/FastprisFHRegKv/
"Bas-/taxeringsvärde, medelvärde i tkr",Sydsverige,2020K2,1258,https://www.statistikdatabasen.scb.se/pxweb/sv/ssd/START__BO__BO0501__BO0501B/FastprisFHRegKv/
"Bas-/taxeringsvärde, medelvärde i tkr",Sydsverige,2020K3,1221,https://www.statistikdatabasen.scb.se/pxweb/sv/ssd/START__BO__BO0501__BO0501B/FastprisFHRegKv/
"Bas-/taxeringsvärde, medelvärde i tkr",Sydsverige,2020K4,1299,https://www.statistikdatabasen.scb.se/pxweb/sv/ssd/START__BO__BO0501__BO0501B/FastprisFHRegKv/
"Bas-/taxeringsvärde, medelvärde i tkr",Sydsverige,2021K1,1595,https://www.statistikdatabasen.scb.se/pxweb/sv/ssd/START__BO__BO0501__BO0501B/FastprisFHRegKv/
"Bas-/taxeringsvärde, medelvärde i tkr",Sydsverige,2021K2,1436,https://www.statistikdatabasen.scb.se/pxweb/sv/ssd/START__BO__BO0501__BO0501B/FastprisFHRegKv/
"Bas-/taxeringsvärde, medelvärde i tkr",Sydsverige,2021K3,1425,https://www.statistikdatabasen.scb.se/pxweb/sv/ssd/START__BO__BO0501__BO0501B/FastprisFHRegKv/
"Bas-/taxeringsvärde, medelvärde i tkr",Sydsverige,2021K4,1376,https://www.statistikdatabasen.scb.se/pxweb/sv/ssd/START__BO__BO0501__BO0501B/FastprisFHRegKv/
"Bas-/taxeringsvärde, medelvärde i tkr",Sydsverige,2022K1,1411,https://www.statistikdatabasen.scb.se/pxweb/sv/ssd/START__BO__BO0501__BO0501B/FastprisFHRegKv/
"Bas-/taxeringsvärde, medelvärde i tkr",Sydsverige,2022K2,1222,https://www.statistikdatabasen.scb.se/pxweb/sv/ssd/START__BO__BO0501__BO0501B/FastprisFHRegKv/
"Bas-/taxeringsvärde, medelvärde i tkr",Sydsverige,2022K3,1491,https://www.statistikdatabasen.scb.se/pxweb/sv/ssd/START__BO__BO0501__BO0501B/FastprisFHRegKv/
"Bas-/taxeringsvärde, medelvärde i tkr",Sydsverige,2022K4,1551,https://www.statistikdatabasen.scb.se/pxweb/sv/ssd/START__BO__BO0501__BO0501B/FastprisFHRegKv/
"Bas-/taxeringsvärde, medelvärde i tkr",Sydsverige,2023K1,1628,https://www.statistikdatabasen.scb.se/pxweb/sv/ssd/START__BO__BO0501__BO0501B/FastprisFHRegKv/
"Bas-/taxeringsvärde, medelvärde i tkr",Sydsverige,2023K2,1471,https://www.statistikdatabasen.scb.se/pxweb/sv/ssd/START__BO__BO0501__BO0501B/FastprisFHRegKv/
"Bas-/taxeringsvärde, medelvärde i tkr",Sydsverige,2023K3,1569,https://www.statistikdatabasen.scb.se/pxweb/sv/ssd/START__BO__BO0501__BO0501B/FastprisFHRegKv/
"Bas-/taxeringsvärde, medelvärde i tkr",Sydsverige,2023K4,1550,https://www.statistikdatabasen.scb.se/pxweb/sv/ssd/START__BO__BO0501__BO0501B/FastprisFHRegKv/
"Bas-/taxeringsvärde, medelvärde i tkr",Sydsverige,2024K1,2244,https://www.statistikdatabasen.scb.se/pxweb/sv/ssd/START__BO__BO0501__BO0501B/FastprisFHRegKv/
"Bas-/taxeringsvärde, medelvärde i tkr",Sydsverige,2024K2,2146,https://www.statistikdatabasen.scb.se/pxweb/sv/ssd/START__BO__BO0501__BO0501B/FastprisFHRegKv/
"Bas-/taxeringsvärde, medelvärde i tkr",Sydsverige,2024K3,2031,https://www.statistikdatabasen.scb.se/pxweb/sv/ssd/START__BO__BO0501__BO0501B/FastprisFHRegKv/
"Bas-/taxeringsvärde, medelvärde i tkr",Sydsverige,2024K4,2304,https://www.statistikdatabasen.scb.se/pxweb/sv/ssd/START__BO__BO0501__BO0501B/FastprisFHRegKv/
"Bas-/taxeringsvärde, medelvärde i tkr",Sydsverige,2025K1,2295,https://www.statistikdatabasen.scb.se/pxweb/sv/ssd/START__BO__BO0501__BO0501B/FastprisFHRegKv/
"Bas-/taxeringsvärde, medelvärde i tkr",Sydsverige,2025K2,2189,https://www.statistikdatabasen.scb.se/pxweb/sv/ssd/START__BO__BO0501__BO0501B/FastprisFHRegKv/
"Bas-/taxeringsvärde, medelvärde i tkr",Sydsverige,2025K3,2092,https://www.statistikdatabasen.scb.se/pxweb/sv/ssd/START__BO__BO0501__BO0501B/FastprisFHRegKv/
"Bas-/taxeringsvärde, medelvärde i tkr",Sydsverige,2025K4,2132,https://www.statistikdatabasen.scb.se/pxweb/sv/ssd/START__BO__BO0501__BO0501B/FastprisFHRegKv/
"Bas-/taxeringsvärde, medelvärde i tkr",Sydsverige,2026K1,2477,https://www.statistikdatabasen.scb.se/pxweb/sv/ssd/START__BO__BO0501__BO0501B/FastprisFHRegKv/
"Bas-/taxeringsvärde, medelvärde i tkr",Sydsverige,2026K2,2411,https://www.statistikdatabasen.scb.se/pxweb/sv/ssd/START__BO__BO0501__BO0501B/FastprisFHRegKv/
Köpeskillingskoefficient,Sydsverige,1998K1,1.75,https://www.statistikdatabasen.scb.se/pxweb/sv/ssd/START__BO__BO0501__BO0501B/FastprisFHRegKv/
Köpeskillingskoefficient,Sydsverige,1998K2,1.81,https://www.statistikdatabasen.scb.se/pxweb/sv/ssd/START__BO__BO0501__BO0501B/FastprisFHRegKv/
Köpeskillingskoefficient,Sydsverige,1998K3,1.85,https://www.statistikdatabasen.scb.se/pxweb/sv/ssd/START__BO__BO0501__BO0501B/FastprisFHRegKv/
Köpeskillingskoefficient,Sydsverige,1998K4,1.81,https://www.statistikdatabasen.scb.se/pxweb/sv/ssd/START__BO__BO0501__BO0501B/FastprisFHRegKv/
Köpeskillingskoefficient,Sydsverige,1999K1,1.98,https://www.statistikdatabasen.scb.se/pxweb/sv/ssd/START__BO__BO0501__BO0501B/FastprisFHRegKv/
Köpeskillingskoefficient,Sydsverige,1999K2,2.02,https://www.statistikdatabasen.scb.se/pxweb/sv/ssd/START__BO__BO0501__BO0501B/FastprisFHRegKv/
Köpeskillingskoefficient,Sydsverige,1999K3,2.06,https://www.statistikdatabasen.scb.se/pxweb/sv/ssd/START__BO__BO0501__BO0501B/FastprisFHRegKv/
Köpeskillingskoefficient,Sydsverige,1999K4,2.09,https://www.statistikdatabasen.scb.se/pxweb/sv/ssd/START__BO__BO0501__BO0501B/FastprisFHRegKv/
Köpeskillingskoefficient,Sydsverige,2000K1,2.12,https://www.statistikdatabasen.scb.se/pxweb/sv/ssd/START__BO__BO0501__BO0501B/FastprisFHRegKv/
Köpeskillingskoefficient,Sydsverige,2000K2,2.18,https://www.statistikdatabasen.scb.se/pxweb/sv/ssd/START__BO__BO0501__BO0501B/FastprisFHRegKv/
Köpeskillingskoefficient,Sydsverige,2000K3,2.29,https://www.statistikdatabasen.scb.se/pxweb/sv/ssd/START__BO__BO0501__BO0501B/FastprisFHRegKv/
Köpeskillingskoefficient,Sydsverige,2000K4,2.28,https://www.statistikdatabasen.scb.se/pxweb/sv/ssd/START__BO__BO0501__BO0501B/FastprisFHRegKv/
Köpeskillingskoefficient,Sydsverige,2001K1,2.31,https://www.statistikdatabasen.scb.se/pxweb/sv/ssd/START__BO__BO0501__BO0501B/FastprisFHRegKv/
Köpeskillingskoefficient,Sydsverige,2001K2,2.46,https://www.statistikdatabasen.scb.se/pxweb/sv/ssd/START__BO__BO0501__BO0501B/FastprisFHRegKv/
Köpeskillingskoefficient,Sydsverige,2001K3,2.43,https://www.statistikdatabasen.scb.se/pxweb/sv/ssd/START__BO__BO0501__BO0501B/FastprisFHRegKv/
Köpeskillingskoefficient,Sydsverige,2001K4,2.3,https://www.statistikdatabasen.scb.se/pxweb/sv/ssd/START__BO__BO0501__BO0501B/FastprisFHRegKv/
Köpeskillingskoefficient,Sydsverige,2002K1,2.58,https://www.statistikdatabasen.scb.se/pxweb/sv/ssd/START__BO__BO0501__BO0501B/FastprisFHRegKv/
Köpeskillingskoefficient,Sydsverige,2002K2,2.53,https://www.statistikdatabasen.scb.se/pxweb/sv/ssd/START__BO__BO0501__BO0501B/FastprisFHRegKv/
Köpeskillingskoefficient,Sydsverige,2002K3,2.52,https://www.statistikdatabasen.scb.se/pxweb/sv/ssd/START__BO__BO0501__BO0501B/FastprisFHRegKv/
Köpeskillingskoefficient,Sydsverige,2002K4,2.67,https://www.statistikdatabasen.scb.se/pxweb/sv/ssd/START__BO__BO0501__BO0501B/FastprisFHRegKv/
Köpeskillingskoefficient,Sydsverige,2003K1,1.8,https://www.statistikdatabasen.scb.se/pxweb/sv/ssd/START__BO__BO0501__BO0501B/FastprisFHRegKv/
Köpeskillingskoefficient,Sydsverige,2003K2,1.92,https://www.statistikdatabasen.scb.se/pxweb/sv/ssd/START__BO__BO0501__BO0501B/FastprisFHRegKv/
Köpeskillingskoefficient,Sydsverige,2003K3,1.93,https://www.statistikdatabasen.scb.se/pxweb/sv/ssd/START__BO__BO0501__BO0501B/FastprisFHRegKv/
Köpeskillingskoefficient,Sydsverige,2003K4,1.99,https://www.statistikdatabasen.scb.se/pxweb/sv/ssd/START__BO__BO0501__BO0501B/FastprisFHRegKv/
Köpeskillingskoefficient,Sydsverige,2004K1,2.05,https://www.statistikdatabasen.scb.se/pxweb/sv/ssd/START__BO__BO0501__BO0501B/FastprisFHRegKv/
Köpeskillingskoefficient,Sydsverige,2004K2,2.18,https://www.statistikdatabasen.scb.se/pxweb/sv/ssd/START__BO__BO0501__BO0501B/FastprisFHRegKv/
Köpeskillingskoefficient,Sydsverige,2004K3,2.22,https://www.statistikdatabasen.scb.se/pxweb/sv/ssd/START__BO__BO0501__BO0501B/FastprisFHRegKv/
Köpeskillingskoefficient,Sydsverige,2004K4,2.37,https://www.statistikdatabasen.scb.se/pxweb/sv/ssd/START__BO__BO0501__BO0501B/FastprisFHRegKv/
Köpeskillingskoefficient,Sydsverige,2005K1,2.34,https://www.statistikdatabasen.scb.se/pxweb/sv/ssd/START__BO__BO0501__BO0501B/FastprisFHRegKv/
Köpeskillingskoefficient,Sydsverige,2005K2,2.44,https://www.statistikdatabasen.scb.se/pxweb/sv/ssd/START__BO__BO0501__BO0501B/FastprisFHRegKv/
Köpeskillingskoefficient,Sydsverige,2005K3,2.51,https://www.statistikdatabasen.scb.se/pxweb/sv/ssd/START__BO__BO0501__BO0501B/FastprisFHRegKv/
Köpeskillingskoefficient,Sydsverige,2005K4,2.67,https://www.statistikdatabasen.scb.se/pxweb/sv/ssd/START__BO__BO0501__BO0501B/FastprisFHRegKv/
Köpeskillingskoefficient,Sydsverige,2006K1,2.1,https://www.statistikdatabasen.scb.se/pxweb/sv/ssd/START__BO__BO0501__BO0501B/FastprisFHRegKv/
Köpeskillingskoefficient,Sydsverige,2006K2,2.13,https://www.statistikdatabasen.scb.se/pxweb/sv/ssd/START__BO__BO0501__BO0501B/FastprisFHRegKv/
Köpeskillingskoefficient,Sydsverige,2006K3,2.18,https://www.statistikdatabasen.scb.se/pxweb/sv/ssd/START__BO__BO0501__BO0501B/FastprisFHRegKv/
Köpeskillingskoefficient,Sydsverige,2006K4,2.21,https://www.statistikdatabasen.scb.se/pxweb/sv/ssd/START__BO__BO0501__BO0501B/FastprisFHRegKv/
Köpeskillingskoefficient,Sydsverige,2007K1,2.19,https://www.statistikdatabasen.scb.se/pxweb/sv/ssd/START__BO__BO0501__BO0501B/FastprisFHRegKv/
Köpeskillingskoefficient,Sydsverige,2007K2,2.39,https://www.statistikdatabasen.scb.se/pxweb/sv/ssd/START__BO__BO0501__BO0501B/FastprisFHRegKv/
Köpeskillingskoefficient,Sydsverige,2007K3,2.37,https://www.statistikdatabasen.scb.se/pxweb/sv/ssd/START__BO__BO0501__BO0501B/FastprisFHRegKv/
Köpeskillingskoefficient,Sydsverige,2007K4,2.43,https://www.statistikdatabasen.scb.se/pxweb/sv/ssd/START__BO__BO0501__BO0501B/FastprisFHRegKv/
Köpeskillingskoefficient,Sydsverige,2008K1,2.45,https://www.statistikdatabasen.scb.se/pxweb/sv/ssd/START__BO__BO0501__BO0501B/FastprisFHRegKv/
Köpeskillingskoefficient,Sydsverige,2008K2,2.43,https://www.statistikdatabasen.scb.se/pxweb/sv/ssd/START__BO__BO0501__BO0501B/FastprisFHRegKv/
Köpeskillingskoefficient,Sydsverige,2008K3,2.47,https://www.statistikdatabasen.scb.se/pxweb/sv/ssd/START__BO__BO0501__BO0501B/FastprisFHRegKv/
Köpeskillingskoefficient,Sydsverige,2008K4,2.34,https://www.statistikdatabasen.scb.se/pxweb/sv/ssd/START__BO__BO0501__BO0501B/FastprisFHRegKv/
Köpeskillingskoefficient,Sydsverige,2009K1,1.62,https://www.statistikdatabasen.scb.se/pxweb/sv/ssd/START__BO__BO0501__BO0501B/FastprisFHRegKv/
Köpeskillingskoefficient,Sydsverige,2009K2,1.71,https://www.statistikdatabasen.scb.se/pxweb/sv/ssd/START__BO__BO0501__BO0501B/FastprisFHRegKv/
Köpeskillingskoefficient,Sydsverige,2009K3,1.72,https://www.statistikdatabasen.scb.se/pxweb/sv/ssd/START__BO__BO0501__BO0501B/FastprisFHRegKv/
Köpeskillingskoefficient,Sydsverige,2009K4,1.75,https://www.statistikdatabasen.scb.se/pxweb/sv/ssd/START__BO__BO0501__BO0501B/FastprisFHRegKv/
Köpeskillingskoefficient,Sydsverige,2010K1,1.74,https://www.statistikdatabasen.scb.se/pxweb/sv/ssd/START__BO__BO0501__BO0501B/FastprisFHRegKv/
Köpeskillingskoefficient,Sydsverige,2010K2,1.76,https://www.statistikdatabasen.scb.se/pxweb/sv/ssd/START__BO__BO0501__BO0501B/FastprisFHRegKv/
Köpeskillingskoefficient,Sydsverige,2010K3,1.81,https://www.statistikdatabasen.scb.se/pxweb/sv/ssd/START__BO__BO0501__BO0501B/FastprisFHRegKv/
Köpeskillingskoefficient,Sydsverige,2010K4,1.81,https://www.statistikdatabasen.scb.se/pxweb/sv/ssd/START__BO__BO0501__BO0501B/FastprisFHRegKv/
Köpeskillingskoefficient,Sydsverige,2011K1,1.66,https://www.statistikdatabasen.scb.se/pxweb/sv/ssd/START__BO__BO0501__BO0501B/FastprisFHRegKv/
Köpeskillingskoefficient,Sydsverige,2011K2,1.74,https://www.statistikdatabasen.scb.se/pxweb/sv/ssd/START__BO__BO0501__BO0501B/FastprisFHRegKv/
Köpeskillingskoefficient,Sydsverige,2011K3,1.71,https://www.statistikdatabasen.scb.se/pxweb/sv/ssd/START__BO__BO0501__BO0501B/FastprisFHRegKv/
Köpeskillingskoefficient,Sydsverige,2011K4,1.77,https://www.statistikdatabasen.scb.se/pxweb/sv/ssd/START__BO__BO0501__BO0501B/FastprisFHRegKv/
Köpeskillingskoefficient,Sydsverige,2012K1,1.64,https://www.statistikdatabasen.scb.se/pxweb/sv/ssd/START__BO__BO0501__BO0501B/FastprisFHRegKv/
Köpeskillingskoefficient,Sydsverige,2012K2,1.5,https://www.statistikdatabasen.scb.se/pxweb/sv/ssd/START__BO__BO0501__BO0501B/FastprisFHRegKv/
Köpeskillingskoefficient,Sydsverige,2012K3,1.57,https://www.statistikdatabasen.scb.se/pxweb/sv/ssd/START__BO__BO0501__BO0501B/FastprisFHRegKv/
Köpeskillingskoefficient,Sydsverige,2012K4,1.51,https://www.statistikdatabasen.scb.se/pxweb/sv/ssd/START__BO__BO0501__BO0501B/FastprisFHRegKv/
Köpeskillingskoefficient,Sydsverige,2013K1,1.44,https://www.statistikdatabasen.scb.se/pxweb/sv/ssd/START__BO__BO0501__BO0501B/FastprisFHRegKv/
Köpeskillingskoefficient,Sydsverige,2013K2,1.51,https://www.statistikdatabasen.scb.se/pxweb/sv/ssd/START__BO__BO0501__BO0501B/FastprisFHRegKv/
Köpeskillingskoefficient,Sydsverige,2013K3,1.49,https://www.statistikdatabasen.scb.se/pxweb/sv/ssd/START__BO__BO0501__BO0501B/FastprisFHRegKv/
Köpeskillingskoefficient,Sydsverige,2013K4,1.59,https://www.statistikdatabasen.scb.se/pxweb/sv/ssd/START__BO__BO0501__BO0501B/FastprisFHRegKv/
Köpeskillingskoefficient,Sydsverige,2014K1,1.45,https://www.statistikdatabasen.scb.se/pxweb/sv/ssd/START__BO__BO0501__BO0501B/FastprisFHRegKv/
Köpeskillingskoefficient,Sydsverige,2014K2,1.54,https://www.statistikdatabasen.scb.se/pxweb/sv/ssd/START__BO__BO0501__BO0501B/FastprisFHRegKv/
Köpeskillingskoefficient,Sydsverige,2014K3,1.53,https://www.statistikdatabasen.scb.se/pxweb/sv/ssd/START__BO__BO0501__BO0501B/FastprisFHRegKv/
Köpeskillingskoefficient,Sydsverige,2014K4,1.55,https://www.statistikdatabasen.scb.se/pxweb/sv/ssd/START__BO__BO0501__BO0501B/FastprisFHRegKv/
Köpeskillingskoefficient,Sydsverige,2015K1,1.51,https://www.statistikdatabasen.scb.se/pxweb/sv/ssd/START__BO__BO0501__BO0501B/FastprisFHRegKv/
Köpeskillingskoefficient,Sydsverige,2015K2,1.6,https://www.statistikdatabasen.scb.se/pxweb/sv/ssd/START__BO__BO0501__BO0501B/FastprisFHRegKv/
Köpeskillingskoefficient,Sydsverige,2015K3,1.64,https://www.statistikdatabasen.scb.se/pxweb/sv/ssd/START__BO__BO0501__BO0501B/FastprisFHRegKv/
Köpeskillingskoefficient,Sydsverige,2015K4,1.59,https://www.statistikdatabasen.scb.se/pxweb/sv/ssd/START__BO__BO0501__BO0501B/FastprisFHRegKv/
Köpeskillingskoefficient,Sydsverige,2016K1,1.5,https://www.statistikdatabasen.scb.se/pxweb/sv/ssd/START__BO__BO0501__BO0501B/FastprisFHRegKv/
Köpeskillingskoefficient,Sydsverige,2016K2,1.68,https://www.statistikdatabasen.scb.se/pxweb/sv/ssd/START__BO__BO0501__BO0501B/FastprisFHRegKv/
Köpeskillingskoefficient,Sydsverige,2016K3,1.73,https://www.statistikdatabasen.scb.se/pxweb/sv/ssd/START__BO__BO0501__BO0501B/FastprisFHRegKv/
Köpeskillingskoefficient,Sydsverige,2016K4,1.68,https://www.statistikdatabasen.scb.se/pxweb/sv/ssd/START__BO__BO0501__BO0501B/FastprisFHRegKv/
Köpeskillingskoefficient,Sydsverige,2017K1,1.68,https://www.statistikdatabasen.scb.se/pxweb/sv/ssd/START__BO__BO0501__BO0501B/FastprisFHRegKv/
Köpeskillingskoefficient,Sydsverige,2017K2,1.88,https://www.statistikdatabasen.scb.se/pxweb/sv/ssd/START__BO__BO0501__BO0501B/FastprisFHRegKv/
Köpeskillingskoefficient,Sydsverige,2017K3,1.94,https://www.statistikdatabasen.scb.se/pxweb/sv/ssd/START__BO__BO0501__BO0501B/FastprisFHRegKv/
Köpeskillingskoefficient,Sydsverige,2017K4,1.86,https://www.statistikdatabasen.scb.se/pxweb/sv/ssd/START__BO__BO0501__BO0501B/FastprisFHRegKv/
Köpeskillingskoefficient,Sydsverige,2018K1,1.68,https://www.statistikdatabasen.scb.se/pxweb/sv/ssd/START__BO__BO0501__BO0501B/FastprisFHRegKv/
Köpeskillingskoefficient,Sydsverige,2018K2,1.81,https://www.statistikdatabasen.scb.se/pxweb/sv/ssd/START__BO__BO0501__BO0501B/FastprisFHRegKv/
Köpeskillingskoefficient,Sydsverige,2018K3,1.76,https://www.statistikdatabasen.scb.se/pxweb/sv/ssd/START__BO__BO0501__BO0501B/FastprisFHRegKv/
Köpeskillingskoefficient,Sydsverige,2018K4,1.7,https://www.statistikdatabasen.scb.se/pxweb/sv/ssd/START__BO__BO0501__BO0501B/FastprisFHRegKv/
Köpeskillingskoefficient,Sydsverige,2019K1,1.71,https://www.statistikdatabasen.scb.se/pxweb/sv/ssd/START__BO__BO0501__BO0501B/FastprisFHRegKv/
Köpeskillingskoefficient,Sydsverige,2019K2,1.8,https://www.statistikdatabasen.scb.se/pxweb/sv/ssd/START__BO__BO0501__BO0501B/FastprisFHRegKv/
Köpeskillingskoefficient,Sydsverige,2019K3,2,https://www.statistikdatabasen.scb.se/pxweb/sv/ssd/START__BO__BO0501__BO0501B/FastprisFHRegKv/
Köpeskillingskoefficient,Sydsverige,2019K4,1.9,https://www.statistikdatabasen.scb.se/pxweb/sv/ssd/START__BO__BO0501__BO0501B/FastprisFHRegKv/
Köpeskillingskoefficient,Sydsverige,2020K1,1.9,https://www.statistikdatabasen.scb.se/pxweb/sv/ssd/START__BO__BO0501__BO0501B/FastprisFHRegKv/
Köpeskillingskoefficient,Sydsverige,2020K2,1.95,https://www.statistikdatabasen.scb.se/pxweb/sv/ssd/START__BO__BO0501__BO0501B/FastprisFHRegKv/
Köpeskillingskoefficient,Sydsverige,2020K3,2.13,https://www.statistikdatabasen.scb.se/pxweb/sv/ssd/START__BO__BO0501__BO0501B/FastprisFHRegKv/
Köpeskillingskoefficient,Sydsverige,2020K4,2.17,https://www.statistikdatabasen.scb.se/pxweb/sv/ssd/START__BO__BO0501__BO0501B/FastprisFHRegKv/
Köpeskillingskoefficient,Sydsverige,2021K1,1.7,https://www.statistikdatabasen.scb.se/pxweb/sv/ssd/START__BO__BO0501__BO0501B/FastprisFHRegKv/
Köpeskillingskoefficient,Sydsverige,2021K2,2.05,https://www.statistikdatabasen.scb.se/pxweb/sv/ssd/START__BO__BO0501__BO0501B/FastprisFHRegKv/
Köpeskillingskoefficient,Sydsverige,2021K3,2.25,https://www.statistikdatabasen.scb.se/pxweb/sv/ssd/START__BO__BO0501__BO0501B/FastprisFHRegKv/
Köpeskillingskoefficient,Sydsverige,2021K4,2.05,https://www.statistikdatabasen.scb.se/pxweb/sv/ssd/START__BO__BO0501__BO0501B/FastprisFHRegKv/
Köpeskillingskoefficient,Sydsverige,2022K1,2.03,https://www.statistikdatabasen.scb.se/pxweb/sv/ssd/START__BO__BO0501__BO0501B/FastprisFHRegKv/
Köpeskillingskoefficient,Sydsverige,2022K2,2.19,https://www.statistikdatabasen.scb.se/pxweb/sv/ssd/START__BO__BO0501__BO0501B/FastprisFHRegKv/
Köpeskillingskoefficient,Sydsverige,2022K3,2.19,https://www.statistikdatabasen.scb.se/pxweb/sv/ssd/START__BO__BO0501__BO0501B/FastprisFHRegKv/
Köpeskillingskoefficient,Sydsverige,2022K4,1.97,https://www.statistikdatabasen.scb.se/pxweb/sv/ssd/START__BO__BO0501__BO0501B/FastprisFHRegKv/
Köpeskillingskoefficient,Sydsverige,2023K1,1.67,https://www.statistikdatabasen.scb.se/pxweb/sv/ssd/START__BO__BO0501__BO0501B/FastprisFHRegKv/
Köpeskillingskoefficient,Sydsverige,2023K2,1.98,https://www.statistikdatabasen.scb.se/pxweb/sv/ssd/START__BO__BO0501__BO0501B/FastprisFHRegKv/
Köpeskillingskoefficient,Sydsverige,2023K3,1.94,https://www.statistikdatabasen.scb.se/pxweb/sv/ssd/START__BO__BO0501__BO0501B/FastprisFHRegKv/
Köpeskillingskoefficient,Sydsverige,2023K4,1.89,https://www.statistikdatabasen.scb.se/pxweb/sv/ssd/START__BO__BO0501__BO0501B/FastprisFHRegKv/
Köpeskillingskoefficient,Sydsverige,2024K1,1.51,https://www.statistikdatabasen.scb.se/pxweb/sv/ssd/START__BO__BO0501__BO0501B/FastprisFHRegKv/
Köpeskillingskoefficient,Sydsverige,2024K2,1.45,https://www.statistikdatabasen.scb.se/pxweb/sv/ssd/START__BO__BO0501__BO0501B/FastprisFHRegKv/
Köpeskillingskoefficient,Sydsverige,2024K3,1.53,https://www.statistikdatabasen.scb.se/pxweb/sv/ssd/START__BO__BO0501__BO0501B/FastprisFHRegKv/
Köpeskillingskoefficient,Sydsverige,2024K4,1.48,https://www.statistikdatabasen.scb.se/pxweb/sv/ssd/START__BO__BO0501__BO0501B/FastprisFHRegKv/
Köpeskillingskoefficient,Sydsverige,2025K1,1.42,https://www.statistikdatabasen.scb.se/pxweb/sv/ssd/START__BO__BO0501__BO0501B/FastprisFHRegKv/
Köpeskillingskoefficient,Sydsverige,2025K2,1.53,https://www.statistikdatabasen.scb.se/pxweb/sv/ssd/START__BO__BO0501__BO0501B/FastprisFHRegKv/
Köpeskillingskoefficient,Sydsverige,2025K3,1.5,https://www.statistikdatabasen.scb.se/pxweb/sv/ssd/START__BO__BO0501__BO0501B/FastprisFHRegKv/
Köpeskillingskoefficient,Sydsverige,2025K4,1.54,https://www.statistikdatabasen.scb.se/pxweb/sv/ssd/START__BO__BO0501__BO0501B/FastprisFHRegKv/
Köpeskillingskoefficient,Sydsverige,2026K1,1.5,https://www.statistikdatabasen.scb.se/pxweb/sv/ssd/START__BO__BO0501__BO0501B/FastprisFHRegKv/
Köpeskillingskoefficient,Sydsverige,2026K2,1.52,https://www.statistikdatabasen.scb.se/pxweb/sv/ssd/START__BO__BO0501__BO0501B/FastprisFHRegKv/
Antal,Västsverige,1998K1,227,https://www.statistikdatabasen.scb.se/pxweb/sv/ssd/START__BO__BO0501__BO0501B/FastprisFHRegKv/
Antal,Västsverige,1998K2,556,https://www.statistikdatabasen.scb.se/pxweb/sv/ssd/START__BO__BO0501__BO0501B/FastprisFHRegKv/
Antal,Västsverige,1998K3,601,https://www.statistikdatabasen.scb.se/pxweb/sv/ssd/START__BO__BO0501__BO0501B/FastprisFHRegKv/
Antal,Västsverige,1998K4,427,https://www.statistikdatabasen.scb.se/pxweb/sv/ssd/START__BO__BO0501__BO0501B/FastprisFHRegKv/
Antal,Västsverige,1999K1,271,https://www.statistikdatabasen.scb.se/pxweb/sv/ssd/START__BO__BO0501__BO0501B/FastprisFHRegKv/
Antal,Västsverige,1999K2,665,https://www.statistikdatabasen.scb.se/pxweb/sv/ssd/START__BO__BO0501__BO0501B/FastprisFHRegKv/
Antal,Västsverige,1999K3,656,https://www.statistikdatabasen.scb.se/pxweb/sv/ssd/START__BO__BO0501__BO0501B/FastprisFHRegKv/
Antal,Västsverige,1999K4,512,https://www.statistikdatabasen.scb.se/pxweb/sv/ssd/START__BO__BO0501__BO0501B/FastprisFHRegKv/
Antal,Västsverige,2000K1,253,https://www.statistikdatabasen.scb.se/pxweb/sv/ssd/START__BO__BO0501__BO0501B/FastprisFHRegKv/
Antal,Västsverige,2000K2,647,https://www.statistikdatabasen.scb.se/pxweb/sv/ssd/START__BO__BO0501__BO0501B/FastprisFHRegKv/
Antal,Västsverige,2000K3,587,https://www.statistikdatabasen.scb.se/pxweb/sv/ssd/START__BO__BO0501__BO0501B/FastprisFHRegKv/
Antal,Västsverige,2000K4,399,https://www.statistikdatabasen.scb.se/pxweb/sv/ssd/START__BO__BO0501__BO0501B/FastprisFHRegKv/
Antal,Västsverige,2001K1,220,https://www.statistikdatabasen.scb.se/pxweb/sv/ssd/START__BO__BO0501__BO0501B/FastprisFHRegKv/
Antal,Västsverige,2001K2,590,https://www.statistikdatabasen.scb.se/pxweb/sv/ssd/START__BO__BO0501__BO0501B/FastprisFHRegKv/
Antal,Västsverige,2001K3,552,https://www.statistikdatabasen.scb.se/pxweb/sv/ssd/START__BO__BO0501__BO0501B/FastprisFHRegKv/
Antal,Västsverige,2001K4,421,https://www.statistikdatabasen.scb.se/pxweb/sv/ssd/START__BO__BO0501__BO0501B/FastprisFHRegKv/
Antal,Västsverige,2002K1,249,https://www.statistikdatabasen.scb.se/pxweb/sv/ssd/START__BO__BO0501__BO0501B/FastprisFHRegKv/
Antal,Västsverige,2002K2,558,https://www.statistikdatabasen.scb.se/pxweb/sv/ssd/START__BO__BO0501__BO0501B/FastprisFHRegKv/
Antal,Västsverige,2002K3,596,https://www.statistikdatabasen.scb.se/pxweb/sv/ssd/START__BO__BO0501__BO0501B/FastprisFHRegKv/
Antal,Västsverige,2002K4,358,https://www.statistikdatabasen.scb.se/pxweb/sv/ssd/START__BO__BO0501__BO0501B/FastprisFHRegKv/
Antal,Västsverige,2003K1,182,https://www.statistikdatabasen.scb.se/pxweb/sv/ssd/START__BO__BO0501__BO0501B/FastprisFHRegKv/
Antal,Västsverige,2003K2,534,https://www.statistikdatabasen.scb.se/pxweb/sv/ssd/START__BO__BO0501__BO0501B/FastprisFHRegKv/
Antal,Västsverige,2003K3,578,https://www.statistikdatabasen.scb.se/pxweb/sv/ssd/START__BO__BO0501__BO0501B/FastprisFHRegKv/
Antal,Västsverige,2003K4,412,https://www.statistikdatabasen.scb.se/pxweb/sv/ssd/START__BO__BO0501__BO0501B/FastprisFHRegKv/
Antal,Västsverige,2004K1,212,https://www.statistikdatabasen.scb.se/pxweb/sv/ssd/START__BO__BO0501__BO0501B/FastprisFHRegKv/
Antal,Västsverige,2004K2,585,https://www.statistikdatabasen.scb.se/pxweb/sv/ssd/START__BO__BO0501__BO0501B/FastprisFHRegKv/
Antal,Västsverige,2004K3,572,https://www.statistikdatabasen.scb.se/pxweb/sv/ssd/START__BO__BO0501__BO0501B/FastprisFHRegKv/
Antal,Västsverige,2004K4,363,https://www.statistikdatabasen.scb.se/pxweb/sv/ssd/START__BO__BO0501__BO0501B/FastprisFHRegKv/
Antal,Västsverige,2005K1,174,https://www.statistikdatabasen.scb.se/pxweb/sv/ssd/START__BO__BO0501__BO0501B/FastprisFHRegKv/
Antal,Västsverige,2005K2,540,https://www.statistikdatabasen.scb.se/pxweb/sv/ssd/START__BO__BO0501__BO0501B/FastprisFHRegKv/
Antal,Västsverige,2005K3,620,https://www.statistikdatabasen.scb.se/pxweb/sv/ssd/START__BO__BO0501__BO0501B/FastprisFHRegKv/
Antal,Västsverige,2005K4,362,https://www.statistikdatabasen.scb.se/pxweb/sv/ssd/START__BO__BO0501__BO0501B/FastprisFHRegKv/
Antal,Västsverige,2006K1,185,https://www.statistikdatabasen.scb.se/pxweb/sv/ssd/START__BO__BO0501__BO0501B/FastprisFHRegKv/
Antal,Västsverige,2006K2,480,https://www.statistikdatabasen.scb.se/pxweb/sv/ssd/START__BO__BO0501__BO0501B/FastprisFHRegKv/
Antal,Västsverige,2006K3,609,https://www.statistikdatabasen.scb.se/pxweb/sv/ssd/START__BO__BO0501__BO0501B/FastprisFHRegKv/
Antal,Västsverige,2006K4,372,https://www.statistikdatabasen.scb.se/pxweb/sv/ssd/START__BO__BO0501__BO0501B/FastprisFHRegKv/
Antal,Västsverige,2007K1,223,https://www.statistikdatabasen.scb.se/pxweb/sv/ssd/START__BO__BO0501__BO0501B/FastprisFHRegKv/
Antal,Västsverige,2007K2,555,https://www.statistikdatabasen.scb.se/pxweb/sv/ssd/START__BO__BO0501__BO0501B/FastprisFHRegKv/
Antal,Västsverige,2007K3,661,https://www.statistikdatabasen.scb.se/pxweb/sv/ssd/START__BO__BO0501__BO0501B/FastprisFHRegKv/
Antal,Västsverige,2007K4,490,https://www.statistikdatabasen.scb.se/pxweb/sv/ssd/START__BO__BO0501__BO0501B/FastprisFHRegKv/
Antal,Västsverige,2008K1,196,https://www.statistikdatabasen.scb.se/pxweb/sv/ssd/START__BO__BO0501__BO0501B/FastprisFHRegKv/
Antal,Västsverige,2008K2,527,https://www.statistikdatabasen.scb.se/pxweb/sv/ssd/START__BO__BO0501__BO0501B/FastprisFHRegKv/
Antal,Västsverige,2008K3,523,https://www.statistikdatabasen.scb.se/pxweb/sv/ssd/START__BO__BO0501__BO0501B/FastprisFHRegKv/
Antal,Västsverige,2008K4,306,https://www.statistikdatabasen.scb.se/pxweb/sv/ssd/START__BO__BO0501__BO0501B/FastprisFHRegKv/
Antal,Västsverige,2009K1,155,https://www.statistikdatabasen.scb.se/pxweb/sv/ssd/START__BO__BO0501__BO0501B/FastprisFHRegKv/
Antal,Västsverige,2009K2,499,https://www.statistikdatabasen.scb.se/pxweb/sv/ssd/START__BO__BO0501__BO0501B/FastprisFHRegKv/
Antal,Västsverige,2009K3,550,https://www.statistikdatabasen.scb.se/pxweb/sv/ssd/START__BO__BO0501__BO0501B/FastprisFHRegKv/
Antal,Västsverige,2009K4,322,https://www.statistikdatabasen.scb.se/pxweb/sv/ssd/START__BO__BO0501__BO0501B/FastprisFHRegKv/
Antal,Västsverige,2010K1,153,https://www.statistikdatabasen.scb.se/pxweb/sv/ssd/START__BO__BO0501__BO0501B/FastprisFHRegKv/
Antal,Västsverige,2010K2,460,https://www.statistikdatabasen.scb.se/pxweb/sv/ssd/START__BO__BO0501__BO0501B/FastprisFHRegKv/
Antal,Västsverige,2010K3,648,https://www.statistikdatabasen.scb.se/pxweb/sv/ssd/START__BO__BO0501__BO0501B/FastprisFHRegKv/
Antal,Västsverige,2010K4,375,https://www.statistikdatabasen.scb.se/pxweb/sv/ssd/START__BO__BO0501__BO0501B/FastprisFHRegKv/
Antal,Västsverige,2011K1,152,https://www.statistikdatabasen.scb.se/pxweb/sv/ssd/START__BO__BO0501__BO0501B/FastprisFHRegKv/
Antal,Västsverige,2011K2,474,https://www.statistikdatabasen.scb.se/pxweb/sv/ssd/START__BO__BO0501__BO0501B/FastprisFHRegKv/
Antal,Västsverige,2011K3,633,https://www.statistikdatabasen.scb.se/pxweb/sv/ssd/START__BO__BO0501__BO0501B/FastprisFHRegKv/
Antal,Västsverige,2011K4,339,https://www.statistikdatabasen.scb.se/pxweb/sv/ssd/START__BO__BO0501__BO0501B/FastprisFHRegKv/
Antal,Västsverige,2012K1,165,https://www.statistikdatabasen.scb.se/pxweb/sv/ssd/START__BO__BO0501__BO0501B/FastprisFHRegKv/
Antal,Västsverige,2012K2,503,https://www.statistikdatabasen.scb.se/pxweb/sv/ssd/START__BO__BO0501__BO0501B/FastprisFHRegKv/
Antal,Västsverige,2012K3,550,https://www.statistikdatabasen.scb.se/pxweb/sv/ssd/START__BO__BO0501__BO0501B/FastprisFHRegKv/
Antal,Västsverige,2012K4,387,https://www.statistikdatabasen.scb.se/pxweb/sv/ssd/START__BO__BO0501__BO0501B/FastprisFHRegKv/
Antal,Västsverige,2013K1,164,https://www.statistikdatabasen.scb.se/pxweb/sv/ssd/START__BO__BO0501__BO0501B/FastprisFHRegKv/
Antal,Västsverige,2013K2,485,https://www.statistikdatabasen.scb.se/pxweb/sv/ssd/START__BO__BO0501__BO0501B/FastprisFHRegKv/
Antal,Västsverige,2013K3,624,https://www.statistikdatabasen.scb.se/pxweb/sv/ssd/START__BO__BO0501__BO0501B/FastprisFHRegKv/
Antal,Västsverige,2013K4,404,https://www.statistikdatabasen.scb.se/pxweb/sv/ssd/START__BO__BO0501__BO0501B/FastprisFHRegKv/
Antal,Västsverige,2014K1,194,https://www.statistikdatabasen.scb.se/pxweb/sv/ssd/START__BO__BO0501__BO0501B/FastprisFHRegKv/
Antal,Västsverige,2014K2,615,https://www.statistikdatabasen.scb.se/pxweb/sv/ssd/START__BO__BO0501__BO0501B/FastprisFHRegKv/
Antal,Västsverige,2014K3,619,https://www.statistikdatabasen.scb.se/pxweb/sv/ssd/START__BO__BO0501__BO0501B/FastprisFHRegKv/
Antal,Västsverige,2014K4,448,https://www.statistikdatabasen.scb.se/pxweb/sv/ssd/START__BO__BO0501__BO0501B/FastprisFHRegKv/
Antal,Västsverige,2015K1,231,https://www.statistikdatabasen.scb.se/pxweb/sv/ssd/START__BO__BO0501__BO0501B/FastprisFHRegKv/
Antal,Västsverige,2015K2,724,https://www.statistikdatabasen.scb.se/pxweb/sv/ssd/START__BO__BO0501__BO0501B/FastprisFHRegKv/
Antal,Västsverige,2015K3,698,https://www.statistikdatabasen.scb.se/pxweb/sv/ssd/START__BO__BO0501__BO0501B/FastprisFHRegKv/
Antal,Västsverige,2015K4,502,https://www.statistikdatabasen.scb.se/pxweb/sv/ssd/START__BO__BO0501__BO0501B/FastprisFHRegKv/
Antal,Västsverige,2016K1,237,https://www.statistikdatabasen.scb.se/pxweb/sv/ssd/START__BO__BO0501__BO0501B/FastprisFHRegKv/
Antal,Västsverige,2016K2,666,https://www.statistikdatabasen.scb.se/pxweb/sv/ssd/START__BO__BO0501__BO0501B/FastprisFHRegKv/
Antal,Västsverige,2016K3,652,https://www.statistikdatabasen.scb.se/pxweb/sv/ssd/START__BO__BO0501__BO0501B/FastprisFHRegKv/
Antal,Västsverige,2016K4,454,https://www.statistikdatabasen.scb.se/pxweb/sv/ssd/START__BO__BO0501__BO0501B/FastprisFHRegKv/
Antal,Västsverige,2017K1,250,https://www.statistikdatabasen.scb.se/pxweb/sv/ssd/START__BO__BO0501__BO0501B/FastprisFHRegKv/
Antal,Västsverige,2017K2,686,https://www.statistikdatabasen.scb.se/pxweb/sv/ssd/START__BO__BO0501__BO0501B/FastprisFHRegKv/
Antal,Västsverige,2017K3,622,https://www.statistikdatabasen.scb.se/pxweb/sv/ssd/START__BO__BO0501__BO0501B/FastprisFHRegKv/
Antal,Västsverige,2017K4,447,https://www.statistikdatabasen.scb.se/pxweb/sv/ssd/START__BO__BO0501__BO0501B/FastprisFHRegKv/
Antal,Västsverige,2018K1,217,https://www.statistikdatabasen.scb.se/pxweb/sv/ssd/START__BO__BO0501__BO0501B/FastprisFHRegKv/
Antal,Västsverige,2018K2,503,https://www.statistikdatabasen.scb.se/pxweb/sv/ssd/START__BO__BO0501__BO0501B/FastprisFHRegKv/
Antal,Västsverige,2018K3,618,https://www.statistikdatabasen.scb.se/pxweb/sv/ssd/START__BO__BO0501__BO0501B/FastprisFHRegKv/
Antal,Västsverige,2018K4,468,https://www.statistikdatabasen.scb.se/pxweb/sv/ssd/START__BO__BO0501__BO0501B/FastprisFHRegKv/
Antal,Västsverige,2019K1,223,https://www.statistikdatabasen.scb.se/pxweb/sv/ssd/START__BO__BO0501__BO0501B/FastprisFHRegKv/
Antal,Västsverige,2019K2,535,https://www.statistikdatabasen.scb.se/pxweb/sv/ssd/START__BO__BO0501__BO0501B/FastprisFHRegKv/
Antal,Västsverige,2019K3,658,https://www.statistikdatabasen.scb.se/pxweb/sv/ssd/START__BO__BO0501__BO0501B/FastprisFHRegKv/
Antal,Västsverige,2019K4,478,https://www.statistikdatabasen.scb.se/pxweb/sv/ssd/START__BO__BO0501__BO0501B/FastprisFHRegKv/
Antal,Västsverige,2020K1,246,https://www.statistikdatabasen.scb.se/pxweb/sv/ssd/START__BO__BO0501__BO0501B/FastprisFHRegKv/
Antal,Västsverige,2020K2,520,https://www.statistikdatabasen.scb.se/pxweb/sv/ssd/START__BO__BO0501__BO0501B/FastprisFHRegKv/
Antal,Västsverige,2020K3,822,https://www.statistikdatabasen.scb.se/pxweb/sv/ssd/START__BO__BO0501__BO0501B/FastprisFHRegKv/
Antal,Västsverige,2020K4,467,https://www.statistikdatabasen.scb.se/pxweb/sv/ssd/START__BO__BO0501__BO0501B/FastprisFHRegKv/
Antal,Västsverige,2021K1,263,https://www.statistikdatabasen.scb.se/pxweb/sv/ssd/START__BO__BO0501__BO0501B/FastprisFHRegKv/
Antal,Västsverige,2021K2,632,https://www.statistikdatabasen.scb.se/pxweb/sv/ssd/START__BO__BO0501__BO0501B/FastprisFHRegKv/
Antal,Västsverige,2021K3,610,https://www.statistikdatabasen.scb.se/pxweb/sv/ssd/START__BO__BO0501__BO0501B/FastprisFHRegKv/
Antal,Västsverige,2021K4,483,https://www.statistikdatabasen.scb.se/pxweb/sv/ssd/START__BO__BO0501__BO0501B/FastprisFHRegKv/
Antal,Västsverige,2022K1,243,https://www.statistikdatabasen.scb.se/pxweb/sv/ssd/START__BO__BO0501__BO0501B/FastprisFHRegKv/
Antal,Västsverige,2022K2,469,https://www.statistikdatabasen.scb.se/pxweb/sv/ssd/START__BO__BO0501__BO0501B/FastprisFHRegKv/
Antal,Västsverige,2022K3,510,https://www.statistikdatabasen.scb.se/pxweb/sv/ssd/START__BO__BO0501__BO0501B/FastprisFHRegKv/
Antal,Västsverige,2022K4,325,https://www.statistikdatabasen.scb.se/pxweb/sv/ssd/START__BO__BO0501__BO0501B/FastprisFHRegKv/
Antal,Västsverige,2023K1,216,https://www.statistikdatabasen.scb.se/pxweb/sv/ssd/START__BO__BO0501__BO0501B/FastprisFHRegKv/
Antal,Västsverige,2023K2,354,https://www.statistikdatabasen.scb.se/pxweb/sv/ssd/START__BO__BO0501__BO0501B/FastprisFHRegKv/
Antal,Västsverige,2023K3,453,https://www.statistikdatabasen.scb.se/pxweb/sv/ssd/START__BO__BO0501__BO0501B/FastprisFHRegKv/
Antal,Västsverige,2023K4,373,https://www.statistikdatabasen.scb.se/pxweb/sv/ssd/START__BO__BO0501__BO0501B/FastprisFHRegKv/
Antal,Västsverige,2024K1,216,https://www.statistikdatabasen.scb.se/pxweb/sv/ssd/START__BO__BO0501__BO0501B/FastprisFHRegKv/
Antal,Västsverige,2024K2,404,https://www.statistikdatabasen.scb.se/pxweb/sv/ssd/START__BO__BO0501__BO0501B/FastprisFHRegKv/
Antal,Västsverige,2024K3,507,https://www.statistikdatabasen.scb.se/pxweb/sv/ssd/START__BO__BO0501__BO0501B/FastprisFHRegKv/
Antal,Västsverige,2024K4,472,https://www.statistikdatabasen.scb.se/pxweb/sv/ssd/START__BO__BO0501__BO0501B/FastprisFHRegKv/
Antal,Västsverige,2025K1,267,https://www.statistikdatabasen.scb.se/pxweb/sv/ssd/START__BO__BO0501__BO0501B/FastprisFHRegKv/
Antal,Västsverige,2025K2,535,https://www.statistikdatabasen.scb.se/pxweb/sv/ssd/START__BO__BO0501__BO0501B/FastprisFHRegKv/
Antal,Västsverige,2025K3,591,https://www.statistikdatabasen.scb.se/pxweb/sv/ssd/START__BO__BO0501__BO0501B/FastprisFHRegKv/
Antal,Västsverige,2025K4,531,https://www.statistikdatabasen.scb.se/pxweb/sv/ssd/START__BO__BO0501__BO0501B/FastprisFHRegKv/
Antal,Västsverige,2026K1,240,https://www.statistikdatabasen.scb.se/pxweb/sv/ssd/START__BO__BO0501__BO0501B/FastprisFHRegKv/
Antal,Västsverige,2026K2,496,https://www.statistikdatabasen.scb.se/pxweb/sv/ssd/START__BO__BO0501__BO0501B/FastprisFHRegKv/
"Köpeskilling, medelvärde i tkr",Västsverige,1998K1,504,https://www.statistikdatabasen.scb.se/pxweb/sv/ssd/START__BO__BO0501__BO0501B/FastprisFHRegKv/
"Köpeskilling, medelvärde i tkr",Västsverige,1998K2,504,https://www.statistikdatabasen.scb.se/pxweb/sv/ssd/START__BO__BO0501__BO0501B/FastprisFHRegKv/
"Köpeskilling, medelvärde i tkr",Västsverige,1998K3,500,https://www.statistikdatabasen.scb.se/pxweb/sv/ssd/START__BO__BO0501__BO0501B/FastprisFHRegKv/
"Köpeskilling, medelvärde i tkr",Västsverige,1998K4,531,https://www.statistikdatabasen.scb.se/pxweb/sv/ssd/START__BO__BO0501__BO0501B/FastprisFHRegKv/
"Köpeskilling, medelvärde i tkr",Västsverige,1999K1,635,https://www.statistikdatabasen.scb.se/pxweb/sv/ssd/START__BO__BO0501__BO0501B/FastprisFHRegKv/
"Köpeskilling, medelvärde i tkr",Västsverige,1999K2,559,https://www.statistikdatabasen.scb.se/pxweb/sv/ssd/START__BO__BO0501__BO0501B/FastprisFHRegKv/
"Köpeskilling, medelvärde i tkr",Västsverige,1999K3,544,https://www.statistikdatabasen.scb.se/pxweb/sv/ssd/START__BO__BO0501__BO0501B/FastprisFHRegKv/
"Köpeskilling, medelvärde i tkr",Västsverige,1999K4,559,https://www.statistikdatabasen.scb.se/pxweb/sv/ssd/START__BO__BO0501__BO0501B/FastprisFHRegKv/
"Köpeskilling, medelvärde i tkr",Västsverige,2000K1,567,https://www.statistikdatabasen.scb.se/pxweb/sv/ssd/START__BO__BO0501__BO0501B/FastprisFHRegKv/
"Köpeskilling, medelvärde i tkr",Västsverige,2000K2,627,https://www.statistikdatabasen.scb.se/pxweb/sv/ssd/START__BO__BO0501__BO0501B/FastprisFHRegKv/
"Köpeskilling, medelvärde i tkr",Västsverige,2000K3,599,https://www.statistikdatabasen.scb.se/pxweb/sv/ssd/START__BO__BO0501__BO0501B/FastprisFHRegKv/
"Köpeskilling, medelvärde i tkr",Västsverige,2000K4,665,https://www.statistikdatabasen.scb.se/pxweb/sv/ssd/START__BO__BO0501__BO0501B/FastprisFHRegKv/
"Köpeskilling, medelvärde i tkr",Västsverige,2001K1,635,https://www.statistikdatabasen.scb.se/pxweb/sv/ssd/START__BO__BO0501__BO0501B/FastprisFHRegKv/
"Köpeskilling, medelvärde i tkr",Västsverige,2001K2,637,https://www.statistikdatabasen.scb.se/pxweb/sv/ssd/START__BO__BO0501__BO0501B/FastprisFHRegKv/
"Köpeskilling, medelvärde i tkr",Västsverige,2001K3,607,https://www.statistikdatabasen.scb.se/pxweb/sv/ssd/START__BO__BO0501__BO0501B/FastprisFHRegKv/
"Köpeskilling, medelvärde i tkr",Västsverige,2001K4,681,https://www.statistikdatabasen.scb.se/pxweb/sv/ssd/START__BO__BO0501__BO0501B/FastprisFHRegKv/
"Köpeskilling, medelvärde i tkr",Västsverige,2002K1,650,https://www.statistikdatabasen.scb.se/pxweb/sv/ssd/START__BO__BO0501__BO0501B/FastprisFHRegKv/
"Köpeskilling, medelvärde i tkr",Västsverige,2002K2,665,https://www.statistikdatabasen.scb.se/pxweb/sv/ssd/START__BO__BO0501__BO0501B/FastprisFHRegKv/
"Köpeskilling, medelvärde i tkr",Västsverige,2002K3,678,https://www.statistikdatabasen.scb.se/pxweb/sv/ssd/START__BO__BO0501__BO0501B/FastprisFHRegKv/
"Köpeskilling, medelvärde i tkr",Västsverige,2002K4,739,https://www.statistikdatabasen.scb.se/pxweb/sv/ssd/START__BO__BO0501__BO0501B/FastprisFHRegKv/
"Köpeskilling, medelvärde i tkr",Västsverige,2003K1,896,https://www.statistikdatabasen.scb.se/pxweb/sv/ssd/START__BO__BO0501__BO0501B/FastprisFHRegKv/
"Köpeskilling, medelvärde i tkr",Västsverige,2003K2,804,https://www.statistikdatabasen.scb.se/pxweb/sv/ssd/START__BO__BO0501__BO0501B/FastprisFHRegKv/
"Köpeskilling, medelvärde i tkr",Västsverige,2003K3,874,https://www.statistikdatabasen.scb.se/pxweb/sv/ssd/START__BO__BO0501__BO0501B/FastprisFHRegKv/
"Köpeskilling, medelvärde i tkr",Västsverige,2003K4,859,https://www.statistikdatabasen.scb.se/pxweb/sv/ssd/START__BO__BO0501__BO0501B/FastprisFHRegKv/
"Köpeskilling, medelvärde i tkr",Västsverige,2004K1,884,https://www.statistikdatabasen.scb.se/pxweb/sv/ssd/START__BO__BO0501__BO0501B/FastprisFHRegKv/
"Köpeskilling, medelvärde i tkr",Västsverige,2004K2,894,https://www.statistikdatabasen.scb.se/pxweb/sv/ssd/START__BO__BO0501__BO0501B/FastprisFHRegKv/
"Köpeskilling, medelvärde i tkr",Västsverige,2004K3,868,https://www.statistikdatabasen.scb.se/pxweb/sv/ssd/START__BO__BO0501__BO0501B/FastprisFHRegKv/
"Köpeskilling, medelvärde i tkr",Västsverige,2004K4,965,https://www.statistikdatabasen.scb.se/pxweb/sv/ssd/START__BO__BO0501__BO0501B/FastprisFHRegKv/
"Köpeskilling, medelvärde i tkr",Västsverige,2005K1,925,https://www.statistikdatabasen.scb.se/pxweb/sv/ssd/START__BO__BO0501__BO0501B/FastprisFHRegKv/
"Köpeskilling, medelvärde i tkr",Västsverige,2005K2,954,https://www.statistikdatabasen.scb.se/pxweb/sv/ssd/START__BO__BO0501__BO0501B/FastprisFHRegKv/
"Köpeskilling, medelvärde i tkr",Västsverige,2005K3,1046,https://www.statistikdatabasen.scb.se/pxweb/sv/ssd/START__BO__BO0501__BO0501B/FastprisFHRegKv/
"Köpeskilling, medelvärde i tkr",Västsverige,2005K4,1154,https://www.statistikdatabasen.scb.se/pxweb/sv/ssd/START__BO__BO0501__BO0501B/FastprisFHRegKv/
"Köpeskilling, medelvärde i tkr",Västsverige,2006K1,1294,https://www.statistikdatabasen.scb.se/pxweb/sv/ssd/START__BO__BO0501__BO0501B/FastprisFHRegKv/
"Köpeskilling, medelvärde i tkr",Västsverige,2006K2,1170,https://www.statistikdatabasen.scb.se/pxweb/sv/ssd/START__BO__BO0501__BO0501B/FastprisFHRegKv/
"Köpeskilling, medelvärde i tkr",Västsverige,2006K3,1275,https://www.statistikdatabasen.scb.se/pxweb/sv/ssd/START__BO__BO0501__BO0501B/FastprisFHRegKv/
"Köpeskilling, medelvärde i tkr",Västsverige,2006K4,1222,https://www.statistikdatabasen.scb.se/pxweb/sv/ssd/START__BO__BO0501__BO0501B/FastprisFHRegKv/
"Köpeskilling, medelvärde i tkr",Västsverige,2007K1,1209,https://www.statistikdatabasen.scb.se/pxweb/sv/ssd/START__BO__BO0501__BO0501B/FastprisFHRegKv/
"Köpeskilling, medelvärde i tkr",Västsverige,2007K2,1253,https://www.statistikdatabasen.scb.se/pxweb/sv/ssd/START__BO__BO0501__BO0501B/FastprisFHRegKv/
"Köpeskilling, medelvärde i tkr",Västsverige,2007K3,1320,https://www.statistikdatabasen.scb.se/pxweb/sv/ssd/START__BO__BO0501__BO0501B/FastprisFHRegKv/
"Köpeskilling, medelvärde i tkr",Västsverige,2007K4,1402,https://www.statistikdatabasen.scb.se/pxweb/sv/ssd/START__BO__BO0501__BO0501B/FastprisFHRegKv/
"Köpeskilling, medelvärde i tkr",Västsverige,2008K1,1446,https://www.statistikdatabasen.scb.se/pxweb/sv/ssd/START__BO__BO0501__BO0501B/FastprisFHRegKv/
"Köpeskilling, medelvärde i tkr",Västsverige,2008K2,1349,https://www.statistikdatabasen.scb.se/pxweb/sv/ssd/START__BO__BO0501__BO0501B/FastprisFHRegKv/
"Köpeskilling, medelvärde i tkr",Västsverige,2008K3,1286,https://www.statistikdatabasen.scb.se/pxweb/sv/ssd/START__BO__BO0501__BO0501B/FastprisFHRegKv/
"Köpeskilling, medelvärde i tkr",Västsverige,2008K4,1290,https://www.statistikdatabasen.scb.se/pxweb/sv/ssd/START__BO__BO0501__BO0501B/FastprisFHRegKv/
"Köpeskilling, medelvärde i tkr",Västsverige,2009K1,1250,https://www.statistikdatabasen.scb.se/pxweb/sv/ssd/START__BO__BO0501__BO0501B/FastprisFHRegKv/
"Köpeskilling, medelvärde i tkr",Västsverige,2009K2,1459,https://www.statistikdatabasen.scb.se/pxweb/sv/ssd/START__BO__BO0501__BO0501B/FastprisFHRegKv/
"Köpeskilling, medelvärde i tkr",Västsverige,2009K3,1540,https://www.statistikdatabasen.scb.se/pxweb/sv/ssd/START__BO__BO0501__BO0501B/FastprisFHRegKv/
"Köpeskilling, medelvärde i tkr",Västsverige,2009K4,1542,https://www.statistikdatabasen.scb.se/pxweb/sv/ssd/START__BO__BO0501__BO0501B/FastprisFHRegKv/
"Köpeskilling, medelvärde i tkr",Västsverige,2010K1,1621,https://www.statistikdatabasen.scb.se/pxweb/sv/ssd/START__BO__BO0501__BO0501B/FastprisFHRegKv/
"Köpeskilling, medelvärde i tkr",Västsverige,2010K2,1600,https://www.statistikdatabasen.scb.se/pxweb/sv/ssd/START__BO__BO0501__BO0501B/FastprisFHRegKv/
"Köpeskilling, medelvärde i tkr",Västsverige,2010K3,1522,https://www.statistikdatabasen.scb.se/pxweb/sv/ssd/START__BO__BO0501__BO0501B/FastprisFHRegKv/
"Köpeskilling, medelvärde i tkr",Västsverige,2010K4,1643,https://www.statistikdatabasen.scb.se/pxweb/sv/ssd/START__BO__BO0501__BO0501B/FastprisFHRegKv/
"Köpeskilling, medelvärde i tkr",Västsverige,2011K1,1795,https://www.statistikdatabasen.scb.se/pxweb/sv/ssd/START__BO__BO0501__BO0501B/FastprisFHRegKv/
"Köpeskilling, medelvärde i tkr",Västsverige,2011K2,1483,https://www.statistikdatabasen.scb.se/pxweb/sv/ssd/START__BO__BO0501__BO0501B/FastprisFHRegKv/
"Köpeskilling, medelvärde i tkr",Västsverige,2011K3,1485,https://www.statistikdatabasen.scb.se/pxweb/sv/ssd/START__BO__BO0501__BO0501B/FastprisFHRegKv/
"Köpeskilling, medelvärde i tkr",Västsverige,2011K4,1561,https://www.statistikdatabasen.scb.se/pxweb/sv/ssd/START__BO__BO0501__BO0501B/FastprisFHRegKv/
"Köpeskilling, medelvärde i tkr",Västsverige,2012K1,1640,https://www.statistikdatabasen.scb.se/pxweb/sv/ssd/START__BO__BO0501__BO0501B/FastprisFHRegKv/
"Köpeskilling, medelvärde i tkr",Västsverige,2012K2,1550,https://www.statistikdatabasen.scb.se/pxweb/sv/ssd/START__BO__BO0501__BO0501B/FastprisFHRegKv/
"Köpeskilling, medelvärde i tkr",Västsverige,2012K3,1557,https://www.statistikdatabasen.scb.se/pxweb/sv/ssd/START__BO__BO0501__BO0501B/FastprisFHRegKv/
"Köpeskilling, medelvärde i tkr",Västsverige,2012K4,1594,https://www.statistikdatabasen.scb.se/pxweb/sv/ssd/START__BO__BO0501__BO0501B/FastprisFHRegKv/
"Köpeskilling, medelvärde i tkr",Västsverige,2013K1,1832,https://www.statistikdatabasen.scb.se/pxweb/sv/ssd/START__BO__BO0501__BO0501B/FastprisFHRegKv/
"Köpeskilling, medelvärde i tkr",Västsverige,2013K2,1624,https://www.statistikdatabasen.scb.se/pxweb/sv/ssd/START__BO__BO0501__BO0501B/FastprisFHRegKv/
"Köpeskilling, medelvärde i tkr",Västsverige,2013K3,1601,https://www.statistikdatabasen.scb.se/pxweb/sv/ssd/START__BO__BO0501__BO0501B/FastprisFHRegKv/
"Köpeskilling, medelvärde i tkr",Västsverige,2013K4,1720,https://www.statistikdatabasen.scb.se/pxweb/sv/ssd/START__BO__BO0501__BO0501B/FastprisFHRegKv/
"Köpeskilling, medelvärde i tkr",Västsverige,2014K1,1562,https://www.statistikdatabasen.scb.se/pxweb/sv/ssd/START__BO__BO0501__BO0501B/FastprisFHRegKv/
"Köpeskilling, medelvärde i tkr",Västsverige,2014K2,1648,https://www.statistikdatabasen.scb.se/pxweb/sv/ssd/START__BO__BO0501__BO0501B/FastprisFHRegKv/
"Köpeskilling, medelvärde i tkr",Västsverige,2014K3,1822,https://www.statistikdatabasen.scb.se/pxweb/sv/ssd/START__BO__BO0501__BO0501B/FastprisFHRegKv/
"Köpeskilling, medelvärde i tkr",Västsverige,2014K4,1794,https://www.statistikdatabasen.scb.se/pxweb/sv/ssd/START__BO__BO0501__BO0501B/FastprisFHRegKv/
"Köpeskilling, medelvärde i tkr",Västsverige,2015K1,2020,https://www.statistikdatabasen.scb.se/pxweb/sv/ssd/START__BO__BO0501__BO0501B/FastprisFHRegKv/
"Köpeskilling, medelvärde i tkr",Västsverige,2015K2,1914,https://www.statistikdatabasen.scb.se/pxweb/sv/ssd/START__BO__BO0501__BO0501B/FastprisFHRegKv/
"Köpeskilling, medelvärde i tkr",Västsverige,2015K3,1916,https://www.statistikdatabasen.scb.se/pxweb/sv/ssd/START__BO__BO0501__BO0501B/FastprisFHRegKv/
"Köpeskilling, medelvärde i tkr",Västsverige,2015K4,1980,https://www.statistikdatabasen.scb.se/pxweb/sv/ssd/START__BO__BO0501__BO0501B/FastprisFHRegKv/
"Köpeskilling, medelvärde i tkr",Västsverige,2016K1,1935,https://www.statistikdatabasen.scb.se/pxweb/sv/ssd/START__BO__BO0501__BO0501B/FastprisFHRegKv/
"Köpeskilling, medelvärde i tkr",Västsverige,2016K2,1901,https://www.statistikdatabasen.scb.se/pxweb/sv/ssd/START__BO__BO0501__BO0501B/FastprisFHRegKv/
"Köpeskilling, medelvärde i tkr",Västsverige,2016K3,1994,https://www.statistikdatabasen.scb.se/pxweb/sv/ssd/START__BO__BO0501__BO0501B/FastprisFHRegKv/
"Köpeskilling, medelvärde i tkr",Västsverige,2016K4,1969,https://www.statistikdatabasen.scb.se/pxweb/sv/ssd/START__BO__BO0501__BO0501B/FastprisFHRegKv/
"Köpeskilling, medelvärde i tkr",Västsverige,2017K1,2458,https://www.statistikdatabasen.scb.se/pxweb/sv/ssd/START__BO__BO0501__BO0501B/FastprisFHRegKv/
"Köpeskilling, medelvärde i tkr",Västsverige,2017K2,2199,https://www.statistikdatabasen.scb.se/pxweb/sv/ssd/START__BO__BO0501__BO0501B/FastprisFHRegKv/
"Köpeskilling, medelvärde i tkr",Västsverige,2017K3,2114,https://www.statistikdatabasen.scb.se/pxweb/sv/ssd/START__BO__BO0501__BO0501B/FastprisFHRegKv/
"Köpeskilling, medelvärde i tkr",Västsverige,2017K4,2332,https://www.statistikdatabasen.scb.se/pxweb/sv/ssd/START__BO__BO0501__BO0501B/FastprisFHRegKv/
"Köpeskilling, medelvärde i tkr",Västsverige,2018K1,2306,https://www.statistikdatabasen.scb.se/pxweb/sv/ssd/START__BO__BO0501__BO0501B/FastprisFHRegKv/
"Köpeskilling, medelvärde i tkr",Västsverige,2018K2,2046,https://www.statistikdatabasen.scb.se/pxweb/sv/ssd/START__BO__BO0501__BO0501B/FastprisFHRegKv/
"Köpeskilling, medelvärde i tkr",Västsverige,2018K3,2171,https://www.statistikdatabasen.scb.se/pxweb/sv/ssd/START__BO__BO0501__BO0501B/FastprisFHRegKv/
"Köpeskilling, medelvärde i tkr",Västsverige,2018K4,2016,https://www.statistikdatabasen.scb.se/pxweb/sv/ssd/START__BO__BO0501__BO0501B/FastprisFHRegKv/
"Köpeskilling, medelvärde i tkr",Västsverige,2019K1,2335,https://www.statistikdatabasen.scb.se/pxweb/sv/ssd/START__BO__BO0501__BO0501B/FastprisFHRegKv/
"Köpeskilling, medelvärde i tkr",Västsverige,2019K2,2374,https://www.statistikdatabasen.scb.se/pxweb/sv/ssd/START__BO__BO0501__BO0501B/FastprisFHRegKv/
"Köpeskilling, medelvärde i tkr",Västsverige,2019K3,2167,https://www.statistikdatabasen.scb.se/pxweb/sv/ssd/START__BO__BO0501__BO0501B/FastprisFHRegKv/
"Köpeskilling, medelvärde i tkr",Västsverige,2019K4,2254,https://www.statistikdatabasen.scb.se/pxweb/sv/ssd/START__BO__BO0501__BO0501B/FastprisFHRegKv/
"Köpeskilling, medelvärde i tkr",Västsverige,2020K1,2463,https://www.statistikdatabasen.scb.se/pxweb/sv/ssd/START__BO__BO0501__BO0501B/FastprisFHRegKv/
"Köpeskilling, medelvärde i tkr",Västsverige,2020K2,2234,https://www.statistikdatabasen.scb.se/pxweb/sv/ssd/START__BO__BO0501__BO0501B/FastprisFHRegKv/
"Köpeskilling, medelvärde i tkr",Västsverige,2020K3,2678,https://www.statistikdatabasen.scb.se/pxweb/sv/ssd/START__BO__BO0501__BO0501B/FastprisFHRegKv/
"Köpeskilling, medelvärde i tkr",Västsverige,2020K4,2561,https://www.statistikdatabasen.scb.se/pxweb/sv/ssd/START__BO__BO0501__BO0501B/FastprisFHRegKv/
"Köpeskilling, medelvärde i tkr",Västsverige,2021K1,3035,https://www.statistikdatabasen.scb.se/pxweb/sv/ssd/START__BO__BO0501__BO0501B/FastprisFHRegKv/
"Köpeskilling, medelvärde i tkr",Västsverige,2021K2,2624,https://www.statistikdatabasen.scb.se/pxweb/sv/ssd/START__BO__BO0501__BO0501B/FastprisFHRegKv/
"Köpeskilling, medelvärde i tkr",Västsverige,2021K3,2962,https://www.statistikdatabasen.scb.se/pxweb/sv/ssd/START__BO__BO0501__BO0501B/FastprisFHRegKv/
"Köpeskilling, medelvärde i tkr",Västsverige,2021K4,2562,https://www.statistikdatabasen.scb.se/pxweb/sv/ssd/START__BO__BO0501__BO0501B/FastprisFHRegKv/
"Köpeskilling, medelvärde i tkr",Västsverige,2022K1,3171,https://www.statistikdatabasen.scb.se/pxweb/sv/ssd/START__BO__BO0501__BO0501B/FastprisFHRegKv/
"Köpeskilling, medelvärde i tkr",Västsverige,2022K2,3059,https://www.statistikdatabasen.scb.se/pxweb/sv/ssd/START__BO__BO0501__BO0501B/FastprisFHRegKv/
"Köpeskilling, medelvärde i tkr",Västsverige,2022K3,2844,https://www.statistikdatabasen.scb.se/pxweb/sv/ssd/START__BO__BO0501__BO0501B/FastprisFHRegKv/
"Köpeskilling, medelvärde i tkr",Västsverige,2022K4,2834,https://www.statistikdatabasen.scb.se/pxweb/sv/ssd/START__BO__BO0501__BO0501B/FastprisFHRegKv/
"Köpeskilling, medelvärde i tkr",Västsverige,2023K1,2883,https://www.statistikdatabasen.scb.se/pxweb/sv/ssd/START__BO__BO0501__BO0501B/FastprisFHRegKv/
"Köpeskilling, medelvärde i tkr",Västsverige,2023K2,2659,https://www.statistikdatabasen.scb.se/pxweb/sv/ssd/START__BO__BO0501__BO0501B/FastprisFHRegKv/
"Köpeskilling, medelvärde i tkr",Västsverige,2023K3,2719,https://www.statistikdatabasen.scb.se/pxweb/sv/ssd/START__BO__BO0501__BO0501B/FastprisFHRegKv/
"Köpeskilling, medelvärde i tkr",Västsverige,2023K4,2574,https://www.statistikdatabasen.scb.se/pxweb/sv/ssd/START__BO__BO0501__BO0501B/FastprisFHRegKv/
"Köpeskilling, medelvärde i tkr",Västsverige,2024K1,3122,https://www.statistikdatabasen.scb.se/pxweb/sv/ssd/START__BO__BO0501__BO0501B/FastprisFHRegKv/
"Köpeskilling, medelvärde i tkr",Västsverige,2024K2,2943,https://www.statistikdatabasen.scb.se/pxweb/sv/ssd/START__BO__BO0501__BO0501B/FastprisFHRegKv/
"Köpeskilling, medelvärde i tkr",Västsverige,2024K3,2971,https://www.statistikdatabasen.scb.se/pxweb/sv/ssd/START__BO__BO0501__BO0501B/FastprisFHRegKv/
"Köpeskilling, medelvärde i tkr",Västsverige,2024K4,2702,https://www.statistikdatabasen.scb.se/pxweb/sv/ssd/START__BO__BO0501__BO0501B/FastprisFHRegKv/
"Köpeskilling, medelvärde i tkr",Västsverige,2025K1,3107,https://www.statistikdatabasen.scb.se/pxweb/sv/ssd/START__BO__BO0501__BO0501B/FastprisFHRegKv/
"Köpeskilling, medelvärde i tkr",Västsverige,2025K2,2858,https://www.statistikdatabasen.scb.se/pxweb/sv/ssd/START__BO__BO0501__BO0501B/FastprisFHRegKv/
"Köpeskilling, medelvärde i tkr",Västsverige,2025K3,3216,https://www.statistikdatabasen.scb.se/pxweb/sv/ssd/START__BO__BO0501__BO0501B/FastprisFHRegKv/
"Köpeskilling, medelvärde i tkr",Västsverige,2025K4,3003,https://www.statistikdatabasen.scb.se/pxweb/sv/ssd/START__BO__BO0501__BO0501B/FastprisFHRegKv/
"Köpeskilling, medelvärde i tkr",Västsverige,2026K1,3080,https://www.statistikdatabasen.scb.se/pxweb/sv/ssd/START__BO__BO0501__BO0501B/FastprisFHRegKv/
"Köpeskilling, medelvärde i tkr",Västsverige,2026K2,3020,https://www.statistikdatabasen.scb.se/pxweb/sv/ssd/START__BO__BO0501__BO0501B/FastprisFHRegKv/
"Bas-/taxeringsvärde, medelvärde i tkr",Västsverige,1998K1,294,https://www.statistikdatabasen.scb.se/pxweb/sv/ssd/START__BO__BO0501__BO0501B/FastprisFHRegKv/
"Bas-/taxeringsvärde, medelvärde i tkr",Västsverige,1998K2,276,https://www.statistikdatabasen.scb.se/pxweb/sv/ssd/START__BO__BO0501__BO0501B/FastprisFHRegKv/
"Bas-/taxeringsvärde, medelvärde i tkr",Västsverige,1998K3,265,https://www.statistikdatabasen.scb.se/pxweb/sv/ssd/START__BO__BO0501__BO0501B/FastprisFHRegKv/
"Bas-/taxeringsvärde, medelvärde i tkr",Västsverige,1998K4,278,https://www.statistikdatabasen.scb.se/pxweb/sv/ssd/START__BO__BO0501__BO0501B/FastprisFHRegKv/
"Bas-/taxeringsvärde, medelvärde i tkr",Västsverige,1999K1,330,https://www.statistikdatabasen.scb.se/pxweb/sv/ssd/START__BO__BO0501__BO0501B/FastprisFHRegKv/
"Bas-/taxeringsvärde, medelvärde i tkr",Västsverige,1999K2,284,https://www.statistikdatabasen.scb.se/pxweb/sv/ssd/START__BO__BO0501__BO0501B/FastprisFHRegKv/
"Bas-/taxeringsvärde, medelvärde i tkr",Västsverige,1999K3,265,https://www.statistikdatabasen.scb.se/pxweb/sv/ssd/START__BO__BO0501__BO0501B/FastprisFHRegKv/
"Bas-/taxeringsvärde, medelvärde i tkr",Västsverige,1999K4,281,https://www.statistikdatabasen.scb.se/pxweb/sv/ssd/START__BO__BO0501__BO0501B/FastprisFHRegKv/
"Bas-/taxeringsvärde, medelvärde i tkr",Västsverige,2000K1,276,https://www.statistikdatabasen.scb.se/pxweb/sv/ssd/START__BO__BO0501__BO0501B/FastprisFHRegKv/
"Bas-/taxeringsvärde, medelvärde i tkr",Västsverige,2000K2,283,https://www.statistikdatabasen.scb.se/pxweb/sv/ssd/START__BO__BO0501__BO0501B/FastprisFHRegKv/
"Bas-/taxeringsvärde, medelvärde i tkr",Västsverige,2000K3,264,https://www.statistikdatabasen.scb.se/pxweb/sv/ssd/START__BO__BO0501__BO0501B/FastprisFHRegKv/
"Bas-/taxeringsvärde, medelvärde i tkr",Västsverige,2000K4,287,https://www.statistikdatabasen.scb.se/pxweb/sv/ssd/START__BO__BO0501__BO0501B/FastprisFHRegKv/
"Bas-/taxeringsvärde, medelvärde i tkr",Västsverige,2001K1,280,https://www.statistikdatabasen.scb.se/pxweb/sv/ssd/START__BO__BO0501__BO0501B/FastprisFHRegKv/
"Bas-/taxeringsvärde, medelvärde i tkr",Västsverige,2001K2,266,https://www.statistikdatabasen.scb.se/pxweb/sv/ssd/START__BO__BO0501__BO0501B/FastprisFHRegKv/
"Bas-/taxeringsvärde, medelvärde i tkr",Västsverige,2001K3,260,https://www.statistikdatabasen.scb.se/pxweb/sv/ssd/START__BO__BO0501__BO0501B/FastprisFHRegKv/
"Bas-/taxeringsvärde, medelvärde i tkr",Västsverige,2001K4,290,https://www.statistikdatabasen.scb.se/pxweb/sv/ssd/START__BO__BO0501__BO0501B/FastprisFHRegKv/
"Bas-/taxeringsvärde, medelvärde i tkr",Västsverige,2002K1,276,https://www.statistikdatabasen.scb.se/pxweb/sv/ssd/START__BO__BO0501__BO0501B/FastprisFHRegKv/
"Bas-/taxeringsvärde, medelvärde i tkr",Västsverige,2002K2,264,https://www.statistikdatabasen.scb.se/pxweb/sv/ssd/START__BO__BO0501__BO0501B/FastprisFHRegKv/
"Bas-/taxeringsvärde, medelvärde i tkr",Västsverige,2002K3,263,https://www.statistikdatabasen.scb.se/pxweb/sv/ssd/START__BO__BO0501__BO0501B/FastprisFHRegKv/
"Bas-/taxeringsvärde, medelvärde i tkr",Västsverige,2002K4,276,https://www.statistikdatabasen.scb.se/pxweb/sv/ssd/START__BO__BO0501__BO0501B/FastprisFHRegKv/
"Bas-/taxeringsvärde, medelvärde i tkr",Västsverige,2003K1,539,https://www.statistikdatabasen.scb.se/pxweb/sv/ssd/START__BO__BO0501__BO0501B/FastprisFHRegKv/
"Bas-/taxeringsvärde, medelvärde i tkr",Västsverige,2003K2,459,https://www.statistikdatabasen.scb.se/pxweb/sv/ssd/START__BO__BO0501__BO0501B/FastprisFHRegKv/
"Bas-/taxeringsvärde, medelvärde i tkr",Västsverige,2003K3,462,https://www.statistikdatabasen.scb.se/pxweb/sv/ssd/START__BO__BO0501__BO0501B/FastprisFHRegKv/
"Bas-/taxeringsvärde, medelvärde i tkr",Västsverige,2003K4,435,https://www.statistikdatabasen.scb.se/pxweb/sv/ssd/START__BO__BO0501__BO0501B/FastprisFHRegKv/
"Bas-/taxeringsvärde, medelvärde i tkr",Västsverige,2004K1,473,https://www.statistikdatabasen.scb.se/pxweb/sv/ssd/START__BO__BO0501__BO0501B/FastprisFHRegKv/
"Bas-/taxeringsvärde, medelvärde i tkr",Västsverige,2004K2,432,https://www.statistikdatabasen.scb.se/pxweb/sv/ssd/START__BO__BO0501__BO0501B/FastprisFHRegKv/
"Bas-/taxeringsvärde, medelvärde i tkr",Västsverige,2004K3,410,https://www.statistikdatabasen.scb.se/pxweb/sv/ssd/START__BO__BO0501__BO0501B/FastprisFHRegKv/
"Bas-/taxeringsvärde, medelvärde i tkr",Västsverige,2004K4,445,https://www.statistikdatabasen.scb.se/pxweb/sv/ssd/START__BO__BO0501__BO0501B/FastprisFHRegKv/
"Bas-/taxeringsvärde, medelvärde i tkr",Västsverige,2005K1,463,https://www.statistikdatabasen.scb.se/pxweb/sv/ssd/START__BO__BO0501__BO0501B/FastprisFHRegKv/
"Bas-/taxeringsvärde, medelvärde i tkr",Västsverige,2005K2,424,https://www.statistikdatabasen.scb.se/pxweb/sv/ssd/START__BO__BO0501__BO0501B/FastprisFHRegKv/
"Bas-/taxeringsvärde, medelvärde i tkr",Västsverige,2005K3,431,https://www.statistikdatabasen.scb.se/pxweb/sv/ssd/START__BO__BO0501__BO0501B/FastprisFHRegKv/
"Bas-/taxeringsvärde, medelvärde i tkr",Västsverige,2005K4,474,https://www.statistikdatabasen.scb.se/pxweb/sv/ssd/START__BO__BO0501__BO0501B/FastprisFHRegKv/
"Bas-/taxeringsvärde, medelvärde i tkr",Västsverige,2006K1,687,https://www.statistikdatabasen.scb.se/pxweb/sv/ssd/START__BO__BO0501__BO0501B/FastprisFHRegKv/
"Bas-/taxeringsvärde, medelvärde i tkr",Västsverige,2006K2,577,https://www.statistikdatabasen.scb.se/pxweb/sv/ssd/START__BO__BO0501__BO0501B/FastprisFHRegKv/
"Bas-/taxeringsvärde, medelvärde i tkr",Västsverige,2006K3,606,https://www.statistikdatabasen.scb.se/pxweb/sv/ssd/START__BO__BO0501__BO0501B/FastprisFHRegKv/
"Bas-/taxeringsvärde, medelvärde i tkr",Västsverige,2006K4,604,https://www.statistikdatabasen.scb.se/pxweb/sv/ssd/START__BO__BO0501__BO0501B/FastprisFHRegKv/
"Bas-/taxeringsvärde, medelvärde i tkr",Västsverige,2007K1,595,https://www.statistikdatabasen.scb.se/pxweb/sv/ssd/START__BO__BO0501__BO0501B/FastprisFHRegKv/
"Bas-/taxeringsvärde, medelvärde i tkr",Västsverige,2007K2,540,https://www.statistikdatabasen.scb.se/pxweb/sv/ssd/START__BO__BO0501__BO0501B/FastprisFHRegKv/
"Bas-/taxeringsvärde, medelvärde i tkr",Västsverige,2007K3,561,https://www.statistikdatabasen.scb.se/pxweb/sv/ssd/START__BO__BO0501__BO0501B/FastprisFHRegKv/
"Bas-/taxeringsvärde, medelvärde i tkr",Västsverige,2007K4,624,https://www.statistikdatabasen.scb.se/pxweb/sv/ssd/START__BO__BO0501__BO0501B/FastprisFHRegKv/
"Bas-/taxeringsvärde, medelvärde i tkr",Västsverige,2008K1,662,https://www.statistikdatabasen.scb.se/pxweb/sv/ssd/START__BO__BO0501__BO0501B/FastprisFHRegKv/
"Bas-/taxeringsvärde, medelvärde i tkr",Västsverige,2008K2,581,https://www.statistikdatabasen.scb.se/pxweb/sv/ssd/START__BO__BO0501__BO0501B/FastprisFHRegKv/
"Bas-/taxeringsvärde, medelvärde i tkr",Västsverige,2008K3,549,https://www.statistikdatabasen.scb.se/pxweb/sv/ssd/START__BO__BO0501__BO0501B/FastprisFHRegKv/
"Bas-/taxeringsvärde, medelvärde i tkr",Västsverige,2008K4,570,https://www.statistikdatabasen.scb.se/pxweb/sv/ssd/START__BO__BO0501__BO0501B/FastprisFHRegKv/
"Bas-/taxeringsvärde, medelvärde i tkr",Västsverige,2009K1,904,https://www.statistikdatabasen.scb.se/pxweb/sv/ssd/START__BO__BO0501__BO0501B/FastprisFHRegKv/
"Bas-/taxeringsvärde, medelvärde i tkr",Västsverige,2009K2,918,https://www.statistikdatabasen.scb.se/pxweb/sv/ssd/START__BO__BO0501__BO0501B/FastprisFHRegKv/
"Bas-/taxeringsvärde, medelvärde i tkr",Västsverige,2009K3,972,https://www.statistikdatabasen.scb.se/pxweb/sv/ssd/START__BO__BO0501__BO0501B/FastprisFHRegKv/
"Bas-/taxeringsvärde, medelvärde i tkr",Västsverige,2009K4,942,https://www.statistikdatabasen.scb.se/pxweb/sv/ssd/START__BO__BO0501__BO0501B/FastprisFHRegKv/
"Bas-/taxeringsvärde, medelvärde i tkr",Västsverige,2010K1,972,https://www.statistikdatabasen.scb.se/pxweb/sv/ssd/START__BO__BO0501__BO0501B/FastprisFHRegKv/
"Bas-/taxeringsvärde, medelvärde i tkr",Västsverige,2010K2,964,https://www.statistikdatabasen.scb.se/pxweb/sv/ssd/START__BO__BO0501__BO0501B/FastprisFHRegKv/
"Bas-/taxeringsvärde, medelvärde i tkr",Västsverige,2010K3,889,https://www.statistikdatabasen.scb.se/pxweb/sv/ssd/START__BO__BO0501__BO0501B/FastprisFHRegKv/
"Bas-/taxeringsvärde, medelvärde i tkr",Västsverige,2010K4,939,https://www.statistikdatabasen.scb.se/pxweb/sv/ssd/START__BO__BO0501__BO0501B/FastprisFHRegKv/
"Bas-/taxeringsvärde, medelvärde i tkr",Västsverige,2011K1,1058,https://www.statistikdatabasen.scb.se/pxweb/sv/ssd/START__BO__BO0501__BO0501B/FastprisFHRegKv/
"Bas-/taxeringsvärde, medelvärde i tkr",Västsverige,2011K2,893,https://www.statistikdatabasen.scb.se/pxweb/sv/ssd/START__BO__BO0501__BO0501B/FastprisFHRegKv/
"Bas-/taxeringsvärde, medelvärde i tkr",Västsverige,2011K3,875,https://www.statistikdatabasen.scb.se/pxweb/sv/ssd/START__BO__BO0501__BO0501B/FastprisFHRegKv/
"Bas-/taxeringsvärde, medelvärde i tkr",Västsverige,2011K4,963,https://www.statistikdatabasen.scb.se/pxweb/sv/ssd/START__BO__BO0501__BO0501B/FastprisFHRegKv/
"Bas-/taxeringsvärde, medelvärde i tkr",Västsverige,2012K1,1118,https://www.statistikdatabasen.scb.se/pxweb/sv/ssd/START__BO__BO0501__BO0501B/FastprisFHRegKv/
"Bas-/taxeringsvärde, medelvärde i tkr",Västsverige,2012K2,1026,https://www.statistikdatabasen.scb.se/pxweb/sv/ssd/START__BO__BO0501__BO0501B/FastprisFHRegKv/
"Bas-/taxeringsvärde, medelvärde i tkr",Västsverige,2012K3,1032,https://www.statistikdatabasen.scb.se/pxweb/sv/ssd/START__BO__BO0501__BO0501B/FastprisFHRegKv/
"Bas-/taxeringsvärde, medelvärde i tkr",Västsverige,2012K4,1110,https://www.statistikdatabasen.scb.se/pxweb/sv/ssd/START__BO__BO0501__BO0501B/FastprisFHRegKv/
"Bas-/taxeringsvärde, medelvärde i tkr",Västsverige,2013K1,1227,https://www.statistikdatabasen.scb.se/pxweb/sv/ssd/START__BO__BO0501__BO0501B/FastprisFHRegKv/
"Bas-/taxeringsvärde, medelvärde i tkr",Västsverige,2013K2,1059,https://www.statistikdatabasen.scb.se/pxweb/sv/ssd/START__BO__BO0501__BO0501B/FastprisFHRegKv/
"Bas-/taxeringsvärde, medelvärde i tkr",Västsverige,2013K3,1011,https://www.statistikdatabasen.scb.se/pxweb/sv/ssd/START__BO__BO0501__BO0501B/FastprisFHRegKv/
"Bas-/taxeringsvärde, medelvärde i tkr",Västsverige,2013K4,1075,https://www.statistikdatabasen.scb.se/pxweb/sv/ssd/START__BO__BO0501__BO0501B/FastprisFHRegKv/
"Bas-/taxeringsvärde, medelvärde i tkr",Västsverige,2014K1,994,https://www.statistikdatabasen.scb.se/pxweb/sv/ssd/START__BO__BO0501__BO0501B/FastprisFHRegKv/
"Bas-/taxeringsvärde, medelvärde i tkr",Västsverige,2014K2,1044,https://www.statistikdatabasen.scb.se/pxweb/sv/ssd/START__BO__BO0501__BO0501B/FastprisFHRegKv/
"Bas-/taxeringsvärde, medelvärde i tkr",Västsverige,2014K3,1131,https://www.statistikdatabasen.scb.se/pxweb/sv/ssd/START__BO__BO0501__BO0501B/FastprisFHRegKv/
"Bas-/taxeringsvärde, medelvärde i tkr",Västsverige,2014K4,1124,https://www.statistikdatabasen.scb.se/pxweb/sv/ssd/START__BO__BO0501__BO0501B/FastprisFHRegKv/
"Bas-/taxeringsvärde, medelvärde i tkr",Västsverige,2015K1,1244,https://www.statistikdatabasen.scb.se/pxweb/sv/ssd/START__BO__BO0501__BO0501B/FastprisFHRegKv/
"Bas-/taxeringsvärde, medelvärde i tkr",Västsverige,2015K2,1153,https://www.statistikdatabasen.scb.se/pxweb/sv/ssd/START__BO__BO0501__BO0501B/FastprisFHRegKv/
"Bas-/taxeringsvärde, medelvärde i tkr",Västsverige,2015K3,1105,https://www.statistikdatabasen.scb.se/pxweb/sv/ssd/START__BO__BO0501__BO0501B/FastprisFHRegKv/
"Bas-/taxeringsvärde, medelvärde i tkr",Västsverige,2015K4,1144,https://www.statistikdatabasen.scb.se/pxweb/sv/ssd/START__BO__BO0501__BO0501B/FastprisFHRegKv/
"Bas-/taxeringsvärde, medelvärde i tkr",Västsverige,2016K1,1178,https://www.statistikdatabasen.scb.se/pxweb/sv/ssd/START__BO__BO0501__BO0501B/FastprisFHRegKv/
"Bas-/taxeringsvärde, medelvärde i tkr",Västsverige,2016K2,1082,https://www.statistikdatabasen.scb.se/pxweb/sv/ssd/START__BO__BO0501__BO0501B/FastprisFHRegKv/
"Bas-/taxeringsvärde, medelvärde i tkr",Västsverige,2016K3,1070,https://www.statistikdatabasen.scb.se/pxweb/sv/ssd/START__BO__BO0501__BO0501B/FastprisFHRegKv/
"Bas-/taxeringsvärde, medelvärde i tkr",Västsverige,2016K4,1064,https://www.statistikdatabasen.scb.se/pxweb/sv/ssd/START__BO__BO0501__BO0501B/FastprisFHRegKv/
"Bas-/taxeringsvärde, medelvärde i tkr",Västsverige,2017K1,1323,https://www.statistikdatabasen.scb.se/pxweb/sv/ssd/START__BO__BO0501__BO0501B/FastprisFHRegKv/
"Bas-/taxeringsvärde, medelvärde i tkr",Västsverige,2017K2,1145,https://www.statistikdatabasen.scb.se/pxweb/sv/ssd/START__BO__BO0501__BO0501B/FastprisFHRegKv/
"Bas-/taxeringsvärde, medelvärde i tkr",Västsverige,2017K3,1095,https://www.statistikdatabasen.scb.se/pxweb/sv/ssd/START__BO__BO0501__BO0501B/FastprisFHRegKv/
"Bas-/taxeringsvärde, medelvärde i tkr",Västsverige,2017K4,1175,https://www.statistikdatabasen.scb.se/pxweb/sv/ssd/START__BO__BO0501__BO0501B/FastprisFHRegKv/
"Bas-/taxeringsvärde, medelvärde i tkr",Västsverige,2018K1,1537,https://www.statistikdatabasen.scb.se/pxweb/sv/ssd/START__BO__BO0501__BO0501B/FastprisFHRegKv/
"Bas-/taxeringsvärde, medelvärde i tkr",Västsverige,2018K2,1256,https://www.statistikdatabasen.scb.se/pxweb/sv/ssd/START__BO__BO0501__BO0501B/FastprisFHRegKv/
"Bas-/taxeringsvärde, medelvärde i tkr",Västsverige,2018K3,1319,https://www.statistikdatabasen.scb.se/pxweb/sv/ssd/START__BO__BO0501__BO0501B/FastprisFHRegKv/
"Bas-/taxeringsvärde, medelvärde i tkr",Västsverige,2018K4,1276,https://www.statistikdatabasen.scb.se/pxweb/sv/ssd/START__BO__BO0501__BO0501B/FastprisFHRegKv/
"Bas-/taxeringsvärde, medelvärde i tkr",Västsverige,2019K1,1487,https://www.statistikdatabasen.scb.se/pxweb/sv/ssd/START__BO__BO0501__BO0501B/FastprisFHRegKv/
"Bas-/taxeringsvärde, medelvärde i tkr",Västsverige,2019K2,1357,https://www.statistikdatabasen.scb.se/pxweb/sv/ssd/START__BO__BO0501__BO0501B/FastprisFHRegKv/
"Bas-/taxeringsvärde, medelvärde i tkr",Västsverige,2019K3,1262,https://www.statistikdatabasen.scb.se/pxweb/sv/ssd/START__BO__BO0501__BO0501B/FastprisFHRegKv/
"Bas-/taxeringsvärde, medelvärde i tkr",Västsverige,2019K4,1299,https://www.statistikdatabasen.scb.se/pxweb/sv/ssd/START__BO__BO0501__BO0501B/FastprisFHRegKv/
"Bas-/taxeringsvärde, medelvärde i tkr",Västsverige,2020K1,1454,https://www.statistikdatabasen.scb.se/pxweb/sv/ssd/START__BO__BO0501__BO0501B/FastprisFHRegKv/
"Bas-/taxeringsvärde, medelvärde i tkr",Västsverige,2020K2,1234,https://www.statistikdatabasen.scb.se/pxweb/sv/ssd/START__BO__BO0501__BO0501B/FastprisFHRegKv/
"Bas-/taxeringsvärde, medelvärde i tkr",Västsverige,2020K3,1454,https://www.statistikdatabasen.scb.se/pxweb/sv/ssd/START__BO__BO0501__BO0501B/FastprisFHRegKv/
"Bas-/taxeringsvärde, medelvärde i tkr",Västsverige,2020K4,1349,https://www.statistikdatabasen.scb.se/pxweb/sv/ssd/START__BO__BO0501__BO0501B/FastprisFHRegKv/
"Bas-/taxeringsvärde, medelvärde i tkr",Västsverige,2021K1,1778,https://www.statistikdatabasen.scb.se/pxweb/sv/ssd/START__BO__BO0501__BO0501B/FastprisFHRegKv/
"Bas-/taxeringsvärde, medelvärde i tkr",Västsverige,2021K2,1498,https://www.statistikdatabasen.scb.se/pxweb/sv/ssd/START__BO__BO0501__BO0501B/FastprisFHRegKv/
"Bas-/taxeringsvärde, medelvärde i tkr",Västsverige,2021K3,1516,https://www.statistikdatabasen.scb.se/pxweb/sv/ssd/START__BO__BO0501__BO0501B/FastprisFHRegKv/
"Bas-/taxeringsvärde, medelvärde i tkr",Västsverige,2021K4,1383,https://www.statistikdatabasen.scb.se/pxweb/sv/ssd/START__BO__BO0501__BO0501B/FastprisFHRegKv/
"Bas-/taxeringsvärde, medelvärde i tkr",Västsverige,2022K1,1693,https://www.statistikdatabasen.scb.se/pxweb/sv/ssd/START__BO__BO0501__BO0501B/FastprisFHRegKv/
"Bas-/taxeringsvärde, medelvärde i tkr",Västsverige,2022K2,1552,https://www.statistikdatabasen.scb.se/pxweb/sv/ssd/START__BO__BO0501__BO0501B/FastprisFHRegKv/
"Bas-/taxeringsvärde, medelvärde i tkr",Västsverige,2022K3,1424,https://www.statistikdatabasen.scb.se/pxweb/sv/ssd/START__BO__BO0501__BO0501B/FastprisFHRegKv/
"Bas-/taxeringsvärde, medelvärde i tkr",Västsverige,2022K4,1570,https://www.statistikdatabasen.scb.se/pxweb/sv/ssd/START__BO__BO0501__BO0501B/FastprisFHRegKv/
"Bas-/taxeringsvärde, medelvärde i tkr",Västsverige,2023K1,1693,https://www.statistikdatabasen.scb.se/pxweb/sv/ssd/START__BO__BO0501__BO0501B/FastprisFHRegKv/
"Bas-/taxeringsvärde, medelvärde i tkr",Västsverige,2023K2,1471,https://www.statistikdatabasen.scb.se/pxweb/sv/ssd/START__BO__BO0501__BO0501B/FastprisFHRegKv/
"Bas-/taxeringsvärde, medelvärde i tkr",Västsverige,2023K3,1511,https://www.statistikdatabasen.scb.se/pxweb/sv/ssd/START__BO__BO0501__BO0501B/FastprisFHRegKv/
"Bas-/taxeringsvärde, medelvärde i tkr",Västsverige,2023K4,1485,https://www.statistikdatabasen.scb.se/pxweb/sv/ssd/START__BO__BO0501__BO0501B/FastprisFHRegKv/
"Bas-/taxeringsvärde, medelvärde i tkr",Västsverige,2024K1,2307,https://www.statistikdatabasen.scb.se/pxweb/sv/ssd/START__BO__BO0501__BO0501B/FastprisFHRegKv/
"Bas-/taxeringsvärde, medelvärde i tkr",Västsverige,2024K2,2158,https://www.statistikdatabasen.scb.se/pxweb/sv/ssd/START__BO__BO0501__BO0501B/FastprisFHRegKv/
"Bas-/taxeringsvärde, medelvärde i tkr",Västsverige,2024K3,2098,https://www.statistikdatabasen.scb.se/pxweb/sv/ssd/START__BO__BO0501__BO0501B/FastprisFHRegKv/
"Bas-/taxeringsvärde, medelvärde i tkr",Västsverige,2024K4,1946,https://www.statistikdatabasen.scb.se/pxweb/sv/ssd/START__BO__BO0501__BO0501B/FastprisFHRegKv/
"Bas-/taxeringsvärde, medelvärde i tkr",Västsverige,2025K1,2369,https://www.statistikdatabasen.scb.se/pxweb/sv/ssd/START__BO__BO0501__BO0501B/FastprisFHRegKv/
"Bas-/taxeringsvärde, medelvärde i tkr",Västsverige,2025K2,2012,https://www.statistikdatabasen.scb.se/pxweb/sv/ssd/START__BO__BO0501__BO0501B/FastprisFHRegKv/
"Bas-/taxeringsvärde, medelvärde i tkr",Västsverige,2025K3,2259,https://www.statistikdatabasen.scb.se/pxweb/sv/ssd/START__BO__BO0501__BO0501B/FastprisFHRegKv/
"Bas-/taxeringsvärde, medelvärde i tkr",Västsverige,2025K4,2152,https://www.statistikdatabasen.scb.se/pxweb/sv/ssd/START__BO__BO0501__BO0501B/FastprisFHRegKv/
"Bas-/taxeringsvärde, medelvärde i tkr",Västsverige,2026K1,2261,https://www.statistikdatabasen.scb.se/pxweb/sv/ssd/START__BO__BO0501__BO0501B/FastprisFHRegKv/
"Bas-/taxeringsvärde, medelvärde i tkr",Västsverige,2026K2,2146,https://www.statistikdatabasen.scb.se/pxweb/sv/ssd/START__BO__BO0501__BO0501B/FastprisFHRegKv/
Köpeskillingskoefficient,Västsverige,1998K1,1.71,https://www.statistikdatabasen.scb.se/pxweb/sv/ssd/START__BO__BO0501__BO0501B/FastprisFHRegKv/
Köpeskillingskoefficient,Västsverige,1998K2,1.79,https://www.statistikdatabasen.scb.se/pxweb/sv/ssd/START__BO__BO0501__BO0501B/FastprisFHRegKv/
Köpeskillingskoefficient,Västsverige,1998K3,1.83,https://www.statistikdatabasen.scb.se/pxweb/sv/ssd/START__BO__BO0501__BO0501B/FastprisFHRegKv/
Köpeskillingskoefficient,Västsverige,1998K4,1.91,https://www.statistikdatabasen.scb.se/pxweb/sv/ssd/START__BO__BO0501__BO0501B/FastprisFHRegKv/
Köpeskillingskoefficient,Västsverige,1999K1,1.84,https://www.statistikdatabasen.scb.se/pxweb/sv/ssd/START__BO__BO0501__BO0501B/FastprisFHRegKv/
Köpeskillingskoefficient,Västsverige,1999K2,1.92,https://www.statistikdatabasen.scb.se/pxweb/sv/ssd/START__BO__BO0501__BO0501B/FastprisFHRegKv/
Köpeskillingskoefficient,Västsverige,1999K3,2.01,https://www.statistikdatabasen.scb.se/pxweb/sv/ssd/START__BO__BO0501__BO0501B/FastprisFHRegKv/
Köpeskillingskoefficient,Västsverige,1999K4,1.94,https://www.statistikdatabasen.scb.se/pxweb/sv/ssd/START__BO__BO0501__BO0501B/FastprisFHRegKv/
Köpeskillingskoefficient,Västsverige,2000K1,2.01,https://www.statistikdatabasen.scb.se/pxweb/sv/ssd/START__BO__BO0501__BO0501B/FastprisFHRegKv/
Köpeskillingskoefficient,Västsverige,2000K2,2.12,https://www.statistikdatabasen.scb.se/pxweb/sv/ssd/START__BO__BO0501__BO0501B/FastprisFHRegKv/
Köpeskillingskoefficient,Västsverige,2000K3,2.19,https://www.statistikdatabasen.scb.se/pxweb/sv/ssd/START__BO__BO0501__BO0501B/FastprisFHRegKv/
Köpeskillingskoefficient,Västsverige,2000K4,2.22,https://www.statistikdatabasen.scb.se/pxweb/sv/ssd/START__BO__BO0501__BO0501B/FastprisFHRegKv/
Köpeskillingskoefficient,Västsverige,2001K1,2.22,https://www.statistikdatabasen.scb.se/pxweb/sv/ssd/START__BO__BO0501__BO0501B/FastprisFHRegKv/
Köpeskillingskoefficient,Västsverige,2001K2,2.3,https://www.statistikdatabasen.scb.se/pxweb/sv/ssd/START__BO__BO0501__BO0501B/FastprisFHRegKv/
Köpeskillingskoefficient,Västsverige,2001K3,2.24,https://www.statistikdatabasen.scb.se/pxweb/sv/ssd/START__BO__BO0501__BO0501B/FastprisFHRegKv/
Köpeskillingskoefficient,Västsverige,2001K4,2.27,https://www.statistikdatabasen.scb.se/pxweb/sv/ssd/START__BO__BO0501__BO0501B/FastprisFHRegKv/
Köpeskillingskoefficient,Västsverige,2002K1,2.29,https://www.statistikdatabasen.scb.se/pxweb/sv/ssd/START__BO__BO0501__BO0501B/FastprisFHRegKv/
Köpeskillingskoefficient,Västsverige,2002K2,2.38,https://www.statistikdatabasen.scb.se/pxweb/sv/ssd/START__BO__BO0501__BO0501B/FastprisFHRegKv/
Köpeskillingskoefficient,Västsverige,2002K3,2.49,https://www.statistikdatabasen.scb.se/pxweb/sv/ssd/START__BO__BO0501__BO0501B/FastprisFHRegKv/
Köpeskillingskoefficient,Västsverige,2002K4,2.57,https://www.statistikdatabasen.scb.se/pxweb/sv/ssd/START__BO__BO0501__BO0501B/FastprisFHRegKv/
Köpeskillingskoefficient,Västsverige,2003K1,1.67,https://www.statistikdatabasen.scb.se/pxweb/sv/ssd/START__BO__BO0501__BO0501B/FastprisFHRegKv/
Köpeskillingskoefficient,Västsverige,2003K2,1.75,https://www.statistikdatabasen.scb.se/pxweb/sv/ssd/START__BO__BO0501__BO0501B/FastprisFHRegKv/
Köpeskillingskoefficient,Västsverige,2003K3,1.88,https://www.statistikdatabasen.scb.se/pxweb/sv/ssd/START__BO__BO0501__BO0501B/FastprisFHRegKv/
Köpeskillingskoefficient,Västsverige,2003K4,1.9,https://www.statistikdatabasen.scb.se/pxweb/sv/ssd/START__BO__BO0501__BO0501B/FastprisFHRegKv/
Köpeskillingskoefficient,Västsverige,2004K1,1.86,https://www.statistikdatabasen.scb.se/pxweb/sv/ssd/START__BO__BO0501__BO0501B/FastprisFHRegKv/
Köpeskillingskoefficient,Västsverige,2004K2,2.1,https://www.statistikdatabasen.scb.se/pxweb/sv/ssd/START__BO__BO0501__BO0501B/FastprisFHRegKv/
Köpeskillingskoefficient,Västsverige,2004K3,2.13,https://www.statistikdatabasen.scb.se/pxweb/sv/ssd/START__BO__BO0501__BO0501B/FastprisFHRegKv/
Köpeskillingskoefficient,Västsverige,2004K4,2.15,https://www.statistikdatabasen.scb.se/pxweb/sv/ssd/START__BO__BO0501__BO0501B/FastprisFHRegKv/
Köpeskillingskoefficient,Västsverige,2005K1,2.07,https://www.statistikdatabasen.scb.se/pxweb/sv/ssd/START__BO__BO0501__BO0501B/FastprisFHRegKv/
Köpeskillingskoefficient,Västsverige,2005K2,2.22,https://www.statistikdatabasen.scb.se/pxweb/sv/ssd/START__BO__BO0501__BO0501B/FastprisFHRegKv/
Köpeskillingskoefficient,Västsverige,2005K3,2.4,https://www.statistikdatabasen.scb.se/pxweb/sv/ssd/START__BO__BO0501__BO0501B/FastprisFHRegKv/
Köpeskillingskoefficient,Västsverige,2005K4,2.42,https://www.statistikdatabasen.scb.se/pxweb/sv/ssd/START__BO__BO0501__BO0501B/FastprisFHRegKv/
Köpeskillingskoefficient,Västsverige,2006K1,1.9,https://www.statistikdatabasen.scb.se/pxweb/sv/ssd/START__BO__BO0501__BO0501B/FastprisFHRegKv/
Köpeskillingskoefficient,Västsverige,2006K2,2,https://www.statistikdatabasen.scb.se/pxweb/sv/ssd/START__BO__BO0501__BO0501B/FastprisFHRegKv/
Köpeskillingskoefficient,Västsverige,2006K3,2.07,https://www.statistikdatabasen.scb.se/pxweb/sv/ssd/START__BO__BO0501__BO0501B/FastprisFHRegKv/
Köpeskillingskoefficient,Västsverige,2006K4,2.04,https://www.statistikdatabasen.scb.se/pxweb/sv/ssd/START__BO__BO0501__BO0501B/FastprisFHRegKv/
Köpeskillingskoefficient,Västsverige,2007K1,2.03,https://www.statistikdatabasen.scb.se/pxweb/sv/ssd/START__BO__BO0501__BO0501B/FastprisFHRegKv/
Köpeskillingskoefficient,Västsverige,2007K2,2.28,https://www.statistikdatabasen.scb.se/pxweb/sv/ssd/START__BO__BO0501__BO0501B/FastprisFHRegKv/
Köpeskillingskoefficient,Västsverige,2007K3,2.35,https://www.statistikdatabasen.scb.se/pxweb/sv/ssd/START__BO__BO0501__BO0501B/FastprisFHRegKv/
Köpeskillingskoefficient,Västsverige,2007K4,2.26,https://www.statistikdatabasen.scb.se/pxweb/sv/ssd/START__BO__BO0501__BO0501B/FastprisFHRegKv/
Köpeskillingskoefficient,Västsverige,2008K1,2.18,https://www.statistikdatabasen.scb.se/pxweb/sv/ssd/START__BO__BO0501__BO0501B/FastprisFHRegKv/
Köpeskillingskoefficient,Västsverige,2008K2,2.34,https://www.statistikdatabasen.scb.se/pxweb/sv/ssd/START__BO__BO0501__BO0501B/FastprisFHRegKv/
Köpeskillingskoefficient,Västsverige,2008K3,2.3,https://www.statistikdatabasen.scb.se/pxweb/sv/ssd/START__BO__BO0501__BO0501B/FastprisFHRegKv/
Köpeskillingskoefficient,Västsverige,2008K4,2.27,https://www.statistikdatabasen.scb.se/pxweb/sv/ssd/START__BO__BO0501__BO0501B/FastprisFHRegKv/
Köpeskillingskoefficient,Västsverige,2009K1,1.46,https://www.statistikdatabasen.scb.se/pxweb/sv/ssd/START__BO__BO0501__BO0501B/FastprisFHRegKv/
Köpeskillingskoefficient,Västsverige,2009K2,1.65,https://www.statistikdatabasen.scb.se/pxweb/sv/ssd/START__BO__BO0501__BO0501B/FastprisFHRegKv/
Köpeskillingskoefficient,Västsverige,2009K3,1.62,https://www.statistikdatabasen.scb.se/pxweb/sv/ssd/START__BO__BO0501__BO0501B/FastprisFHRegKv/
Köpeskillingskoefficient,Västsverige,2009K4,1.64,https://www.statistikdatabasen.scb.se/pxweb/sv/ssd/START__BO__BO0501__BO0501B/FastprisFHRegKv/
Köpeskillingskoefficient,Västsverige,2010K1,1.73,https://www.statistikdatabasen.scb.se/pxweb/sv/ssd/START__BO__BO0501__BO0501B/FastprisFHRegKv/
Köpeskillingskoefficient,Västsverige,2010K2,1.71,https://www.statistikdatabasen.scb.se/pxweb/sv/ssd/START__BO__BO0501__BO0501B/FastprisFHRegKv/
Köpeskillingskoefficient,Västsverige,2010K3,1.72,https://www.statistikdatabasen.scb.se/pxweb/sv/ssd/START__BO__BO0501__BO0501B/FastprisFHRegKv/
Köpeskillingskoefficient,Västsverige,2010K4,1.77,https://www.statistikdatabasen.scb.se/pxweb/sv/ssd/START__BO__BO0501__BO0501B/FastprisFHRegKv/
Köpeskillingskoefficient,Västsverige,2011K1,1.74,https://www.statistikdatabasen.scb.se/pxweb/sv/ssd/START__BO__BO0501__BO0501B/FastprisFHRegKv/
Köpeskillingskoefficient,Västsverige,2011K2,1.7,https://www.statistikdatabasen.scb.se/pxweb/sv/ssd/START__BO__BO0501__BO0501B/FastprisFHRegKv/
Köpeskillingskoefficient,Västsverige,2011K3,1.73,https://www.statistikdatabasen.scb.se/pxweb/sv/ssd/START__BO__BO0501__BO0501B/FastprisFHRegKv/
Köpeskillingskoefficient,Västsverige,2011K4,1.68,https://www.statistikdatabasen.scb.se/pxweb/sv/ssd/START__BO__BO0501__BO0501B/FastprisFHRegKv/
Köpeskillingskoefficient,Västsverige,2012K1,1.51,https://www.statistikdatabasen.scb.se/pxweb/sv/ssd/START__BO__BO0501__BO0501B/FastprisFHRegKv/
Köpeskillingskoefficient,Västsverige,2012K2,1.55,https://www.statistikdatabasen.scb.se/pxweb/sv/ssd/START__BO__BO0501__BO0501B/FastprisFHRegKv/
Köpeskillingskoefficient,Västsverige,2012K3,1.56,https://www.statistikdatabasen.scb.se/pxweb/sv/ssd/START__BO__BO0501__BO0501B/FastprisFHRegKv/
Köpeskillingskoefficient,Västsverige,2012K4,1.5,https://www.statistikdatabasen.scb.se/pxweb/sv/ssd/START__BO__BO0501__BO0501B/FastprisFHRegKv/
Köpeskillingskoefficient,Västsverige,2013K1,1.49,https://www.statistikdatabasen.scb.se/pxweb/sv/ssd/START__BO__BO0501__BO0501B/FastprisFHRegKv/
Köpeskillingskoefficient,Västsverige,2013K2,1.55,https://www.statistikdatabasen.scb.se/pxweb/sv/ssd/START__BO__BO0501__BO0501B/FastprisFHRegKv/
Köpeskillingskoefficient,Västsverige,2013K3,1.6,https://www.statistikdatabasen.scb.se/pxweb/sv/ssd/START__BO__BO0501__BO0501B/FastprisFHRegKv/
Köpeskillingskoefficient,Västsverige,2013K4,1.62,https://www.statistikdatabasen.scb.se/pxweb/sv/ssd/START__BO__BO0501__BO0501B/FastprisFHRegKv/
Köpeskillingskoefficient,Västsverige,2014K1,1.59,https://www.statistikdatabasen.scb.se/pxweb/sv/ssd/START__BO__BO0501__BO0501B/FastprisFHRegKv/
Köpeskillingskoefficient,Västsverige,2014K2,1.6,https://www.statistikdatabasen.scb.se/pxweb/sv/ssd/START__BO__BO0501__BO0501B/FastprisFHRegKv/
Köpeskillingskoefficient,Västsverige,2014K3,1.63,https://www.statistikdatabasen.scb.se/pxweb/sv/ssd/START__BO__BO0501__BO0501B/FastprisFHRegKv/
Köpeskillingskoefficient,Västsverige,2014K4,1.63,https://www.statistikdatabasen.scb.se/pxweb/sv/ssd/START__BO__BO0501__BO0501B/FastprisFHRegKv/
Köpeskillingskoefficient,Västsverige,2015K1,1.6,https://www.statistikdatabasen.scb.se/pxweb/sv/ssd/START__BO__BO0501__BO0501B/FastprisFHRegKv/
Köpeskillingskoefficient,Västsverige,2015K2,1.75,https://www.statistikdatabasen.scb.se/pxweb/sv/ssd/START__BO__BO0501__BO0501B/FastprisFHRegKv/
Köpeskillingskoefficient,Västsverige,2015K3,1.78,https://www.statistikdatabasen.scb.se/pxweb/sv/ssd/START__BO__BO0501__BO0501B/FastprisFHRegKv/
Köpeskillingskoefficient,Västsverige,2015K4,1.76,https://www.statistikdatabasen.scb.se/pxweb/sv/ssd/START__BO__BO0501__BO0501B/FastprisFHRegKv/
Köpeskillingskoefficient,Västsverige,2016K1,1.7,https://www.statistikdatabasen.scb.se/pxweb/sv/ssd/START__BO__BO0501__BO0501B/FastprisFHRegKv/
Köpeskillingskoefficient,Västsverige,2016K2,1.84,https://www.statistikdatabasen.scb.se/pxweb/sv/ssd/START__BO__BO0501__BO0501B/FastprisFHRegKv/
Köpeskillingskoefficient,Västsverige,2016K3,1.9,https://www.statistikdatabasen.scb.se/pxweb/sv/ssd/START__BO__BO0501__BO0501B/FastprisFHRegKv/
Köpeskillingskoefficient,Västsverige,2016K4,1.94,https://www.statistikdatabasen.scb.se/pxweb/sv/ssd/START__BO__BO0501__BO0501B/FastprisFHRegKv/
Köpeskillingskoefficient,Västsverige,2017K1,1.83,https://www.statistikdatabasen.scb.se/pxweb/sv/ssd/START__BO__BO0501__BO0501B/FastprisFHRegKv/
Köpeskillingskoefficient,Västsverige,2017K2,2.02,https://www.statistikdatabasen.scb.se/pxweb/sv/ssd/START__BO__BO0501__BO0501B/FastprisFHRegKv/
Köpeskillingskoefficient,Västsverige,2017K3,2.01,https://www.statistikdatabasen.scb.se/pxweb/sv/ssd/START__BO__BO0501__BO0501B/FastprisFHRegKv/
Köpeskillingskoefficient,Västsverige,2017K4,2.01,https://www.statistikdatabasen.scb.se/pxweb/sv/ssd/START__BO__BO0501__BO0501B/FastprisFHRegKv/
Köpeskillingskoefficient,Västsverige,2018K1,1.6,https://www.statistikdatabasen.scb.se/pxweb/sv/ssd/START__BO__BO0501__BO0501B/FastprisFHRegKv/
Köpeskillingskoefficient,Västsverige,2018K2,1.76,https://www.statistikdatabasen.scb.se/pxweb/sv/ssd/START__BO__BO0501__BO0501B/FastprisFHRegKv/
Köpeskillingskoefficient,Västsverige,2018K3,1.76,https://www.statistikdatabasen.scb.se/pxweb/sv/ssd/START__BO__BO0501__BO0501B/FastprisFHRegKv/
Köpeskillingskoefficient,Västsverige,2018K4,1.72,https://www.statistikdatabasen.scb.se/pxweb/sv/ssd/START__BO__BO0501__BO0501B/FastprisFHRegKv/
Köpeskillingskoefficient,Västsverige,2019K1,1.64,https://www.statistikdatabasen.scb.se/pxweb/sv/ssd/START__BO__BO0501__BO0501B/FastprisFHRegKv/
Köpeskillingskoefficient,Västsverige,2019K2,1.84,https://www.statistikdatabasen.scb.se/pxweb/sv/ssd/START__BO__BO0501__BO0501B/FastprisFHRegKv/
Köpeskillingskoefficient,Västsverige,2019K3,1.84,https://www.statistikdatabasen.scb.se/pxweb/sv/ssd/START__BO__BO0501__BO0501B/FastprisFHRegKv/
Köpeskillingskoefficient,Västsverige,2019K4,1.83,https://www.statistikdatabasen.scb.se/pxweb/sv/ssd/START__BO__BO0501__BO0501B/FastprisFHRegKv/
Köpeskillingskoefficient,Västsverige,2020K1,1.72,https://www.statistikdatabasen.scb.se/pxweb/sv/ssd/START__BO__BO0501__BO0501B/FastprisFHRegKv/
Köpeskillingskoefficient,Västsverige,2020K2,2.02,https://www.statistikdatabasen.scb.se/pxweb/sv/ssd/START__BO__BO0501__BO0501B/FastprisFHRegKv/
Köpeskillingskoefficient,Västsverige,2020K3,2.02,https://www.statistikdatabasen.scb.se/pxweb/sv/ssd/START__BO__BO0501__BO0501B/FastprisFHRegKv/
Köpeskillingskoefficient,Västsverige,2020K4,2.06,https://www.statistikdatabasen.scb.se/pxweb/sv/ssd/START__BO__BO0501__BO0501B/FastprisFHRegKv/
Köpeskillingskoefficient,Västsverige,2021K1,1.71,https://www.statistikdatabasen.scb.se/pxweb/sv/ssd/START__BO__BO0501__BO0501B/FastprisFHRegKv/
Köpeskillingskoefficient,Västsverige,2021K2,1.92,https://www.statistikdatabasen.scb.se/pxweb/sv/ssd/START__BO__BO0501__BO0501B/FastprisFHRegKv/
Köpeskillingskoefficient,Västsverige,2021K3,2.06,https://www.statistikdatabasen.scb.se/pxweb/sv/ssd/START__BO__BO0501__BO0501B/FastprisFHRegKv/
Köpeskillingskoefficient,Västsverige,2021K4,1.94,https://www.statistikdatabasen.scb.se/pxweb/sv/ssd/START__BO__BO0501__BO0501B/FastprisFHRegKv/
Köpeskillingskoefficient,Västsverige,2022K1,1.97,https://www.statistikdatabasen.scb.se/pxweb/sv/ssd/START__BO__BO0501__BO0501B/FastprisFHRegKv/
Köpeskillingskoefficient,Västsverige,2022K2,2.07,https://www.statistikdatabasen.scb.se/pxweb/sv/ssd/START__BO__BO0501__BO0501B/FastprisFHRegKv/
Köpeskillingskoefficient,Västsverige,2022K3,2.11,https://www.statistikdatabasen.scb.se/pxweb/sv/ssd/START__BO__BO0501__BO0501B/FastprisFHRegKv/
Köpeskillingskoefficient,Västsverige,2022K4,1.92,https://www.statistikdatabasen.scb.se/pxweb/sv/ssd/START__BO__BO0501__BO0501B/FastprisFHRegKv/
Köpeskillingskoefficient,Västsverige,2023K1,1.72,https://www.statistikdatabasen.scb.se/pxweb/sv/ssd/START__BO__BO0501__BO0501B/FastprisFHRegKv/
Köpeskillingskoefficient,Västsverige,2023K2,1.89,https://www.statistikdatabasen.scb.se/pxweb/sv/ssd/START__BO__BO0501__BO0501B/FastprisFHRegKv/
Köpeskillingskoefficient,Västsverige,2023K3,1.86,https://www.statistikdatabasen.scb.se/pxweb/sv/ssd/START__BO__BO0501__BO0501B/FastprisFHRegKv/
Köpeskillingskoefficient,Västsverige,2023K4,1.82,https://www.statistikdatabasen.scb.se/pxweb/sv/ssd/START__BO__BO0501__BO0501B/FastprisFHRegKv/
Köpeskillingskoefficient,Västsverige,2024K1,1.41,https://www.statistikdatabasen.scb.se/pxweb/sv/ssd/START__BO__BO0501__BO0501B/FastprisFHRegKv/
Köpeskillingskoefficient,Västsverige,2024K2,1.45,https://www.statistikdatabasen.scb.se/pxweb/sv/ssd/START__BO__BO0501__BO0501B/FastprisFHRegKv/
Köpeskillingskoefficient,Västsverige,2024K3,1.48,https://www.statistikdatabasen.scb.se/pxweb/sv/ssd/START__BO__BO0501__BO0501B/FastprisFHRegKv/
Köpeskillingskoefficient,Västsverige,2024K4,1.45,https://www.statistikdatabasen.scb.se/pxweb/sv/ssd/START__BO__BO0501__BO0501B/FastprisFHRegKv/
Köpeskillingskoefficient,Västsverige,2025K1,1.39,https://www.statistikdatabasen.scb.se/pxweb/sv/ssd/START__BO__BO0501__BO0501B/FastprisFHRegKv/
Köpeskillingskoefficient,Västsverige,2025K2,1.49,https://www.statistikdatabasen.scb.se/pxweb/sv/ssd/START__BO__BO0501__BO0501B/FastprisFHRegKv/
Köpeskillingskoefficient,Västsverige,2025K3,1.54,https://www.statistikdatabasen.scb.se/pxweb/sv/ssd/START__BO__BO0501__BO0501B/FastprisFHRegKv/
Köpeskillingskoefficient,Västsverige,2025K4,1.49,https://www.statistikdatabasen.scb.se/pxweb/sv/ssd/START__BO__BO0501__BO0501B/FastprisFHRegKv/
Köpeskillingskoefficient,Västsverige,2026K1,1.42,https://www.statistikdatabasen.scb.se/pxweb/sv/ssd/START__BO__BO0501__BO0501B/FastprisFHRegKv/
Köpeskillingskoefficient,Västsverige,2026K2,1.51,https://www.statistikdatabasen.scb.se/pxweb/sv/ssd/START__BO__BO0501__BO0501B/FastprisFHRegKv/
Antal,Norra mellansverige,1998K1,144,https://www.statistikdatabasen.scb.se/pxweb/sv/ssd/START__BO__BO0501__BO0501B/FastprisFHRegKv/
Antal,Norra mellansverige,1998K2,305,https://www.statistikdatabasen.scb.se/pxweb/sv/ssd/START__BO__BO0501__BO0501B/FastprisFHRegKv/
Antal,Norra mellansverige,1998K3,315,https://www.statistikdatabasen.scb.se/pxweb/sv/ssd/START__BO__BO0501__BO0501B/FastprisFHRegKv/
Antal,Norra mellansverige,1998K4,225,https://www.statistikdatabasen.scb.se/pxweb/sv/ssd/START__BO__BO0501__BO0501B/FastprisFHRegKv/
Antal,Norra mellansverige,1999K1,137,https://www.statistikdatabasen.scb.se/pxweb/sv/ssd/START__BO__BO0501__BO0501B/FastprisFHRegKv/
Antal,Norra mellansverige,1999K2,295,https://www.statistikdatabasen.scb.se/pxweb/sv/ssd/START__BO__BO0501__BO0501B/FastprisFHRegKv/
Antal,Norra mellansverige,1999K3,410,https://www.statistikdatabasen.scb.se/pxweb/sv/ssd/START__BO__BO0501__BO0501B/FastprisFHRegKv/
Antal,Norra mellansverige,1999K4,333,https://www.statistikdatabasen.scb.se/pxweb/sv/ssd/START__BO__BO0501__BO0501B/FastprisFHRegKv/
Antal,Norra mellansverige,2000K1,141,https://www.statistikdatabasen.scb.se/pxweb/sv/ssd/START__BO__BO0501__BO0501B/FastprisFHRegKv/
Antal,Norra mellansverige,2000K2,300,https://www.statistikdatabasen.scb.se/pxweb/sv/ssd/START__BO__BO0501__BO0501B/FastprisFHRegKv/
Antal,Norra mellansverige,2000K3,336,https://www.statistikdatabasen.scb.se/pxweb/sv/ssd/START__BO__BO0501__BO0501B/FastprisFHRegKv/
Antal,Norra mellansverige,2000K4,268,https://www.statistikdatabasen.scb.se/pxweb/sv/ssd/START__BO__BO0501__BO0501B/FastprisFHRegKv/
Antal,Norra mellansverige,2001K1,103,https://www.statistikdatabasen.scb.se/pxweb/sv/ssd/START__BO__BO0501__BO0501B/FastprisFHRegKv/
Antal,Norra mellansverige,2001K2,265,https://www.statistikdatabasen.scb.se/pxweb/sv/ssd/START__BO__BO0501__BO0501B/FastprisFHRegKv/
Antal,Norra mellansverige,2001K3,365,https://www.statistikdatabasen.scb.se/pxweb/sv/ssd/START__BO__BO0501__BO0501B/FastprisFHRegKv/
Antal,Norra mellansverige,2001K4,253,https://www.statistikdatabasen.scb.se/pxweb/sv/ssd/START__BO__BO0501__BO0501B/FastprisFHRegKv/
Antal,Norra mellansverige,2002K1,152,https://www.statistikdatabasen.scb.se/pxweb/sv/ssd/START__BO__BO0501__BO0501B/FastprisFHRegKv/
Antal,Norra mellansverige,2002K2,334,https://www.statistikdatabasen.scb.se/pxweb/sv/ssd/START__BO__BO0501__BO0501B/FastprisFHRegKv/
Antal,Norra mellansverige,2002K3,399,https://www.statistikdatabasen.scb.se/pxweb/sv/ssd/START__BO__BO0501__BO0501B/FastprisFHRegKv/
Antal,Norra mellansverige,2002K4,264,https://www.statistikdatabasen.scb.se/pxweb/sv/ssd/START__BO__BO0501__BO0501B/FastprisFHRegKv/
Antal,Norra mellansverige,2003K1,128,https://www.statistikdatabasen.scb.se/pxweb/sv/ssd/START__BO__BO0501__BO0501B/FastprisFHRegKv/
Antal,Norra mellansverige,2003K2,310,https://www.statistikdatabasen.scb.se/pxweb/sv/ssd/START__BO__BO0501__BO0501B/FastprisFHRegKv/
Antal,Norra mellansverige,2003K3,387,https://www.statistikdatabasen.scb.se/pxweb/sv/ssd/START__BO__BO0501__BO0501B/FastprisFHRegKv/
Antal,Norra mellansverige,2003K4,271,https://www.statistikdatabasen.scb.se/pxweb/sv/ssd/START__BO__BO0501__BO0501B/FastprisFHRegKv/
Antal,Norra mellansverige,2004K1,144,https://www.statistikdatabasen.scb.se/pxweb/sv/ssd/START__BO__BO0501__BO0501B/FastprisFHRegKv/
Antal,Norra mellansverige,2004K2,323,https://www.statistikdatabasen.scb.se/pxweb/sv/ssd/START__BO__BO0501__BO0501B/FastprisFHRegKv/
Antal,Norra mellansverige,2004K3,397,https://www.statistikdatabasen.scb.se/pxweb/sv/ssd/START__BO__BO0501__BO0501B/FastprisFHRegKv/
Antal,Norra mellansverige,2004K4,278,https://www.statistikdatabasen.scb.se/pxweb/sv/ssd/START__BO__BO0501__BO0501B/FastprisFHRegKv/
Antal,Norra mellansverige,2005K1,134,https://www.statistikdatabasen.scb.se/pxweb/sv/ssd/START__BO__BO0501__BO0501B/FastprisFHRegKv/
Antal,Norra mellansverige,2005K2,356,https://www.statistikdatabasen.scb.se/pxweb/sv/ssd/START__BO__BO0501__BO0501B/FastprisFHRegKv/
Antal,Norra mellansverige,2005K3,510,https://www.statistikdatabasen.scb.se/pxweb/sv/ssd/START__BO__BO0501__BO0501B/FastprisFHRegKv/
Antal,Norra mellansverige,2005K4,270,https://www.statistikdatabasen.scb.se/pxweb/sv/ssd/START__BO__BO0501__BO0501B/FastprisFHRegKv/
Antal,Norra mellansverige,2006K1,174,https://www.statistikdatabasen.scb.se/pxweb/sv/ssd/START__BO__BO0501__BO0501B/FastprisFHRegKv/
Antal,Norra mellansverige,2006K2,305,https://www.statistikdatabasen.scb.se/pxweb/sv/ssd/START__BO__BO0501__BO0501B/FastprisFHRegKv/
Antal,Norra mellansverige,2006K3,427,https://www.statistikdatabasen.scb.se/pxweb/sv/ssd/START__BO__BO0501__BO0501B/FastprisFHRegKv/
Antal,Norra mellansverige,2006K4,283,https://www.statistikdatabasen.scb.se/pxweb/sv/ssd/START__BO__BO0501__BO0501B/FastprisFHRegKv/
Antal,Norra mellansverige,2007K1,139,https://www.statistikdatabasen.scb.se/pxweb/sv/ssd/START__BO__BO0501__BO0501B/FastprisFHRegKv/
Antal,Norra mellansverige,2007K2,349,https://www.statistikdatabasen.scb.se/pxweb/sv/ssd/START__BO__BO0501__BO0501B/FastprisFHRegKv/
Antal,Norra mellansverige,2007K3,458,https://www.statistikdatabasen.scb.se/pxweb/sv/ssd/START__BO__BO0501__BO0501B/FastprisFHRegKv/
Antal,Norra mellansverige,2007K4,308,https://www.statistikdatabasen.scb.se/pxweb/sv/ssd/START__BO__BO0501__BO0501B/FastprisFHRegKv/
Antal,Norra mellansverige,2008K1,138,https://www.statistikdatabasen.scb.se/pxweb/sv/ssd/START__BO__BO0501__BO0501B/FastprisFHRegKv/
Antal,Norra mellansverige,2008K2,323,https://www.statistikdatabasen.scb.se/pxweb/sv/ssd/START__BO__BO0501__BO0501B/FastprisFHRegKv/
Antal,Norra mellansverige,2008K3,395,https://www.statistikdatabasen.scb.se/pxweb/sv/ssd/START__BO__BO0501__BO0501B/FastprisFHRegKv/
Antal,Norra mellansverige,2008K4,247,https://www.statistikdatabasen.scb.se/pxweb/sv/ssd/START__BO__BO0501__BO0501B/FastprisFHRegKv/
Antal,Norra mellansverige,2009K1,148,https://www.statistikdatabasen.scb.se/pxweb/sv/ssd/START__BO__BO0501__BO0501B/FastprisFHRegKv/
Antal,Norra mellansverige,2009K2,299,https://www.statistikdatabasen.scb.se/pxweb/sv/ssd/START__BO__BO0501__BO0501B/FastprisFHRegKv/
Antal,Norra mellansverige,2009K3,417,https://www.statistikdatabasen.scb.se/pxweb/sv/ssd/START__BO__BO0501__BO0501B/FastprisFHRegKv/
Antal,Norra mellansverige,2009K4,284,https://www.statistikdatabasen.scb.se/pxweb/sv/ssd/START__BO__BO0501__BO0501B/FastprisFHRegKv/
Antal,Norra mellansverige,2010K1,142,https://www.statistikdatabasen.scb.se/pxweb/sv/ssd/START__BO__BO0501__BO0501B/FastprisFHRegKv/
Antal,Norra mellansverige,2010K2,284,https://www.statistikdatabasen.scb.se/pxweb/sv/ssd/START__BO__BO0501__BO0501B/FastprisFHRegKv/
Antal,Norra mellansverige,2010K3,474,https://www.statistikdatabasen.scb.se/pxweb/sv/ssd/START__BO__BO0501__BO0501B/FastprisFHRegKv/
Antal,Norra mellansverige,2010K4,289,https://www.statistikdatabasen.scb.se/pxweb/sv/ssd/START__BO__BO0501__BO0501B/FastprisFHRegKv/
Antal,Norra mellansverige,2011K1,119,https://www.statistikdatabasen.scb.se/pxweb/sv/ssd/START__BO__BO0501__BO0501B/FastprisFHRegKv/
Antal,Norra mellansverige,2011K2,303,https://www.statistikdatabasen.scb.se/pxweb/sv/ssd/START__BO__BO0501__BO0501B/FastprisFHRegKv/
Antal,Norra mellansverige,2011K3,479,https://www.statistikdatabasen.scb.se/pxweb/sv/ssd/START__BO__BO0501__BO0501B/FastprisFHRegKv/
Antal,Norra mellansverige,2011K4,241,https://www.statistikdatabasen.scb.se/pxweb/sv/ssd/START__BO__BO0501__BO0501B/FastprisFHRegKv/
Antal,Norra mellansverige,2012K1,156,https://www.statistikdatabasen.scb.se/pxweb/sv/ssd/START__BO__BO0501__BO0501B/FastprisFHRegKv/
Antal,Norra mellansverige,2012K2,321,https://www.statistikdatabasen.scb.se/pxweb/sv/ssd/START__BO__BO0501__BO0501B/FastprisFHRegKv/
Antal,Norra mellansverige,2012K3,404,https://www.statistikdatabasen.scb.se/pxweb/sv/ssd/START__BO__BO0501__BO0501B/FastprisFHRegKv/
Antal,Norra mellansverige,2012K4,268,https://www.statistikdatabasen.scb.se/pxweb/sv/ssd/START__BO__BO0501__BO0501B/FastprisFHRegKv/
Antal,Norra mellansverige,2013K1,153,https://www.statistikdatabasen.scb.se/pxweb/sv/ssd/START__BO__BO0501__BO0501B/FastprisFHRegKv/
Antal,Norra mellansverige,2013K2,255,https://www.statistikdatabasen.scb.se/pxweb/sv/ssd/START__BO__BO0501__BO0501B/FastprisFHRegKv/
Antal,Norra mellansverige,2013K3,451,https://www.statistikdatabasen.scb.se/pxweb/sv/ssd/START__BO__BO0501__BO0501B/FastprisFHRegKv/
Antal,Norra mellansverige,2013K4,313,https://www.statistikdatabasen.scb.se/pxweb/sv/ssd/START__BO__BO0501__BO0501B/FastprisFHRegKv/
Antal,Norra mellansverige,2014K1,167,https://www.statistikdatabasen.scb.se/pxweb/sv/ssd/START__BO__BO0501__BO0501B/FastprisFHRegKv/
Antal,Norra mellansverige,2014K2,325,https://www.statistikdatabasen.scb.se/pxweb/sv/ssd/START__BO__BO0501__BO0501B/FastprisFHRegKv/
Antal,Norra mellansverige,2014K3,465,https://www.statistikdatabasen.scb.se/pxweb/sv/ssd/START__BO__BO0501__BO0501B/FastprisFHRegKv/
Antal,Norra mellansverige,2014K4,362,https://www.statistikdatabasen.scb.se/pxweb/sv/ssd/START__BO__BO0501__BO0501B/FastprisFHRegKv/
Antal,Norra mellansverige,2015K1,240,https://www.statistikdatabasen.scb.se/pxweb/sv/ssd/START__BO__BO0501__BO0501B/FastprisFHRegKv/
Antal,Norra mellansverige,2015K2,496,https://www.statistikdatabasen.scb.se/pxweb/sv/ssd/START__BO__BO0501__BO0501B/FastprisFHRegKv/
Antal,Norra mellansverige,2015K3,611,https://www.statistikdatabasen.scb.se/pxweb/sv/ssd/START__BO__BO0501__BO0501B/FastprisFHRegKv/
Antal,Norra mellansverige,2015K4,530,https://www.statistikdatabasen.scb.se/pxweb/sv/ssd/START__BO__BO0501__BO0501B/FastprisFHRegKv/
Antal,Norra mellansverige,2016K1,261,https://www.statistikdatabasen.scb.se/pxweb/sv/ssd/START__BO__BO0501__BO0501B/FastprisFHRegKv/
Antal,Norra mellansverige,2016K2,493,https://www.statistikdatabasen.scb.se/pxweb/sv/ssd/START__BO__BO0501__BO0501B/FastprisFHRegKv/
Antal,Norra mellansverige,2016K3,576,https://www.statistikdatabasen.scb.se/pxweb/sv/ssd/START__BO__BO0501__BO0501B/FastprisFHRegKv/
Antal,Norra mellansverige,2016K4,450,https://www.statistikdatabasen.scb.se/pxweb/sv/ssd/START__BO__BO0501__BO0501B/FastprisFHRegKv/
Antal,Norra mellansverige,2017K1,252,https://www.statistikdatabasen.scb.se/pxweb/sv/ssd/START__BO__BO0501__BO0501B/FastprisFHRegKv/
Antal,Norra mellansverige,2017K2,509,https://www.statistikdatabasen.scb.se/pxweb/sv/ssd/START__BO__BO0501__BO0501B/FastprisFHRegKv/
Antal,Norra mellansverige,2017K3,593,https://www.statistikdatabasen.scb.se/pxweb/sv/ssd/START__BO__BO0501__BO0501B/FastprisFHRegKv/
Antal,Norra mellansverige,2017K4,439,https://www.statistikdatabasen.scb.se/pxweb/sv/ssd/START__BO__BO0501__BO0501B/FastprisFHRegKv/
Antal,Norra mellansverige,2018K1,219,https://www.statistikdatabasen.scb.se/pxweb/sv/ssd/START__BO__BO0501__BO0501B/FastprisFHRegKv/
Antal,Norra mellansverige,2018K2,346,https://www.statistikdatabasen.scb.se/pxweb/sv/ssd/START__BO__BO0501__BO0501B/FastprisFHRegKv/
Antal,Norra mellansverige,2018K3,568,https://www.statistikdatabasen.scb.se/pxweb/sv/ssd/START__BO__BO0501__BO0501B/FastprisFHRegKv/
Antal,Norra mellansverige,2018K4,448,https://www.statistikdatabasen.scb.se/pxweb/sv/ssd/START__BO__BO0501__BO0501B/FastprisFHRegKv/
Antal,Norra mellansverige,2019K1,194,https://www.statistikdatabasen.scb.se/pxweb/sv/ssd/START__BO__BO0501__BO0501B/FastprisFHRegKv/
Antal,Norra mellansverige,2019K2,386,https://www.statistikdatabasen.scb.se/pxweb/sv/ssd/START__BO__BO0501__BO0501B/FastprisFHRegKv/
Antal,Norra mellansverige,2019K3,639,https://www.statistikdatabasen.scb.se/pxweb/sv/ssd/START__BO__BO0501__BO0501B/FastprisFHRegKv/
Antal,Norra mellansverige,2019K4,443,https://www.statistikdatabasen.scb.se/pxweb/sv/ssd/START__BO__BO0501__BO0501B/FastprisFHRegKv/
Antal,Norra mellansverige,2020K1,228,https://www.statistikdatabasen.scb.se/pxweb/sv/ssd/START__BO__BO0501__BO0501B/FastprisFHRegKv/
Antal,Norra mellansverige,2020K2,468,https://www.statistikdatabasen.scb.se/pxweb/sv/ssd/START__BO__BO0501__BO0501B/FastprisFHRegKv/
Antal,Norra mellansverige,2020K3,759,https://www.statistikdatabasen.scb.se/pxweb/sv/ssd/START__BO__BO0501__BO0501B/FastprisFHRegKv/
Antal,Norra mellansverige,2020K4,484,https://www.statistikdatabasen.scb.se/pxweb/sv/ssd/START__BO__BO0501__BO0501B/FastprisFHRegKv/
Antal,Norra mellansverige,2021K1,228,https://www.statistikdatabasen.scb.se/pxweb/sv/ssd/START__BO__BO0501__BO0501B/FastprisFHRegKv/
Antal,Norra mellansverige,2021K2,459,https://www.statistikdatabasen.scb.se/pxweb/sv/ssd/START__BO__BO0501__BO0501B/FastprisFHRegKv/
Antal,Norra mellansverige,2021K3,597,https://www.statistikdatabasen.scb.se/pxweb/sv/ssd/START__BO__BO0501__BO0501B/FastprisFHRegKv/
Antal,Norra mellansverige,2021K4,499,https://www.statistikdatabasen.scb.se/pxweb/sv/ssd/START__BO__BO0501__BO0501B/FastprisFHRegKv/
Antal,Norra mellansverige,2022K1,217,https://www.statistikdatabasen.scb.se/pxweb/sv/ssd/START__BO__BO0501__BO0501B/FastprisFHRegKv/
Antal,Norra mellansverige,2022K2,364,https://www.statistikdatabasen.scb.se/pxweb/sv/ssd/START__BO__BO0501__BO0501B/FastprisFHRegKv/
Antal,Norra mellansverige,2022K3,540,https://www.statistikdatabasen.scb.se/pxweb/sv/ssd/START__BO__BO0501__BO0501B/FastprisFHRegKv/
Antal,Norra mellansverige,2022K4,384,https://www.statistikdatabasen.scb.se/pxweb/sv/ssd/START__BO__BO0501__BO0501B/FastprisFHRegKv/
Antal,Norra mellansverige,2023K1,171,https://www.statistikdatabasen.scb.se/pxweb/sv/ssd/START__BO__BO0501__BO0501B/FastprisFHRegKv/
Antal,Norra mellansverige,2023K2,310,https://www.statistikdatabasen.scb.se/pxweb/sv/ssd/START__BO__BO0501__BO0501B/FastprisFHRegKv/
Antal,Norra mellansverige,2023K3,458,https://www.statistikdatabasen.scb.se/pxweb/sv/ssd/START__BO__BO0501__BO0501B/FastprisFHRegKv/
Antal,Norra mellansverige,2023K4,369,https://www.statistikdatabasen.scb.se/pxweb/sv/ssd/START__BO__BO0501__BO0501B/FastprisFHRegKv/
Antal,Norra mellansverige,2024K1,189,https://www.statistikdatabasen.scb.se/pxweb/sv/ssd/START__BO__BO0501__BO0501B/FastprisFHRegKv/
Antal,Norra mellansverige,2024K2,342,https://www.statistikdatabasen.scb.se/pxweb/sv/ssd/START__BO__BO0501__BO0501B/FastprisFHRegKv/
Antal,Norra mellansverige,2024K3,463,https://www.statistikdatabasen.scb.se/pxweb/sv/ssd/START__BO__BO0501__BO0501B/FastprisFHRegKv/
Antal,Norra mellansverige,2024K4,441,https://www.statistikdatabasen.scb.se/pxweb/sv/ssd/START__BO__BO0501__BO0501B/FastprisFHRegKv/
Antal,Norra mellansverige,2025K1,243,https://www.statistikdatabasen.scb.se/pxweb/sv/ssd/START__BO__BO0501__BO0501B/FastprisFHRegKv/
Antal,Norra mellansverige,2025K2,425,https://www.statistikdatabasen.scb.se/pxweb/sv/ssd/START__BO__BO0501__BO0501B/FastprisFHRegKv/
Antal,Norra mellansverige,2025K3,566,https://www.statistikdatabasen.scb.se/pxweb/sv/ssd/START__BO__BO0501__BO0501B/FastprisFHRegKv/
Antal,Norra mellansverige,2025K4,454,https://www.statistikdatabasen.scb.se/pxweb/sv/ssd/START__BO__BO0501__BO0501B/FastprisFHRegKv/
Antal,Norra mellansverige,2026K1,219,https://www.statistikdatabasen.scb.se/pxweb/sv/ssd/START__BO__BO0501__BO0501B/FastprisFHRegKv/
Antal,Norra mellansverige,2026K2,355,https://www.statistikdatabasen.scb.se/pxweb/sv/ssd/START__BO__BO0501__BO0501B/FastprisFHRegKv/
"Köpeskilling, medelvärde i tkr",Norra mellansverige,1998K1,413,https://www.statistikdatabasen.scb.se/pxweb/sv/ssd/START__BO__BO0501__BO0501B/FastprisFHRegKv/
"Köpeskilling, medelvärde i tkr",Norra mellansverige,1998K2,312,https://www.statistikdatabasen.scb.se/pxweb/sv/ssd/START__BO__BO0501__BO0501B/FastprisFHRegKv/
"Köpeskilling, medelvärde i tkr",Norra mellansverige,1998K3,315,https://www.statistikdatabasen.scb.se/pxweb/sv/ssd/START__BO__BO0501__BO0501B/FastprisFHRegKv/
"Köpeskilling, medelvärde i tkr",Norra mellansverige,1998K4,382,https://www.statistikdatabasen.scb.se/pxweb/sv/ssd/START__BO__BO0501__BO0501B/FastprisFHRegKv/
"Köpeskilling, medelvärde i tkr",Norra mellansverige,1999K1,356,https://www.statistikdatabasen.scb.se/pxweb/sv/ssd/START__BO__BO0501__BO0501B/FastprisFHRegKv/
"Köpeskilling, medelvärde i tkr",Norra mellansverige,1999K2,366,https://www.statistikdatabasen.scb.se/pxweb/sv/ssd/START__BO__BO0501__BO0501B/FastprisFHRegKv/
"Köpeskilling, medelvärde i tkr",Norra mellansverige,1999K3,344,https://www.statistikdatabasen.scb.se/pxweb/sv/ssd/START__BO__BO0501__BO0501B/FastprisFHRegKv/
"Köpeskilling, medelvärde i tkr",Norra mellansverige,1999K4,413,https://www.statistikdatabasen.scb.se/pxweb/sv/ssd/START__BO__BO0501__BO0501B/FastprisFHRegKv/
"Köpeskilling, medelvärde i tkr",Norra mellansverige,2000K1,384,https://www.statistikdatabasen.scb.se/pxweb/sv/ssd/START__BO__BO0501__BO0501B/FastprisFHRegKv/
"Köpeskilling, medelvärde i tkr",Norra mellansverige,2000K2,402,https://www.statistikdatabasen.scb.se/pxweb/sv/ssd/START__BO__BO0501__BO0501B/FastprisFHRegKv/
"Köpeskilling, medelvärde i tkr",Norra mellansverige,2000K3,363,https://www.statistikdatabasen.scb.se/pxweb/sv/ssd/START__BO__BO0501__BO0501B/FastprisFHRegKv/
"Köpeskilling, medelvärde i tkr",Norra mellansverige,2000K4,396,https://www.statistikdatabasen.scb.se/pxweb/sv/ssd/START__BO__BO0501__BO0501B/FastprisFHRegKv/
"Köpeskilling, medelvärde i tkr",Norra mellansverige,2001K1,405,https://www.statistikdatabasen.scb.se/pxweb/sv/ssd/START__BO__BO0501__BO0501B/FastprisFHRegKv/
"Köpeskilling, medelvärde i tkr",Norra mellansverige,2001K2,395,https://www.statistikdatabasen.scb.se/pxweb/sv/ssd/START__BO__BO0501__BO0501B/FastprisFHRegKv/
"Köpeskilling, medelvärde i tkr",Norra mellansverige,2001K3,382,https://www.statistikdatabasen.scb.se/pxweb/sv/ssd/START__BO__BO0501__BO0501B/FastprisFHRegKv/
"Köpeskilling, medelvärde i tkr",Norra mellansverige,2001K4,418,https://www.statistikdatabasen.scb.se/pxweb/sv/ssd/START__BO__BO0501__BO0501B/FastprisFHRegKv/
"Köpeskilling, medelvärde i tkr",Norra mellansverige,2002K1,449,https://www.statistikdatabasen.scb.se/pxweb/sv/ssd/START__BO__BO0501__BO0501B/FastprisFHRegKv/
"Köpeskilling, medelvärde i tkr",Norra mellansverige,2002K2,432,https://www.statistikdatabasen.scb.se/pxweb/sv/ssd/START__BO__BO0501__BO0501B/FastprisFHRegKv/
"Köpeskilling, medelvärde i tkr",Norra mellansverige,2002K3,415,https://www.statistikdatabasen.scb.se/pxweb/sv/ssd/START__BO__BO0501__BO0501B/FastprisFHRegKv/
"Köpeskilling, medelvärde i tkr",Norra mellansverige,2002K4,421,https://www.statistikdatabasen.scb.se/pxweb/sv/ssd/START__BO__BO0501__BO0501B/FastprisFHRegKv/
"Köpeskilling, medelvärde i tkr",Norra mellansverige,2003K1,488,https://www.statistikdatabasen.scb.se/pxweb/sv/ssd/START__BO__BO0501__BO0501B/FastprisFHRegKv/
"Köpeskilling, medelvärde i tkr",Norra mellansverige,2003K2,452,https://www.statistikdatabasen.scb.se/pxweb/sv/ssd/START__BO__BO0501__BO0501B/FastprisFHRegKv/
"Köpeskilling, medelvärde i tkr",Norra mellansverige,2003K3,475,https://www.statistikdatabasen.scb.se/pxweb/sv/ssd/START__BO__BO0501__BO0501B/FastprisFHRegKv/
"Köpeskilling, medelvärde i tkr",Norra mellansverige,2003K4,551,https://www.statistikdatabasen.scb.se/pxweb/sv/ssd/START__BO__BO0501__BO0501B/FastprisFHRegKv/
"Köpeskilling, medelvärde i tkr",Norra mellansverige,2004K1,547,https://www.statistikdatabasen.scb.se/pxweb/sv/ssd/START__BO__BO0501__BO0501B/FastprisFHRegKv/
"Köpeskilling, medelvärde i tkr",Norra mellansverige,2004K2,462,https://www.statistikdatabasen.scb.se/pxweb/sv/ssd/START__BO__BO0501__BO0501B/FastprisFHRegKv/
"Köpeskilling, medelvärde i tkr",Norra mellansverige,2004K3,543,https://www.statistikdatabasen.scb.se/pxweb/sv/ssd/START__BO__BO0501__BO0501B/FastprisFHRegKv/
"Köpeskilling, medelvärde i tkr",Norra mellansverige,2004K4,625,https://www.statistikdatabasen.scb.se/pxweb/sv/ssd/START__BO__BO0501__BO0501B/FastprisFHRegKv/
"Köpeskilling, medelvärde i tkr",Norra mellansverige,2005K1,591,https://www.statistikdatabasen.scb.se/pxweb/sv/ssd/START__BO__BO0501__BO0501B/FastprisFHRegKv/
"Köpeskilling, medelvärde i tkr",Norra mellansverige,2005K2,503,https://www.statistikdatabasen.scb.se/pxweb/sv/ssd/START__BO__BO0501__BO0501B/FastprisFHRegKv/
"Köpeskilling, medelvärde i tkr",Norra mellansverige,2005K3,600,https://www.statistikdatabasen.scb.se/pxweb/sv/ssd/START__BO__BO0501__BO0501B/FastprisFHRegKv/
"Köpeskilling, medelvärde i tkr",Norra mellansverige,2005K4,690,https://www.statistikdatabasen.scb.se/pxweb/sv/ssd/START__BO__BO0501__BO0501B/FastprisFHRegKv/
"Köpeskilling, medelvärde i tkr",Norra mellansverige,2006K1,696,https://www.statistikdatabasen.scb.se/pxweb/sv/ssd/START__BO__BO0501__BO0501B/FastprisFHRegKv/
"Köpeskilling, medelvärde i tkr",Norra mellansverige,2006K2,708,https://www.statistikdatabasen.scb.se/pxweb/sv/ssd/START__BO__BO0501__BO0501B/FastprisFHRegKv/
"Köpeskilling, medelvärde i tkr",Norra mellansverige,2006K3,641,https://www.statistikdatabasen.scb.se/pxweb/sv/ssd/START__BO__BO0501__BO0501B/FastprisFHRegKv/
"Köpeskilling, medelvärde i tkr",Norra mellansverige,2006K4,784,https://www.statistikdatabasen.scb.se/pxweb/sv/ssd/START__BO__BO0501__BO0501B/FastprisFHRegKv/
"Köpeskilling, medelvärde i tkr",Norra mellansverige,2007K1,673,https://www.statistikdatabasen.scb.se/pxweb/sv/ssd/START__BO__BO0501__BO0501B/FastprisFHRegKv/
"Köpeskilling, medelvärde i tkr",Norra mellansverige,2007K2,697,https://www.statistikdatabasen.scb.se/pxweb/sv/ssd/START__BO__BO0501__BO0501B/FastprisFHRegKv/
"Köpeskilling, medelvärde i tkr",Norra mellansverige,2007K3,705,https://www.statistikdatabasen.scb.se/pxweb/sv/ssd/START__BO__BO0501__BO0501B/FastprisFHRegKv/
"Köpeskilling, medelvärde i tkr",Norra mellansverige,2007K4,764,https://www.statistikdatabasen.scb.se/pxweb/sv/ssd/START__BO__BO0501__BO0501B/FastprisFHRegKv/
"Köpeskilling, medelvärde i tkr",Norra mellansverige,2008K1,861,https://www.statistikdatabasen.scb.se/pxweb/sv/ssd/START__BO__BO0501__BO0501B/FastprisFHRegKv/
"Köpeskilling, medelvärde i tkr",Norra mellansverige,2008K2,775,https://www.statistikdatabasen.scb.se/pxweb/sv/ssd/START__BO__BO0501__BO0501B/FastprisFHRegKv/
"Köpeskilling, medelvärde i tkr",Norra mellansverige,2008K3,708,https://www.statistikdatabasen.scb.se/pxweb/sv/ssd/START__BO__BO0501__BO0501B/FastprisFHRegKv/
"Köpeskilling, medelvärde i tkr",Norra mellansverige,2008K4,747,https://www.statistikdatabasen.scb.se/pxweb/sv/ssd/START__BO__BO0501__BO0501B/FastprisFHRegKv/
"Köpeskilling, medelvärde i tkr",Norra mellansverige,2009K1,884,https://www.statistikdatabasen.scb.se/pxweb/sv/ssd/START__BO__BO0501__BO0501B/FastprisFHRegKv/
"Köpeskilling, medelvärde i tkr",Norra mellansverige,2009K2,858,https://www.statistikdatabasen.scb.se/pxweb/sv/ssd/START__BO__BO0501__BO0501B/FastprisFHRegKv/
"Köpeskilling, medelvärde i tkr",Norra mellansverige,2009K3,814,https://www.statistikdatabasen.scb.se/pxweb/sv/ssd/START__BO__BO0501__BO0501B/FastprisFHRegKv/
"Köpeskilling, medelvärde i tkr",Norra mellansverige,2009K4,988,https://www.statistikdatabasen.scb.se/pxweb/sv/ssd/START__BO__BO0501__BO0501B/FastprisFHRegKv/
"Köpeskilling, medelvärde i tkr",Norra mellansverige,2010K1,1093,https://www.statistikdatabasen.scb.se/pxweb/sv/ssd/START__BO__BO0501__BO0501B/FastprisFHRegKv/
"Köpeskilling, medelvärde i tkr",Norra mellansverige,2010K2,898,https://www.statistikdatabasen.scb.se/pxweb/sv/ssd/START__BO__BO0501__BO0501B/FastprisFHRegKv/
"Köpeskilling, medelvärde i tkr",Norra mellansverige,2010K3,898,https://www.statistikdatabasen.scb.se/pxweb/sv/ssd/START__BO__BO0501__BO0501B/FastprisFHRegKv/
"Köpeskilling, medelvärde i tkr",Norra mellansverige,2010K4,1048,https://www.statistikdatabasen.scb.se/pxweb/sv/ssd/START__BO__BO0501__BO0501B/FastprisFHRegKv/
"Köpeskilling, medelvärde i tkr",Norra mellansverige,2011K1,1057,https://www.statistikdatabasen.scb.se/pxweb/sv/ssd/START__BO__BO0501__BO0501B/FastprisFHRegKv/
"Köpeskilling, medelvärde i tkr",Norra mellansverige,2011K2,866,https://www.statistikdatabasen.scb.se/pxweb/sv/ssd/START__BO__BO0501__BO0501B/FastprisFHRegKv/
"Köpeskilling, medelvärde i tkr",Norra mellansverige,2011K3,823,https://www.statistikdatabasen.scb.se/pxweb/sv/ssd/START__BO__BO0501__BO0501B/FastprisFHRegKv/
"Köpeskilling, medelvärde i tkr",Norra mellansverige,2011K4,951,https://www.statistikdatabasen.scb.se/pxweb/sv/ssd/START__BO__BO0501__BO0501B/FastprisFHRegKv/
"Köpeskilling, medelvärde i tkr",Norra mellansverige,2012K1,989,https://www.statistikdatabasen.scb.se/pxweb/sv/ssd/START__BO__BO0501__BO0501B/FastprisFHRegKv/
"Köpeskilling, medelvärde i tkr",Norra mellansverige,2012K2,789,https://www.statistikdatabasen.scb.se/pxweb/sv/ssd/START__BO__BO0501__BO0501B/FastprisFHRegKv/
"Köpeskilling, medelvärde i tkr",Norra mellansverige,2012K3,867,https://www.statistikdatabasen.scb.se/pxweb/sv/ssd/START__BO__BO0501__BO0501B/FastprisFHRegKv/
"Köpeskilling, medelvärde i tkr",Norra mellansverige,2012K4,940,https://www.statistikdatabasen.scb.se/pxweb/sv/ssd/START__BO__BO0501__BO0501B/FastprisFHRegKv/
"Köpeskilling, medelvärde i tkr",Norra mellansverige,2013K1,1070,https://www.statistikdatabasen.scb.se/pxweb/sv/ssd/START__BO__BO0501__BO0501B/FastprisFHRegKv/
"Köpeskilling, medelvärde i tkr",Norra mellansverige,2013K2,901,https://www.statistikdatabasen.scb.se/pxweb/sv/ssd/START__BO__BO0501__BO0501B/FastprisFHRegKv/
"Köpeskilling, medelvärde i tkr",Norra mellansverige,2013K3,880,https://www.statistikdatabasen.scb.se/pxweb/sv/ssd/START__BO__BO0501__BO0501B/FastprisFHRegKv/
"Köpeskilling, medelvärde i tkr",Norra mellansverige,2013K4,1053,https://www.statistikdatabasen.scb.se/pxweb/sv/ssd/START__BO__BO0501__BO0501B/FastprisFHRegKv/
"Köpeskilling, medelvärde i tkr",Norra mellansverige,2014K1,1145,https://www.statistikdatabasen.scb.se/pxweb/sv/ssd/START__BO__BO0501__BO0501B/FastprisFHRegKv/
"Köpeskilling, medelvärde i tkr",Norra mellansverige,2014K2,1015,https://www.statistikdatabasen.scb.se/pxweb/sv/ssd/START__BO__BO0501__BO0501B/FastprisFHRegKv/
"Köpeskilling, medelvärde i tkr",Norra mellansverige,2014K3,914,https://www.statistikdatabasen.scb.se/pxweb/sv/ssd/START__BO__BO0501__BO0501B/FastprisFHRegKv/
"Köpeskilling, medelvärde i tkr",Norra mellansverige,2014K4,1107,https://www.statistikdatabasen.scb.se/pxweb/sv/ssd/START__BO__BO0501__BO0501B/FastprisFHRegKv/
"Köpeskilling, medelvärde i tkr",Norra mellansverige,2015K1,1228,https://www.statistikdatabasen.scb.se/pxweb/sv/ssd/START__BO__BO0501__BO0501B/FastprisFHRegKv/
"Köpeskilling, medelvärde i tkr",Norra mellansverige,2015K2,942,https://www.statistikdatabasen.scb.se/pxweb/sv/ssd/START__BO__BO0501__BO0501B/FastprisFHRegKv/
"Köpeskilling, medelvärde i tkr",Norra mellansverige,2015K3,974,https://www.statistikdatabasen.scb.se/pxweb/sv/ssd/START__BO__BO0501__BO0501B/FastprisFHRegKv/
"Köpeskilling, medelvärde i tkr",Norra mellansverige,2015K4,1116,https://www.statistikdatabasen.scb.se/pxweb/sv/ssd/START__BO__BO0501__BO0501B/FastprisFHRegKv/
"Köpeskilling, medelvärde i tkr",Norra mellansverige,2016K1,1116,https://www.statistikdatabasen.scb.se/pxweb/sv/ssd/START__BO__BO0501__BO0501B/FastprisFHRegKv/
"Köpeskilling, medelvärde i tkr",Norra mellansverige,2016K2,975,https://www.statistikdatabasen.scb.se/pxweb/sv/ssd/START__BO__BO0501__BO0501B/FastprisFHRegKv/
"Köpeskilling, medelvärde i tkr",Norra mellansverige,2016K3,950,https://www.statistikdatabasen.scb.se/pxweb/sv/ssd/START__BO__BO0501__BO0501B/FastprisFHRegKv/
"Köpeskilling, medelvärde i tkr",Norra mellansverige,2016K4,1278,https://www.statistikdatabasen.scb.se/pxweb/sv/ssd/START__BO__BO0501__BO0501B/FastprisFHRegKv/
"Köpeskilling, medelvärde i tkr",Norra mellansverige,2017K1,1340,https://www.statistikdatabasen.scb.se/pxweb/sv/ssd/START__BO__BO0501__BO0501B/FastprisFHRegKv/
"Köpeskilling, medelvärde i tkr",Norra mellansverige,2017K2,1238,https://www.statistikdatabasen.scb.se/pxweb/sv/ssd/START__BO__BO0501__BO0501B/FastprisFHRegKv/
"Köpeskilling, medelvärde i tkr",Norra mellansverige,2017K3,1057,https://www.statistikdatabasen.scb.se/pxweb/sv/ssd/START__BO__BO0501__BO0501B/FastprisFHRegKv/
"Köpeskilling, medelvärde i tkr",Norra mellansverige,2017K4,1286,https://www.statistikdatabasen.scb.se/pxweb/sv/ssd/START__BO__BO0501__BO0501B/FastprisFHRegKv/
"Köpeskilling, medelvärde i tkr",Norra mellansverige,2018K1,1335,https://www.statistikdatabasen.scb.se/pxweb/sv/ssd/START__BO__BO0501__BO0501B/FastprisFHRegKv/
"Köpeskilling, medelvärde i tkr",Norra mellansverige,2018K2,1204,https://www.statistikdatabasen.scb.se/pxweb/sv/ssd/START__BO__BO0501__BO0501B/FastprisFHRegKv/
"Köpeskilling, medelvärde i tkr",Norra mellansverige,2018K3,1080,https://www.statistikdatabasen.scb.se/pxweb/sv/ssd/START__BO__BO0501__BO0501B/FastprisFHRegKv/
"Köpeskilling, medelvärde i tkr",Norra mellansverige,2018K4,1287,https://www.statistikdatabasen.scb.se/pxweb/sv/ssd/START__BO__BO0501__BO0501B/FastprisFHRegKv/
"Köpeskilling, medelvärde i tkr",Norra mellansverige,2019K1,1360,https://www.statistikdatabasen.scb.se/pxweb/sv/ssd/START__BO__BO0501__BO0501B/FastprisFHRegKv/
"Köpeskilling, medelvärde i tkr",Norra mellansverige,2019K2,1363,https://www.statistikdatabasen.scb.se/pxweb/sv/ssd/START__BO__BO0501__BO0501B/FastprisFHRegKv/
"Köpeskilling, medelvärde i tkr",Norra mellansverige,2019K3,1121,https://www.statistikdatabasen.scb.se/pxweb/sv/ssd/START__BO__BO0501__BO0501B/FastprisFHRegKv/
"Köpeskilling, medelvärde i tkr",Norra mellansverige,2019K4,1376,https://www.statistikdatabasen.scb.se/pxweb/sv/ssd/START__BO__BO0501__BO0501B/FastprisFHRegKv/
"Köpeskilling, medelvärde i tkr",Norra mellansverige,2020K1,1421,https://www.statistikdatabasen.scb.se/pxweb/sv/ssd/START__BO__BO0501__BO0501B/FastprisFHRegKv/
"Köpeskilling, medelvärde i tkr",Norra mellansverige,2020K2,1252,https://www.statistikdatabasen.scb.se/pxweb/sv/ssd/START__BO__BO0501__BO0501B/FastprisFHRegKv/
"Köpeskilling, medelvärde i tkr",Norra mellansverige,2020K3,1309,https://www.statistikdatabasen.scb.se/pxweb/sv/ssd/START__BO__BO0501__BO0501B/FastprisFHRegKv/
"Köpeskilling, medelvärde i tkr",Norra mellansverige,2020K4,1604,https://www.statistikdatabasen.scb.se/pxweb/sv/ssd/START__BO__BO0501__BO0501B/FastprisFHRegKv/
"Köpeskilling, medelvärde i tkr",Norra mellansverige,2021K1,1878,https://www.statistikdatabasen.scb.se/pxweb/sv/ssd/START__BO__BO0501__BO0501B/FastprisFHRegKv/
"Köpeskilling, medelvärde i tkr",Norra mellansverige,2021K2,1774,https://www.statistikdatabasen.scb.se/pxweb/sv/ssd/START__BO__BO0501__BO0501B/FastprisFHRegKv/
"Köpeskilling, medelvärde i tkr",Norra mellansverige,2021K3,1538,https://www.statistikdatabasen.scb.se/pxweb/sv/ssd/START__BO__BO0501__BO0501B/FastprisFHRegKv/
"Köpeskilling, medelvärde i tkr",Norra mellansverige,2021K4,1641,https://www.statistikdatabasen.scb.se/pxweb/sv/ssd/START__BO__BO0501__BO0501B/FastprisFHRegKv/
"Köpeskilling, medelvärde i tkr",Norra mellansverige,2022K1,2033,https://www.statistikdatabasen.scb.se/pxweb/sv/ssd/START__BO__BO0501__BO0501B/FastprisFHRegKv/
"Köpeskilling, medelvärde i tkr",Norra mellansverige,2022K2,1890,https://www.statistikdatabasen.scb.se/pxweb/sv/ssd/START__BO__BO0501__BO0501B/FastprisFHRegKv/
"Köpeskilling, medelvärde i tkr",Norra mellansverige,2022K3,1531,https://www.statistikdatabasen.scb.se/pxweb/sv/ssd/START__BO__BO0501__BO0501B/FastprisFHRegKv/
"Köpeskilling, medelvärde i tkr",Norra mellansverige,2022K4,1592,https://www.statistikdatabasen.scb.se/pxweb/sv/ssd/START__BO__BO0501__BO0501B/FastprisFHRegKv/
"Köpeskilling, medelvärde i tkr",Norra mellansverige,2023K1,1788,https://www.statistikdatabasen.scb.se/pxweb/sv/ssd/START__BO__BO0501__BO0501B/FastprisFHRegKv/
"Köpeskilling, medelvärde i tkr",Norra mellansverige,2023K2,1582,https://www.statistikdatabasen.scb.se/pxweb/sv/ssd/START__BO__BO0501__BO0501B/FastprisFHRegKv/
"Köpeskilling, medelvärde i tkr",Norra mellansverige,2023K3,1380,https://www.statistikdatabasen.scb.se/pxweb/sv/ssd/START__BO__BO0501__BO0501B/FastprisFHRegKv/
"Köpeskilling, medelvärde i tkr",Norra mellansverige,2023K4,1544,https://www.statistikdatabasen.scb.se/pxweb/sv/ssd/START__BO__BO0501__BO0501B/FastprisFHRegKv/
"Köpeskilling, medelvärde i tkr",Norra mellansverige,2024K1,1841,https://www.statistikdatabasen.scb.se/pxweb/sv/ssd/START__BO__BO0501__BO0501B/FastprisFHRegKv/
"Köpeskilling, medelvärde i tkr",Norra mellansverige,2024K2,1708,https://www.statistikdatabasen.scb.se/pxweb/sv/ssd/START__BO__BO0501__BO0501B/FastprisFHRegKv/
"Köpeskilling, medelvärde i tkr",Norra mellansverige,2024K3,1557,https://www.statistikdatabasen.scb.se/pxweb/sv/ssd/START__BO__BO0501__BO0501B/FastprisFHRegKv/
"Köpeskilling, medelvärde i tkr",Norra mellansverige,2024K4,1676,https://www.statistikdatabasen.scb.se/pxweb/sv/ssd/START__BO__BO0501__BO0501B/FastprisFHRegKv/
"Köpeskilling, medelvärde i tkr",Norra mellansverige,2025K1,1767,https://www.statistikdatabasen.scb.se/pxweb/sv/ssd/START__BO__BO0501__BO0501B/FastprisFHRegKv/
"Köpeskilling, medelvärde i tkr",Norra mellansverige,2025K2,1712,https://www.statistikdatabasen.scb.se/pxweb/sv/ssd/START__BO__BO0501__BO0501B/FastprisFHRegKv/
"Köpeskilling, medelvärde i tkr",Norra mellansverige,2025K3,1506,https://www.statistikdatabasen.scb.se/pxweb/sv/ssd/START__BO__BO0501__BO0501B/FastprisFHRegKv/
"Köpeskilling, medelvärde i tkr",Norra mellansverige,2025K4,1809,https://www.statistikdatabasen.scb.se/pxweb/sv/ssd/START__BO__BO0501__BO0501B/FastprisFHRegKv/
"Köpeskilling, medelvärde i tkr",Norra mellansverige,2026K1,1951,https://www.statistikdatabasen.scb.se/pxweb/sv/ssd/START__BO__BO0501__BO0501B/FastprisFHRegKv/
"Köpeskilling, medelvärde i tkr",Norra mellansverige,2026K2,1763,https://www.statistikdatabasen.scb.se/pxweb/sv/ssd/START__BO__BO0501__BO0501B/FastprisFHRegKv/
"Bas-/taxeringsvärde, medelvärde i tkr",Norra mellansverige,1998K1,256,https://www.statistikdatabasen.scb.se/pxweb/sv/ssd/START__BO__BO0501__BO0501B/FastprisFHRegKv/
"Bas-/taxeringsvärde, medelvärde i tkr",Norra mellansverige,1998K2,203,https://www.statistikdatabasen.scb.se/pxweb/sv/ssd/START__BO__BO0501__BO0501B/FastprisFHRegKv/
"Bas-/taxeringsvärde, medelvärde i tkr",Norra mellansverige,1998K3,194,https://www.statistikdatabasen.scb.se/pxweb/sv/ssd/START__BO__BO0501__BO0501B/FastprisFHRegKv/
"Bas-/taxeringsvärde, medelvärde i tkr",Norra mellansverige,1998K4,235,https://www.statistikdatabasen.scb.se/pxweb/sv/ssd/START__BO__BO0501__BO0501B/FastprisFHRegKv/
"Bas-/taxeringsvärde, medelvärde i tkr",Norra mellansverige,1999K1,229,https://www.statistikdatabasen.scb.se/pxweb/sv/ssd/START__BO__BO0501__BO0501B/FastprisFHRegKv/
"Bas-/taxeringsvärde, medelvärde i tkr",Norra mellansverige,1999K2,211,https://www.statistikdatabasen.scb.se/pxweb/sv/ssd/START__BO__BO0501__BO0501B/FastprisFHRegKv/
"Bas-/taxeringsvärde, medelvärde i tkr",Norra mellansverige,1999K3,204,https://www.statistikdatabasen.scb.se/pxweb/sv/ssd/START__BO__BO0501__BO0501B/FastprisFHRegKv/
"Bas-/taxeringsvärde, medelvärde i tkr",Norra mellansverige,1999K4,241,https://www.statistikdatabasen.scb.se/pxweb/sv/ssd/START__BO__BO0501__BO0501B/FastprisFHRegKv/
"Bas-/taxeringsvärde, medelvärde i tkr",Norra mellansverige,2000K1,234,https://www.statistikdatabasen.scb.se/pxweb/sv/ssd/START__BO__BO0501__BO0501B/FastprisFHRegKv/
"Bas-/taxeringsvärde, medelvärde i tkr",Norra mellansverige,2000K2,208,https://www.statistikdatabasen.scb.se/pxweb/sv/ssd/START__BO__BO0501__BO0501B/FastprisFHRegKv/
"Bas-/taxeringsvärde, medelvärde i tkr",Norra mellansverige,2000K3,205,https://www.statistikdatabasen.scb.se/pxweb/sv/ssd/START__BO__BO0501__BO0501B/FastprisFHRegKv/
"Bas-/taxeringsvärde, medelvärde i tkr",Norra mellansverige,2000K4,226,https://www.statistikdatabasen.scb.se/pxweb/sv/ssd/START__BO__BO0501__BO0501B/FastprisFHRegKv/
"Bas-/taxeringsvärde, medelvärde i tkr",Norra mellansverige,2001K1,215,https://www.statistikdatabasen.scb.se/pxweb/sv/ssd/START__BO__BO0501__BO0501B/FastprisFHRegKv/
"Bas-/taxeringsvärde, medelvärde i tkr",Norra mellansverige,2001K2,208,https://www.statistikdatabasen.scb.se/pxweb/sv/ssd/START__BO__BO0501__BO0501B/FastprisFHRegKv/
"Bas-/taxeringsvärde, medelvärde i tkr",Norra mellansverige,2001K3,195,https://www.statistikdatabasen.scb.se/pxweb/sv/ssd/START__BO__BO0501__BO0501B/FastprisFHRegKv/
"Bas-/taxeringsvärde, medelvärde i tkr",Norra mellansverige,2001K4,220,https://www.statistikdatabasen.scb.se/pxweb/sv/ssd/START__BO__BO0501__BO0501B/FastprisFHRegKv/
"Bas-/taxeringsvärde, medelvärde i tkr",Norra mellansverige,2002K1,250,https://www.statistikdatabasen.scb.se/pxweb/sv/ssd/START__BO__BO0501__BO0501B/FastprisFHRegKv/
"Bas-/taxeringsvärde, medelvärde i tkr",Norra mellansverige,2002K2,215,https://www.statistikdatabasen.scb.se/pxweb/sv/ssd/START__BO__BO0501__BO0501B/FastprisFHRegKv/
"Bas-/taxeringsvärde, medelvärde i tkr",Norra mellansverige,2002K3,199,https://www.statistikdatabasen.scb.se/pxweb/sv/ssd/START__BO__BO0501__BO0501B/FastprisFHRegKv/
"Bas-/taxeringsvärde, medelvärde i tkr",Norra mellansverige,2002K4,225,https://www.statistikdatabasen.scb.se/pxweb/sv/ssd/START__BO__BO0501__BO0501B/FastprisFHRegKv/
"Bas-/taxeringsvärde, medelvärde i tkr",Norra mellansverige,2003K1,283,https://www.statistikdatabasen.scb.se/pxweb/sv/ssd/START__BO__BO0501__BO0501B/FastprisFHRegKv/
"Bas-/taxeringsvärde, medelvärde i tkr",Norra mellansverige,2003K2,256,https://www.statistikdatabasen.scb.se/pxweb/sv/ssd/START__BO__BO0501__BO0501B/FastprisFHRegKv/
"Bas-/taxeringsvärde, medelvärde i tkr",Norra mellansverige,2003K3,245,https://www.statistikdatabasen.scb.se/pxweb/sv/ssd/START__BO__BO0501__BO0501B/FastprisFHRegKv/
"Bas-/taxeringsvärde, medelvärde i tkr",Norra mellansverige,2003K4,288,https://www.statistikdatabasen.scb.se/pxweb/sv/ssd/START__BO__BO0501__BO0501B/FastprisFHRegKv/
"Bas-/taxeringsvärde, medelvärde i tkr",Norra mellansverige,2004K1,294,https://www.statistikdatabasen.scb.se/pxweb/sv/ssd/START__BO__BO0501__BO0501B/FastprisFHRegKv/
"Bas-/taxeringsvärde, medelvärde i tkr",Norra mellansverige,2004K2,248,https://www.statistikdatabasen.scb.se/pxweb/sv/ssd/START__BO__BO0501__BO0501B/FastprisFHRegKv/
"Bas-/taxeringsvärde, medelvärde i tkr",Norra mellansverige,2004K3,248,https://www.statistikdatabasen.scb.se/pxweb/sv/ssd/START__BO__BO0501__BO0501B/FastprisFHRegKv/
"Bas-/taxeringsvärde, medelvärde i tkr",Norra mellansverige,2004K4,292,https://www.statistikdatabasen.scb.se/pxweb/sv/ssd/START__BO__BO0501__BO0501B/FastprisFHRegKv/
"Bas-/taxeringsvärde, medelvärde i tkr",Norra mellansverige,2005K1,283,https://www.statistikdatabasen.scb.se/pxweb/sv/ssd/START__BO__BO0501__BO0501B/FastprisFHRegKv/
"Bas-/taxeringsvärde, medelvärde i tkr",Norra mellansverige,2005K2,239,https://www.statistikdatabasen.scb.se/pxweb/sv/ssd/START__BO__BO0501__BO0501B/FastprisFHRegKv/
"Bas-/taxeringsvärde, medelvärde i tkr",Norra mellansverige,2005K3,250,https://www.statistikdatabasen.scb.se/pxweb/sv/ssd/START__BO__BO0501__BO0501B/FastprisFHRegKv/
"Bas-/taxeringsvärde, medelvärde i tkr",Norra mellansverige,2005K4,284,https://www.statistikdatabasen.scb.se/pxweb/sv/ssd/START__BO__BO0501__BO0501B/FastprisFHRegKv/
"Bas-/taxeringsvärde, medelvärde i tkr",Norra mellansverige,2006K1,388,https://www.statistikdatabasen.scb.se/pxweb/sv/ssd/START__BO__BO0501__BO0501B/FastprisFHRegKv/
"Bas-/taxeringsvärde, medelvärde i tkr",Norra mellansverige,2006K2,344,https://www.statistikdatabasen.scb.se/pxweb/sv/ssd/START__BO__BO0501__BO0501B/FastprisFHRegKv/
"Bas-/taxeringsvärde, medelvärde i tkr",Norra mellansverige,2006K3,308,https://www.statistikdatabasen.scb.se/pxweb/sv/ssd/START__BO__BO0501__BO0501B/FastprisFHRegKv/
"Bas-/taxeringsvärde, medelvärde i tkr",Norra mellansverige,2006K4,392,https://www.statistikdatabasen.scb.se/pxweb/sv/ssd/START__BO__BO0501__BO0501B/FastprisFHRegKv/
"Bas-/taxeringsvärde, medelvärde i tkr",Norra mellansverige,2007K1,334,https://www.statistikdatabasen.scb.se/pxweb/sv/ssd/START__BO__BO0501__BO0501B/FastprisFHRegKv/
"Bas-/taxeringsvärde, medelvärde i tkr",Norra mellansverige,2007K2,335,https://www.statistikdatabasen.scb.se/pxweb/sv/ssd/START__BO__BO0501__BO0501B/FastprisFHRegKv/
"Bas-/taxeringsvärde, medelvärde i tkr",Norra mellansverige,2007K3,306,https://www.statistikdatabasen.scb.se/pxweb/sv/ssd/START__BO__BO0501__BO0501B/FastprisFHRegKv/
"Bas-/taxeringsvärde, medelvärde i tkr",Norra mellansverige,2007K4,362,https://www.statistikdatabasen.scb.se/pxweb/sv/ssd/START__BO__BO0501__BO0501B/FastprisFHRegKv/
"Bas-/taxeringsvärde, medelvärde i tkr",Norra mellansverige,2008K1,411,https://www.statistikdatabasen.scb.se/pxweb/sv/ssd/START__BO__BO0501__BO0501B/FastprisFHRegKv/
"Bas-/taxeringsvärde, medelvärde i tkr",Norra mellansverige,2008K2,336,https://www.statistikdatabasen.scb.se/pxweb/sv/ssd/START__BO__BO0501__BO0501B/FastprisFHRegKv/
"Bas-/taxeringsvärde, medelvärde i tkr",Norra mellansverige,2008K3,313,https://www.statistikdatabasen.scb.se/pxweb/sv/ssd/START__BO__BO0501__BO0501B/FastprisFHRegKv/
"Bas-/taxeringsvärde, medelvärde i tkr",Norra mellansverige,2008K4,348,https://www.statistikdatabasen.scb.se/pxweb/sv/ssd/START__BO__BO0501__BO0501B/FastprisFHRegKv/
"Bas-/taxeringsvärde, medelvärde i tkr",Norra mellansverige,2009K1,565,https://www.statistikdatabasen.scb.se/pxweb/sv/ssd/START__BO__BO0501__BO0501B/FastprisFHRegKv/
"Bas-/taxeringsvärde, medelvärde i tkr",Norra mellansverige,2009K2,501,https://www.statistikdatabasen.scb.se/pxweb/sv/ssd/START__BO__BO0501__BO0501B/FastprisFHRegKv/
"Bas-/taxeringsvärde, medelvärde i tkr",Norra mellansverige,2009K3,474,https://www.statistikdatabasen.scb.se/pxweb/sv/ssd/START__BO__BO0501__BO0501B/FastprisFHRegKv/
"Bas-/taxeringsvärde, medelvärde i tkr",Norra mellansverige,2009K4,551,https://www.statistikdatabasen.scb.se/pxweb/sv/ssd/START__BO__BO0501__BO0501B/FastprisFHRegKv/
"Bas-/taxeringsvärde, medelvärde i tkr",Norra mellansverige,2010K1,630,https://www.statistikdatabasen.scb.se/pxweb/sv/ssd/START__BO__BO0501__BO0501B/FastprisFHRegKv/
"Bas-/taxeringsvärde, medelvärde i tkr",Norra mellansverige,2010K2,499,https://www.statistikdatabasen.scb.se/pxweb/sv/ssd/START__BO__BO0501__BO0501B/FastprisFHRegKv/
"Bas-/taxeringsvärde, medelvärde i tkr",Norra mellansverige,2010K3,477,https://www.statistikdatabasen.scb.se/pxweb/sv/ssd/START__BO__BO0501__BO0501B/FastprisFHRegKv/
"Bas-/taxeringsvärde, medelvärde i tkr",Norra mellansverige,2010K4,593,https://www.statistikdatabasen.scb.se/pxweb/sv/ssd/START__BO__BO0501__BO0501B/FastprisFHRegKv/
"Bas-/taxeringsvärde, medelvärde i tkr",Norra mellansverige,2011K1,570,https://www.statistikdatabasen.scb.se/pxweb/sv/ssd/START__BO__BO0501__BO0501B/FastprisFHRegKv/
"Bas-/taxeringsvärde, medelvärde i tkr",Norra mellansverige,2011K2,485,https://www.statistikdatabasen.scb.se/pxweb/sv/ssd/START__BO__BO0501__BO0501B/FastprisFHRegKv/
"Bas-/taxeringsvärde, medelvärde i tkr",Norra mellansverige,2011K3,451,https://www.statistikdatabasen.scb.se/pxweb/sv/ssd/START__BO__BO0501__BO0501B/FastprisFHRegKv/
"Bas-/taxeringsvärde, medelvärde i tkr",Norra mellansverige,2011K4,519,https://www.statistikdatabasen.scb.se/pxweb/sv/ssd/START__BO__BO0501__BO0501B/FastprisFHRegKv/
"Bas-/taxeringsvärde, medelvärde i tkr",Norra mellansverige,2012K1,651,https://www.statistikdatabasen.scb.se/pxweb/sv/ssd/START__BO__BO0501__BO0501B/FastprisFHRegKv/
"Bas-/taxeringsvärde, medelvärde i tkr",Norra mellansverige,2012K2,521,https://www.statistikdatabasen.scb.se/pxweb/sv/ssd/START__BO__BO0501__BO0501B/FastprisFHRegKv/
"Bas-/taxeringsvärde, medelvärde i tkr",Norra mellansverige,2012K3,543,https://www.statistikdatabasen.scb.se/pxweb/sv/ssd/START__BO__BO0501__BO0501B/FastprisFHRegKv/
"Bas-/taxeringsvärde, medelvärde i tkr",Norra mellansverige,2012K4,640,https://www.statistikdatabasen.scb.se/pxweb/sv/ssd/START__BO__BO0501__BO0501B/FastprisFHRegKv/
"Bas-/taxeringsvärde, medelvärde i tkr",Norra mellansverige,2013K1,728,https://www.statistikdatabasen.scb.se/pxweb/sv/ssd/START__BO__BO0501__BO0501B/FastprisFHRegKv/
"Bas-/taxeringsvärde, medelvärde i tkr",Norra mellansverige,2013K2,604,https://www.statistikdatabasen.scb.se/pxweb/sv/ssd/START__BO__BO0501__BO0501B/FastprisFHRegKv/
"Bas-/taxeringsvärde, medelvärde i tkr",Norra mellansverige,2013K3,557,https://www.statistikdatabasen.scb.se/pxweb/sv/ssd/START__BO__BO0501__BO0501B/FastprisFHRegKv/
"Bas-/taxeringsvärde, medelvärde i tkr",Norra mellansverige,2013K4,682,https://www.statistikdatabasen.scb.se/pxweb/sv/ssd/START__BO__BO0501__BO0501B/FastprisFHRegKv/
"Bas-/taxeringsvärde, medelvärde i tkr",Norra mellansverige,2014K1,738,https://www.statistikdatabasen.scb.se/pxweb/sv/ssd/START__BO__BO0501__BO0501B/FastprisFHRegKv/
"Bas-/taxeringsvärde, medelvärde i tkr",Norra mellansverige,2014K2,630,https://www.statistikdatabasen.scb.se/pxweb/sv/ssd/START__BO__BO0501__BO0501B/FastprisFHRegKv/
"Bas-/taxeringsvärde, medelvärde i tkr",Norra mellansverige,2014K3,551,https://www.statistikdatabasen.scb.se/pxweb/sv/ssd/START__BO__BO0501__BO0501B/FastprisFHRegKv/
"Bas-/taxeringsvärde, medelvärde i tkr",Norra mellansverige,2014K4,715,https://www.statistikdatabasen.scb.se/pxweb/sv/ssd/START__BO__BO0501__BO0501B/FastprisFHRegKv/
"Bas-/taxeringsvärde, medelvärde i tkr",Norra mellansverige,2015K1,767,https://www.statistikdatabasen.scb.se/pxweb/sv/ssd/START__BO__BO0501__BO0501B/FastprisFHRegKv/
"Bas-/taxeringsvärde, medelvärde i tkr",Norra mellansverige,2015K2,570,https://www.statistikdatabasen.scb.se/pxweb/sv/ssd/START__BO__BO0501__BO0501B/FastprisFHRegKv/
"Bas-/taxeringsvärde, medelvärde i tkr",Norra mellansverige,2015K3,556,https://www.statistikdatabasen.scb.se/pxweb/sv/ssd/START__BO__BO0501__BO0501B/FastprisFHRegKv/
"Bas-/taxeringsvärde, medelvärde i tkr",Norra mellansverige,2015K4,657,https://www.statistikdatabasen.scb.se/pxweb/sv/ssd/START__BO__BO0501__BO0501B/FastprisFHRegKv/
"Bas-/taxeringsvärde, medelvärde i tkr",Norra mellansverige,2016K1,687,https://www.statistikdatabasen.scb.se/pxweb/sv/ssd/START__BO__BO0501__BO0501B/FastprisFHRegKv/
"Bas-/taxeringsvärde, medelvärde i tkr",Norra mellansverige,2016K2,545,https://www.statistikdatabasen.scb.se/pxweb/sv/ssd/START__BO__BO0501__BO0501B/FastprisFHRegKv/
"Bas-/taxeringsvärde, medelvärde i tkr",Norra mellansverige,2016K3,511,https://www.statistikdatabasen.scb.se/pxweb/sv/ssd/START__BO__BO0501__BO0501B/FastprisFHRegKv/
"Bas-/taxeringsvärde, medelvärde i tkr",Norra mellansverige,2016K4,683,https://www.statistikdatabasen.scb.se/pxweb/sv/ssd/START__BO__BO0501__BO0501B/FastprisFHRegKv/
"Bas-/taxeringsvärde, medelvärde i tkr",Norra mellansverige,2017K1,705,https://www.statistikdatabasen.scb.se/pxweb/sv/ssd/START__BO__BO0501__BO0501B/FastprisFHRegKv/
"Bas-/taxeringsvärde, medelvärde i tkr",Norra mellansverige,2017K2,645,https://www.statistikdatabasen.scb.se/pxweb/sv/ssd/START__BO__BO0501__BO0501B/FastprisFHRegKv/
"Bas-/taxeringsvärde, medelvärde i tkr",Norra mellansverige,2017K3,512,https://www.statistikdatabasen.scb.se/pxweb/sv/ssd/START__BO__BO0501__BO0501B/FastprisFHRegKv/
"Bas-/taxeringsvärde, medelvärde i tkr",Norra mellansverige,2017K4,642,https://www.statistikdatabasen.scb.se/pxweb/sv/ssd/START__BO__BO0501__BO0501B/FastprisFHRegKv/
"Bas-/taxeringsvärde, medelvärde i tkr",Norra mellansverige,2018K1,804,https://www.statistikdatabasen.scb.se/pxweb/sv/ssd/START__BO__BO0501__BO0501B/FastprisFHRegKv/
"Bas-/taxeringsvärde, medelvärde i tkr",Norra mellansverige,2018K2,704,https://www.statistikdatabasen.scb.se/pxweb/sv/ssd/START__BO__BO0501__BO0501B/FastprisFHRegKv/
"Bas-/taxeringsvärde, medelvärde i tkr",Norra mellansverige,2018K3,598,https://www.statistikdatabasen.scb.se/pxweb/sv/ssd/START__BO__BO0501__BO0501B/FastprisFHRegKv/
"Bas-/taxeringsvärde, medelvärde i tkr",Norra mellansverige,2018K4,744,https://www.statistikdatabasen.scb.se/pxweb/sv/ssd/START__BO__BO0501__BO0501B/FastprisFHRegKv/
"Bas-/taxeringsvärde, medelvärde i tkr",Norra mellansverige,2019K1,774,https://www.statistikdatabasen.scb.se/pxweb/sv/ssd/START__BO__BO0501__BO0501B/FastprisFHRegKv/
"Bas-/taxeringsvärde, medelvärde i tkr",Norra mellansverige,2019K2,718,https://www.statistikdatabasen.scb.se/pxweb/sv/ssd/START__BO__BO0501__BO0501B/FastprisFHRegKv/
"Bas-/taxeringsvärde, medelvärde i tkr",Norra mellansverige,2019K3,605,https://www.statistikdatabasen.scb.se/pxweb/sv/ssd/START__BO__BO0501__BO0501B/FastprisFHRegKv/
"Bas-/taxeringsvärde, medelvärde i tkr",Norra mellansverige,2019K4,741,https://www.statistikdatabasen.scb.se/pxweb/sv/ssd/START__BO__BO0501__BO0501B/FastprisFHRegKv/
"Bas-/taxeringsvärde, medelvärde i tkr",Norra mellansverige,2020K1,784,https://www.statistikdatabasen.scb.se/pxweb/sv/ssd/START__BO__BO0501__BO0501B/FastprisFHRegKv/
"Bas-/taxeringsvärde, medelvärde i tkr",Norra mellansverige,2020K2,662,https://www.statistikdatabasen.scb.se/pxweb/sv/ssd/START__BO__BO0501__BO0501B/FastprisFHRegKv/
"Bas-/taxeringsvärde, medelvärde i tkr",Norra mellansverige,2020K3,642,https://www.statistikdatabasen.scb.se/pxweb/sv/ssd/START__BO__BO0501__BO0501B/FastprisFHRegKv/
"Bas-/taxeringsvärde, medelvärde i tkr",Norra mellansverige,2020K4,817,https://www.statistikdatabasen.scb.se/pxweb/sv/ssd/START__BO__BO0501__BO0501B/FastprisFHRegKv/
"Bas-/taxeringsvärde, medelvärde i tkr",Norra mellansverige,2021K1,1083,https://www.statistikdatabasen.scb.se/pxweb/sv/ssd/START__BO__BO0501__BO0501B/FastprisFHRegKv/
"Bas-/taxeringsvärde, medelvärde i tkr",Norra mellansverige,2021K2,940,https://www.statistikdatabasen.scb.se/pxweb/sv/ssd/START__BO__BO0501__BO0501B/FastprisFHRegKv/
"Bas-/taxeringsvärde, medelvärde i tkr",Norra mellansverige,2021K3,762,https://www.statistikdatabasen.scb.se/pxweb/sv/ssd/START__BO__BO0501__BO0501B/FastprisFHRegKv/
"Bas-/taxeringsvärde, medelvärde i tkr",Norra mellansverige,2021K4,857,https://www.statistikdatabasen.scb.se/pxweb/sv/ssd/START__BO__BO0501__BO0501B/FastprisFHRegKv/
"Bas-/taxeringsvärde, medelvärde i tkr",Norra mellansverige,2022K1,1039,https://www.statistikdatabasen.scb.se/pxweb/sv/ssd/START__BO__BO0501__BO0501B/FastprisFHRegKv/
"Bas-/taxeringsvärde, medelvärde i tkr",Norra mellansverige,2022K2,900,https://www.statistikdatabasen.scb.se/pxweb/sv/ssd/START__BO__BO0501__BO0501B/FastprisFHRegKv/
"Bas-/taxeringsvärde, medelvärde i tkr",Norra mellansverige,2022K3,751,https://www.statistikdatabasen.scb.se/pxweb/sv/ssd/START__BO__BO0501__BO0501B/FastprisFHRegKv/
"Bas-/taxeringsvärde, medelvärde i tkr",Norra mellansverige,2022K4,874,https://www.statistikdatabasen.scb.se/pxweb/sv/ssd/START__BO__BO0501__BO0501B/FastprisFHRegKv/
"Bas-/taxeringsvärde, medelvärde i tkr",Norra mellansverige,2023K1,978,https://www.statistikdatabasen.scb.se/pxweb/sv/ssd/START__BO__BO0501__BO0501B/FastprisFHRegKv/
"Bas-/taxeringsvärde, medelvärde i tkr",Norra mellansverige,2023K2,878,https://www.statistikdatabasen.scb.se/pxweb/sv/ssd/START__BO__BO0501__BO0501B/FastprisFHRegKv/
"Bas-/taxeringsvärde, medelvärde i tkr",Norra mellansverige,2023K3,719,https://www.statistikdatabasen.scb.se/pxweb/sv/ssd/START__BO__BO0501__BO0501B/FastprisFHRegKv/
"Bas-/taxeringsvärde, medelvärde i tkr",Norra mellansverige,2023K4,864,https://www.statistikdatabasen.scb.se/pxweb/sv/ssd/START__BO__BO0501__BO0501B/FastprisFHRegKv/
"Bas-/taxeringsvärde, medelvärde i tkr",Norra mellansverige,2024K1,1358,https://www.statistikdatabasen.scb.se/pxweb/sv/ssd/START__BO__BO0501__BO0501B/FastprisFHRegKv/
"Bas-/taxeringsvärde, medelvärde i tkr",Norra mellansverige,2024K2,1196,https://www.statistikdatabasen.scb.se/pxweb/sv/ssd/START__BO__BO0501__BO0501B/FastprisFHRegKv/
"Bas-/taxeringsvärde, medelvärde i tkr",Norra mellansverige,2024K3,1061,https://www.statistikdatabasen.scb.se/pxweb/sv/ssd/START__BO__BO0501__BO0501B/FastprisFHRegKv/
"Bas-/taxeringsvärde, medelvärde i tkr",Norra mellansverige,2024K4,1199,https://www.statistikdatabasen.scb.se/pxweb/sv/ssd/START__BO__BO0501__BO0501B/FastprisFHRegKv/
"Bas-/taxeringsvärde, medelvärde i tkr",Norra mellansverige,2025K1,1275,https://www.statistikdatabasen.scb.se/pxweb/sv/ssd/START__BO__BO0501__BO0501B/FastprisFHRegKv/
"Bas-/taxeringsvärde, medelvärde i tkr",Norra mellansverige,2025K2,1211,https://www.statistikdatabasen.scb.se/pxweb/sv/ssd/START__BO__BO0501__BO0501B/FastprisFHRegKv/
"Bas-/taxeringsvärde, medelvärde i tkr",Norra mellansverige,2025K3,1033,https://www.statistikdatabasen.scb.se/pxweb/sv/ssd/START__BO__BO0501__BO0501B/FastprisFHRegKv/
"Bas-/taxeringsvärde, medelvärde i tkr",Norra mellansverige,2025K4,1288,https://www.statistikdatabasen.scb.se/pxweb/sv/ssd/START__BO__BO0501__BO0501B/FastprisFHRegKv/
"Bas-/taxeringsvärde, medelvärde i tkr",Norra mellansverige,2026K1,1406,https://www.statistikdatabasen.scb.se/pxweb/sv/ssd/START__BO__BO0501__BO0501B/FastprisFHRegKv/
"Bas-/taxeringsvärde, medelvärde i tkr",Norra mellansverige,2026K2,1235,https://www.statistikdatabasen.scb.se/pxweb/sv/ssd/START__BO__BO0501__BO0501B/FastprisFHRegKv/
Köpeskillingskoefficient,Norra mellansverige,1998K1,1.6,https://www.statistikdatabasen.scb.se/pxweb/sv/ssd/START__BO__BO0501__BO0501B/FastprisFHRegKv/
Köpeskillingskoefficient,Norra mellansverige,1998K2,1.59,https://www.statistikdatabasen.scb.se/pxweb/sv/ssd/START__BO__BO0501__BO0501B/FastprisFHRegKv/
Köpeskillingskoefficient,Norra mellansverige,1998K3,1.63,https://www.statistikdatabasen.scb.se/pxweb/sv/ssd/START__BO__BO0501__BO0501B/FastprisFHRegKv/
Köpeskillingskoefficient,Norra mellansverige,1998K4,1.63,https://www.statistikdatabasen.scb.se/pxweb/sv/ssd/START__BO__BO0501__BO0501B/FastprisFHRegKv/
Köpeskillingskoefficient,Norra mellansverige,1999K1,1.49,https://www.statistikdatabasen.scb.se/pxweb/sv/ssd/START__BO__BO0501__BO0501B/FastprisFHRegKv/
Köpeskillingskoefficient,Norra mellansverige,1999K2,1.71,https://www.statistikdatabasen.scb.se/pxweb/sv/ssd/START__BO__BO0501__BO0501B/FastprisFHRegKv/
Köpeskillingskoefficient,Norra mellansverige,1999K3,1.71,https://www.statistikdatabasen.scb.se/pxweb/sv/ssd/START__BO__BO0501__BO0501B/FastprisFHRegKv/
Köpeskillingskoefficient,Norra mellansverige,1999K4,1.72,https://www.statistikdatabasen.scb.se/pxweb/sv/ssd/START__BO__BO0501__BO0501B/FastprisFHRegKv/
Köpeskillingskoefficient,Norra mellansverige,2000K1,1.64,https://www.statistikdatabasen.scb.se/pxweb/sv/ssd/START__BO__BO0501__BO0501B/FastprisFHRegKv/
Köpeskillingskoefficient,Norra mellansverige,2000K2,1.9,https://www.statistikdatabasen.scb.se/pxweb/sv/ssd/START__BO__BO0501__BO0501B/FastprisFHRegKv/
Köpeskillingskoefficient,Norra mellansverige,2000K3,1.78,https://www.statistikdatabasen.scb.se/pxweb/sv/ssd/START__BO__BO0501__BO0501B/FastprisFHRegKv/
Köpeskillingskoefficient,Norra mellansverige,2000K4,1.77,https://www.statistikdatabasen.scb.se/pxweb/sv/ssd/START__BO__BO0501__BO0501B/FastprisFHRegKv/
Köpeskillingskoefficient,Norra mellansverige,2001K1,1.78,https://www.statistikdatabasen.scb.se/pxweb/sv/ssd/START__BO__BO0501__BO0501B/FastprisFHRegKv/
Köpeskillingskoefficient,Norra mellansverige,2001K2,1.86,https://www.statistikdatabasen.scb.se/pxweb/sv/ssd/START__BO__BO0501__BO0501B/FastprisFHRegKv/
Köpeskillingskoefficient,Norra mellansverige,2001K3,1.92,https://www.statistikdatabasen.scb.se/pxweb/sv/ssd/START__BO__BO0501__BO0501B/FastprisFHRegKv/
Köpeskillingskoefficient,Norra mellansverige,2001K4,1.88,https://www.statistikdatabasen.scb.se/pxweb/sv/ssd/START__BO__BO0501__BO0501B/FastprisFHRegKv/
Köpeskillingskoefficient,Norra mellansverige,2002K1,1.79,https://www.statistikdatabasen.scb.se/pxweb/sv/ssd/START__BO__BO0501__BO0501B/FastprisFHRegKv/
Köpeskillingskoefficient,Norra mellansverige,2002K2,2.01,https://www.statistikdatabasen.scb.se/pxweb/sv/ssd/START__BO__BO0501__BO0501B/FastprisFHRegKv/
Köpeskillingskoefficient,Norra mellansverige,2002K3,2.07,https://www.statistikdatabasen.scb.se/pxweb/sv/ssd/START__BO__BO0501__BO0501B/FastprisFHRegKv/
Köpeskillingskoefficient,Norra mellansverige,2002K4,1.87,https://www.statistikdatabasen.scb.se/pxweb/sv/ssd/START__BO__BO0501__BO0501B/FastprisFHRegKv/
Köpeskillingskoefficient,Norra mellansverige,2003K1,1.65,https://www.statistikdatabasen.scb.se/pxweb/sv/ssd/START__BO__BO0501__BO0501B/FastprisFHRegKv/
Köpeskillingskoefficient,Norra mellansverige,2003K2,1.79,https://www.statistikdatabasen.scb.se/pxweb/sv/ssd/START__BO__BO0501__BO0501B/FastprisFHRegKv/
Köpeskillingskoefficient,Norra mellansverige,2003K3,1.93,https://www.statistikdatabasen.scb.se/pxweb/sv/ssd/START__BO__BO0501__BO0501B/FastprisFHRegKv/
Köpeskillingskoefficient,Norra mellansverige,2003K4,1.89,https://www.statistikdatabasen.scb.se/pxweb/sv/ssd/START__BO__BO0501__BO0501B/FastprisFHRegKv/
Köpeskillingskoefficient,Norra mellansverige,2004K1,1.83,https://www.statistikdatabasen.scb.se/pxweb/sv/ssd/START__BO__BO0501__BO0501B/FastprisFHRegKv/
Köpeskillingskoefficient,Norra mellansverige,2004K2,1.87,https://www.statistikdatabasen.scb.se/pxweb/sv/ssd/START__BO__BO0501__BO0501B/FastprisFHRegKv/
Köpeskillingskoefficient,Norra mellansverige,2004K3,2.18,https://www.statistikdatabasen.scb.se/pxweb/sv/ssd/START__BO__BO0501__BO0501B/FastprisFHRegKv/
Köpeskillingskoefficient,Norra mellansverige,2004K4,2.12,https://www.statistikdatabasen.scb.se/pxweb/sv/ssd/START__BO__BO0501__BO0501B/FastprisFHRegKv/
Köpeskillingskoefficient,Norra mellansverige,2005K1,2.04,https://www.statistikdatabasen.scb.se/pxweb/sv/ssd/START__BO__BO0501__BO0501B/FastprisFHRegKv/
Köpeskillingskoefficient,Norra mellansverige,2005K2,2.1,https://www.statistikdatabasen.scb.se/pxweb/sv/ssd/START__BO__BO0501__BO0501B/FastprisFHRegKv/
Köpeskillingskoefficient,Norra mellansverige,2005K3,2.47,https://www.statistikdatabasen.scb.se/pxweb/sv/ssd/START__BO__BO0501__BO0501B/FastprisFHRegKv/
Köpeskillingskoefficient,Norra mellansverige,2005K4,2.34,https://www.statistikdatabasen.scb.se/pxweb/sv/ssd/START__BO__BO0501__BO0501B/FastprisFHRegKv/
Köpeskillingskoefficient,Norra mellansverige,2006K1,1.82,https://www.statistikdatabasen.scb.se/pxweb/sv/ssd/START__BO__BO0501__BO0501B/FastprisFHRegKv/
Köpeskillingskoefficient,Norra mellansverige,2006K2,2.03,https://www.statistikdatabasen.scb.se/pxweb/sv/ssd/START__BO__BO0501__BO0501B/FastprisFHRegKv/
Köpeskillingskoefficient,Norra mellansverige,2006K3,2.09,https://www.statistikdatabasen.scb.se/pxweb/sv/ssd/START__BO__BO0501__BO0501B/FastprisFHRegKv/
Köpeskillingskoefficient,Norra mellansverige,2006K4,2.03,https://www.statistikdatabasen.scb.se/pxweb/sv/ssd/START__BO__BO0501__BO0501B/FastprisFHRegKv/
Köpeskillingskoefficient,Norra mellansverige,2007K1,2.01,https://www.statistikdatabasen.scb.se/pxweb/sv/ssd/START__BO__BO0501__BO0501B/FastprisFHRegKv/
Köpeskillingskoefficient,Norra mellansverige,2007K2,2.14,https://www.statistikdatabasen.scb.se/pxweb/sv/ssd/START__BO__BO0501__BO0501B/FastprisFHRegKv/
Köpeskillingskoefficient,Norra mellansverige,2007K3,2.31,https://www.statistikdatabasen.scb.se/pxweb/sv/ssd/START__BO__BO0501__BO0501B/FastprisFHRegKv/
Köpeskillingskoefficient,Norra mellansverige,2007K4,2.2,https://www.statistikdatabasen.scb.se/pxweb/sv/ssd/START__BO__BO0501__BO0501B/FastprisFHRegKv/
Köpeskillingskoefficient,Norra mellansverige,2008K1,2.1,https://www.statistikdatabasen.scb.se/pxweb/sv/ssd/START__BO__BO0501__BO0501B/FastprisFHRegKv/
Köpeskillingskoefficient,Norra mellansverige,2008K2,2.31,https://www.statistikdatabasen.scb.se/pxweb/sv/ssd/START__BO__BO0501__BO0501B/FastprisFHRegKv/
Köpeskillingskoefficient,Norra mellansverige,2008K3,2.33,https://www.statistikdatabasen.scb.se/pxweb/sv/ssd/START__BO__BO0501__BO0501B/FastprisFHRegKv/
Köpeskillingskoefficient,Norra mellansverige,2008K4,2.22,https://www.statistikdatabasen.scb.se/pxweb/sv/ssd/START__BO__BO0501__BO0501B/FastprisFHRegKv/
Köpeskillingskoefficient,Norra mellansverige,2009K1,1.61,https://www.statistikdatabasen.scb.se/pxweb/sv/ssd/START__BO__BO0501__BO0501B/FastprisFHRegKv/
Köpeskillingskoefficient,Norra mellansverige,2009K2,1.79,https://www.statistikdatabasen.scb.se/pxweb/sv/ssd/START__BO__BO0501__BO0501B/FastprisFHRegKv/
Köpeskillingskoefficient,Norra mellansverige,2009K3,1.79,https://www.statistikdatabasen.scb.se/pxweb/sv/ssd/START__BO__BO0501__BO0501B/FastprisFHRegKv/
Köpeskillingskoefficient,Norra mellansverige,2009K4,1.9,https://www.statistikdatabasen.scb.se/pxweb/sv/ssd/START__BO__BO0501__BO0501B/FastprisFHRegKv/
Köpeskillingskoefficient,Norra mellansverige,2010K1,1.8,https://www.statistikdatabasen.scb.se/pxweb/sv/ssd/START__BO__BO0501__BO0501B/FastprisFHRegKv/
Köpeskillingskoefficient,Norra mellansverige,2010K2,1.87,https://www.statistikdatabasen.scb.se/pxweb/sv/ssd/START__BO__BO0501__BO0501B/FastprisFHRegKv/
Köpeskillingskoefficient,Norra mellansverige,2010K3,1.93,https://www.statistikdatabasen.scb.se/pxweb/sv/ssd/START__BO__BO0501__BO0501B/FastprisFHRegKv/
Köpeskillingskoefficient,Norra mellansverige,2010K4,1.86,https://www.statistikdatabasen.scb.se/pxweb/sv/ssd/START__BO__BO0501__BO0501B/FastprisFHRegKv/
Köpeskillingskoefficient,Norra mellansverige,2011K1,1.99,https://www.statistikdatabasen.scb.se/pxweb/sv/ssd/START__BO__BO0501__BO0501B/FastprisFHRegKv/
Köpeskillingskoefficient,Norra mellansverige,2011K2,1.89,https://www.statistikdatabasen.scb.se/pxweb/sv/ssd/START__BO__BO0501__BO0501B/FastprisFHRegKv/
Köpeskillingskoefficient,Norra mellansverige,2011K3,1.92,https://www.statistikdatabasen.scb.se/pxweb/sv/ssd/START__BO__BO0501__BO0501B/FastprisFHRegKv/
Köpeskillingskoefficient,Norra mellansverige,2011K4,1.86,https://www.statistikdatabasen.scb.se/pxweb/sv/ssd/START__BO__BO0501__BO0501B/FastprisFHRegKv/
Köpeskillingskoefficient,Norra mellansverige,2012K1,1.62,https://www.statistikdatabasen.scb.se/pxweb/sv/ssd/START__BO__BO0501__BO0501B/FastprisFHRegKv/
Köpeskillingskoefficient,Norra mellansverige,2012K2,1.61,https://www.statistikdatabasen.scb.se/pxweb/sv/ssd/START__BO__BO0501__BO0501B/FastprisFHRegKv/
Köpeskillingskoefficient,Norra mellansverige,2012K3,1.68,https://www.statistikdatabasen.scb.se/pxweb/sv/ssd/START__BO__BO0501__BO0501B/FastprisFHRegKv/
Köpeskillingskoefficient,Norra mellansverige,2012K4,1.59,https://www.statistikdatabasen.scb.se/pxweb/sv/ssd/START__BO__BO0501__BO0501B/FastprisFHRegKv/
Köpeskillingskoefficient,Norra mellansverige,2013K1,1.51,https://www.statistikdatabasen.scb.se/pxweb/sv/ssd/START__BO__BO0501__BO0501B/FastprisFHRegKv/
Köpeskillingskoefficient,Norra mellansverige,2013K2,1.55,https://www.statistikdatabasen.scb.se/pxweb/sv/ssd/START__BO__BO0501__BO0501B/FastprisFHRegKv/
Köpeskillingskoefficient,Norra mellansverige,2013K3,1.69,https://www.statistikdatabasen.scb.se/pxweb/sv/ssd/START__BO__BO0501__BO0501B/FastprisFHRegKv/
Köpeskillingskoefficient,Norra mellansverige,2013K4,1.65,https://www.statistikdatabasen.scb.se/pxweb/sv/ssd/START__BO__BO0501__BO0501B/FastprisFHRegKv/
Köpeskillingskoefficient,Norra mellansverige,2014K1,1.64,https://www.statistikdatabasen.scb.se/pxweb/sv/ssd/START__BO__BO0501__BO0501B/FastprisFHRegKv/
Köpeskillingskoefficient,Norra mellansverige,2014K2,1.65,https://www.statistikdatabasen.scb.se/pxweb/sv/ssd/START__BO__BO0501__BO0501B/FastprisFHRegKv/
Köpeskillingskoefficient,Norra mellansverige,2014K3,1.74,https://www.statistikdatabasen.scb.se/pxweb/sv/ssd/START__BO__BO0501__BO0501B/FastprisFHRegKv/
Köpeskillingskoefficient,Norra mellansverige,2014K4,1.64,https://www.statistikdatabasen.scb.se/pxweb/sv/ssd/START__BO__BO0501__BO0501B/FastprisFHRegKv/
Köpeskillingskoefficient,Norra mellansverige,2015K1,1.62,https://www.statistikdatabasen.scb.se/pxweb/sv/ssd/START__BO__BO0501__BO0501B/FastprisFHRegKv/
Köpeskillingskoefficient,Norra mellansverige,2015K2,1.66,https://www.statistikdatabasen.scb.se/pxweb/sv/ssd/START__BO__BO0501__BO0501B/FastprisFHRegKv/
Köpeskillingskoefficient,Norra mellansverige,2015K3,1.8,https://www.statistikdatabasen.scb.se/pxweb/sv/ssd/START__BO__BO0501__BO0501B/FastprisFHRegKv/
Köpeskillingskoefficient,Norra mellansverige,2015K4,1.72,https://www.statistikdatabasen.scb.se/pxweb/sv/ssd/START__BO__BO0501__BO0501B/FastprisFHRegKv/
Köpeskillingskoefficient,Norra mellansverige,2016K1,1.66,https://www.statistikdatabasen.scb.se/pxweb/sv/ssd/START__BO__BO0501__BO0501B/FastprisFHRegKv/
Köpeskillingskoefficient,Norra mellansverige,2016K2,1.87,https://www.statistikdatabasen.scb.se/pxweb/sv/ssd/START__BO__BO0501__BO0501B/FastprisFHRegKv/
Köpeskillingskoefficient,Norra mellansverige,2016K3,1.92,https://www.statistikdatabasen.scb.se/pxweb/sv/ssd/START__BO__BO0501__BO0501B/FastprisFHRegKv/
Köpeskillingskoefficient,Norra mellansverige,2016K4,1.89,https://www.statistikdatabasen.scb.se/pxweb/sv/ssd/START__BO__BO0501__BO0501B/FastprisFHRegKv/
Köpeskillingskoefficient,Norra mellansverige,2017K1,1.92,https://www.statistikdatabasen.scb.se/pxweb/sv/ssd/START__BO__BO0501__BO0501B/FastprisFHRegKv/
Köpeskillingskoefficient,Norra mellansverige,2017K2,2.03,https://www.statistikdatabasen.scb.se/pxweb/sv/ssd/START__BO__BO0501__BO0501B/FastprisFHRegKv/
Köpeskillingskoefficient,Norra mellansverige,2017K3,2.11,https://www.statistikdatabasen.scb.se/pxweb/sv/ssd/START__BO__BO0501__BO0501B/FastprisFHRegKv/
Köpeskillingskoefficient,Norra mellansverige,2017K4,2.06,https://www.statistikdatabasen.scb.se/pxweb/sv/ssd/START__BO__BO0501__BO0501B/FastprisFHRegKv/
Köpeskillingskoefficient,Norra mellansverige,2018K1,1.73,https://www.statistikdatabasen.scb.se/pxweb/sv/ssd/START__BO__BO0501__BO0501B/FastprisFHRegKv/
Köpeskillingskoefficient,Norra mellansverige,2018K2,1.8,https://www.statistikdatabasen.scb.se/pxweb/sv/ssd/START__BO__BO0501__BO0501B/FastprisFHRegKv/
Köpeskillingskoefficient,Norra mellansverige,2018K3,1.94,https://www.statistikdatabasen.scb.se/pxweb/sv/ssd/START__BO__BO0501__BO0501B/FastprisFHRegKv/
Köpeskillingskoefficient,Norra mellansverige,2018K4,1.82,https://www.statistikdatabasen.scb.se/pxweb/sv/ssd/START__BO__BO0501__BO0501B/FastprisFHRegKv/
Köpeskillingskoefficient,Norra mellansverige,2019K1,1.92,https://www.statistikdatabasen.scb.se/pxweb/sv/ssd/START__BO__BO0501__BO0501B/FastprisFHRegKv/
Köpeskillingskoefficient,Norra mellansverige,2019K2,1.99,https://www.statistikdatabasen.scb.se/pxweb/sv/ssd/START__BO__BO0501__BO0501B/FastprisFHRegKv/
Köpeskillingskoefficient,Norra mellansverige,2019K3,2,https://www.statistikdatabasen.scb.se/pxweb/sv/ssd/START__BO__BO0501__BO0501B/FastprisFHRegKv/
Köpeskillingskoefficient,Norra mellansverige,2019K4,1.98,https://www.statistikdatabasen.scb.se/pxweb/sv/ssd/START__BO__BO0501__BO0501B/FastprisFHRegKv/
Köpeskillingskoefficient,Norra mellansverige,2020K1,1.84,https://www.statistikdatabasen.scb.se/pxweb/sv/ssd/START__BO__BO0501__BO0501B/FastprisFHRegKv/
Köpeskillingskoefficient,Norra mellansverige,2020K2,2.02,https://www.statistikdatabasen.scb.se/pxweb/sv/ssd/START__BO__BO0501__BO0501B/FastprisFHRegKv/
Köpeskillingskoefficient,Norra mellansverige,2020K3,2.19,https://www.statistikdatabasen.scb.se/pxweb/sv/ssd/START__BO__BO0501__BO0501B/FastprisFHRegKv/
Köpeskillingskoefficient,Norra mellansverige,2020K4,2.11,https://www.statistikdatabasen.scb.se/pxweb/sv/ssd/START__BO__BO0501__BO0501B/FastprisFHRegKv/
Köpeskillingskoefficient,Norra mellansverige,2021K1,1.83,https://www.statistikdatabasen.scb.se/pxweb/sv/ssd/START__BO__BO0501__BO0501B/FastprisFHRegKv/
Köpeskillingskoefficient,Norra mellansverige,2021K2,2.02,https://www.statistikdatabasen.scb.se/pxweb/sv/ssd/START__BO__BO0501__BO0501B/FastprisFHRegKv/
Köpeskillingskoefficient,Norra mellansverige,2021K3,2.15,https://www.statistikdatabasen.scb.se/pxweb/sv/ssd/START__BO__BO0501__BO0501B/FastprisFHRegKv/
Köpeskillingskoefficient,Norra mellansverige,2021K4,2.01,https://www.statistikdatabasen.scb.se/pxweb/sv/ssd/START__BO__BO0501__BO0501B/FastprisFHRegKv/
Köpeskillingskoefficient,Norra mellansverige,2022K1,2.03,https://www.statistikdatabasen.scb.se/pxweb/sv/ssd/START__BO__BO0501__BO0501B/FastprisFHRegKv/
Köpeskillingskoefficient,Norra mellansverige,2022K2,2.24,https://www.statistikdatabasen.scb.se/pxweb/sv/ssd/START__BO__BO0501__BO0501B/FastprisFHRegKv/
Köpeskillingskoefficient,Norra mellansverige,2022K3,2.16,https://www.statistikdatabasen.scb.se/pxweb/sv/ssd/START__BO__BO0501__BO0501B/FastprisFHRegKv/
Köpeskillingskoefficient,Norra mellansverige,2022K4,1.97,https://www.statistikdatabasen.scb.se/pxweb/sv/ssd/START__BO__BO0501__BO0501B/FastprisFHRegKv/
Köpeskillingskoefficient,Norra mellansverige,2023K1,1.91,https://www.statistikdatabasen.scb.se/pxweb/sv/ssd/START__BO__BO0501__BO0501B/FastprisFHRegKv/
Köpeskillingskoefficient,Norra mellansverige,2023K2,1.95,https://www.statistikdatabasen.scb.se/pxweb/sv/ssd/START__BO__BO0501__BO0501B/FastprisFHRegKv/
Köpeskillingskoefficient,Norra mellansverige,2023K3,2.05,https://www.statistikdatabasen.scb.se/pxweb/sv/ssd/START__BO__BO0501__BO0501B/FastprisFHRegKv/
Köpeskillingskoefficient,Norra mellansverige,2023K4,1.91,https://www.statistikdatabasen.scb.se/pxweb/sv/ssd/START__BO__BO0501__BO0501B/FastprisFHRegKv/
Köpeskillingskoefficient,Norra mellansverige,2024K1,1.52,https://www.statistikdatabasen.scb.se/pxweb/sv/ssd/START__BO__BO0501__BO0501B/FastprisFHRegKv/
Köpeskillingskoefficient,Norra mellansverige,2024K2,1.61,https://www.statistikdatabasen.scb.se/pxweb/sv/ssd/START__BO__BO0501__BO0501B/FastprisFHRegKv/
Köpeskillingskoefficient,Norra mellansverige,2024K3,1.63,https://www.statistikdatabasen.scb.se/pxweb/sv/ssd/START__BO__BO0501__BO0501B/FastprisFHRegKv/
Köpeskillingskoefficient,Norra mellansverige,2024K4,1.54,https://www.statistikdatabasen.scb.se/pxweb/sv/ssd/START__BO__BO0501__BO0501B/FastprisFHRegKv/
Köpeskillingskoefficient,Norra mellansverige,2025K1,1.46,https://www.statistikdatabasen.scb.se/pxweb/sv/ssd/START__BO__BO0501__BO0501B/FastprisFHRegKv/
Köpeskillingskoefficient,Norra mellansverige,2025K2,1.59,https://www.statistikdatabasen.scb.se/pxweb/sv/ssd/START__BO__BO0501__BO0501B/FastprisFHRegKv/
Köpeskillingskoefficient,Norra mellansverige,2025K3,1.59,https://www.statistikdatabasen.scb.se/pxweb/sv/ssd/START__BO__BO0501__BO0501B/FastprisFHRegKv/
Köpeskillingskoefficient,Norra mellansverige,2025K4,1.54,https://www.statistikdatabasen.scb.se/pxweb/sv/ssd/START__BO__BO0501__BO0501B/FastprisFHRegKv/
Köpeskillingskoefficient,Norra mellansverige,2026K1,1.51,https://www.statistikdatabasen.scb.se/pxweb/sv/ssd/START__BO__BO0501__BO0501B/FastprisFHRegKv/
Köpeskillingskoefficient,Norra mellansverige,2026K2,1.57,https://www.statistikdatabasen.scb.se/pxweb/sv/ssd/START__BO__BO0501__BO0501B/FastprisFHRegKv/
Antal,Mellersta Norrland,1998K1,60,https://www.statistikdatabasen.scb.se/pxweb/sv/ssd/START__BO__BO0501__BO0501B/FastprisFHRegKv/
Antal,Mellersta Norrland,1998K2,158,https://www.statistikdatabasen.scb.se/pxweb/sv/ssd/START__BO__BO0501__BO0501B/FastprisFHRegKv/
Antal,Mellersta Norrland,1998K3,174,https://www.statistikdatabasen.scb.se/pxweb/sv/ssd/START__BO__BO0501__BO0501B/FastprisFHRegKv/
Antal,Mellersta Norrland,1998K4,125,https://www.statistikdatabasen.scb.se/pxweb/sv/ssd/START__BO__BO0501__BO0501B/FastprisFHRegKv/
Antal,Mellersta Norrland,1999K1,62,https://www.statistikdatabasen.scb.se/pxweb/sv/ssd/START__BO__BO0501__BO0501B/FastprisFHRegKv/
Antal,Mellersta Norrland,1999K2,163,https://www.statistikdatabasen.scb.se/pxweb/sv/ssd/START__BO__BO0501__BO0501B/FastprisFHRegKv/
Antal,Mellersta Norrland,1999K3,192,https://www.statistikdatabasen.scb.se/pxweb/sv/ssd/START__BO__BO0501__BO0501B/FastprisFHRegKv/
Antal,Mellersta Norrland,1999K4,142,https://www.statistikdatabasen.scb.se/pxweb/sv/ssd/START__BO__BO0501__BO0501B/FastprisFHRegKv/
Antal,Mellersta Norrland,2000K1,86,https://www.statistikdatabasen.scb.se/pxweb/sv/ssd/START__BO__BO0501__BO0501B/FastprisFHRegKv/
Antal,Mellersta Norrland,2000K2,139,https://www.statistikdatabasen.scb.se/pxweb/sv/ssd/START__BO__BO0501__BO0501B/FastprisFHRegKv/
Antal,Mellersta Norrland,2000K3,146,https://www.statistikdatabasen.scb.se/pxweb/sv/ssd/START__BO__BO0501__BO0501B/FastprisFHRegKv/
Antal,Mellersta Norrland,2000K4,130,https://www.statistikdatabasen.scb.se/pxweb/sv/ssd/START__BO__BO0501__BO0501B/FastprisFHRegKv/
Antal,Mellersta Norrland,2001K1,76,https://www.statistikdatabasen.scb.se/pxweb/sv/ssd/START__BO__BO0501__BO0501B/FastprisFHRegKv/
Antal,Mellersta Norrland,2001K2,151,https://www.statistikdatabasen.scb.se/pxweb/sv/ssd/START__BO__BO0501__BO0501B/FastprisFHRegKv/
Antal,Mellersta Norrland,2001K3,185,https://www.statistikdatabasen.scb.se/pxweb/sv/ssd/START__BO__BO0501__BO0501B/FastprisFHRegKv/
Antal,Mellersta Norrland,2001K4,120,https://www.statistikdatabasen.scb.se/pxweb/sv/ssd/START__BO__BO0501__BO0501B/FastprisFHRegKv/
Antal,Mellersta Norrland,2002K1,83,https://www.statistikdatabasen.scb.se/pxweb/sv/ssd/START__BO__BO0501__BO0501B/FastprisFHRegKv/
Antal,Mellersta Norrland,2002K2,166,https://www.statistikdatabasen.scb.se/pxweb/sv/ssd/START__BO__BO0501__BO0501B/FastprisFHRegKv/
Antal,Mellersta Norrland,2002K3,169,https://www.statistikdatabasen.scb.se/pxweb/sv/ssd/START__BO__BO0501__BO0501B/FastprisFHRegKv/
Antal,Mellersta Norrland,2002K4,141,https://www.statistikdatabasen.scb.se/pxweb/sv/ssd/START__BO__BO0501__BO0501B/FastprisFHRegKv/
Antal,Mellersta Norrland,2003K1,68,https://www.statistikdatabasen.scb.se/pxweb/sv/ssd/START__BO__BO0501__BO0501B/FastprisFHRegKv/
Antal,Mellersta Norrland,2003K2,136,https://www.statistikdatabasen.scb.se/pxweb/sv/ssd/START__BO__BO0501__BO0501B/FastprisFHRegKv/
Antal,Mellersta Norrland,2003K3,151,https://www.statistikdatabasen.scb.se/pxweb/sv/ssd/START__BO__BO0501__BO0501B/FastprisFHRegKv/
Antal,Mellersta Norrland,2003K4,145,https://www.statistikdatabasen.scb.se/pxweb/sv/ssd/START__BO__BO0501__BO0501B/FastprisFHRegKv/
Antal,Mellersta Norrland,2004K1,68,https://www.statistikdatabasen.scb.se/pxweb/sv/ssd/START__BO__BO0501__BO0501B/FastprisFHRegKv/
Antal,Mellersta Norrland,2004K2,172,https://www.statistikdatabasen.scb.se/pxweb/sv/ssd/START__BO__BO0501__BO0501B/FastprisFHRegKv/
Antal,Mellersta Norrland,2004K3,179,https://www.statistikdatabasen.scb.se/pxweb/sv/ssd/START__BO__BO0501__BO0501B/FastprisFHRegKv/
Antal,Mellersta Norrland,2004K4,135,https://www.statistikdatabasen.scb.se/pxweb/sv/ssd/START__BO__BO0501__BO0501B/FastprisFHRegKv/
Antal,Mellersta Norrland,2005K1,76,https://www.statistikdatabasen.scb.se/pxweb/sv/ssd/START__BO__BO0501__BO0501B/FastprisFHRegKv/
Antal,Mellersta Norrland,2005K2,157,https://www.statistikdatabasen.scb.se/pxweb/sv/ssd/START__BO__BO0501__BO0501B/FastprisFHRegKv/
Antal,Mellersta Norrland,2005K3,259,https://www.statistikdatabasen.scb.se/pxweb/sv/ssd/START__BO__BO0501__BO0501B/FastprisFHRegKv/
Antal,Mellersta Norrland,2005K4,129,https://www.statistikdatabasen.scb.se/pxweb/sv/ssd/START__BO__BO0501__BO0501B/FastprisFHRegKv/
Antal,Mellersta Norrland,2006K1,80,https://www.statistikdatabasen.scb.se/pxweb/sv/ssd/START__BO__BO0501__BO0501B/FastprisFHRegKv/
Antal,Mellersta Norrland,2006K2,152,https://www.statistikdatabasen.scb.se/pxweb/sv/ssd/START__BO__BO0501__BO0501B/FastprisFHRegKv/
Antal,Mellersta Norrland,2006K3,208,https://www.statistikdatabasen.scb.se/pxweb/sv/ssd/START__BO__BO0501__BO0501B/FastprisFHRegKv/
Antal,Mellersta Norrland,2006K4,131,https://www.statistikdatabasen.scb.se/pxweb/sv/ssd/START__BO__BO0501__BO0501B/FastprisFHRegKv/
Antal,Mellersta Norrland,2007K1,94,https://www.statistikdatabasen.scb.se/pxweb/sv/ssd/START__BO__BO0501__BO0501B/FastprisFHRegKv/
Antal,Mellersta Norrland,2007K2,171,https://www.statistikdatabasen.scb.se/pxweb/sv/ssd/START__BO__BO0501__BO0501B/FastprisFHRegKv/
Antal,Mellersta Norrland,2007K3,228,https://www.statistikdatabasen.scb.se/pxweb/sv/ssd/START__BO__BO0501__BO0501B/FastprisFHRegKv/
Antal,Mellersta Norrland,2007K4,138,https://www.statistikdatabasen.scb.se/pxweb/sv/ssd/START__BO__BO0501__BO0501B/FastprisFHRegKv/
Antal,Mellersta Norrland,2008K1,87,https://www.statistikdatabasen.scb.se/pxweb/sv/ssd/START__BO__BO0501__BO0501B/FastprisFHRegKv/
Antal,Mellersta Norrland,2008K2,144,https://www.statistikdatabasen.scb.se/pxweb/sv/ssd/START__BO__BO0501__BO0501B/FastprisFHRegKv/
Antal,Mellersta Norrland,2008K3,179,https://www.statistikdatabasen.scb.se/pxweb/sv/ssd/START__BO__BO0501__BO0501B/FastprisFHRegKv/
Antal,Mellersta Norrland,2008K4,105,https://www.statistikdatabasen.scb.se/pxweb/sv/ssd/START__BO__BO0501__BO0501B/FastprisFHRegKv/
Antal,Mellersta Norrland,2009K1,70,https://www.statistikdatabasen.scb.se/pxweb/sv/ssd/START__BO__BO0501__BO0501B/FastprisFHRegKv/
Antal,Mellersta Norrland,2009K2,140,https://www.statistikdatabasen.scb.se/pxweb/sv/ssd/START__BO__BO0501__BO0501B/FastprisFHRegKv/
Antal,Mellersta Norrland,2009K3,179,https://www.statistikdatabasen.scb.se/pxweb/sv/ssd/START__BO__BO0501__BO0501B/FastprisFHRegKv/
Antal,Mellersta Norrland,2009K4,139,https://www.statistikdatabasen.scb.se/pxweb/sv/ssd/START__BO__BO0501__BO0501B/FastprisFHRegKv/
Antal,Mellersta Norrland,2010K1,68,https://www.statistikdatabasen.scb.se/pxweb/sv/ssd/START__BO__BO0501__BO0501B/FastprisFHRegKv/
Antal,Mellersta Norrland,2010K2,146,https://www.statistikdatabasen.scb.se/pxweb/sv/ssd/START__BO__BO0501__BO0501B/FastprisFHRegKv/
Antal,Mellersta Norrland,2010K3,215,https://www.statistikdatabasen.scb.se/pxweb/sv/ssd/START__BO__BO0501__BO0501B/FastprisFHRegKv/
Antal,Mellersta Norrland,2010K4,163,https://www.statistikdatabasen.scb.se/pxweb/sv/ssd/START__BO__BO0501__BO0501B/FastprisFHRegKv/
Antal,Mellersta Norrland,2011K1,75,https://www.statistikdatabasen.scb.se/pxweb/sv/ssd/START__BO__BO0501__BO0501B/FastprisFHRegKv/
Antal,Mellersta Norrland,2011K2,146,https://www.statistikdatabasen.scb.se/pxweb/sv/ssd/START__BO__BO0501__BO0501B/FastprisFHRegKv/
Antal,Mellersta Norrland,2011K3,225,https://www.statistikdatabasen.scb.se/pxweb/sv/ssd/START__BO__BO0501__BO0501B/FastprisFHRegKv/
Antal,Mellersta Norrland,2011K4,116,https://www.statistikdatabasen.scb.se/pxweb/sv/ssd/START__BO__BO0501__BO0501B/FastprisFHRegKv/
Antal,Mellersta Norrland,2012K1,85,https://www.statistikdatabasen.scb.se/pxweb/sv/ssd/START__BO__BO0501__BO0501B/FastprisFHRegKv/
Antal,Mellersta Norrland,2012K2,147,https://www.statistikdatabasen.scb.se/pxweb/sv/ssd/START__BO__BO0501__BO0501B/FastprisFHRegKv/
Antal,Mellersta Norrland,2012K3,169,https://www.statistikdatabasen.scb.se/pxweb/sv/ssd/START__BO__BO0501__BO0501B/FastprisFHRegKv/
Antal,Mellersta Norrland,2012K4,153,https://www.statistikdatabasen.scb.se/pxweb/sv/ssd/START__BO__BO0501__BO0501B/FastprisFHRegKv/
Antal,Mellersta Norrland,2013K1,115,https://www.statistikdatabasen.scb.se/pxweb/sv/ssd/START__BO__BO0501__BO0501B/FastprisFHRegKv/
Antal,Mellersta Norrland,2013K2,135,https://www.statistikdatabasen.scb.se/pxweb/sv/ssd/START__BO__BO0501__BO0501B/FastprisFHRegKv/
Antal,Mellersta Norrland,2013K3,217,https://www.statistikdatabasen.scb.se/pxweb/sv/ssd/START__BO__BO0501__BO0501B/FastprisFHRegKv/
Antal,Mellersta Norrland,2013K4,179,https://www.statistikdatabasen.scb.se/pxweb/sv/ssd/START__BO__BO0501__BO0501B/FastprisFHRegKv/
Antal,Mellersta Norrland,2014K1,98,https://www.statistikdatabasen.scb.se/pxweb/sv/ssd/START__BO__BO0501__BO0501B/FastprisFHRegKv/
Antal,Mellersta Norrland,2014K2,181,https://www.statistikdatabasen.scb.se/pxweb/sv/ssd/START__BO__BO0501__BO0501B/FastprisFHRegKv/
Antal,Mellersta Norrland,2014K3,236,https://www.statistikdatabasen.scb.se/pxweb/sv/ssd/START__BO__BO0501__BO0501B/FastprisFHRegKv/
Antal,Mellersta Norrland,2014K4,207,https://www.statistikdatabasen.scb.se/pxweb/sv/ssd/START__BO__BO0501__BO0501B/FastprisFHRegKv/
Antal,Mellersta Norrland,2015K1,147,https://www.statistikdatabasen.scb.se/pxweb/sv/ssd/START__BO__BO0501__BO0501B/FastprisFHRegKv/
Antal,Mellersta Norrland,2015K2,257,https://www.statistikdatabasen.scb.se/pxweb/sv/ssd/START__BO__BO0501__BO0501B/FastprisFHRegKv/
Antal,Mellersta Norrland,2015K3,311,https://www.statistikdatabasen.scb.se/pxweb/sv/ssd/START__BO__BO0501__BO0501B/FastprisFHRegKv/
Antal,Mellersta Norrland,2015K4,214,https://www.statistikdatabasen.scb.se/pxweb/sv/ssd/START__BO__BO0501__BO0501B/FastprisFHRegKv/
Antal,Mellersta Norrland,2016K1,123,https://www.statistikdatabasen.scb.se/pxweb/sv/ssd/START__BO__BO0501__BO0501B/FastprisFHRegKv/
Antal,Mellersta Norrland,2016K2,240,https://www.statistikdatabasen.scb.se/pxweb/sv/ssd/START__BO__BO0501__BO0501B/FastprisFHRegKv/
Antal,Mellersta Norrland,2016K3,280,https://www.statistikdatabasen.scb.se/pxweb/sv/ssd/START__BO__BO0501__BO0501B/FastprisFHRegKv/
Antal,Mellersta Norrland,2016K4,191,https://www.statistikdatabasen.scb.se/pxweb/sv/ssd/START__BO__BO0501__BO0501B/FastprisFHRegKv/
Antal,Mellersta Norrland,2017K1,135,https://www.statistikdatabasen.scb.se/pxweb/sv/ssd/START__BO__BO0501__BO0501B/FastprisFHRegKv/
Antal,Mellersta Norrland,2017K2,197,https://www.statistikdatabasen.scb.se/pxweb/sv/ssd/START__BO__BO0501__BO0501B/FastprisFHRegKv/
Antal,Mellersta Norrland,2017K3,270,https://www.statistikdatabasen.scb.se/pxweb/sv/ssd/START__BO__BO0501__BO0501B/FastprisFHRegKv/
Antal,Mellersta Norrland,2017K4,234,https://www.statistikdatabasen.scb.se/pxweb/sv/ssd/START__BO__BO0501__BO0501B/FastprisFHRegKv/
Antal,Mellersta Norrland,2018K1,116,https://www.statistikdatabasen.scb.se/pxweb/sv/ssd/START__BO__BO0501__BO0501B/FastprisFHRegKv/
Antal,Mellersta Norrland,2018K2,170,https://www.statistikdatabasen.scb.se/pxweb/sv/ssd/START__BO__BO0501__BO0501B/FastprisFHRegKv/
Antal,Mellersta Norrland,2018K3,242,https://www.statistikdatabasen.scb.se/pxweb/sv/ssd/START__BO__BO0501__BO0501B/FastprisFHRegKv/
Antal,Mellersta Norrland,2018K4,232,https://www.statistikdatabasen.scb.se/pxweb/sv/ssd/START__BO__BO0501__BO0501B/FastprisFHRegKv/
Antal,Mellersta Norrland,2019K1,125,https://www.statistikdatabasen.scb.se/pxweb/sv/ssd/START__BO__BO0501__BO0501B/FastprisFHRegKv/
Antal,Mellersta Norrland,2019K2,180,https://www.statistikdatabasen.scb.se/pxweb/sv/ssd/START__BO__BO0501__BO0501B/FastprisFHRegKv/
Antal,Mellersta Norrland,2019K3,269,https://www.statistikdatabasen.scb.se/pxweb/sv/ssd/START__BO__BO0501__BO0501B/FastprisFHRegKv/
Antal,Mellersta Norrland,2019K4,250,https://www.statistikdatabasen.scb.se/pxweb/sv/ssd/START__BO__BO0501__BO0501B/FastprisFHRegKv/
Antal,Mellersta Norrland,2020K1,118,https://www.statistikdatabasen.scb.se/pxweb/sv/ssd/START__BO__BO0501__BO0501B/FastprisFHRegKv/
Antal,Mellersta Norrland,2020K2,191,https://www.statistikdatabasen.scb.se/pxweb/sv/ssd/START__BO__BO0501__BO0501B/FastprisFHRegKv/
Antal,Mellersta Norrland,2020K3,377,https://www.statistikdatabasen.scb.se/pxweb/sv/ssd/START__BO__BO0501__BO0501B/FastprisFHRegKv/
Antal,Mellersta Norrland,2020K4,242,https://www.statistikdatabasen.scb.se/pxweb/sv/ssd/START__BO__BO0501__BO0501B/FastprisFHRegKv/
Antal,Mellersta Norrland,2021K1,130,https://www.statistikdatabasen.scb.se/pxweb/sv/ssd/START__BO__BO0501__BO0501B/FastprisFHRegKv/
Antal,Mellersta Norrland,2021K2,270,https://www.statistikdatabasen.scb.se/pxweb/sv/ssd/START__BO__BO0501__BO0501B/FastprisFHRegKv/
Antal,Mellersta Norrland,2021K3,285,https://www.statistikdatabasen.scb.se/pxweb/sv/ssd/START__BO__BO0501__BO0501B/FastprisFHRegKv/
Antal,Mellersta Norrland,2021K4,236,https://www.statistikdatabasen.scb.se/pxweb/sv/ssd/START__BO__BO0501__BO0501B/FastprisFHRegKv/
Antal,Mellersta Norrland,2022K1,120,https://www.statistikdatabasen.scb.se/pxweb/sv/ssd/START__BO__BO0501__BO0501B/FastprisFHRegKv/
Antal,Mellersta Norrland,2022K2,211,https://www.statistikdatabasen.scb.se/pxweb/sv/ssd/START__BO__BO0501__BO0501B/FastprisFHRegKv/
Antal,Mellersta Norrland,2022K3,251,https://www.statistikdatabasen.scb.se/pxweb/sv/ssd/START__BO__BO0501__BO0501B/FastprisFHRegKv/
Antal,Mellersta Norrland,2022K4,215,https://www.statistikdatabasen.scb.se/pxweb/sv/ssd/START__BO__BO0501__BO0501B/FastprisFHRegKv/
Antal,Mellersta Norrland,2023K1,112,https://www.statistikdatabasen.scb.se/pxweb/sv/ssd/START__BO__BO0501__BO0501B/FastprisFHRegKv/
Antal,Mellersta Norrland,2023K2,147,https://www.statistikdatabasen.scb.se/pxweb/sv/ssd/START__BO__BO0501__BO0501B/FastprisFHRegKv/
Antal,Mellersta Norrland,2023K3,228,https://www.statistikdatabasen.scb.se/pxweb/sv/ssd/START__BO__BO0501__BO0501B/FastprisFHRegKv/
Antal,Mellersta Norrland,2023K4,208,https://www.statistikdatabasen.scb.se/pxweb/sv/ssd/START__BO__BO0501__BO0501B/FastprisFHRegKv/
Antal,Mellersta Norrland,2024K1,117,https://www.statistikdatabasen.scb.se/pxweb/sv/ssd/START__BO__BO0501__BO0501B/FastprisFHRegKv/
Antal,Mellersta Norrland,2024K2,168,https://www.statistikdatabasen.scb.se/pxweb/sv/ssd/START__BO__BO0501__BO0501B/FastprisFHRegKv/
Antal,Mellersta Norrland,2024K3,248,https://www.statistikdatabasen.scb.se/pxweb/sv/ssd/START__BO__BO0501__BO0501B/FastprisFHRegKv/
Antal,Mellersta Norrland,2024K4,242,https://www.statistikdatabasen.scb.se/pxweb/sv/ssd/START__BO__BO0501__BO0501B/FastprisFHRegKv/
Antal,Mellersta Norrland,2025K1,131,https://www.statistikdatabasen.scb.se/pxweb/sv/ssd/START__BO__BO0501__BO0501B/FastprisFHRegKv/
Antal,Mellersta Norrland,2025K2,208,https://www.statistikdatabasen.scb.se/pxweb/sv/ssd/START__BO__BO0501__BO0501B/FastprisFHRegKv/
Antal,Mellersta Norrland,2025K3,266,https://www.statistikdatabasen.scb.se/pxweb/sv/ssd/START__BO__BO0501__BO0501B/FastprisFHRegKv/
Antal,Mellersta Norrland,2025K4,237,https://www.statistikdatabasen.scb.se/pxweb/sv/ssd/START__BO__BO0501__BO0501B/FastprisFHRegKv/
Antal,Mellersta Norrland,2026K1,137,https://www.statistikdatabasen.scb.se/pxweb/sv/ssd/START__BO__BO0501__BO0501B/FastprisFHRegKv/
Antal,Mellersta Norrland,2026K2,206,https://www.statistikdatabasen.scb.se/pxweb/sv/ssd/START__BO__BO0501__BO0501B/FastprisFHRegKv/
"Köpeskilling, medelvärde i tkr",Mellersta Norrland,1998K1,353,https://www.statistikdatabasen.scb.se/pxweb/sv/ssd/START__BO__BO0501__BO0501B/FastprisFHRegKv/
"Köpeskilling, medelvärde i tkr",Mellersta Norrland,1998K2,312,https://www.statistikdatabasen.scb.se/pxweb/sv/ssd/START__BO__BO0501__BO0501B/FastprisFHRegKv/
"Köpeskilling, medelvärde i tkr",Mellersta Norrland,1998K3,290,https://www.statistikdatabasen.scb.se/pxweb/sv/ssd/START__BO__BO0501__BO0501B/FastprisFHRegKv/
"Köpeskilling, medelvärde i tkr",Mellersta Norrland,1998K4,333,https://www.statistikdatabasen.scb.se/pxweb/sv/ssd/START__BO__BO0501__BO0501B/FastprisFHRegKv/
"Köpeskilling, medelvärde i tkr",Mellersta Norrland,1999K1,305,https://www.statistikdatabasen.scb.se/pxweb/sv/ssd/START__BO__BO0501__BO0501B/FastprisFHRegKv/
"Köpeskilling, medelvärde i tkr",Mellersta Norrland,1999K2,337,https://www.statistikdatabasen.scb.se/pxweb/sv/ssd/START__BO__BO0501__BO0501B/FastprisFHRegKv/
"Köpeskilling, medelvärde i tkr",Mellersta Norrland,1999K3,335,https://www.statistikdatabasen.scb.se/pxweb/sv/ssd/START__BO__BO0501__BO0501B/FastprisFHRegKv/
"Köpeskilling, medelvärde i tkr",Mellersta Norrland,1999K4,310,https://www.statistikdatabasen.scb.se/pxweb/sv/ssd/START__BO__BO0501__BO0501B/FastprisFHRegKv/
"Köpeskilling, medelvärde i tkr",Mellersta Norrland,2000K1,372,https://www.statistikdatabasen.scb.se/pxweb/sv/ssd/START__BO__BO0501__BO0501B/FastprisFHRegKv/
"Köpeskilling, medelvärde i tkr",Mellersta Norrland,2000K2,341,https://www.statistikdatabasen.scb.se/pxweb/sv/ssd/START__BO__BO0501__BO0501B/FastprisFHRegKv/
"Köpeskilling, medelvärde i tkr",Mellersta Norrland,2000K3,339,https://www.statistikdatabasen.scb.se/pxweb/sv/ssd/START__BO__BO0501__BO0501B/FastprisFHRegKv/
"Köpeskilling, medelvärde i tkr",Mellersta Norrland,2000K4,412,https://www.statistikdatabasen.scb.se/pxweb/sv/ssd/START__BO__BO0501__BO0501B/FastprisFHRegKv/
"Köpeskilling, medelvärde i tkr",Mellersta Norrland,2001K1,356,https://www.statistikdatabasen.scb.se/pxweb/sv/ssd/START__BO__BO0501__BO0501B/FastprisFHRegKv/
"Köpeskilling, medelvärde i tkr",Mellersta Norrland,2001K2,342,https://www.statistikdatabasen.scb.se/pxweb/sv/ssd/START__BO__BO0501__BO0501B/FastprisFHRegKv/
"Köpeskilling, medelvärde i tkr",Mellersta Norrland,2001K3,349,https://www.statistikdatabasen.scb.se/pxweb/sv/ssd/START__BO__BO0501__BO0501B/FastprisFHRegKv/
"Köpeskilling, medelvärde i tkr",Mellersta Norrland,2001K4,388,https://www.statistikdatabasen.scb.se/pxweb/sv/ssd/START__BO__BO0501__BO0501B/FastprisFHRegKv/
"Köpeskilling, medelvärde i tkr",Mellersta Norrland,2002K1,447,https://www.statistikdatabasen.scb.se/pxweb/sv/ssd/START__BO__BO0501__BO0501B/FastprisFHRegKv/
"Köpeskilling, medelvärde i tkr",Mellersta Norrland,2002K2,375,https://www.statistikdatabasen.scb.se/pxweb/sv/ssd/START__BO__BO0501__BO0501B/FastprisFHRegKv/
"Köpeskilling, medelvärde i tkr",Mellersta Norrland,2002K3,374,https://www.statistikdatabasen.scb.se/pxweb/sv/ssd/START__BO__BO0501__BO0501B/FastprisFHRegKv/
"Köpeskilling, medelvärde i tkr",Mellersta Norrland,2002K4,389,https://www.statistikdatabasen.scb.se/pxweb/sv/ssd/START__BO__BO0501__BO0501B/FastprisFHRegKv/
"Köpeskilling, medelvärde i tkr",Mellersta Norrland,2003K1,414,https://www.statistikdatabasen.scb.se/pxweb/sv/ssd/START__BO__BO0501__BO0501B/FastprisFHRegKv/
"Köpeskilling, medelvärde i tkr",Mellersta Norrland,2003K2,418,https://www.statistikdatabasen.scb.se/pxweb/sv/ssd/START__BO__BO0501__BO0501B/FastprisFHRegKv/
"Köpeskilling, medelvärde i tkr",Mellersta Norrland,2003K3,406,https://www.statistikdatabasen.scb.se/pxweb/sv/ssd/START__BO__BO0501__BO0501B/FastprisFHRegKv/
"Köpeskilling, medelvärde i tkr",Mellersta Norrland,2003K4,510,https://www.statistikdatabasen.scb.se/pxweb/sv/ssd/START__BO__BO0501__BO0501B/FastprisFHRegKv/
"Köpeskilling, medelvärde i tkr",Mellersta Norrland,2004K1,478,https://www.statistikdatabasen.scb.se/pxweb/sv/ssd/START__BO__BO0501__BO0501B/FastprisFHRegKv/
"Köpeskilling, medelvärde i tkr",Mellersta Norrland,2004K2,464,https://www.statistikdatabasen.scb.se/pxweb/sv/ssd/START__BO__BO0501__BO0501B/FastprisFHRegKv/
"Köpeskilling, medelvärde i tkr",Mellersta Norrland,2004K3,451,https://www.statistikdatabasen.scb.se/pxweb/sv/ssd/START__BO__BO0501__BO0501B/FastprisFHRegKv/
"Köpeskilling, medelvärde i tkr",Mellersta Norrland,2004K4,597,https://www.statistikdatabasen.scb.se/pxweb/sv/ssd/START__BO__BO0501__BO0501B/FastprisFHRegKv/
"Köpeskilling, medelvärde i tkr",Mellersta Norrland,2005K1,519,https://www.statistikdatabasen.scb.se/pxweb/sv/ssd/START__BO__BO0501__BO0501B/FastprisFHRegKv/
"Köpeskilling, medelvärde i tkr",Mellersta Norrland,2005K2,575,https://www.statistikdatabasen.scb.se/pxweb/sv/ssd/START__BO__BO0501__BO0501B/FastprisFHRegKv/
"Köpeskilling, medelvärde i tkr",Mellersta Norrland,2005K3,590,https://www.statistikdatabasen.scb.se/pxweb/sv/ssd/START__BO__BO0501__BO0501B/FastprisFHRegKv/
"Köpeskilling, medelvärde i tkr",Mellersta Norrland,2005K4,672,https://www.statistikdatabasen.scb.se/pxweb/sv/ssd/START__BO__BO0501__BO0501B/FastprisFHRegKv/
"Köpeskilling, medelvärde i tkr",Mellersta Norrland,2006K1,755,https://www.statistikdatabasen.scb.se/pxweb/sv/ssd/START__BO__BO0501__BO0501B/FastprisFHRegKv/
"Köpeskilling, medelvärde i tkr",Mellersta Norrland,2006K2,771,https://www.statistikdatabasen.scb.se/pxweb/sv/ssd/START__BO__BO0501__BO0501B/FastprisFHRegKv/
"Köpeskilling, medelvärde i tkr",Mellersta Norrland,2006K3,679,https://www.statistikdatabasen.scb.se/pxweb/sv/ssd/START__BO__BO0501__BO0501B/FastprisFHRegKv/
"Köpeskilling, medelvärde i tkr",Mellersta Norrland,2006K4,649,https://www.statistikdatabasen.scb.se/pxweb/sv/ssd/START__BO__BO0501__BO0501B/FastprisFHRegKv/
"Köpeskilling, medelvärde i tkr",Mellersta Norrland,2007K1,777,https://www.statistikdatabasen.scb.se/pxweb/sv/ssd/START__BO__BO0501__BO0501B/FastprisFHRegKv/
"Köpeskilling, medelvärde i tkr",Mellersta Norrland,2007K2,678,https://www.statistikdatabasen.scb.se/pxweb/sv/ssd/START__BO__BO0501__BO0501B/FastprisFHRegKv/
"Köpeskilling, medelvärde i tkr",Mellersta Norrland,2007K3,705,https://www.statistikdatabasen.scb.se/pxweb/sv/ssd/START__BO__BO0501__BO0501B/FastprisFHRegKv/
"Köpeskilling, medelvärde i tkr",Mellersta Norrland,2007K4,844,https://www.statistikdatabasen.scb.se/pxweb/sv/ssd/START__BO__BO0501__BO0501B/FastprisFHRegKv/
"Köpeskilling, medelvärde i tkr",Mellersta Norrland,2008K1,930,https://www.statistikdatabasen.scb.se/pxweb/sv/ssd/START__BO__BO0501__BO0501B/FastprisFHRegKv/
"Köpeskilling, medelvärde i tkr",Mellersta Norrland,2008K2,678,https://www.statistikdatabasen.scb.se/pxweb/sv/ssd/START__BO__BO0501__BO0501B/FastprisFHRegKv/
"Köpeskilling, medelvärde i tkr",Mellersta Norrland,2008K3,721,https://www.statistikdatabasen.scb.se/pxweb/sv/ssd/START__BO__BO0501__BO0501B/FastprisFHRegKv/
"Köpeskilling, medelvärde i tkr",Mellersta Norrland,2008K4,794,https://www.statistikdatabasen.scb.se/pxweb/sv/ssd/START__BO__BO0501__BO0501B/FastprisFHRegKv/
"Köpeskilling, medelvärde i tkr",Mellersta Norrland,2009K1,1106,https://www.statistikdatabasen.scb.se/pxweb/sv/ssd/START__BO__BO0501__BO0501B/FastprisFHRegKv/
"Köpeskilling, medelvärde i tkr",Mellersta Norrland,2009K2,766,https://www.statistikdatabasen.scb.se/pxweb/sv/ssd/START__BO__BO0501__BO0501B/FastprisFHRegKv/
"Köpeskilling, medelvärde i tkr",Mellersta Norrland,2009K3,881,https://www.statistikdatabasen.scb.se/pxweb/sv/ssd/START__BO__BO0501__BO0501B/FastprisFHRegKv/
"Köpeskilling, medelvärde i tkr",Mellersta Norrland,2009K4,1003,https://www.statistikdatabasen.scb.se/pxweb/sv/ssd/START__BO__BO0501__BO0501B/FastprisFHRegKv/
"Köpeskilling, medelvärde i tkr",Mellersta Norrland,2010K1,1181,https://www.statistikdatabasen.scb.se/pxweb/sv/ssd/START__BO__BO0501__BO0501B/FastprisFHRegKv/
"Köpeskilling, medelvärde i tkr",Mellersta Norrland,2010K2,994,https://www.statistikdatabasen.scb.se/pxweb/sv/ssd/START__BO__BO0501__BO0501B/FastprisFHRegKv/
"Köpeskilling, medelvärde i tkr",Mellersta Norrland,2010K3,806,https://www.statistikdatabasen.scb.se/pxweb/sv/ssd/START__BO__BO0501__BO0501B/FastprisFHRegKv/
"Köpeskilling, medelvärde i tkr",Mellersta Norrland,2010K4,992,https://www.statistikdatabasen.scb.se/pxweb/sv/ssd/START__BO__BO0501__BO0501B/FastprisFHRegKv/
"Köpeskilling, medelvärde i tkr",Mellersta Norrland,2011K1,1274,https://www.statistikdatabasen.scb.se/pxweb/sv/ssd/START__BO__BO0501__BO0501B/FastprisFHRegKv/
"Köpeskilling, medelvärde i tkr",Mellersta Norrland,2011K2,962,https://www.statistikdatabasen.scb.se/pxweb/sv/ssd/START__BO__BO0501__BO0501B/FastprisFHRegKv/
"Köpeskilling, medelvärde i tkr",Mellersta Norrland,2011K3,855,https://www.statistikdatabasen.scb.se/pxweb/sv/ssd/START__BO__BO0501__BO0501B/FastprisFHRegKv/
"Köpeskilling, medelvärde i tkr",Mellersta Norrland,2011K4,921,https://www.statistikdatabasen.scb.se/pxweb/sv/ssd/START__BO__BO0501__BO0501B/FastprisFHRegKv/
"Köpeskilling, medelvärde i tkr",Mellersta Norrland,2012K1,1158,https://www.statistikdatabasen.scb.se/pxweb/sv/ssd/START__BO__BO0501__BO0501B/FastprisFHRegKv/
"Köpeskilling, medelvärde i tkr",Mellersta Norrland,2012K2,965,https://www.statistikdatabasen.scb.se/pxweb/sv/ssd/START__BO__BO0501__BO0501B/FastprisFHRegKv/
"Köpeskilling, medelvärde i tkr",Mellersta Norrland,2012K3,813,https://www.statistikdatabasen.scb.se/pxweb/sv/ssd/START__BO__BO0501__BO0501B/FastprisFHRegKv/
"Köpeskilling, medelvärde i tkr",Mellersta Norrland,2012K4,963,https://www.statistikdatabasen.scb.se/pxweb/sv/ssd/START__BO__BO0501__BO0501B/FastprisFHRegKv/
"Köpeskilling, medelvärde i tkr",Mellersta Norrland,2013K1,1239,https://www.statistikdatabasen.scb.se/pxweb/sv/ssd/START__BO__BO0501__BO0501B/FastprisFHRegKv/
"Köpeskilling, medelvärde i tkr",Mellersta Norrland,2013K2,1145,https://www.statistikdatabasen.scb.se/pxweb/sv/ssd/START__BO__BO0501__BO0501B/FastprisFHRegKv/
"Köpeskilling, medelvärde i tkr",Mellersta Norrland,2013K3,873,https://www.statistikdatabasen.scb.se/pxweb/sv/ssd/START__BO__BO0501__BO0501B/FastprisFHRegKv/
"Köpeskilling, medelvärde i tkr",Mellersta Norrland,2013K4,1018,https://www.statistikdatabasen.scb.se/pxweb/sv/ssd/START__BO__BO0501__BO0501B/FastprisFHRegKv/
"Köpeskilling, medelvärde i tkr",Mellersta Norrland,2014K1,909,https://www.statistikdatabasen.scb.se/pxweb/sv/ssd/START__BO__BO0501__BO0501B/FastprisFHRegKv/
"Köpeskilling, medelvärde i tkr",Mellersta Norrland,2014K2,1009,https://www.statistikdatabasen.scb.se/pxweb/sv/ssd/START__BO__BO0501__BO0501B/FastprisFHRegKv/
"Köpeskilling, medelvärde i tkr",Mellersta Norrland,2014K3,966,https://www.statistikdatabasen.scb.se/pxweb/sv/ssd/START__BO__BO0501__BO0501B/FastprisFHRegKv/
"Köpeskilling, medelvärde i tkr",Mellersta Norrland,2014K4,1234,https://www.statistikdatabasen.scb.se/pxweb/sv/ssd/START__BO__BO0501__BO0501B/FastprisFHRegKv/
"Köpeskilling, medelvärde i tkr",Mellersta Norrland,2015K1,1158,https://www.statistikdatabasen.scb.se/pxweb/sv/ssd/START__BO__BO0501__BO0501B/FastprisFHRegKv/
"Köpeskilling, medelvärde i tkr",Mellersta Norrland,2015K2,1068,https://www.statistikdatabasen.scb.se/pxweb/sv/ssd/START__BO__BO0501__BO0501B/FastprisFHRegKv/
"Köpeskilling, medelvärde i tkr",Mellersta Norrland,2015K3,907,https://www.statistikdatabasen.scb.se/pxweb/sv/ssd/START__BO__BO0501__BO0501B/FastprisFHRegKv/
"Köpeskilling, medelvärde i tkr",Mellersta Norrland,2015K4,1037,https://www.statistikdatabasen.scb.se/pxweb/sv/ssd/START__BO__BO0501__BO0501B/FastprisFHRegKv/
"Köpeskilling, medelvärde i tkr",Mellersta Norrland,2016K1,1224,https://www.statistikdatabasen.scb.se/pxweb/sv/ssd/START__BO__BO0501__BO0501B/FastprisFHRegKv/
"Köpeskilling, medelvärde i tkr",Mellersta Norrland,2016K2,1030,https://www.statistikdatabasen.scb.se/pxweb/sv/ssd/START__BO__BO0501__BO0501B/FastprisFHRegKv/
"Köpeskilling, medelvärde i tkr",Mellersta Norrland,2016K3,915,https://www.statistikdatabasen.scb.se/pxweb/sv/ssd/START__BO__BO0501__BO0501B/FastprisFHRegKv/
"Köpeskilling, medelvärde i tkr",Mellersta Norrland,2016K4,1171,https://www.statistikdatabasen.scb.se/pxweb/sv/ssd/START__BO__BO0501__BO0501B/FastprisFHRegKv/
"Köpeskilling, medelvärde i tkr",Mellersta Norrland,2017K1,1377,https://www.statistikdatabasen.scb.se/pxweb/sv/ssd/START__BO__BO0501__BO0501B/FastprisFHRegKv/
"Köpeskilling, medelvärde i tkr",Mellersta Norrland,2017K2,1146,https://www.statistikdatabasen.scb.se/pxweb/sv/ssd/START__BO__BO0501__BO0501B/FastprisFHRegKv/
"Köpeskilling, medelvärde i tkr",Mellersta Norrland,2017K3,954,https://www.statistikdatabasen.scb.se/pxweb/sv/ssd/START__BO__BO0501__BO0501B/FastprisFHRegKv/
"Köpeskilling, medelvärde i tkr",Mellersta Norrland,2017K4,1358,https://www.statistikdatabasen.scb.se/pxweb/sv/ssd/START__BO__BO0501__BO0501B/FastprisFHRegKv/
"Köpeskilling, medelvärde i tkr",Mellersta Norrland,2018K1,1754,https://www.statistikdatabasen.scb.se/pxweb/sv/ssd/START__BO__BO0501__BO0501B/FastprisFHRegKv/
"Köpeskilling, medelvärde i tkr",Mellersta Norrland,2018K2,1269,https://www.statistikdatabasen.scb.se/pxweb/sv/ssd/START__BO__BO0501__BO0501B/FastprisFHRegKv/
"Köpeskilling, medelvärde i tkr",Mellersta Norrland,2018K3,1123,https://www.statistikdatabasen.scb.se/pxweb/sv/ssd/START__BO__BO0501__BO0501B/FastprisFHRegKv/
"Köpeskilling, medelvärde i tkr",Mellersta Norrland,2018K4,1444,https://www.statistikdatabasen.scb.se/pxweb/sv/ssd/START__BO__BO0501__BO0501B/FastprisFHRegKv/
"Köpeskilling, medelvärde i tkr",Mellersta Norrland,2019K1,1248,https://www.statistikdatabasen.scb.se/pxweb/sv/ssd/START__BO__BO0501__BO0501B/FastprisFHRegKv/
"Köpeskilling, medelvärde i tkr",Mellersta Norrland,2019K2,1369,https://www.statistikdatabasen.scb.se/pxweb/sv/ssd/START__BO__BO0501__BO0501B/FastprisFHRegKv/
"Köpeskilling, medelvärde i tkr",Mellersta Norrland,2019K3,1139,https://www.statistikdatabasen.scb.se/pxweb/sv/ssd/START__BO__BO0501__BO0501B/FastprisFHRegKv/
"Köpeskilling, medelvärde i tkr",Mellersta Norrland,2019K4,1447,https://www.statistikdatabasen.scb.se/pxweb/sv/ssd/START__BO__BO0501__BO0501B/FastprisFHRegKv/
"Köpeskilling, medelvärde i tkr",Mellersta Norrland,2020K1,1733,https://www.statistikdatabasen.scb.se/pxweb/sv/ssd/START__BO__BO0501__BO0501B/FastprisFHRegKv/
"Köpeskilling, medelvärde i tkr",Mellersta Norrland,2020K2,1524,https://www.statistikdatabasen.scb.se/pxweb/sv/ssd/START__BO__BO0501__BO0501B/FastprisFHRegKv/
"Köpeskilling, medelvärde i tkr",Mellersta Norrland,2020K3,1147,https://www.statistikdatabasen.scb.se/pxweb/sv/ssd/START__BO__BO0501__BO0501B/FastprisFHRegKv/
"Köpeskilling, medelvärde i tkr",Mellersta Norrland,2020K4,1771,https://www.statistikdatabasen.scb.se/pxweb/sv/ssd/START__BO__BO0501__BO0501B/FastprisFHRegKv/
"Köpeskilling, medelvärde i tkr",Mellersta Norrland,2021K1,2243,https://www.statistikdatabasen.scb.se/pxweb/sv/ssd/START__BO__BO0501__BO0501B/FastprisFHRegKv/
"Köpeskilling, medelvärde i tkr",Mellersta Norrland,2021K2,1841,https://www.statistikdatabasen.scb.se/pxweb/sv/ssd/START__BO__BO0501__BO0501B/FastprisFHRegKv/
"Köpeskilling, medelvärde i tkr",Mellersta Norrland,2021K3,1452,https://www.statistikdatabasen.scb.se/pxweb/sv/ssd/START__BO__BO0501__BO0501B/FastprisFHRegKv/
"Köpeskilling, medelvärde i tkr",Mellersta Norrland,2021K4,1783,https://www.statistikdatabasen.scb.se/pxweb/sv/ssd/START__BO__BO0501__BO0501B/FastprisFHRegKv/
"Köpeskilling, medelvärde i tkr",Mellersta Norrland,2022K1,1824,https://www.statistikdatabasen.scb.se/pxweb/sv/ssd/START__BO__BO0501__BO0501B/FastprisFHRegKv/
"Köpeskilling, medelvärde i tkr",Mellersta Norrland,2022K2,1801,https://www.statistikdatabasen.scb.se/pxweb/sv/ssd/START__BO__BO0501__BO0501B/FastprisFHRegKv/
"Köpeskilling, medelvärde i tkr",Mellersta Norrland,2022K3,1412,https://www.statistikdatabasen.scb.se/pxweb/sv/ssd/START__BO__BO0501__BO0501B/FastprisFHRegKv/
"Köpeskilling, medelvärde i tkr",Mellersta Norrland,2022K4,1547,https://www.statistikdatabasen.scb.se/pxweb/sv/ssd/START__BO__BO0501__BO0501B/FastprisFHRegKv/
"Köpeskilling, medelvärde i tkr",Mellersta Norrland,2023K1,1971,https://www.statistikdatabasen.scb.se/pxweb/sv/ssd/START__BO__BO0501__BO0501B/FastprisFHRegKv/
"Köpeskilling, medelvärde i tkr",Mellersta Norrland,2023K2,1531,https://www.statistikdatabasen.scb.se/pxweb/sv/ssd/START__BO__BO0501__BO0501B/FastprisFHRegKv/
"Köpeskilling, medelvärde i tkr",Mellersta Norrland,2023K3,1513,https://www.statistikdatabasen.scb.se/pxweb/sv/ssd/START__BO__BO0501__BO0501B/FastprisFHRegKv/
"Köpeskilling, medelvärde i tkr",Mellersta Norrland,2023K4,1964,https://www.statistikdatabasen.scb.se/pxweb/sv/ssd/START__BO__BO0501__BO0501B/FastprisFHRegKv/
"Köpeskilling, medelvärde i tkr",Mellersta Norrland,2024K1,2018,https://www.statistikdatabasen.scb.se/pxweb/sv/ssd/START__BO__BO0501__BO0501B/FastprisFHRegKv/
"Köpeskilling, medelvärde i tkr",Mellersta Norrland,2024K2,1852,https://www.statistikdatabasen.scb.se/pxweb/sv/ssd/START__BO__BO0501__BO0501B/FastprisFHRegKv/
"Köpeskilling, medelvärde i tkr",Mellersta Norrland,2024K3,1491,https://www.statistikdatabasen.scb.se/pxweb/sv/ssd/START__BO__BO0501__BO0501B/FastprisFHRegKv/
"Köpeskilling, medelvärde i tkr",Mellersta Norrland,2024K4,2029,https://www.statistikdatabasen.scb.se/pxweb/sv/ssd/START__BO__BO0501__BO0501B/FastprisFHRegKv/
"Köpeskilling, medelvärde i tkr",Mellersta Norrland,2025K1,2369,https://www.statistikdatabasen.scb.se/pxweb/sv/ssd/START__BO__BO0501__BO0501B/FastprisFHRegKv/
"Köpeskilling, medelvärde i tkr",Mellersta Norrland,2025K2,1943,https://www.statistikdatabasen.scb.se/pxweb/sv/ssd/START__BO__BO0501__BO0501B/FastprisFHRegKv/
"Köpeskilling, medelvärde i tkr",Mellersta Norrland,2025K3,1528,https://www.statistikdatabasen.scb.se/pxweb/sv/ssd/START__BO__BO0501__BO0501B/FastprisFHRegKv/
"Köpeskilling, medelvärde i tkr",Mellersta Norrland,2025K4,2141,https://www.statistikdatabasen.scb.se/pxweb/sv/ssd/START__BO__BO0501__BO0501B/FastprisFHRegKv/
"Köpeskilling, medelvärde i tkr",Mellersta Norrland,2026K1,2275,https://www.statistikdatabasen.scb.se/pxweb/sv/ssd/START__BO__BO0501__BO0501B/FastprisFHRegKv/
"Köpeskilling, medelvärde i tkr",Mellersta Norrland,2026K2,2093,https://www.statistikdatabasen.scb.se/pxweb/sv/ssd/START__BO__BO0501__BO0501B/FastprisFHRegKv/
"Bas-/taxeringsvärde, medelvärde i tkr",Mellersta Norrland,1998K1,235,https://www.statistikdatabasen.scb.se/pxweb/sv/ssd/START__BO__BO0501__BO0501B/FastprisFHRegKv/
"Bas-/taxeringsvärde, medelvärde i tkr",Mellersta Norrland,1998K2,200,https://www.statistikdatabasen.scb.se/pxweb/sv/ssd/START__BO__BO0501__BO0501B/FastprisFHRegKv/
"Bas-/taxeringsvärde, medelvärde i tkr",Mellersta Norrland,1998K3,183,https://www.statistikdatabasen.scb.se/pxweb/sv/ssd/START__BO__BO0501__BO0501B/FastprisFHRegKv/
"Bas-/taxeringsvärde, medelvärde i tkr",Mellersta Norrland,1998K4,213,https://www.statistikdatabasen.scb.se/pxweb/sv/ssd/START__BO__BO0501__BO0501B/FastprisFHRegKv/
"Bas-/taxeringsvärde, medelvärde i tkr",Mellersta Norrland,1999K1,202,https://www.statistikdatabasen.scb.se/pxweb/sv/ssd/START__BO__BO0501__BO0501B/FastprisFHRegKv/
"Bas-/taxeringsvärde, medelvärde i tkr",Mellersta Norrland,1999K2,198,https://www.statistikdatabasen.scb.se/pxweb/sv/ssd/START__BO__BO0501__BO0501B/FastprisFHRegKv/
"Bas-/taxeringsvärde, medelvärde i tkr",Mellersta Norrland,1999K3,204,https://www.statistikdatabasen.scb.se/pxweb/sv/ssd/START__BO__BO0501__BO0501B/FastprisFHRegKv/
"Bas-/taxeringsvärde, medelvärde i tkr",Mellersta Norrland,1999K4,195,https://www.statistikdatabasen.scb.se/pxweb/sv/ssd/START__BO__BO0501__BO0501B/FastprisFHRegKv/
"Bas-/taxeringsvärde, medelvärde i tkr",Mellersta Norrland,2000K1,226,https://www.statistikdatabasen.scb.se/pxweb/sv/ssd/START__BO__BO0501__BO0501B/FastprisFHRegKv/
"Bas-/taxeringsvärde, medelvärde i tkr",Mellersta Norrland,2000K2,198,https://www.statistikdatabasen.scb.se/pxweb/sv/ssd/START__BO__BO0501__BO0501B/FastprisFHRegKv/
"Bas-/taxeringsvärde, medelvärde i tkr",Mellersta Norrland,2000K3,195,https://www.statistikdatabasen.scb.se/pxweb/sv/ssd/START__BO__BO0501__BO0501B/FastprisFHRegKv/
"Bas-/taxeringsvärde, medelvärde i tkr",Mellersta Norrland,2000K4,223,https://www.statistikdatabasen.scb.se/pxweb/sv/ssd/START__BO__BO0501__BO0501B/FastprisFHRegKv/
"Bas-/taxeringsvärde, medelvärde i tkr",Mellersta Norrland,2001K1,213,https://www.statistikdatabasen.scb.se/pxweb/sv/ssd/START__BO__BO0501__BO0501B/FastprisFHRegKv/
"Bas-/taxeringsvärde, medelvärde i tkr",Mellersta Norrland,2001K2,190,https://www.statistikdatabasen.scb.se/pxweb/sv/ssd/START__BO__BO0501__BO0501B/FastprisFHRegKv/
"Bas-/taxeringsvärde, medelvärde i tkr",Mellersta Norrland,2001K3,185,https://www.statistikdatabasen.scb.se/pxweb/sv/ssd/START__BO__BO0501__BO0501B/FastprisFHRegKv/
"Bas-/taxeringsvärde, medelvärde i tkr",Mellersta Norrland,2001K4,206,https://www.statistikdatabasen.scb.se/pxweb/sv/ssd/START__BO__BO0501__BO0501B/FastprisFHRegKv/
"Bas-/taxeringsvärde, medelvärde i tkr",Mellersta Norrland,2002K1,244,https://www.statistikdatabasen.scb.se/pxweb/sv/ssd/START__BO__BO0501__BO0501B/FastprisFHRegKv/
"Bas-/taxeringsvärde, medelvärde i tkr",Mellersta Norrland,2002K2,196,https://www.statistikdatabasen.scb.se/pxweb/sv/ssd/START__BO__BO0501__BO0501B/FastprisFHRegKv/
"Bas-/taxeringsvärde, medelvärde i tkr",Mellersta Norrland,2002K3,190,https://www.statistikdatabasen.scb.se/pxweb/sv/ssd/START__BO__BO0501__BO0501B/FastprisFHRegKv/
"Bas-/taxeringsvärde, medelvärde i tkr",Mellersta Norrland,2002K4,213,https://www.statistikdatabasen.scb.se/pxweb/sv/ssd/START__BO__BO0501__BO0501B/FastprisFHRegKv/
"Bas-/taxeringsvärde, medelvärde i tkr",Mellersta Norrland,2003K1,246,https://www.statistikdatabasen.scb.se/pxweb/sv/ssd/START__BO__BO0501__BO0501B/FastprisFHRegKv/
"Bas-/taxeringsvärde, medelvärde i tkr",Mellersta Norrland,2003K2,241,https://www.statistikdatabasen.scb.se/pxweb/sv/ssd/START__BO__BO0501__BO0501B/FastprisFHRegKv/
"Bas-/taxeringsvärde, medelvärde i tkr",Mellersta Norrland,2003K3,231,https://www.statistikdatabasen.scb.se/pxweb/sv/ssd/START__BO__BO0501__BO0501B/FastprisFHRegKv/
"Bas-/taxeringsvärde, medelvärde i tkr",Mellersta Norrland,2003K4,270,https://www.statistikdatabasen.scb.se/pxweb/sv/ssd/START__BO__BO0501__BO0501B/FastprisFHRegKv/
"Bas-/taxeringsvärde, medelvärde i tkr",Mellersta Norrland,2004K1,254,https://www.statistikdatabasen.scb.se/pxweb/sv/ssd/START__BO__BO0501__BO0501B/FastprisFHRegKv/
"Bas-/taxeringsvärde, medelvärde i tkr",Mellersta Norrland,2004K2,245,https://www.statistikdatabasen.scb.se/pxweb/sv/ssd/START__BO__BO0501__BO0501B/FastprisFHRegKv/
"Bas-/taxeringsvärde, medelvärde i tkr",Mellersta Norrland,2004K3,222,https://www.statistikdatabasen.scb.se/pxweb/sv/ssd/START__BO__BO0501__BO0501B/FastprisFHRegKv/
"Bas-/taxeringsvärde, medelvärde i tkr",Mellersta Norrland,2004K4,285,https://www.statistikdatabasen.scb.se/pxweb/sv/ssd/START__BO__BO0501__BO0501B/FastprisFHRegKv/
"Bas-/taxeringsvärde, medelvärde i tkr",Mellersta Norrland,2005K1,245,https://www.statistikdatabasen.scb.se/pxweb/sv/ssd/START__BO__BO0501__BO0501B/FastprisFHRegKv/
"Bas-/taxeringsvärde, medelvärde i tkr",Mellersta Norrland,2005K2,265,https://www.statistikdatabasen.scb.se/pxweb/sv/ssd/START__BO__BO0501__BO0501B/FastprisFHRegKv/
"Bas-/taxeringsvärde, medelvärde i tkr",Mellersta Norrland,2005K3,244,https://www.statistikdatabasen.scb.se/pxweb/sv/ssd/START__BO__BO0501__BO0501B/FastprisFHRegKv/
"Bas-/taxeringsvärde, medelvärde i tkr",Mellersta Norrland,2005K4,283,https://www.statistikdatabasen.scb.se/pxweb/sv/ssd/START__BO__BO0501__BO0501B/FastprisFHRegKv/
"Bas-/taxeringsvärde, medelvärde i tkr",Mellersta Norrland,2006K1,390,https://www.statistikdatabasen.scb.se/pxweb/sv/ssd/START__BO__BO0501__BO0501B/FastprisFHRegKv/
"Bas-/taxeringsvärde, medelvärde i tkr",Mellersta Norrland,2006K2,359,https://www.statistikdatabasen.scb.se/pxweb/sv/ssd/START__BO__BO0501__BO0501B/FastprisFHRegKv/
"Bas-/taxeringsvärde, medelvärde i tkr",Mellersta Norrland,2006K3,326,https://www.statistikdatabasen.scb.se/pxweb/sv/ssd/START__BO__BO0501__BO0501B/FastprisFHRegKv/
"Bas-/taxeringsvärde, medelvärde i tkr",Mellersta Norrland,2006K4,327,https://www.statistikdatabasen.scb.se/pxweb/sv/ssd/START__BO__BO0501__BO0501B/FastprisFHRegKv/
"Bas-/taxeringsvärde, medelvärde i tkr",Mellersta Norrland,2007K1,404,https://www.statistikdatabasen.scb.se/pxweb/sv/ssd/START__BO__BO0501__BO0501B/FastprisFHRegKv/
"Bas-/taxeringsvärde, medelvärde i tkr",Mellersta Norrland,2007K2,283,https://www.statistikdatabasen.scb.se/pxweb/sv/ssd/START__BO__BO0501__BO0501B/FastprisFHRegKv/
"Bas-/taxeringsvärde, medelvärde i tkr",Mellersta Norrland,2007K3,292,https://www.statistikdatabasen.scb.se/pxweb/sv/ssd/START__BO__BO0501__BO0501B/FastprisFHRegKv/
"Bas-/taxeringsvärde, medelvärde i tkr",Mellersta Norrland,2007K4,351,https://www.statistikdatabasen.scb.se/pxweb/sv/ssd/START__BO__BO0501__BO0501B/FastprisFHRegKv/
"Bas-/taxeringsvärde, medelvärde i tkr",Mellersta Norrland,2008K1,388,https://www.statistikdatabasen.scb.se/pxweb/sv/ssd/START__BO__BO0501__BO0501B/FastprisFHRegKv/
"Bas-/taxeringsvärde, medelvärde i tkr",Mellersta Norrland,2008K2,277,https://www.statistikdatabasen.scb.se/pxweb/sv/ssd/START__BO__BO0501__BO0501B/FastprisFHRegKv/
"Bas-/taxeringsvärde, medelvärde i tkr",Mellersta Norrland,2008K3,285,https://www.statistikdatabasen.scb.se/pxweb/sv/ssd/START__BO__BO0501__BO0501B/FastprisFHRegKv/
"Bas-/taxeringsvärde, medelvärde i tkr",Mellersta Norrland,2008K4,312,https://www.statistikdatabasen.scb.se/pxweb/sv/ssd/START__BO__BO0501__BO0501B/FastprisFHRegKv/
"Bas-/taxeringsvärde, medelvärde i tkr",Mellersta Norrland,2009K1,749,https://www.statistikdatabasen.scb.se/pxweb/sv/ssd/START__BO__BO0501__BO0501B/FastprisFHRegKv/
"Bas-/taxeringsvärde, medelvärde i tkr",Mellersta Norrland,2009K2,442,https://www.statistikdatabasen.scb.se/pxweb/sv/ssd/START__BO__BO0501__BO0501B/FastprisFHRegKv/
"Bas-/taxeringsvärde, medelvärde i tkr",Mellersta Norrland,2009K3,489,https://www.statistikdatabasen.scb.se/pxweb/sv/ssd/START__BO__BO0501__BO0501B/FastprisFHRegKv/
"Bas-/taxeringsvärde, medelvärde i tkr",Mellersta Norrland,2009K4,551,https://www.statistikdatabasen.scb.se/pxweb/sv/ssd/START__BO__BO0501__BO0501B/FastprisFHRegKv/
"Bas-/taxeringsvärde, medelvärde i tkr",Mellersta Norrland,2010K1,594,https://www.statistikdatabasen.scb.se/pxweb/sv/ssd/START__BO__BO0501__BO0501B/FastprisFHRegKv/
"Bas-/taxeringsvärde, medelvärde i tkr",Mellersta Norrland,2010K2,511,https://www.statistikdatabasen.scb.se/pxweb/sv/ssd/START__BO__BO0501__BO0501B/FastprisFHRegKv/
"Bas-/taxeringsvärde, medelvärde i tkr",Mellersta Norrland,2010K3,422,https://www.statistikdatabasen.scb.se/pxweb/sv/ssd/START__BO__BO0501__BO0501B/FastprisFHRegKv/
"Bas-/taxeringsvärde, medelvärde i tkr",Mellersta Norrland,2010K4,528,https://www.statistikdatabasen.scb.se/pxweb/sv/ssd/START__BO__BO0501__BO0501B/FastprisFHRegKv/
"Bas-/taxeringsvärde, medelvärde i tkr",Mellersta Norrland,2011K1,700,https://www.statistikdatabasen.scb.se/pxweb/sv/ssd/START__BO__BO0501__BO0501B/FastprisFHRegKv/
"Bas-/taxeringsvärde, medelvärde i tkr",Mellersta Norrland,2011K2,501,https://www.statistikdatabasen.scb.se/pxweb/sv/ssd/START__BO__BO0501__BO0501B/FastprisFHRegKv/
"Bas-/taxeringsvärde, medelvärde i tkr",Mellersta Norrland,2011K3,477,https://www.statistikdatabasen.scb.se/pxweb/sv/ssd/START__BO__BO0501__BO0501B/FastprisFHRegKv/
"Bas-/taxeringsvärde, medelvärde i tkr",Mellersta Norrland,2011K4,509,https://www.statistikdatabasen.scb.se/pxweb/sv/ssd/START__BO__BO0501__BO0501B/FastprisFHRegKv/
"Bas-/taxeringsvärde, medelvärde i tkr",Mellersta Norrland,2012K1,726,https://www.statistikdatabasen.scb.se/pxweb/sv/ssd/START__BO__BO0501__BO0501B/FastprisFHRegKv/
"Bas-/taxeringsvärde, medelvärde i tkr",Mellersta Norrland,2012K2,614,https://www.statistikdatabasen.scb.se/pxweb/sv/ssd/START__BO__BO0501__BO0501B/FastprisFHRegKv/
"Bas-/taxeringsvärde, medelvärde i tkr",Mellersta Norrland,2012K3,514,https://www.statistikdatabasen.scb.se/pxweb/sv/ssd/START__BO__BO0501__BO0501B/FastprisFHRegKv/
"Bas-/taxeringsvärde, medelvärde i tkr",Mellersta Norrland,2012K4,658,https://www.statistikdatabasen.scb.se/pxweb/sv/ssd/START__BO__BO0501__BO0501B/FastprisFHRegKv/
"Bas-/taxeringsvärde, medelvärde i tkr",Mellersta Norrland,2013K1,812,https://www.statistikdatabasen.scb.se/pxweb/sv/ssd/START__BO__BO0501__BO0501B/FastprisFHRegKv/
"Bas-/taxeringsvärde, medelvärde i tkr",Mellersta Norrland,2013K2,737,https://www.statistikdatabasen.scb.se/pxweb/sv/ssd/START__BO__BO0501__BO0501B/FastprisFHRegKv/
"Bas-/taxeringsvärde, medelvärde i tkr",Mellersta Norrland,2013K3,535,https://www.statistikdatabasen.scb.se/pxweb/sv/ssd/START__BO__BO0501__BO0501B/FastprisFHRegKv/
"Bas-/taxeringsvärde, medelvärde i tkr",Mellersta Norrland,2013K4,664,https://www.statistikdatabasen.scb.se/pxweb/sv/ssd/START__BO__BO0501__BO0501B/FastprisFHRegKv/
"Bas-/taxeringsvärde, medelvärde i tkr",Mellersta Norrland,2014K1,644,https://www.statistikdatabasen.scb.se/pxweb/sv/ssd/START__BO__BO0501__BO0501B/FastprisFHRegKv/
"Bas-/taxeringsvärde, medelvärde i tkr",Mellersta Norrland,2014K2,634,https://www.statistikdatabasen.scb.se/pxweb/sv/ssd/START__BO__BO0501__BO0501B/FastprisFHRegKv/
"Bas-/taxeringsvärde, medelvärde i tkr",Mellersta Norrland,2014K3,587,https://www.statistikdatabasen.scb.se/pxweb/sv/ssd/START__BO__BO0501__BO0501B/FastprisFHRegKv/
"Bas-/taxeringsvärde, medelvärde i tkr",Mellersta Norrland,2014K4,776,https://www.statistikdatabasen.scb.se/pxweb/sv/ssd/START__BO__BO0501__BO0501B/FastprisFHRegKv/
"Bas-/taxeringsvärde, medelvärde i tkr",Mellersta Norrland,2015K1,753,https://www.statistikdatabasen.scb.se/pxweb/sv/ssd/START__BO__BO0501__BO0501B/FastprisFHRegKv/
"Bas-/taxeringsvärde, medelvärde i tkr",Mellersta Norrland,2015K2,648,https://www.statistikdatabasen.scb.se/pxweb/sv/ssd/START__BO__BO0501__BO0501B/FastprisFHRegKv/
"Bas-/taxeringsvärde, medelvärde i tkr",Mellersta Norrland,2015K3,550,https://www.statistikdatabasen.scb.se/pxweb/sv/ssd/START__BO__BO0501__BO0501B/FastprisFHRegKv/
"Bas-/taxeringsvärde, medelvärde i tkr",Mellersta Norrland,2015K4,623,https://www.statistikdatabasen.scb.se/pxweb/sv/ssd/START__BO__BO0501__BO0501B/FastprisFHRegKv/
"Bas-/taxeringsvärde, medelvärde i tkr",Mellersta Norrland,2016K1,677,https://www.statistikdatabasen.scb.se/pxweb/sv/ssd/START__BO__BO0501__BO0501B/FastprisFHRegKv/
"Bas-/taxeringsvärde, medelvärde i tkr",Mellersta Norrland,2016K2,550,https://www.statistikdatabasen.scb.se/pxweb/sv/ssd/START__BO__BO0501__BO0501B/FastprisFHRegKv/
"Bas-/taxeringsvärde, medelvärde i tkr",Mellersta Norrland,2016K3,503,https://www.statistikdatabasen.scb.se/pxweb/sv/ssd/START__BO__BO0501__BO0501B/FastprisFHRegKv/
"Bas-/taxeringsvärde, medelvärde i tkr",Mellersta Norrland,2016K4,627,https://www.statistikdatabasen.scb.se/pxweb/sv/ssd/START__BO__BO0501__BO0501B/FastprisFHRegKv/
"Bas-/taxeringsvärde, medelvärde i tkr",Mellersta Norrland,2017K1,720,https://www.statistikdatabasen.scb.se/pxweb/sv/ssd/START__BO__BO0501__BO0501B/FastprisFHRegKv/
"Bas-/taxeringsvärde, medelvärde i tkr",Mellersta Norrland,2017K2,575,https://www.statistikdatabasen.scb.se/pxweb/sv/ssd/START__BO__BO0501__BO0501B/FastprisFHRegKv/
"Bas-/taxeringsvärde, medelvärde i tkr",Mellersta Norrland,2017K3,481,https://www.statistikdatabasen.scb.se/pxweb/sv/ssd/START__BO__BO0501__BO0501B/FastprisFHRegKv/
"Bas-/taxeringsvärde, medelvärde i tkr",Mellersta Norrland,2017K4,689,https://www.statistikdatabasen.scb.se/pxweb/sv/ssd/START__BO__BO0501__BO0501B/FastprisFHRegKv/
"Bas-/taxeringsvärde, medelvärde i tkr",Mellersta Norrland,2018K1,990,https://www.statistikdatabasen.scb.se/pxweb/sv/ssd/START__BO__BO0501__BO0501B/FastprisFHRegKv/
"Bas-/taxeringsvärde, medelvärde i tkr",Mellersta Norrland,2018K2,718,https://www.statistikdatabasen.scb.se/pxweb/sv/ssd/START__BO__BO0501__BO0501B/FastprisFHRegKv/
"Bas-/taxeringsvärde, medelvärde i tkr",Mellersta Norrland,2018K3,639,https://www.statistikdatabasen.scb.se/pxweb/sv/ssd/START__BO__BO0501__BO0501B/FastprisFHRegKv/
"Bas-/taxeringsvärde, medelvärde i tkr",Mellersta Norrland,2018K4,834,https://www.statistikdatabasen.scb.se/pxweb/sv/ssd/START__BO__BO0501__BO0501B/FastprisFHRegKv/
"Bas-/taxeringsvärde, medelvärde i tkr",Mellersta Norrland,2019K1,730,https://www.statistikdatabasen.scb.se/pxweb/sv/ssd/START__BO__BO0501__BO0501B/FastprisFHRegKv/
"Bas-/taxeringsvärde, medelvärde i tkr",Mellersta Norrland,2019K2,755,https://www.statistikdatabasen.scb.se/pxweb/sv/ssd/START__BO__BO0501__BO0501B/FastprisFHRegKv/
"Bas-/taxeringsvärde, medelvärde i tkr",Mellersta Norrland,2019K3,631,https://www.statistikdatabasen.scb.se/pxweb/sv/ssd/START__BO__BO0501__BO0501B/FastprisFHRegKv/
"Bas-/taxeringsvärde, medelvärde i tkr",Mellersta Norrland,2019K4,822,https://www.statistikdatabasen.scb.se/pxweb/sv/ssd/START__BO__BO0501__BO0501B/FastprisFHRegKv/
"Bas-/taxeringsvärde, medelvärde i tkr",Mellersta Norrland,2020K1,997,https://www.statistikdatabasen.scb.se/pxweb/sv/ssd/START__BO__BO0501__BO0501B/FastprisFHRegKv/
"Bas-/taxeringsvärde, medelvärde i tkr",Mellersta Norrland,2020K2,747,https://www.statistikdatabasen.scb.se/pxweb/sv/ssd/START__BO__BO0501__BO0501B/FastprisFHRegKv/
"Bas-/taxeringsvärde, medelvärde i tkr",Mellersta Norrland,2020K3,606,https://www.statistikdatabasen.scb.se/pxweb/sv/ssd/START__BO__BO0501__BO0501B/FastprisFHRegKv/
"Bas-/taxeringsvärde, medelvärde i tkr",Mellersta Norrland,2020K4,863,https://www.statistikdatabasen.scb.se/pxweb/sv/ssd/START__BO__BO0501__BO0501B/FastprisFHRegKv/
"Bas-/taxeringsvärde, medelvärde i tkr",Mellersta Norrland,2021K1,1212,https://www.statistikdatabasen.scb.se/pxweb/sv/ssd/START__BO__BO0501__BO0501B/FastprisFHRegKv/
"Bas-/taxeringsvärde, medelvärde i tkr",Mellersta Norrland,2021K2,955,https://www.statistikdatabasen.scb.se/pxweb/sv/ssd/START__BO__BO0501__BO0501B/FastprisFHRegKv/
"Bas-/taxeringsvärde, medelvärde i tkr",Mellersta Norrland,2021K3,717,https://www.statistikdatabasen.scb.se/pxweb/sv/ssd/START__BO__BO0501__BO0501B/FastprisFHRegKv/
"Bas-/taxeringsvärde, medelvärde i tkr",Mellersta Norrland,2021K4,842,https://www.statistikdatabasen.scb.se/pxweb/sv/ssd/START__BO__BO0501__BO0501B/FastprisFHRegKv/
"Bas-/taxeringsvärde, medelvärde i tkr",Mellersta Norrland,2022K1,889,https://www.statistikdatabasen.scb.se/pxweb/sv/ssd/START__BO__BO0501__BO0501B/FastprisFHRegKv/
"Bas-/taxeringsvärde, medelvärde i tkr",Mellersta Norrland,2022K2,823,https://www.statistikdatabasen.scb.se/pxweb/sv/ssd/START__BO__BO0501__BO0501B/FastprisFHRegKv/
"Bas-/taxeringsvärde, medelvärde i tkr",Mellersta Norrland,2022K3,687,https://www.statistikdatabasen.scb.se/pxweb/sv/ssd/START__BO__BO0501__BO0501B/FastprisFHRegKv/
"Bas-/taxeringsvärde, medelvärde i tkr",Mellersta Norrland,2022K4,818,https://www.statistikdatabasen.scb.se/pxweb/sv/ssd/START__BO__BO0501__BO0501B/FastprisFHRegKv/
"Bas-/taxeringsvärde, medelvärde i tkr",Mellersta Norrland,2023K1,1018,https://www.statistikdatabasen.scb.se/pxweb/sv/ssd/START__BO__BO0501__BO0501B/FastprisFHRegKv/
"Bas-/taxeringsvärde, medelvärde i tkr",Mellersta Norrland,2023K2,760,https://www.statistikdatabasen.scb.se/pxweb/sv/ssd/START__BO__BO0501__BO0501B/FastprisFHRegKv/
"Bas-/taxeringsvärde, medelvärde i tkr",Mellersta Norrland,2023K3,763,https://www.statistikdatabasen.scb.se/pxweb/sv/ssd/START__BO__BO0501__BO0501B/FastprisFHRegKv/
"Bas-/taxeringsvärde, medelvärde i tkr",Mellersta Norrland,2023K4,1031,https://www.statistikdatabasen.scb.se/pxweb/sv/ssd/START__BO__BO0501__BO0501B/FastprisFHRegKv/
"Bas-/taxeringsvärde, medelvärde i tkr",Mellersta Norrland,2024K1,1516,https://www.statistikdatabasen.scb.se/pxweb/sv/ssd/START__BO__BO0501__BO0501B/FastprisFHRegKv/
"Bas-/taxeringsvärde, medelvärde i tkr",Mellersta Norrland,2024K2,1345,https://www.statistikdatabasen.scb.se/pxweb/sv/ssd/START__BO__BO0501__BO0501B/FastprisFHRegKv/
"Bas-/taxeringsvärde, medelvärde i tkr",Mellersta Norrland,2024K3,1005,https://www.statistikdatabasen.scb.se/pxweb/sv/ssd/START__BO__BO0501__BO0501B/FastprisFHRegKv/
"Bas-/taxeringsvärde, medelvärde i tkr",Mellersta Norrland,2024K4,1416,https://www.statistikdatabasen.scb.se/pxweb/sv/ssd/START__BO__BO0501__BO0501B/FastprisFHRegKv/
"Bas-/taxeringsvärde, medelvärde i tkr",Mellersta Norrland,2025K1,1673,https://www.statistikdatabasen.scb.se/pxweb/sv/ssd/START__BO__BO0501__BO0501B/FastprisFHRegKv/
"Bas-/taxeringsvärde, medelvärde i tkr",Mellersta Norrland,2025K2,1373,https://www.statistikdatabasen.scb.se/pxweb/sv/ssd/START__BO__BO0501__BO0501B/FastprisFHRegKv/
"Bas-/taxeringsvärde, medelvärde i tkr",Mellersta Norrland,2025K3,1079,https://www.statistikdatabasen.scb.se/pxweb/sv/ssd/START__BO__BO0501__BO0501B/FastprisFHRegKv/
"Bas-/taxeringsvärde, medelvärde i tkr",Mellersta Norrland,2025K4,1488,https://www.statistikdatabasen.scb.se/pxweb/sv/ssd/START__BO__BO0501__BO0501B/FastprisFHRegKv/
"Bas-/taxeringsvärde, medelvärde i tkr",Mellersta Norrland,2026K1,1663,https://www.statistikdatabasen.scb.se/pxweb/sv/ssd/START__BO__BO0501__BO0501B/FastprisFHRegKv/
"Bas-/taxeringsvärde, medelvärde i tkr",Mellersta Norrland,2026K2,1497,https://www.statistikdatabasen.scb.se/pxweb/sv/ssd/START__BO__BO0501__BO0501B/FastprisFHRegKv/
Köpeskillingskoefficient,Mellersta Norrland,1998K1,1.44,https://www.statistikdatabasen.scb.se/pxweb/sv/ssd/START__BO__BO0501__BO0501B/FastprisFHRegKv/
Köpeskillingskoefficient,Mellersta Norrland,1998K2,1.57,https://www.statistikdatabasen.scb.se/pxweb/sv/ssd/START__BO__BO0501__BO0501B/FastprisFHRegKv/
Köpeskillingskoefficient,Mellersta Norrland,1998K3,1.57,https://www.statistikdatabasen.scb.se/pxweb/sv/ssd/START__BO__BO0501__BO0501B/FastprisFHRegKv/
Köpeskillingskoefficient,Mellersta Norrland,1998K4,1.54,https://www.statistikdatabasen.scb.se/pxweb/sv/ssd/START__BO__BO0501__BO0501B/FastprisFHRegKv/
Köpeskillingskoefficient,Mellersta Norrland,1999K1,1.49,https://www.statistikdatabasen.scb.se/pxweb/sv/ssd/START__BO__BO0501__BO0501B/FastprisFHRegKv/
Köpeskillingskoefficient,Mellersta Norrland,1999K2,1.67,https://www.statistikdatabasen.scb.se/pxweb/sv/ssd/START__BO__BO0501__BO0501B/FastprisFHRegKv/
Köpeskillingskoefficient,Mellersta Norrland,1999K3,1.65,https://www.statistikdatabasen.scb.se/pxweb/sv/ssd/START__BO__BO0501__BO0501B/FastprisFHRegKv/
Köpeskillingskoefficient,Mellersta Norrland,1999K4,1.61,https://www.statistikdatabasen.scb.se/pxweb/sv/ssd/START__BO__BO0501__BO0501B/FastprisFHRegKv/
Köpeskillingskoefficient,Mellersta Norrland,2000K1,1.67,https://www.statistikdatabasen.scb.se/pxweb/sv/ssd/START__BO__BO0501__BO0501B/FastprisFHRegKv/
Köpeskillingskoefficient,Mellersta Norrland,2000K2,1.71,https://www.statistikdatabasen.scb.se/pxweb/sv/ssd/START__BO__BO0501__BO0501B/FastprisFHRegKv/
Köpeskillingskoefficient,Mellersta Norrland,2000K3,1.74,https://www.statistikdatabasen.scb.se/pxweb/sv/ssd/START__BO__BO0501__BO0501B/FastprisFHRegKv/
Köpeskillingskoefficient,Mellersta Norrland,2000K4,1.8,https://www.statistikdatabasen.scb.se/pxweb/sv/ssd/START__BO__BO0501__BO0501B/FastprisFHRegKv/
Köpeskillingskoefficient,Mellersta Norrland,2001K1,1.63,https://www.statistikdatabasen.scb.se/pxweb/sv/ssd/START__BO__BO0501__BO0501B/FastprisFHRegKv/
Köpeskillingskoefficient,Mellersta Norrland,2001K2,1.77,https://www.statistikdatabasen.scb.se/pxweb/sv/ssd/START__BO__BO0501__BO0501B/FastprisFHRegKv/
Köpeskillingskoefficient,Mellersta Norrland,2001K3,1.83,https://www.statistikdatabasen.scb.se/pxweb/sv/ssd/START__BO__BO0501__BO0501B/FastprisFHRegKv/
Köpeskillingskoefficient,Mellersta Norrland,2001K4,1.87,https://www.statistikdatabasen.scb.se/pxweb/sv/ssd/START__BO__BO0501__BO0501B/FastprisFHRegKv/
Köpeskillingskoefficient,Mellersta Norrland,2002K1,1.74,https://www.statistikdatabasen.scb.se/pxweb/sv/ssd/START__BO__BO0501__BO0501B/FastprisFHRegKv/
Köpeskillingskoefficient,Mellersta Norrland,2002K2,1.83,https://www.statistikdatabasen.scb.se/pxweb/sv/ssd/START__BO__BO0501__BO0501B/FastprisFHRegKv/
Köpeskillingskoefficient,Mellersta Norrland,2002K3,1.92,https://www.statistikdatabasen.scb.se/pxweb/sv/ssd/START__BO__BO0501__BO0501B/FastprisFHRegKv/
Köpeskillingskoefficient,Mellersta Norrland,2002K4,1.88,https://www.statistikdatabasen.scb.se/pxweb/sv/ssd/START__BO__BO0501__BO0501B/FastprisFHRegKv/
Köpeskillingskoefficient,Mellersta Norrland,2003K1,1.57,https://www.statistikdatabasen.scb.se/pxweb/sv/ssd/START__BO__BO0501__BO0501B/FastprisFHRegKv/
Köpeskillingskoefficient,Mellersta Norrland,2003K2,1.78,https://www.statistikdatabasen.scb.se/pxweb/sv/ssd/START__BO__BO0501__BO0501B/FastprisFHRegKv/
Köpeskillingskoefficient,Mellersta Norrland,2003K3,1.75,https://www.statistikdatabasen.scb.se/pxweb/sv/ssd/START__BO__BO0501__BO0501B/FastprisFHRegKv/
Köpeskillingskoefficient,Mellersta Norrland,2003K4,1.86,https://www.statistikdatabasen.scb.se/pxweb/sv/ssd/START__BO__BO0501__BO0501B/FastprisFHRegKv/
Köpeskillingskoefficient,Mellersta Norrland,2004K1,1.84,https://www.statistikdatabasen.scb.se/pxweb/sv/ssd/START__BO__BO0501__BO0501B/FastprisFHRegKv/
Köpeskillingskoefficient,Mellersta Norrland,2004K2,1.88,https://www.statistikdatabasen.scb.se/pxweb/sv/ssd/START__BO__BO0501__BO0501B/FastprisFHRegKv/
Köpeskillingskoefficient,Mellersta Norrland,2004K3,2.03,https://www.statistikdatabasen.scb.se/pxweb/sv/ssd/START__BO__BO0501__BO0501B/FastprisFHRegKv/
Köpeskillingskoefficient,Mellersta Norrland,2004K4,2.05,https://www.statistikdatabasen.scb.se/pxweb/sv/ssd/START__BO__BO0501__BO0501B/FastprisFHRegKv/
Köpeskillingskoefficient,Mellersta Norrland,2005K1,2.09,https://www.statistikdatabasen.scb.se/pxweb/sv/ssd/START__BO__BO0501__BO0501B/FastprisFHRegKv/
Köpeskillingskoefficient,Mellersta Norrland,2005K2,2.15,https://www.statistikdatabasen.scb.se/pxweb/sv/ssd/START__BO__BO0501__BO0501B/FastprisFHRegKv/
Köpeskillingskoefficient,Mellersta Norrland,2005K3,2.3,https://www.statistikdatabasen.scb.se/pxweb/sv/ssd/START__BO__BO0501__BO0501B/FastprisFHRegKv/
Köpeskillingskoefficient,Mellersta Norrland,2005K4,2.34,https://www.statistikdatabasen.scb.se/pxweb/sv/ssd/START__BO__BO0501__BO0501B/FastprisFHRegKv/
Köpeskillingskoefficient,Mellersta Norrland,2006K1,1.93,https://www.statistikdatabasen.scb.se/pxweb/sv/ssd/START__BO__BO0501__BO0501B/FastprisFHRegKv/
Köpeskillingskoefficient,Mellersta Norrland,2006K2,2.12,https://www.statistikdatabasen.scb.se/pxweb/sv/ssd/START__BO__BO0501__BO0501B/FastprisFHRegKv/
Köpeskillingskoefficient,Mellersta Norrland,2006K3,2.12,https://www.statistikdatabasen.scb.se/pxweb/sv/ssd/START__BO__BO0501__BO0501B/FastprisFHRegKv/
Köpeskillingskoefficient,Mellersta Norrland,2006K4,2.04,https://www.statistikdatabasen.scb.se/pxweb/sv/ssd/START__BO__BO0501__BO0501B/FastprisFHRegKv/
Köpeskillingskoefficient,Mellersta Norrland,2007K1,2.04,https://www.statistikdatabasen.scb.se/pxweb/sv/ssd/START__BO__BO0501__BO0501B/FastprisFHRegKv/
Köpeskillingskoefficient,Mellersta Norrland,2007K2,2.34,https://www.statistikdatabasen.scb.se/pxweb/sv/ssd/START__BO__BO0501__BO0501B/FastprisFHRegKv/
Köpeskillingskoefficient,Mellersta Norrland,2007K3,2.4,https://www.statistikdatabasen.scb.se/pxweb/sv/ssd/START__BO__BO0501__BO0501B/FastprisFHRegKv/
Köpeskillingskoefficient,Mellersta Norrland,2007K4,2.44,https://www.statistikdatabasen.scb.se/pxweb/sv/ssd/START__BO__BO0501__BO0501B/FastprisFHRegKv/
Köpeskillingskoefficient,Mellersta Norrland,2008K1,2.36,https://www.statistikdatabasen.scb.se/pxweb/sv/ssd/START__BO__BO0501__BO0501B/FastprisFHRegKv/
Köpeskillingskoefficient,Mellersta Norrland,2008K2,2.37,https://www.statistikdatabasen.scb.se/pxweb/sv/ssd/START__BO__BO0501__BO0501B/FastprisFHRegKv/
Köpeskillingskoefficient,Mellersta Norrland,2008K3,2.58,https://www.statistikdatabasen.scb.se/pxweb/sv/ssd/START__BO__BO0501__BO0501B/FastprisFHRegKv/
Köpeskillingskoefficient,Mellersta Norrland,2008K4,2.62,https://www.statistikdatabasen.scb.se/pxweb/sv/ssd/START__BO__BO0501__BO0501B/FastprisFHRegKv/
Köpeskillingskoefficient,Mellersta Norrland,2009K1,1.57,https://www.statistikdatabasen.scb.se/pxweb/sv/ssd/START__BO__BO0501__BO0501B/FastprisFHRegKv/
Köpeskillingskoefficient,Mellersta Norrland,2009K2,1.88,https://www.statistikdatabasen.scb.se/pxweb/sv/ssd/START__BO__BO0501__BO0501B/FastprisFHRegKv/
Köpeskillingskoefficient,Mellersta Norrland,2009K3,1.96,https://www.statistikdatabasen.scb.se/pxweb/sv/ssd/START__BO__BO0501__BO0501B/FastprisFHRegKv/
Köpeskillingskoefficient,Mellersta Norrland,2009K4,1.97,https://www.statistikdatabasen.scb.se/pxweb/sv/ssd/START__BO__BO0501__BO0501B/FastprisFHRegKv/
Köpeskillingskoefficient,Mellersta Norrland,2010K1,2.02,https://www.statistikdatabasen.scb.se/pxweb/sv/ssd/START__BO__BO0501__BO0501B/FastprisFHRegKv/
Köpeskillingskoefficient,Mellersta Norrland,2010K2,2,https://www.statistikdatabasen.scb.se/pxweb/sv/ssd/START__BO__BO0501__BO0501B/FastprisFHRegKv/
Köpeskillingskoefficient,Mellersta Norrland,2010K3,2.09,https://www.statistikdatabasen.scb.se/pxweb/sv/ssd/START__BO__BO0501__BO0501B/FastprisFHRegKv/
Köpeskillingskoefficient,Mellersta Norrland,2010K4,2.02,https://www.statistikdatabasen.scb.se/pxweb/sv/ssd/START__BO__BO0501__BO0501B/FastprisFHRegKv/
Köpeskillingskoefficient,Mellersta Norrland,2011K1,1.86,https://www.statistikdatabasen.scb.se/pxweb/sv/ssd/START__BO__BO0501__BO0501B/FastprisFHRegKv/
Köpeskillingskoefficient,Mellersta Norrland,2011K2,2,https://www.statistikdatabasen.scb.se/pxweb/sv/ssd/START__BO__BO0501__BO0501B/FastprisFHRegKv/
Köpeskillingskoefficient,Mellersta Norrland,2011K3,1.92,https://www.statistikdatabasen.scb.se/pxweb/sv/ssd/START__BO__BO0501__BO0501B/FastprisFHRegKv/
Köpeskillingskoefficient,Mellersta Norrland,2011K4,1.93,https://www.statistikdatabasen.scb.se/pxweb/sv/ssd/START__BO__BO0501__BO0501B/FastprisFHRegKv/
Köpeskillingskoefficient,Mellersta Norrland,2012K1,1.7,https://www.statistikdatabasen.scb.se/pxweb/sv/ssd/START__BO__BO0501__BO0501B/FastprisFHRegKv/
Köpeskillingskoefficient,Mellersta Norrland,2012K2,1.77,https://www.statistikdatabasen.scb.se/pxweb/sv/ssd/START__BO__BO0501__BO0501B/FastprisFHRegKv/
Köpeskillingskoefficient,Mellersta Norrland,2012K3,1.82,https://www.statistikdatabasen.scb.se/pxweb/sv/ssd/START__BO__BO0501__BO0501B/FastprisFHRegKv/
Köpeskillingskoefficient,Mellersta Norrland,2012K4,1.65,https://www.statistikdatabasen.scb.se/pxweb/sv/ssd/START__BO__BO0501__BO0501B/FastprisFHRegKv/
Köpeskillingskoefficient,Mellersta Norrland,2013K1,1.56,https://www.statistikdatabasen.scb.se/pxweb/sv/ssd/START__BO__BO0501__BO0501B/FastprisFHRegKv/
Köpeskillingskoefficient,Mellersta Norrland,2013K2,1.73,https://www.statistikdatabasen.scb.se/pxweb/sv/ssd/START__BO__BO0501__BO0501B/FastprisFHRegKv/
Köpeskillingskoefficient,Mellersta Norrland,2013K3,1.85,https://www.statistikdatabasen.scb.se/pxweb/sv/ssd/START__BO__BO0501__BO0501B/FastprisFHRegKv/
Köpeskillingskoefficient,Mellersta Norrland,2013K4,1.63,https://www.statistikdatabasen.scb.se/pxweb/sv/ssd/START__BO__BO0501__BO0501B/FastprisFHRegKv/
Köpeskillingskoefficient,Mellersta Norrland,2014K1,1.53,https://www.statistikdatabasen.scb.se/pxweb/sv/ssd/START__BO__BO0501__BO0501B/FastprisFHRegKv/
Köpeskillingskoefficient,Mellersta Norrland,2014K2,1.74,https://www.statistikdatabasen.scb.se/pxweb/sv/ssd/START__BO__BO0501__BO0501B/FastprisFHRegKv/
Köpeskillingskoefficient,Mellersta Norrland,2014K3,1.82,https://www.statistikdatabasen.scb.se/pxweb/sv/ssd/START__BO__BO0501__BO0501B/FastprisFHRegKv/
Köpeskillingskoefficient,Mellersta Norrland,2014K4,1.78,https://www.statistikdatabasen.scb.se/pxweb/sv/ssd/START__BO__BO0501__BO0501B/FastprisFHRegKv/
Köpeskillingskoefficient,Mellersta Norrland,2015K1,1.58,https://www.statistikdatabasen.scb.se/pxweb/sv/ssd/START__BO__BO0501__BO0501B/FastprisFHRegKv/
Köpeskillingskoefficient,Mellersta Norrland,2015K2,1.7,https://www.statistikdatabasen.scb.se/pxweb/sv/ssd/START__BO__BO0501__BO0501B/FastprisFHRegKv/
Köpeskillingskoefficient,Mellersta Norrland,2015K3,1.74,https://www.statistikdatabasen.scb.se/pxweb/sv/ssd/START__BO__BO0501__BO0501B/FastprisFHRegKv/
Köpeskillingskoefficient,Mellersta Norrland,2015K4,1.72,https://www.statistikdatabasen.scb.se/pxweb/sv/ssd/START__BO__BO0501__BO0501B/FastprisFHRegKv/
Köpeskillingskoefficient,Mellersta Norrland,2016K1,1.84,https://www.statistikdatabasen.scb.se/pxweb/sv/ssd/START__BO__BO0501__BO0501B/FastprisFHRegKv/
Köpeskillingskoefficient,Mellersta Norrland,2016K2,1.92,https://www.statistikdatabasen.scb.se/pxweb/sv/ssd/START__BO__BO0501__BO0501B/FastprisFHRegKv/
Köpeskillingskoefficient,Mellersta Norrland,2016K3,1.91,https://www.statistikdatabasen.scb.se/pxweb/sv/ssd/START__BO__BO0501__BO0501B/FastprisFHRegKv/
Köpeskillingskoefficient,Mellersta Norrland,2016K4,1.89,https://www.statistikdatabasen.scb.se/pxweb/sv/ssd/START__BO__BO0501__BO0501B/FastprisFHRegKv/
Köpeskillingskoefficient,Mellersta Norrland,2017K1,1.98,https://www.statistikdatabasen.scb.se/pxweb/sv/ssd/START__BO__BO0501__BO0501B/FastprisFHRegKv/
Köpeskillingskoefficient,Mellersta Norrland,2017K2,2.11,https://www.statistikdatabasen.scb.se/pxweb/sv/ssd/START__BO__BO0501__BO0501B/FastprisFHRegKv/
Köpeskillingskoefficient,Mellersta Norrland,2017K3,2.11,https://www.statistikdatabasen.scb.se/pxweb/sv/ssd/START__BO__BO0501__BO0501B/FastprisFHRegKv/
Köpeskillingskoefficient,Mellersta Norrland,2017K4,2.06,https://www.statistikdatabasen.scb.se/pxweb/sv/ssd/START__BO__BO0501__BO0501B/FastprisFHRegKv/
Köpeskillingskoefficient,Mellersta Norrland,2018K1,1.78,https://www.statistikdatabasen.scb.se/pxweb/sv/ssd/START__BO__BO0501__BO0501B/FastprisFHRegKv/
Köpeskillingskoefficient,Mellersta Norrland,2018K2,1.84,https://www.statistikdatabasen.scb.se/pxweb/sv/ssd/START__BO__BO0501__BO0501B/FastprisFHRegKv/
Köpeskillingskoefficient,Mellersta Norrland,2018K3,1.88,https://www.statistikdatabasen.scb.se/pxweb/sv/ssd/START__BO__BO0501__BO0501B/FastprisFHRegKv/
Köpeskillingskoefficient,Mellersta Norrland,2018K4,1.79,https://www.statistikdatabasen.scb.se/pxweb/sv/ssd/START__BO__BO0501__BO0501B/FastprisFHRegKv/
Köpeskillingskoefficient,Mellersta Norrland,2019K1,1.83,https://www.statistikdatabasen.scb.se/pxweb/sv/ssd/START__BO__BO0501__BO0501B/FastprisFHRegKv/
Köpeskillingskoefficient,Mellersta Norrland,2019K2,1.88,https://www.statistikdatabasen.scb.se/pxweb/sv/ssd/START__BO__BO0501__BO0501B/FastprisFHRegKv/
Köpeskillingskoefficient,Mellersta Norrland,2019K3,2.02,https://www.statistikdatabasen.scb.se/pxweb/sv/ssd/START__BO__BO0501__BO0501B/FastprisFHRegKv/
Köpeskillingskoefficient,Mellersta Norrland,2019K4,1.85,https://www.statistikdatabasen.scb.se/pxweb/sv/ssd/START__BO__BO0501__BO0501B/FastprisFHRegKv/
Köpeskillingskoefficient,Mellersta Norrland,2020K1,1.75,https://www.statistikdatabasen.scb.se/pxweb/sv/ssd/START__BO__BO0501__BO0501B/FastprisFHRegKv/
Köpeskillingskoefficient,Mellersta Norrland,2020K2,2.13,https://www.statistikdatabasen.scb.se/pxweb/sv/ssd/START__BO__BO0501__BO0501B/FastprisFHRegKv/
Köpeskillingskoefficient,Mellersta Norrland,2020K3,2.05,https://www.statistikdatabasen.scb.se/pxweb/sv/ssd/START__BO__BO0501__BO0501B/FastprisFHRegKv/
Köpeskillingskoefficient,Mellersta Norrland,2020K4,2.09,https://www.statistikdatabasen.scb.se/pxweb/sv/ssd/START__BO__BO0501__BO0501B/FastprisFHRegKv/
Köpeskillingskoefficient,Mellersta Norrland,2021K1,1.99,https://www.statistikdatabasen.scb.se/pxweb/sv/ssd/START__BO__BO0501__BO0501B/FastprisFHRegKv/
Köpeskillingskoefficient,Mellersta Norrland,2021K2,2.03,https://www.statistikdatabasen.scb.se/pxweb/sv/ssd/START__BO__BO0501__BO0501B/FastprisFHRegKv/
Köpeskillingskoefficient,Mellersta Norrland,2021K3,2.16,https://www.statistikdatabasen.scb.se/pxweb/sv/ssd/START__BO__BO0501__BO0501B/FastprisFHRegKv/
Köpeskillingskoefficient,Mellersta Norrland,2021K4,2.2,https://www.statistikdatabasen.scb.se/pxweb/sv/ssd/START__BO__BO0501__BO0501B/FastprisFHRegKv/
Köpeskillingskoefficient,Mellersta Norrland,2022K1,2.01,https://www.statistikdatabasen.scb.se/pxweb/sv/ssd/START__BO__BO0501__BO0501B/FastprisFHRegKv/
Köpeskillingskoefficient,Mellersta Norrland,2022K2,2.2,https://www.statistikdatabasen.scb.se/pxweb/sv/ssd/START__BO__BO0501__BO0501B/FastprisFHRegKv/
Köpeskillingskoefficient,Mellersta Norrland,2022K3,2.23,https://www.statistikdatabasen.scb.se/pxweb/sv/ssd/START__BO__BO0501__BO0501B/FastprisFHRegKv/
Köpeskillingskoefficient,Mellersta Norrland,2022K4,2.04,https://www.statistikdatabasen.scb.se/pxweb/sv/ssd/START__BO__BO0501__BO0501B/FastprisFHRegKv/
Köpeskillingskoefficient,Mellersta Norrland,2023K1,1.95,https://www.statistikdatabasen.scb.se/pxweb/sv/ssd/START__BO__BO0501__BO0501B/FastprisFHRegKv/
Köpeskillingskoefficient,Mellersta Norrland,2023K2,2.18,https://www.statistikdatabasen.scb.se/pxweb/sv/ssd/START__BO__BO0501__BO0501B/FastprisFHRegKv/
Köpeskillingskoefficient,Mellersta Norrland,2023K3,2.11,https://www.statistikdatabasen.scb.se/pxweb/sv/ssd/START__BO__BO0501__BO0501B/FastprisFHRegKv/
Köpeskillingskoefficient,Mellersta Norrland,2023K4,2.01,https://www.statistikdatabasen.scb.se/pxweb/sv/ssd/START__BO__BO0501__BO0501B/FastprisFHRegKv/
Köpeskillingskoefficient,Mellersta Norrland,2024K1,1.57,https://www.statistikdatabasen.scb.se/pxweb/sv/ssd/START__BO__BO0501__BO0501B/FastprisFHRegKv/
Köpeskillingskoefficient,Mellersta Norrland,2024K2,1.56,https://www.statistikdatabasen.scb.se/pxweb/sv/ssd/START__BO__BO0501__BO0501B/FastprisFHRegKv/
Köpeskillingskoefficient,Mellersta Norrland,2024K3,1.69,https://www.statistikdatabasen.scb.se/pxweb/sv/ssd/START__BO__BO0501__BO0501B/FastprisFHRegKv/
Köpeskillingskoefficient,Mellersta Norrland,2024K4,1.64,https://www.statistikdatabasen.scb.se/pxweb/sv/ssd/START__BO__BO0501__BO0501B/FastprisFHRegKv/
Köpeskillingskoefficient,Mellersta Norrland,2025K1,1.47,https://www.statistikdatabasen.scb.se/pxweb/sv/ssd/START__BO__BO0501__BO0501B/FastprisFHRegKv/
Köpeskillingskoefficient,Mellersta Norrland,2025K2,1.55,https://www.statistikdatabasen.scb.se/pxweb/sv/ssd/START__BO__BO0501__BO0501B/FastprisFHRegKv/
Köpeskillingskoefficient,Mellersta Norrland,2025K3,1.64,https://www.statistikdatabasen.scb.se/pxweb/sv/ssd/START__BO__BO0501__BO0501B/FastprisFHRegKv/
Köpeskillingskoefficient,Mellersta Norrland,2025K4,1.65,https://www.statistikdatabasen.scb.se/pxweb/sv/ssd/START__BO__BO0501__BO0501B/FastprisFHRegKv/
Köpeskillingskoefficient,Mellersta Norrland,2026K1,1.55,https://www.statistikdatabasen.scb.se/pxweb/sv/ssd/START__BO__BO0501__BO0501B/FastprisFHRegKv/
Köpeskillingskoefficient,Mellersta Norrland,2026K2,1.55,https://www.statistikdatabasen.scb.se/pxweb/sv/ssd/START__BO__BO0501__BO0501B/FastprisFHRegKv/
Antal,Övre Norrland,1998K1,31,https://www.statistikdatabasen.scb.se/pxweb/sv/ssd/START__BO__BO0501__BO0501B/FastprisFHRegKv/
Antal,Övre Norrland,1998K2,136,https://www.statistikdatabasen.scb.se/pxweb/sv/ssd/START__BO__BO0501__BO0501B/FastprisFHRegKv/
Antal,Övre Norrland,1998K3,166,https://www.statistikdatabasen.scb.se/pxweb/sv/ssd/START__BO__BO0501__BO0501B/FastprisFHRegKv/
Antal,Övre Norrland,1998K4,73,https://www.statistikdatabasen.scb.se/pxweb/sv/ssd/START__BO__BO0501__BO0501B/FastprisFHRegKv/
Antal,Övre Norrland,1999K1,67,https://www.statistikdatabasen.scb.se/pxweb/sv/ssd/START__BO__BO0501__BO0501B/FastprisFHRegKv/
Antal,Övre Norrland,1999K2,174,https://www.statistikdatabasen.scb.se/pxweb/sv/ssd/START__BO__BO0501__BO0501B/FastprisFHRegKv/
Antal,Övre Norrland,1999K3,199,https://www.statistikdatabasen.scb.se/pxweb/sv/ssd/START__BO__BO0501__BO0501B/FastprisFHRegKv/
Antal,Övre Norrland,1999K4,115,https://www.statistikdatabasen.scb.se/pxweb/sv/ssd/START__BO__BO0501__BO0501B/FastprisFHRegKv/
Antal,Övre Norrland,2000K1,35,https://www.statistikdatabasen.scb.se/pxweb/sv/ssd/START__BO__BO0501__BO0501B/FastprisFHRegKv/
Antal,Övre Norrland,2000K2,142,https://www.statistikdatabasen.scb.se/pxweb/sv/ssd/START__BO__BO0501__BO0501B/FastprisFHRegKv/
Antal,Övre Norrland,2000K3,159,https://www.statistikdatabasen.scb.se/pxweb/sv/ssd/START__BO__BO0501__BO0501B/FastprisFHRegKv/
Antal,Övre Norrland,2000K4,99,https://www.statistikdatabasen.scb.se/pxweb/sv/ssd/START__BO__BO0501__BO0501B/FastprisFHRegKv/
Antal,Övre Norrland,2001K1,25,https://www.statistikdatabasen.scb.se/pxweb/sv/ssd/START__BO__BO0501__BO0501B/FastprisFHRegKv/
Antal,Övre Norrland,2001K2,153,https://www.statistikdatabasen.scb.se/pxweb/sv/ssd/START__BO__BO0501__BO0501B/FastprisFHRegKv/
Antal,Övre Norrland,2001K3,165,https://www.statistikdatabasen.scb.se/pxweb/sv/ssd/START__BO__BO0501__BO0501B/FastprisFHRegKv/
Antal,Övre Norrland,2001K4,74,https://www.statistikdatabasen.scb.se/pxweb/sv/ssd/START__BO__BO0501__BO0501B/FastprisFHRegKv/
Antal,Övre Norrland,2002K1,51,https://www.statistikdatabasen.scb.se/pxweb/sv/ssd/START__BO__BO0501__BO0501B/FastprisFHRegKv/
Antal,Övre Norrland,2002K2,132,https://www.statistikdatabasen.scb.se/pxweb/sv/ssd/START__BO__BO0501__BO0501B/FastprisFHRegKv/
Antal,Övre Norrland,2002K3,164,https://www.statistikdatabasen.scb.se/pxweb/sv/ssd/START__BO__BO0501__BO0501B/FastprisFHRegKv/
Antal,Övre Norrland,2002K4,74,https://www.statistikdatabasen.scb.se/pxweb/sv/ssd/START__BO__BO0501__BO0501B/FastprisFHRegKv/
Antal,Övre Norrland,2003K1,38,https://www.statistikdatabasen.scb.se/pxweb/sv/ssd/START__BO__BO0501__BO0501B/FastprisFHRegKv/
Antal,Övre Norrland,2003K2,145,https://www.statistikdatabasen.scb.se/pxweb/sv/ssd/START__BO__BO0501__BO0501B/FastprisFHRegKv/
Antal,Övre Norrland,2003K3,174,https://www.statistikdatabasen.scb.se/pxweb/sv/ssd/START__BO__BO0501__BO0501B/FastprisFHRegKv/
Antal,Övre Norrland,2003K4,60,https://www.statistikdatabasen.scb.se/pxweb/sv/ssd/START__BO__BO0501__BO0501B/FastprisFHRegKv/
Antal,Övre Norrland,2004K1,48,https://www.statistikdatabasen.scb.se/pxweb/sv/ssd/START__BO__BO0501__BO0501B/FastprisFHRegKv/
Antal,Övre Norrland,2004K2,146,https://www.statistikdatabasen.scb.se/pxweb/sv/ssd/START__BO__BO0501__BO0501B/FastprisFHRegKv/
Antal,Övre Norrland,2004K3,165,https://www.statistikdatabasen.scb.se/pxweb/sv/ssd/START__BO__BO0501__BO0501B/FastprisFHRegKv/
Antal,Övre Norrland,2004K4,107,https://www.statistikdatabasen.scb.se/pxweb/sv/ssd/START__BO__BO0501__BO0501B/FastprisFHRegKv/
Antal,Övre Norrland,2005K1,46,https://www.statistikdatabasen.scb.se/pxweb/sv/ssd/START__BO__BO0501__BO0501B/FastprisFHRegKv/
Antal,Övre Norrland,2005K2,170,https://www.statistikdatabasen.scb.se/pxweb/sv/ssd/START__BO__BO0501__BO0501B/FastprisFHRegKv/
Antal,Övre Norrland,2005K3,221,https://www.statistikdatabasen.scb.se/pxweb/sv/ssd/START__BO__BO0501__BO0501B/FastprisFHRegKv/
Antal,Övre Norrland,2005K4,93,https://www.statistikdatabasen.scb.se/pxweb/sv/ssd/START__BO__BO0501__BO0501B/FastprisFHRegKv/
Antal,Övre Norrland,2006K1,44,https://www.statistikdatabasen.scb.se/pxweb/sv/ssd/START__BO__BO0501__BO0501B/FastprisFHRegKv/
Antal,Övre Norrland,2006K2,147,https://www.statistikdatabasen.scb.se/pxweb/sv/ssd/START__BO__BO0501__BO0501B/FastprisFHRegKv/
Antal,Övre Norrland,2006K3,187,https://www.statistikdatabasen.scb.se/pxweb/sv/ssd/START__BO__BO0501__BO0501B/FastprisFHRegKv/
Antal,Övre Norrland,2006K4,70,https://www.statistikdatabasen.scb.se/pxweb/sv/ssd/START__BO__BO0501__BO0501B/FastprisFHRegKv/
Antal,Övre Norrland,2007K1,46,https://www.statistikdatabasen.scb.se/pxweb/sv/ssd/START__BO__BO0501__BO0501B/FastprisFHRegKv/
Antal,Övre Norrland,2007K2,174,https://www.statistikdatabasen.scb.se/pxweb/sv/ssd/START__BO__BO0501__BO0501B/FastprisFHRegKv/
Antal,Övre Norrland,2007K3,243,https://www.statistikdatabasen.scb.se/pxweb/sv/ssd/START__BO__BO0501__BO0501B/FastprisFHRegKv/
Antal,Övre Norrland,2007K4,116,https://www.statistikdatabasen.scb.se/pxweb/sv/ssd/START__BO__BO0501__BO0501B/FastprisFHRegKv/
Antal,Övre Norrland,2008K1,55,https://www.statistikdatabasen.scb.se/pxweb/sv/ssd/START__BO__BO0501__BO0501B/FastprisFHRegKv/
Antal,Övre Norrland,2008K2,139,https://www.statistikdatabasen.scb.se/pxweb/sv/ssd/START__BO__BO0501__BO0501B/FastprisFHRegKv/
Antal,Övre Norrland,2008K3,207,https://www.statistikdatabasen.scb.se/pxweb/sv/ssd/START__BO__BO0501__BO0501B/FastprisFHRegKv/
Antal,Övre Norrland,2008K4,96,https://www.statistikdatabasen.scb.se/pxweb/sv/ssd/START__BO__BO0501__BO0501B/FastprisFHRegKv/
Antal,Övre Norrland,2009K1,39,https://www.statistikdatabasen.scb.se/pxweb/sv/ssd/START__BO__BO0501__BO0501B/FastprisFHRegKv/
Antal,Övre Norrland,2009K2,129,https://www.statistikdatabasen.scb.se/pxweb/sv/ssd/START__BO__BO0501__BO0501B/FastprisFHRegKv/
Antal,Övre Norrland,2009K3,178,https://www.statistikdatabasen.scb.se/pxweb/sv/ssd/START__BO__BO0501__BO0501B/FastprisFHRegKv/
Antal,Övre Norrland,2009K4,83,https://www.statistikdatabasen.scb.se/pxweb/sv/ssd/START__BO__BO0501__BO0501B/FastprisFHRegKv/
Antal,Övre Norrland,2010K1,43,https://www.statistikdatabasen.scb.se/pxweb/sv/ssd/START__BO__BO0501__BO0501B/FastprisFHRegKv/
Antal,Övre Norrland,2010K2,130,https://www.statistikdatabasen.scb.se/pxweb/sv/ssd/START__BO__BO0501__BO0501B/FastprisFHRegKv/
Antal,Övre Norrland,2010K3,231,https://www.statistikdatabasen.scb.se/pxweb/sv/ssd/START__BO__BO0501__BO0501B/FastprisFHRegKv/
Antal,Övre Norrland,2010K4,108,https://www.statistikdatabasen.scb.se/pxweb/sv/ssd/START__BO__BO0501__BO0501B/FastprisFHRegKv/
Antal,Övre Norrland,2011K1,45,https://www.statistikdatabasen.scb.se/pxweb/sv/ssd/START__BO__BO0501__BO0501B/FastprisFHRegKv/
Antal,Övre Norrland,2011K2,141,https://www.statistikdatabasen.scb.se/pxweb/sv/ssd/START__BO__BO0501__BO0501B/FastprisFHRegKv/
Antal,Övre Norrland,2011K3,223,https://www.statistikdatabasen.scb.se/pxweb/sv/ssd/START__BO__BO0501__BO0501B/FastprisFHRegKv/
Antal,Övre Norrland,2011K4,89,https://www.statistikdatabasen.scb.se/pxweb/sv/ssd/START__BO__BO0501__BO0501B/FastprisFHRegKv/
Antal,Övre Norrland,2012K1,40,https://www.statistikdatabasen.scb.se/pxweb/sv/ssd/START__BO__BO0501__BO0501B/FastprisFHRegKv/
Antal,Övre Norrland,2012K2,147,https://www.statistikdatabasen.scb.se/pxweb/sv/ssd/START__BO__BO0501__BO0501B/FastprisFHRegKv/
Antal,Övre Norrland,2012K3,220,https://www.statistikdatabasen.scb.se/pxweb/sv/ssd/START__BO__BO0501__BO0501B/FastprisFHRegKv/
Antal,Övre Norrland,2012K4,129,https://www.statistikdatabasen.scb.se/pxweb/sv/ssd/START__BO__BO0501__BO0501B/FastprisFHRegKv/
Antal,Övre Norrland,2013K1,68,https://www.statistikdatabasen.scb.se/pxweb/sv/ssd/START__BO__BO0501__BO0501B/FastprisFHRegKv/
Antal,Övre Norrland,2013K2,116,https://www.statistikdatabasen.scb.se/pxweb/sv/ssd/START__BO__BO0501__BO0501B/FastprisFHRegKv/
Antal,Övre Norrland,2013K3,271,https://www.statistikdatabasen.scb.se/pxweb/sv/ssd/START__BO__BO0501__BO0501B/FastprisFHRegKv/
Antal,Övre Norrland,2013K4,122,https://www.statistikdatabasen.scb.se/pxweb/sv/ssd/START__BO__BO0501__BO0501B/FastprisFHRegKv/
Antal,Övre Norrland,2014K1,41,https://www.statistikdatabasen.scb.se/pxweb/sv/ssd/START__BO__BO0501__BO0501B/FastprisFHRegKv/
Antal,Övre Norrland,2014K2,178,https://www.statistikdatabasen.scb.se/pxweb/sv/ssd/START__BO__BO0501__BO0501B/FastprisFHRegKv/
Antal,Övre Norrland,2014K3,265,https://www.statistikdatabasen.scb.se/pxweb/sv/ssd/START__BO__BO0501__BO0501B/FastprisFHRegKv/
Antal,Övre Norrland,2014K4,137,https://www.statistikdatabasen.scb.se/pxweb/sv/ssd/START__BO__BO0501__BO0501B/FastprisFHRegKv/
Antal,Övre Norrland,2015K1,88,https://www.statistikdatabasen.scb.se/pxweb/sv/ssd/START__BO__BO0501__BO0501B/FastprisFHRegKv/
Antal,Övre Norrland,2015K2,216,https://www.statistikdatabasen.scb.se/pxweb/sv/ssd/START__BO__BO0501__BO0501B/FastprisFHRegKv/
Antal,Övre Norrland,2015K3,323,https://www.statistikdatabasen.scb.se/pxweb/sv/ssd/START__BO__BO0501__BO0501B/FastprisFHRegKv/
Antal,Övre Norrland,2015K4,164,https://www.statistikdatabasen.scb.se/pxweb/sv/ssd/START__BO__BO0501__BO0501B/FastprisFHRegKv/
Antal,Övre Norrland,2016K1,84,https://www.statistikdatabasen.scb.se/pxweb/sv/ssd/START__BO__BO0501__BO0501B/FastprisFHRegKv/
Antal,Övre Norrland,2016K2,224,https://www.statistikdatabasen.scb.se/pxweb/sv/ssd/START__BO__BO0501__BO0501B/FastprisFHRegKv/
Antal,Övre Norrland,2016K3,303,https://www.statistikdatabasen.scb.se/pxweb/sv/ssd/START__BO__BO0501__BO0501B/FastprisFHRegKv/
Antal,Övre Norrland,2016K4,176,https://www.statistikdatabasen.scb.se/pxweb/sv/ssd/START__BO__BO0501__BO0501B/FastprisFHRegKv/
Antal,Övre Norrland,2017K1,78,https://www.statistikdatabasen.scb.se/pxweb/sv/ssd/START__BO__BO0501__BO0501B/FastprisFHRegKv/
Antal,Övre Norrland,2017K2,192,https://www.statistikdatabasen.scb.se/pxweb/sv/ssd/START__BO__BO0501__BO0501B/FastprisFHRegKv/
Antal,Övre Norrland,2017K3,331,https://www.statistikdatabasen.scb.se/pxweb/sv/ssd/START__BO__BO0501__BO0501B/FastprisFHRegKv/
Antal,Övre Norrland,2017K4,165,https://www.statistikdatabasen.scb.se/pxweb/sv/ssd/START__BO__BO0501__BO0501B/FastprisFHRegKv/
Antal,Övre Norrland,2018K1,79,https://www.statistikdatabasen.scb.se/pxweb/sv/ssd/START__BO__BO0501__BO0501B/FastprisFHRegKv/
Antal,Övre Norrland,2018K2,181,https://www.statistikdatabasen.scb.se/pxweb/sv/ssd/START__BO__BO0501__BO0501B/FastprisFHRegKv/
Antal,Övre Norrland,2018K3,293,https://www.statistikdatabasen.scb.se/pxweb/sv/ssd/START__BO__BO0501__BO0501B/FastprisFHRegKv/
Antal,Övre Norrland,2018K4,165,https://www.statistikdatabasen.scb.se/pxweb/sv/ssd/START__BO__BO0501__BO0501B/FastprisFHRegKv/
Antal,Övre Norrland,2019K1,67,https://www.statistikdatabasen.scb.se/pxweb/sv/ssd/START__BO__BO0501__BO0501B/FastprisFHRegKv/
Antal,Övre Norrland,2019K2,172,https://www.statistikdatabasen.scb.se/pxweb/sv/ssd/START__BO__BO0501__BO0501B/FastprisFHRegKv/
Antal,Övre Norrland,2019K3,255,https://www.statistikdatabasen.scb.se/pxweb/sv/ssd/START__BO__BO0501__BO0501B/FastprisFHRegKv/
Antal,Övre Norrland,2019K4,207,https://www.statistikdatabasen.scb.se/pxweb/sv/ssd/START__BO__BO0501__BO0501B/FastprisFHRegKv/
Antal,Övre Norrland,2020K1,88,https://www.statistikdatabasen.scb.se/pxweb/sv/ssd/START__BO__BO0501__BO0501B/FastprisFHRegKv/
Antal,Övre Norrland,2020K2,196,https://www.statistikdatabasen.scb.se/pxweb/sv/ssd/START__BO__BO0501__BO0501B/FastprisFHRegKv/
Antal,Övre Norrland,2020K3,382,https://www.statistikdatabasen.scb.se/pxweb/sv/ssd/START__BO__BO0501__BO0501B/FastprisFHRegKv/
Antal,Övre Norrland,2020K4,200,https://www.statistikdatabasen.scb.se/pxweb/sv/ssd/START__BO__BO0501__BO0501B/FastprisFHRegKv/
Antal,Övre Norrland,2021K1,103,https://www.statistikdatabasen.scb.se/pxweb/sv/ssd/START__BO__BO0501__BO0501B/FastprisFHRegKv/
Antal,Övre Norrland,2021K2,259,https://www.statistikdatabasen.scb.se/pxweb/sv/ssd/START__BO__BO0501__BO0501B/FastprisFHRegKv/
Antal,Övre Norrland,2021K3,308,https://www.statistikdatabasen.scb.se/pxweb/sv/ssd/START__BO__BO0501__BO0501B/FastprisFHRegKv/
Antal,Övre Norrland,2021K4,198,https://www.statistikdatabasen.scb.se/pxweb/sv/ssd/START__BO__BO0501__BO0501B/FastprisFHRegKv/
Antal,Övre Norrland,2022K1,98,https://www.statistikdatabasen.scb.se/pxweb/sv/ssd/START__BO__BO0501__BO0501B/FastprisFHRegKv/
Antal,Övre Norrland,2022K2,181,https://www.statistikdatabasen.scb.se/pxweb/sv/ssd/START__BO__BO0501__BO0501B/FastprisFHRegKv/
Antal,Övre Norrland,2022K3,277,https://www.statistikdatabasen.scb.se/pxweb/sv/ssd/START__BO__BO0501__BO0501B/FastprisFHRegKv/
Antal,Övre Norrland,2022K4,155,https://www.statistikdatabasen.scb.se/pxweb/sv/ssd/START__BO__BO0501__BO0501B/FastprisFHRegKv/
Antal,Övre Norrland,2023K1,74,https://www.statistikdatabasen.scb.se/pxweb/sv/ssd/START__BO__BO0501__BO0501B/FastprisFHRegKv/
Antal,Övre Norrland,2023K2,141,https://www.statistikdatabasen.scb.se/pxweb/sv/ssd/START__BO__BO0501__BO0501B/FastprisFHRegKv/
Antal,Övre Norrland,2023K3,218,https://www.statistikdatabasen.scb.se/pxweb/sv/ssd/START__BO__BO0501__BO0501B/FastprisFHRegKv/
Antal,Övre Norrland,2023K4,180,https://www.statistikdatabasen.scb.se/pxweb/sv/ssd/START__BO__BO0501__BO0501B/FastprisFHRegKv/
Antal,Övre Norrland,2024K1,93,https://www.statistikdatabasen.scb.se/pxweb/sv/ssd/START__BO__BO0501__BO0501B/FastprisFHRegKv/
Antal,Övre Norrland,2024K2,161,https://www.statistikdatabasen.scb.se/pxweb/sv/ssd/START__BO__BO0501__BO0501B/FastprisFHRegKv/
Antal,Övre Norrland,2024K3,259,https://www.statistikdatabasen.scb.se/pxweb/sv/ssd/START__BO__BO0501__BO0501B/FastprisFHRegKv/
Antal,Övre Norrland,2024K4,196,https://www.statistikdatabasen.scb.se/pxweb/sv/ssd/START__BO__BO0501__BO0501B/FastprisFHRegKv/
Antal,Övre Norrland,2025K1,92,https://www.statistikdatabasen.scb.se/pxweb/sv/ssd/START__BO__BO0501__BO0501B/FastprisFHRegKv/
Antal,Övre Norrland,2025K2,212,https://www.statistikdatabasen.scb.se/pxweb/sv/ssd/START__BO__BO0501__BO0501B/FastprisFHRegKv/
Antal,Övre Norrland,2025K3,307,https://www.statistikdatabasen.scb.se/pxweb/sv/ssd/START__BO__BO0501__BO0501B/FastprisFHRegKv/
Antal,Övre Norrland,2025K4,223,https://www.statistikdatabasen.scb.se/pxweb/sv/ssd/START__BO__BO0501__BO0501B/FastprisFHRegKv/
Antal,Övre Norrland,2026K1,102,https://www.statistikdatabasen.scb.se/pxweb/sv/ssd/START__BO__BO0501__BO0501B/FastprisFHRegKv/
Antal,Övre Norrland,2026K2,189,https://www.statistikdatabasen.scb.se/pxweb/sv/ssd/START__BO__BO0501__BO0501B/FastprisFHRegKv/
"Köpeskilling, medelvärde i tkr",Övre Norrland,1998K1,371,https://www.statistikdatabasen.scb.se/pxweb/sv/ssd/START__BO__BO0501__BO0501B/FastprisFHRegKv/
"Köpeskilling, medelvärde i tkr",Övre Norrland,1998K2,327,https://www.statistikdatabasen.scb.se/pxweb/sv/ssd/START__BO__BO0501__BO0501B/FastprisFHRegKv/
"Köpeskilling, medelvärde i tkr",Övre Norrland,1998K3,338,https://www.statistikdatabasen.scb.se/pxweb/sv/ssd/START__BO__BO0501__BO0501B/FastprisFHRegKv/
"Köpeskilling, medelvärde i tkr",Övre Norrland,1998K4,275,https://www.statistikdatabasen.scb.se/pxweb/sv/ssd/START__BO__BO0501__BO0501B/FastprisFHRegKv/
"Köpeskilling, medelvärde i tkr",Övre Norrland,1999K1,313,https://www.statistikdatabasen.scb.se/pxweb/sv/ssd/START__BO__BO0501__BO0501B/FastprisFHRegKv/
"Köpeskilling, medelvärde i tkr",Övre Norrland,1999K2,313,https://www.statistikdatabasen.scb.se/pxweb/sv/ssd/START__BO__BO0501__BO0501B/FastprisFHRegKv/
"Köpeskilling, medelvärde i tkr",Övre Norrland,1999K3,337,https://www.statistikdatabasen.scb.se/pxweb/sv/ssd/START__BO__BO0501__BO0501B/FastprisFHRegKv/
"Köpeskilling, medelvärde i tkr",Övre Norrland,1999K4,339,https://www.statistikdatabasen.scb.se/pxweb/sv/ssd/START__BO__BO0501__BO0501B/FastprisFHRegKv/
"Köpeskilling, medelvärde i tkr",Övre Norrland,2000K1,371,https://www.statistikdatabasen.scb.se/pxweb/sv/ssd/START__BO__BO0501__BO0501B/FastprisFHRegKv/
"Köpeskilling, medelvärde i tkr",Övre Norrland,2000K2,332,https://www.statistikdatabasen.scb.se/pxweb/sv/ssd/START__BO__BO0501__BO0501B/FastprisFHRegKv/
"Köpeskilling, medelvärde i tkr",Övre Norrland,2000K3,362,https://www.statistikdatabasen.scb.se/pxweb/sv/ssd/START__BO__BO0501__BO0501B/FastprisFHRegKv/
"Köpeskilling, medelvärde i tkr",Övre Norrland,2000K4,360,https://www.statistikdatabasen.scb.se/pxweb/sv/ssd/START__BO__BO0501__BO0501B/FastprisFHRegKv/
"Köpeskilling, medelvärde i tkr",Övre Norrland,2001K1,464,https://www.statistikdatabasen.scb.se/pxweb/sv/ssd/START__BO__BO0501__BO0501B/FastprisFHRegKv/
"Köpeskilling, medelvärde i tkr",Övre Norrland,2001K2,360,https://www.statistikdatabasen.scb.se/pxweb/sv/ssd/START__BO__BO0501__BO0501B/FastprisFHRegKv/
"Köpeskilling, medelvärde i tkr",Övre Norrland,2001K3,420,https://www.statistikdatabasen.scb.se/pxweb/sv/ssd/START__BO__BO0501__BO0501B/FastprisFHRegKv/
"Köpeskilling, medelvärde i tkr",Övre Norrland,2001K4,381,https://www.statistikdatabasen.scb.se/pxweb/sv/ssd/START__BO__BO0501__BO0501B/FastprisFHRegKv/
"Köpeskilling, medelvärde i tkr",Övre Norrland,2002K1,357,https://www.statistikdatabasen.scb.se/pxweb/sv/ssd/START__BO__BO0501__BO0501B/FastprisFHRegKv/
"Köpeskilling, medelvärde i tkr",Övre Norrland,2002K2,372,https://www.statistikdatabasen.scb.se/pxweb/sv/ssd/START__BO__BO0501__BO0501B/FastprisFHRegKv/
"Köpeskilling, medelvärde i tkr",Övre Norrland,2002K3,402,https://www.statistikdatabasen.scb.se/pxweb/sv/ssd/START__BO__BO0501__BO0501B/FastprisFHRegKv/
"Köpeskilling, medelvärde i tkr",Övre Norrland,2002K4,423,https://www.statistikdatabasen.scb.se/pxweb/sv/ssd/START__BO__BO0501__BO0501B/FastprisFHRegKv/
"Köpeskilling, medelvärde i tkr",Övre Norrland,2003K1,333,https://www.statistikdatabasen.scb.se/pxweb/sv/ssd/START__BO__BO0501__BO0501B/FastprisFHRegKv/
"Köpeskilling, medelvärde i tkr",Övre Norrland,2003K2,415,https://www.statistikdatabasen.scb.se/pxweb/sv/ssd/START__BO__BO0501__BO0501B/FastprisFHRegKv/
"Köpeskilling, medelvärde i tkr",Övre Norrland,2003K3,440,https://www.statistikdatabasen.scb.se/pxweb/sv/ssd/START__BO__BO0501__BO0501B/FastprisFHRegKv/
"Köpeskilling, medelvärde i tkr",Övre Norrland,2003K4,457,https://www.statistikdatabasen.scb.se/pxweb/sv/ssd/START__BO__BO0501__BO0501B/FastprisFHRegKv/
"Köpeskilling, medelvärde i tkr",Övre Norrland,2004K1,483,https://www.statistikdatabasen.scb.se/pxweb/sv/ssd/START__BO__BO0501__BO0501B/FastprisFHRegKv/
"Köpeskilling, medelvärde i tkr",Övre Norrland,2004K2,460,https://www.statistikdatabasen.scb.se/pxweb/sv/ssd/START__BO__BO0501__BO0501B/FastprisFHRegKv/
"Köpeskilling, medelvärde i tkr",Övre Norrland,2004K3,472,https://www.statistikdatabasen.scb.se/pxweb/sv/ssd/START__BO__BO0501__BO0501B/FastprisFHRegKv/
"Köpeskilling, medelvärde i tkr",Övre Norrland,2004K4,493,https://www.statistikdatabasen.scb.se/pxweb/sv/ssd/START__BO__BO0501__BO0501B/FastprisFHRegKv/
"Köpeskilling, medelvärde i tkr",Övre Norrland,2005K1,460,https://www.statistikdatabasen.scb.se/pxweb/sv/ssd/START__BO__BO0501__BO0501B/FastprisFHRegKv/
"Köpeskilling, medelvärde i tkr",Övre Norrland,2005K2,486,https://www.statistikdatabasen.scb.se/pxweb/sv/ssd/START__BO__BO0501__BO0501B/FastprisFHRegKv/
"Köpeskilling, medelvärde i tkr",Övre Norrland,2005K3,548,https://www.statistikdatabasen.scb.se/pxweb/sv/ssd/START__BO__BO0501__BO0501B/FastprisFHRegKv/
"Köpeskilling, medelvärde i tkr",Övre Norrland,2005K4,553,https://www.statistikdatabasen.scb.se/pxweb/sv/ssd/START__BO__BO0501__BO0501B/FastprisFHRegKv/
"Köpeskilling, medelvärde i tkr",Övre Norrland,2006K1,504,https://www.statistikdatabasen.scb.se/pxweb/sv/ssd/START__BO__BO0501__BO0501B/FastprisFHRegKv/
"Köpeskilling, medelvärde i tkr",Övre Norrland,2006K2,641,https://www.statistikdatabasen.scb.se/pxweb/sv/ssd/START__BO__BO0501__BO0501B/FastprisFHRegKv/
"Köpeskilling, medelvärde i tkr",Övre Norrland,2006K3,669,https://www.statistikdatabasen.scb.se/pxweb/sv/ssd/START__BO__BO0501__BO0501B/FastprisFHRegKv/
"Köpeskilling, medelvärde i tkr",Övre Norrland,2006K4,598,https://www.statistikdatabasen.scb.se/pxweb/sv/ssd/START__BO__BO0501__BO0501B/FastprisFHRegKv/
"Köpeskilling, medelvärde i tkr",Övre Norrland,2007K1,581,https://www.statistikdatabasen.scb.se/pxweb/sv/ssd/START__BO__BO0501__BO0501B/FastprisFHRegKv/
"Köpeskilling, medelvärde i tkr",Övre Norrland,2007K2,710,https://www.statistikdatabasen.scb.se/pxweb/sv/ssd/START__BO__BO0501__BO0501B/FastprisFHRegKv/
"Köpeskilling, medelvärde i tkr",Övre Norrland,2007K3,734,https://www.statistikdatabasen.scb.se/pxweb/sv/ssd/START__BO__BO0501__BO0501B/FastprisFHRegKv/
"Köpeskilling, medelvärde i tkr",Övre Norrland,2007K4,706,https://www.statistikdatabasen.scb.se/pxweb/sv/ssd/START__BO__BO0501__BO0501B/FastprisFHRegKv/
"Köpeskilling, medelvärde i tkr",Övre Norrland,2008K1,646,https://www.statistikdatabasen.scb.se/pxweb/sv/ssd/START__BO__BO0501__BO0501B/FastprisFHRegKv/
"Köpeskilling, medelvärde i tkr",Övre Norrland,2008K2,654,https://www.statistikdatabasen.scb.se/pxweb/sv/ssd/START__BO__BO0501__BO0501B/FastprisFHRegKv/
"Köpeskilling, medelvärde i tkr",Övre Norrland,2008K3,665,https://www.statistikdatabasen.scb.se/pxweb/sv/ssd/START__BO__BO0501__BO0501B/FastprisFHRegKv/
"Köpeskilling, medelvärde i tkr",Övre Norrland,2008K4,624,https://www.statistikdatabasen.scb.se/pxweb/sv/ssd/START__BO__BO0501__BO0501B/FastprisFHRegKv/
"Köpeskilling, medelvärde i tkr",Övre Norrland,2009K1,754,https://www.statistikdatabasen.scb.se/pxweb/sv/ssd/START__BO__BO0501__BO0501B/FastprisFHRegKv/
"Köpeskilling, medelvärde i tkr",Övre Norrland,2009K2,632,https://www.statistikdatabasen.scb.se/pxweb/sv/ssd/START__BO__BO0501__BO0501B/FastprisFHRegKv/
"Köpeskilling, medelvärde i tkr",Övre Norrland,2009K3,727,https://www.statistikdatabasen.scb.se/pxweb/sv/ssd/START__BO__BO0501__BO0501B/FastprisFHRegKv/
"Köpeskilling, medelvärde i tkr",Övre Norrland,2009K4,664,https://www.statistikdatabasen.scb.se/pxweb/sv/ssd/START__BO__BO0501__BO0501B/FastprisFHRegKv/
"Köpeskilling, medelvärde i tkr",Övre Norrland,2010K1,897,https://www.statistikdatabasen.scb.se/pxweb/sv/ssd/START__BO__BO0501__BO0501B/FastprisFHRegKv/
"Köpeskilling, medelvärde i tkr",Övre Norrland,2010K2,726,https://www.statistikdatabasen.scb.se/pxweb/sv/ssd/START__BO__BO0501__BO0501B/FastprisFHRegKv/
"Köpeskilling, medelvärde i tkr",Övre Norrland,2010K3,759,https://www.statistikdatabasen.scb.se/pxweb/sv/ssd/START__BO__BO0501__BO0501B/FastprisFHRegKv/
"Köpeskilling, medelvärde i tkr",Övre Norrland,2010K4,875,https://www.statistikdatabasen.scb.se/pxweb/sv/ssd/START__BO__BO0501__BO0501B/FastprisFHRegKv/
"Köpeskilling, medelvärde i tkr",Övre Norrland,2011K1,932,https://www.statistikdatabasen.scb.se/pxweb/sv/ssd/START__BO__BO0501__BO0501B/FastprisFHRegKv/
"Köpeskilling, medelvärde i tkr",Övre Norrland,2011K2,810,https://www.statistikdatabasen.scb.se/pxweb/sv/ssd/START__BO__BO0501__BO0501B/FastprisFHRegKv/
"Köpeskilling, medelvärde i tkr",Övre Norrland,2011K3,816,https://www.statistikdatabasen.scb.se/pxweb/sv/ssd/START__BO__BO0501__BO0501B/FastprisFHRegKv/
"Köpeskilling, medelvärde i tkr",Övre Norrland,2011K4,810,https://www.statistikdatabasen.scb.se/pxweb/sv/ssd/START__BO__BO0501__BO0501B/FastprisFHRegKv/
"Köpeskilling, medelvärde i tkr",Övre Norrland,2012K1,877,https://www.statistikdatabasen.scb.se/pxweb/sv/ssd/START__BO__BO0501__BO0501B/FastprisFHRegKv/
"Köpeskilling, medelvärde i tkr",Övre Norrland,2012K2,790,https://www.statistikdatabasen.scb.se/pxweb/sv/ssd/START__BO__BO0501__BO0501B/FastprisFHRegKv/
"Köpeskilling, medelvärde i tkr",Övre Norrland,2012K3,866,https://www.statistikdatabasen.scb.se/pxweb/sv/ssd/START__BO__BO0501__BO0501B/FastprisFHRegKv/
"Köpeskilling, medelvärde i tkr",Övre Norrland,2012K4,934,https://www.statistikdatabasen.scb.se/pxweb/sv/ssd/START__BO__BO0501__BO0501B/FastprisFHRegKv/
"Köpeskilling, medelvärde i tkr",Övre Norrland,2013K1,908,https://www.statistikdatabasen.scb.se/pxweb/sv/ssd/START__BO__BO0501__BO0501B/FastprisFHRegKv/
"Köpeskilling, medelvärde i tkr",Övre Norrland,2013K2,846,https://www.statistikdatabasen.scb.se/pxweb/sv/ssd/START__BO__BO0501__BO0501B/FastprisFHRegKv/
"Köpeskilling, medelvärde i tkr",Övre Norrland,2013K3,950,https://www.statistikdatabasen.scb.se/pxweb/sv/ssd/START__BO__BO0501__BO0501B/FastprisFHRegKv/
"Köpeskilling, medelvärde i tkr",Övre Norrland,2013K4,961,https://www.statistikdatabasen.scb.se/pxweb/sv/ssd/START__BO__BO0501__BO0501B/FastprisFHRegKv/
"Köpeskilling, medelvärde i tkr",Övre Norrland,2014K1,859,https://www.statistikdatabasen.scb.se/pxweb/sv/ssd/START__BO__BO0501__BO0501B/FastprisFHRegKv/
"Köpeskilling, medelvärde i tkr",Övre Norrland,2014K2,979,https://www.statistikdatabasen.scb.se/pxweb/sv/ssd/START__BO__BO0501__BO0501B/FastprisFHRegKv/
"Köpeskilling, medelvärde i tkr",Övre Norrland,2014K3,921,https://www.statistikdatabasen.scb.se/pxweb/sv/ssd/START__BO__BO0501__BO0501B/FastprisFHRegKv/
"Köpeskilling, medelvärde i tkr",Övre Norrland,2014K4,1012,https://www.statistikdatabasen.scb.se/pxweb/sv/ssd/START__BO__BO0501__BO0501B/FastprisFHRegKv/
"Köpeskilling, medelvärde i tkr",Övre Norrland,2015K1,892,https://www.statistikdatabasen.scb.se/pxweb/sv/ssd/START__BO__BO0501__BO0501B/FastprisFHRegKv/
"Köpeskilling, medelvärde i tkr",Övre Norrland,2015K2,1029,https://www.statistikdatabasen.scb.se/pxweb/sv/ssd/START__BO__BO0501__BO0501B/FastprisFHRegKv/
"Köpeskilling, medelvärde i tkr",Övre Norrland,2015K3,844,https://www.statistikdatabasen.scb.se/pxweb/sv/ssd/START__BO__BO0501__BO0501B/FastprisFHRegKv/
"Köpeskilling, medelvärde i tkr",Övre Norrland,2015K4,923,https://www.statistikdatabasen.scb.se/pxweb/sv/ssd/START__BO__BO0501__BO0501B/FastprisFHRegKv/
"Köpeskilling, medelvärde i tkr",Övre Norrland,2016K1,839,https://www.statistikdatabasen.scb.se/pxweb/sv/ssd/START__BO__BO0501__BO0501B/FastprisFHRegKv/
"Köpeskilling, medelvärde i tkr",Övre Norrland,2016K2,867,https://www.statistikdatabasen.scb.se/pxweb/sv/ssd/START__BO__BO0501__BO0501B/FastprisFHRegKv/
"Köpeskilling, medelvärde i tkr",Övre Norrland,2016K3,1013,https://www.statistikdatabasen.scb.se/pxweb/sv/ssd/START__BO__BO0501__BO0501B/FastprisFHRegKv/
"Köpeskilling, medelvärde i tkr",Övre Norrland,2016K4,977,https://www.statistikdatabasen.scb.se/pxweb/sv/ssd/START__BO__BO0501__BO0501B/FastprisFHRegKv/
"Köpeskilling, medelvärde i tkr",Övre Norrland,2017K1,908,https://www.statistikdatabasen.scb.se/pxweb/sv/ssd/START__BO__BO0501__BO0501B/FastprisFHRegKv/
"Köpeskilling, medelvärde i tkr",Övre Norrland,2017K2,1075,https://www.statistikdatabasen.scb.se/pxweb/sv/ssd/START__BO__BO0501__BO0501B/FastprisFHRegKv/
"Köpeskilling, medelvärde i tkr",Övre Norrland,2017K3,1065,https://www.statistikdatabasen.scb.se/pxweb/sv/ssd/START__BO__BO0501__BO0501B/FastprisFHRegKv/
"Köpeskilling, medelvärde i tkr",Övre Norrland,2017K4,966,https://www.statistikdatabasen.scb.se/pxweb/sv/ssd/START__BO__BO0501__BO0501B/FastprisFHRegKv/
"Köpeskilling, medelvärde i tkr",Övre Norrland,2018K1,1250,https://www.statistikdatabasen.scb.se/pxweb/sv/ssd/START__BO__BO0501__BO0501B/FastprisFHRegKv/
"Köpeskilling, medelvärde i tkr",Övre Norrland,2018K2,1031,https://www.statistikdatabasen.scb.se/pxweb/sv/ssd/START__BO__BO0501__BO0501B/FastprisFHRegKv/
"Köpeskilling, medelvärde i tkr",Övre Norrland,2018K3,1010,https://www.statistikdatabasen.scb.se/pxweb/sv/ssd/START__BO__BO0501__BO0501B/FastprisFHRegKv/
"Köpeskilling, medelvärde i tkr",Övre Norrland,2018K4,941,https://www.statistikdatabasen.scb.se/pxweb/sv/ssd/START__BO__BO0501__BO0501B/FastprisFHRegKv/
"Köpeskilling, medelvärde i tkr",Övre Norrland,2019K1,1037,https://www.statistikdatabasen.scb.se/pxweb/sv/ssd/START__BO__BO0501__BO0501B/FastprisFHRegKv/
"Köpeskilling, medelvärde i tkr",Övre Norrland,2019K2,1132,https://www.statistikdatabasen.scb.se/pxweb/sv/ssd/START__BO__BO0501__BO0501B/FastprisFHRegKv/
"Köpeskilling, medelvärde i tkr",Övre Norrland,2019K3,1137,https://www.statistikdatabasen.scb.se/pxweb/sv/ssd/START__BO__BO0501__BO0501B/FastprisFHRegKv/
"Köpeskilling, medelvärde i tkr",Övre Norrland,2019K4,1191,https://www.statistikdatabasen.scb.se/pxweb/sv/ssd/START__BO__BO0501__BO0501B/FastprisFHRegKv/
"Köpeskilling, medelvärde i tkr",Övre Norrland,2020K1,1408,https://www.statistikdatabasen.scb.se/pxweb/sv/ssd/START__BO__BO0501__BO0501B/FastprisFHRegKv/
"Köpeskilling, medelvärde i tkr",Övre Norrland,2020K2,1230,https://www.statistikdatabasen.scb.se/pxweb/sv/ssd/START__BO__BO0501__BO0501B/FastprisFHRegKv/
"Köpeskilling, medelvärde i tkr",Övre Norrland,2020K3,1286,https://www.statistikdatabasen.scb.se/pxweb/sv/ssd/START__BO__BO0501__BO0501B/FastprisFHRegKv/
"Köpeskilling, medelvärde i tkr",Övre Norrland,2020K4,1339,https://www.statistikdatabasen.scb.se/pxweb/sv/ssd/START__BO__BO0501__BO0501B/FastprisFHRegKv/
"Köpeskilling, medelvärde i tkr",Övre Norrland,2021K1,1338,https://www.statistikdatabasen.scb.se/pxweb/sv/ssd/START__BO__BO0501__BO0501B/FastprisFHRegKv/
"Köpeskilling, medelvärde i tkr",Övre Norrland,2021K2,1503,https://www.statistikdatabasen.scb.se/pxweb/sv/ssd/START__BO__BO0501__BO0501B/FastprisFHRegKv/
"Köpeskilling, medelvärde i tkr",Övre Norrland,2021K3,1361,https://www.statistikdatabasen.scb.se/pxweb/sv/ssd/START__BO__BO0501__BO0501B/FastprisFHRegKv/
"Köpeskilling, medelvärde i tkr",Övre Norrland,2021K4,1434,https://www.statistikdatabasen.scb.se/pxweb/sv/ssd/START__BO__BO0501__BO0501B/FastprisFHRegKv/
"Köpeskilling, medelvärde i tkr",Övre Norrland,2022K1,1649,https://www.statistikdatabasen.scb.se/pxweb/sv/ssd/START__BO__BO0501__BO0501B/FastprisFHRegKv/
"Köpeskilling, medelvärde i tkr",Övre Norrland,2022K2,1403,https://www.statistikdatabasen.scb.se/pxweb/sv/ssd/START__BO__BO0501__BO0501B/FastprisFHRegKv/
"Köpeskilling, medelvärde i tkr",Övre Norrland,2022K3,1414,https://www.statistikdatabasen.scb.se/pxweb/sv/ssd/START__BO__BO0501__BO0501B/FastprisFHRegKv/
"Köpeskilling, medelvärde i tkr",Övre Norrland,2022K4,1370,https://www.statistikdatabasen.scb.se/pxweb/sv/ssd/START__BO__BO0501__BO0501B/FastprisFHRegKv/
"Köpeskilling, medelvärde i tkr",Övre Norrland,2023K1,1284,https://www.statistikdatabasen.scb.se/pxweb/sv/ssd/START__BO__BO0501__BO0501B/FastprisFHRegKv/
"Köpeskilling, medelvärde i tkr",Övre Norrland,2023K2,1397,https://www.statistikdatabasen.scb.se/pxweb/sv/ssd/START__BO__BO0501__BO0501B/FastprisFHRegKv/
"Köpeskilling, medelvärde i tkr",Övre Norrland,2023K3,1268,https://www.statistikdatabasen.scb.se/pxweb/sv/ssd/START__BO__BO0501__BO0501B/FastprisFHRegKv/
"Köpeskilling, medelvärde i tkr",Övre Norrland,2023K4,1244,https://www.statistikdatabasen.scb.se/pxweb/sv/ssd/START__BO__BO0501__BO0501B/FastprisFHRegKv/
"Köpeskilling, medelvärde i tkr",Övre Norrland,2024K1,1418,https://www.statistikdatabasen.scb.se/pxweb/sv/ssd/START__BO__BO0501__BO0501B/FastprisFHRegKv/
"Köpeskilling, medelvärde i tkr",Övre Norrland,2024K2,1622,https://www.statistikdatabasen.scb.se/pxweb/sv/ssd/START__BO__BO0501__BO0501B/FastprisFHRegKv/
"Köpeskilling, medelvärde i tkr",Övre Norrland,2024K3,1461,https://www.statistikdatabasen.scb.se/pxweb/sv/ssd/START__BO__BO0501__BO0501B/FastprisFHRegKv/
"Köpeskilling, medelvärde i tkr",Övre Norrland,2024K4,1656,https://www.statistikdatabasen.scb.se/pxweb/sv/ssd/START__BO__BO0501__BO0501B/FastprisFHRegKv/
"Köpeskilling, medelvärde i tkr",Övre Norrland,2025K1,1581,https://www.statistikdatabasen.scb.se/pxweb/sv/ssd/START__BO__BO0501__BO0501B/FastprisFHRegKv/
"Köpeskilling, medelvärde i tkr",Övre Norrland,2025K2,1697,https://www.statistikdatabasen.scb.se/pxweb/sv/ssd/START__BO__BO0501__BO0501B/FastprisFHRegKv/
"Köpeskilling, medelvärde i tkr",Övre Norrland,2025K3,1455,https://www.statistikdatabasen.scb.se/pxweb/sv/ssd/START__BO__BO0501__BO0501B/FastprisFHRegKv/
"Köpeskilling, medelvärde i tkr",Övre Norrland,2025K4,1586,https://www.statistikdatabasen.scb.se/pxweb/sv/ssd/START__BO__BO0501__BO0501B/FastprisFHRegKv/
"Köpeskilling, medelvärde i tkr",Övre Norrland,2026K1,1562,https://www.statistikdatabasen.scb.se/pxweb/sv/ssd/START__BO__BO0501__BO0501B/FastprisFHRegKv/
"Köpeskilling, medelvärde i tkr",Övre Norrland,2026K2,1607,https://www.statistikdatabasen.scb.se/pxweb/sv/ssd/START__BO__BO0501__BO0501B/FastprisFHRegKv/
"Bas-/taxeringsvärde, medelvärde i tkr",Övre Norrland,1998K1,236,https://www.statistikdatabasen.scb.se/pxweb/sv/ssd/START__BO__BO0501__BO0501B/FastprisFHRegKv/
"Bas-/taxeringsvärde, medelvärde i tkr",Övre Norrland,1998K2,198,https://www.statistikdatabasen.scb.se/pxweb/sv/ssd/START__BO__BO0501__BO0501B/FastprisFHRegKv/
"Bas-/taxeringsvärde, medelvärde i tkr",Övre Norrland,1998K3,206,https://www.statistikdatabasen.scb.se/pxweb/sv/ssd/START__BO__BO0501__BO0501B/FastprisFHRegKv/
"Bas-/taxeringsvärde, medelvärde i tkr",Övre Norrland,1998K4,169,https://www.statistikdatabasen.scb.se/pxweb/sv/ssd/START__BO__BO0501__BO0501B/FastprisFHRegKv/
"Bas-/taxeringsvärde, medelvärde i tkr",Övre Norrland,1999K1,209,https://www.statistikdatabasen.scb.se/pxweb/sv/ssd/START__BO__BO0501__BO0501B/FastprisFHRegKv/
"Bas-/taxeringsvärde, medelvärde i tkr",Övre Norrland,1999K2,182,https://www.statistikdatabasen.scb.se/pxweb/sv/ssd/START__BO__BO0501__BO0501B/FastprisFHRegKv/
"Bas-/taxeringsvärde, medelvärde i tkr",Övre Norrland,1999K3,198,https://www.statistikdatabasen.scb.se/pxweb/sv/ssd/START__BO__BO0501__BO0501B/FastprisFHRegKv/
"Bas-/taxeringsvärde, medelvärde i tkr",Övre Norrland,1999K4,198,https://www.statistikdatabasen.scb.se/pxweb/sv/ssd/START__BO__BO0501__BO0501B/FastprisFHRegKv/
"Bas-/taxeringsvärde, medelvärde i tkr",Övre Norrland,2000K1,225,https://www.statistikdatabasen.scb.se/pxweb/sv/ssd/START__BO__BO0501__BO0501B/FastprisFHRegKv/
"Bas-/taxeringsvärde, medelvärde i tkr",Övre Norrland,2000K2,185,https://www.statistikdatabasen.scb.se/pxweb/sv/ssd/START__BO__BO0501__BO0501B/FastprisFHRegKv/
"Bas-/taxeringsvärde, medelvärde i tkr",Övre Norrland,2000K3,194,https://www.statistikdatabasen.scb.se/pxweb/sv/ssd/START__BO__BO0501__BO0501B/FastprisFHRegKv/
"Bas-/taxeringsvärde, medelvärde i tkr",Övre Norrland,2000K4,198,https://www.statistikdatabasen.scb.se/pxweb/sv/ssd/START__BO__BO0501__BO0501B/FastprisFHRegKv/
"Bas-/taxeringsvärde, medelvärde i tkr",Övre Norrland,2001K1,193,https://www.statistikdatabasen.scb.se/pxweb/sv/ssd/START__BO__BO0501__BO0501B/FastprisFHRegKv/
"Bas-/taxeringsvärde, medelvärde i tkr",Övre Norrland,2001K2,188,https://www.statistikdatabasen.scb.se/pxweb/sv/ssd/START__BO__BO0501__BO0501B/FastprisFHRegKv/
"Bas-/taxeringsvärde, medelvärde i tkr",Övre Norrland,2001K3,203,https://www.statistikdatabasen.scb.se/pxweb/sv/ssd/START__BO__BO0501__BO0501B/FastprisFHRegKv/
"Bas-/taxeringsvärde, medelvärde i tkr",Övre Norrland,2001K4,198,https://www.statistikdatabasen.scb.se/pxweb/sv/ssd/START__BO__BO0501__BO0501B/FastprisFHRegKv/
"Bas-/taxeringsvärde, medelvärde i tkr",Övre Norrland,2002K1,197,https://www.statistikdatabasen.scb.se/pxweb/sv/ssd/START__BO__BO0501__BO0501B/FastprisFHRegKv/
"Bas-/taxeringsvärde, medelvärde i tkr",Övre Norrland,2002K2,185,https://www.statistikdatabasen.scb.se/pxweb/sv/ssd/START__BO__BO0501__BO0501B/FastprisFHRegKv/
"Bas-/taxeringsvärde, medelvärde i tkr",Övre Norrland,2002K3,199,https://www.statistikdatabasen.scb.se/pxweb/sv/ssd/START__BO__BO0501__BO0501B/FastprisFHRegKv/
"Bas-/taxeringsvärde, medelvärde i tkr",Övre Norrland,2002K4,197,https://www.statistikdatabasen.scb.se/pxweb/sv/ssd/START__BO__BO0501__BO0501B/FastprisFHRegKv/
"Bas-/taxeringsvärde, medelvärde i tkr",Övre Norrland,2003K1,233,https://www.statistikdatabasen.scb.se/pxweb/sv/ssd/START__BO__BO0501__BO0501B/FastprisFHRegKv/
"Bas-/taxeringsvärde, medelvärde i tkr",Övre Norrland,2003K2,249,https://www.statistikdatabasen.scb.se/pxweb/sv/ssd/START__BO__BO0501__BO0501B/FastprisFHRegKv/
"Bas-/taxeringsvärde, medelvärde i tkr",Övre Norrland,2003K3,253,https://www.statistikdatabasen.scb.se/pxweb/sv/ssd/START__BO__BO0501__BO0501B/FastprisFHRegKv/
"Bas-/taxeringsvärde, medelvärde i tkr",Övre Norrland,2003K4,261,https://www.statistikdatabasen.scb.se/pxweb/sv/ssd/START__BO__BO0501__BO0501B/FastprisFHRegKv/
"Bas-/taxeringsvärde, medelvärde i tkr",Övre Norrland,2004K1,252,https://www.statistikdatabasen.scb.se/pxweb/sv/ssd/START__BO__BO0501__BO0501B/FastprisFHRegKv/
"Bas-/taxeringsvärde, medelvärde i tkr",Övre Norrland,2004K2,263,https://www.statistikdatabasen.scb.se/pxweb/sv/ssd/START__BO__BO0501__BO0501B/FastprisFHRegKv/
"Bas-/taxeringsvärde, medelvärde i tkr",Övre Norrland,2004K3,253,https://www.statistikdatabasen.scb.se/pxweb/sv/ssd/START__BO__BO0501__BO0501B/FastprisFHRegKv/
"Bas-/taxeringsvärde, medelvärde i tkr",Övre Norrland,2004K4,257,https://www.statistikdatabasen.scb.se/pxweb/sv/ssd/START__BO__BO0501__BO0501B/FastprisFHRegKv/
"Bas-/taxeringsvärde, medelvärde i tkr",Övre Norrland,2005K1,261,https://www.statistikdatabasen.scb.se/pxweb/sv/ssd/START__BO__BO0501__BO0501B/FastprisFHRegKv/
"Bas-/taxeringsvärde, medelvärde i tkr",Övre Norrland,2005K2,243,https://www.statistikdatabasen.scb.se/pxweb/sv/ssd/START__BO__BO0501__BO0501B/FastprisFHRegKv/
"Bas-/taxeringsvärde, medelvärde i tkr",Övre Norrland,2005K3,253,https://www.statistikdatabasen.scb.se/pxweb/sv/ssd/START__BO__BO0501__BO0501B/FastprisFHRegKv/
"Bas-/taxeringsvärde, medelvärde i tkr",Övre Norrland,2005K4,251,https://www.statistikdatabasen.scb.se/pxweb/sv/ssd/START__BO__BO0501__BO0501B/FastprisFHRegKv/
"Bas-/taxeringsvärde, medelvärde i tkr",Övre Norrland,2006K1,310,https://www.statistikdatabasen.scb.se/pxweb/sv/ssd/START__BO__BO0501__BO0501B/FastprisFHRegKv/
"Bas-/taxeringsvärde, medelvärde i tkr",Övre Norrland,2006K2,315,https://www.statistikdatabasen.scb.se/pxweb/sv/ssd/START__BO__BO0501__BO0501B/FastprisFHRegKv/
"Bas-/taxeringsvärde, medelvärde i tkr",Övre Norrland,2006K3,305,https://www.statistikdatabasen.scb.se/pxweb/sv/ssd/START__BO__BO0501__BO0501B/FastprisFHRegKv/
"Bas-/taxeringsvärde, medelvärde i tkr",Övre Norrland,2006K4,263,https://www.statistikdatabasen.scb.se/pxweb/sv/ssd/START__BO__BO0501__BO0501B/FastprisFHRegKv/
"Bas-/taxeringsvärde, medelvärde i tkr",Övre Norrland,2007K1,292,https://www.statistikdatabasen.scb.se/pxweb/sv/ssd/START__BO__BO0501__BO0501B/FastprisFHRegKv/
"Bas-/taxeringsvärde, medelvärde i tkr",Övre Norrland,2007K2,318,https://www.statistikdatabasen.scb.se/pxweb/sv/ssd/START__BO__BO0501__BO0501B/FastprisFHRegKv/
"Bas-/taxeringsvärde, medelvärde i tkr",Övre Norrland,2007K3,317,https://www.statistikdatabasen.scb.se/pxweb/sv/ssd/START__BO__BO0501__BO0501B/FastprisFHRegKv/
"Bas-/taxeringsvärde, medelvärde i tkr",Övre Norrland,2007K4,325,https://www.statistikdatabasen.scb.se/pxweb/sv/ssd/START__BO__BO0501__BO0501B/FastprisFHRegKv/
"Bas-/taxeringsvärde, medelvärde i tkr",Övre Norrland,2008K1,300,https://www.statistikdatabasen.scb.se/pxweb/sv/ssd/START__BO__BO0501__BO0501B/FastprisFHRegKv/
"Bas-/taxeringsvärde, medelvärde i tkr",Övre Norrland,2008K2,275,https://www.statistikdatabasen.scb.se/pxweb/sv/ssd/START__BO__BO0501__BO0501B/FastprisFHRegKv/
"Bas-/taxeringsvärde, medelvärde i tkr",Övre Norrland,2008K3,287,https://www.statistikdatabasen.scb.se/pxweb/sv/ssd/START__BO__BO0501__BO0501B/FastprisFHRegKv/
"Bas-/taxeringsvärde, medelvärde i tkr",Övre Norrland,2008K4,278,https://www.statistikdatabasen.scb.se/pxweb/sv/ssd/START__BO__BO0501__BO0501B/FastprisFHRegKv/
"Bas-/taxeringsvärde, medelvärde i tkr",Övre Norrland,2009K1,426,https://www.statistikdatabasen.scb.se/pxweb/sv/ssd/START__BO__BO0501__BO0501B/FastprisFHRegKv/
"Bas-/taxeringsvärde, medelvärde i tkr",Övre Norrland,2009K2,391,https://www.statistikdatabasen.scb.se/pxweb/sv/ssd/START__BO__BO0501__BO0501B/FastprisFHRegKv/
"Bas-/taxeringsvärde, medelvärde i tkr",Övre Norrland,2009K3,406,https://www.statistikdatabasen.scb.se/pxweb/sv/ssd/START__BO__BO0501__BO0501B/FastprisFHRegKv/
"Bas-/taxeringsvärde, medelvärde i tkr",Övre Norrland,2009K4,367,https://www.statistikdatabasen.scb.se/pxweb/sv/ssd/START__BO__BO0501__BO0501B/FastprisFHRegKv/
"Bas-/taxeringsvärde, medelvärde i tkr",Övre Norrland,2010K1,438,https://www.statistikdatabasen.scb.se/pxweb/sv/ssd/START__BO__BO0501__BO0501B/FastprisFHRegKv/
"Bas-/taxeringsvärde, medelvärde i tkr",Övre Norrland,2010K2,386,https://www.statistikdatabasen.scb.se/pxweb/sv/ssd/START__BO__BO0501__BO0501B/FastprisFHRegKv/
"Bas-/taxeringsvärde, medelvärde i tkr",Övre Norrland,2010K3,399,https://www.statistikdatabasen.scb.se/pxweb/sv/ssd/START__BO__BO0501__BO0501B/FastprisFHRegKv/
"Bas-/taxeringsvärde, medelvärde i tkr",Övre Norrland,2010K4,423,https://www.statistikdatabasen.scb.se/pxweb/sv/ssd/START__BO__BO0501__BO0501B/FastprisFHRegKv/
"Bas-/taxeringsvärde, medelvärde i tkr",Övre Norrland,2011K1,480,https://www.statistikdatabasen.scb.se/pxweb/sv/ssd/START__BO__BO0501__BO0501B/FastprisFHRegKv/
"Bas-/taxeringsvärde, medelvärde i tkr",Övre Norrland,2011K2,436,https://www.statistikdatabasen.scb.se/pxweb/sv/ssd/START__BO__BO0501__BO0501B/FastprisFHRegKv/
"Bas-/taxeringsvärde, medelvärde i tkr",Övre Norrland,2011K3,425,https://www.statistikdatabasen.scb.se/pxweb/sv/ssd/START__BO__BO0501__BO0501B/FastprisFHRegKv/
"Bas-/taxeringsvärde, medelvärde i tkr",Övre Norrland,2011K4,438,https://www.statistikdatabasen.scb.se/pxweb/sv/ssd/START__BO__BO0501__BO0501B/FastprisFHRegKv/
"Bas-/taxeringsvärde, medelvärde i tkr",Övre Norrland,2012K1,507,https://www.statistikdatabasen.scb.se/pxweb/sv/ssd/START__BO__BO0501__BO0501B/FastprisFHRegKv/
"Bas-/taxeringsvärde, medelvärde i tkr",Övre Norrland,2012K2,464,https://www.statistikdatabasen.scb.se/pxweb/sv/ssd/START__BO__BO0501__BO0501B/FastprisFHRegKv/
"Bas-/taxeringsvärde, medelvärde i tkr",Övre Norrland,2012K3,509,https://www.statistikdatabasen.scb.se/pxweb/sv/ssd/START__BO__BO0501__BO0501B/FastprisFHRegKv/
"Bas-/taxeringsvärde, medelvärde i tkr",Övre Norrland,2012K4,573,https://www.statistikdatabasen.scb.se/pxweb/sv/ssd/START__BO__BO0501__BO0501B/FastprisFHRegKv/
"Bas-/taxeringsvärde, medelvärde i tkr",Övre Norrland,2013K1,550,https://www.statistikdatabasen.scb.se/pxweb/sv/ssd/START__BO__BO0501__BO0501B/FastprisFHRegKv/
"Bas-/taxeringsvärde, medelvärde i tkr",Övre Norrland,2013K2,482,https://www.statistikdatabasen.scb.se/pxweb/sv/ssd/START__BO__BO0501__BO0501B/FastprisFHRegKv/
"Bas-/taxeringsvärde, medelvärde i tkr",Övre Norrland,2013K3,555,https://www.statistikdatabasen.scb.se/pxweb/sv/ssd/START__BO__BO0501__BO0501B/FastprisFHRegKv/
"Bas-/taxeringsvärde, medelvärde i tkr",Övre Norrland,2013K4,560,https://www.statistikdatabasen.scb.se/pxweb/sv/ssd/START__BO__BO0501__BO0501B/FastprisFHRegKv/
"Bas-/taxeringsvärde, medelvärde i tkr",Övre Norrland,2014K1,491,https://www.statistikdatabasen.scb.se/pxweb/sv/ssd/START__BO__BO0501__BO0501B/FastprisFHRegKv/
"Bas-/taxeringsvärde, medelvärde i tkr",Övre Norrland,2014K2,557,https://www.statistikdatabasen.scb.se/pxweb/sv/ssd/START__BO__BO0501__BO0501B/FastprisFHRegKv/
"Bas-/taxeringsvärde, medelvärde i tkr",Övre Norrland,2014K3,499,https://www.statistikdatabasen.scb.se/pxweb/sv/ssd/START__BO__BO0501__BO0501B/FastprisFHRegKv/
"Bas-/taxeringsvärde, medelvärde i tkr",Övre Norrland,2014K4,592,https://www.statistikdatabasen.scb.se/pxweb/sv/ssd/START__BO__BO0501__BO0501B/FastprisFHRegKv/
"Bas-/taxeringsvärde, medelvärde i tkr",Övre Norrland,2015K1,522,https://www.statistikdatabasen.scb.se/pxweb/sv/ssd/START__BO__BO0501__BO0501B/FastprisFHRegKv/
"Bas-/taxeringsvärde, medelvärde i tkr",Övre Norrland,2015K2,598,https://www.statistikdatabasen.scb.se/pxweb/sv/ssd/START__BO__BO0501__BO0501B/FastprisFHRegKv/
"Bas-/taxeringsvärde, medelvärde i tkr",Övre Norrland,2015K3,441,https://www.statistikdatabasen.scb.se/pxweb/sv/ssd/START__BO__BO0501__BO0501B/FastprisFHRegKv/
"Bas-/taxeringsvärde, medelvärde i tkr",Övre Norrland,2015K4,488,https://www.statistikdatabasen.scb.se/pxweb/sv/ssd/START__BO__BO0501__BO0501B/FastprisFHRegKv/
"Bas-/taxeringsvärde, medelvärde i tkr",Övre Norrland,2016K1,457,https://www.statistikdatabasen.scb.se/pxweb/sv/ssd/START__BO__BO0501__BO0501B/FastprisFHRegKv/
"Bas-/taxeringsvärde, medelvärde i tkr",Övre Norrland,2016K2,440,https://www.statistikdatabasen.scb.se/pxweb/sv/ssd/START__BO__BO0501__BO0501B/FastprisFHRegKv/
"Bas-/taxeringsvärde, medelvärde i tkr",Övre Norrland,2016K3,491,https://www.statistikdatabasen.scb.se/pxweb/sv/ssd/START__BO__BO0501__BO0501B/FastprisFHRegKv/
"Bas-/taxeringsvärde, medelvärde i tkr",Övre Norrland,2016K4,510,https://www.statistikdatabasen.scb.se/pxweb/sv/ssd/START__BO__BO0501__BO0501B/FastprisFHRegKv/
"Bas-/taxeringsvärde, medelvärde i tkr",Övre Norrland,2017K1,499,https://www.statistikdatabasen.scb.se/pxweb/sv/ssd/START__BO__BO0501__BO0501B/FastprisFHRegKv/
"Bas-/taxeringsvärde, medelvärde i tkr",Övre Norrland,2017K2,524,https://www.statistikdatabasen.scb.se/pxweb/sv/ssd/START__BO__BO0501__BO0501B/FastprisFHRegKv/
"Bas-/taxeringsvärde, medelvärde i tkr",Övre Norrland,2017K3,497,https://www.statistikdatabasen.scb.se/pxweb/sv/ssd/START__BO__BO0501__BO0501B/FastprisFHRegKv/
"Bas-/taxeringsvärde, medelvärde i tkr",Övre Norrland,2017K4,477,https://www.statistikdatabasen.scb.se/pxweb/sv/ssd/START__BO__BO0501__BO0501B/FastprisFHRegKv/
"Bas-/taxeringsvärde, medelvärde i tkr",Övre Norrland,2018K1,796,https://www.statistikdatabasen.scb.se/pxweb/sv/ssd/START__BO__BO0501__BO0501B/FastprisFHRegKv/
"Bas-/taxeringsvärde, medelvärde i tkr",Övre Norrland,2018K2,590,https://www.statistikdatabasen.scb.se/pxweb/sv/ssd/START__BO__BO0501__BO0501B/FastprisFHRegKv/
"Bas-/taxeringsvärde, medelvärde i tkr",Övre Norrland,2018K3,616,https://www.statistikdatabasen.scb.se/pxweb/sv/ssd/START__BO__BO0501__BO0501B/FastprisFHRegKv/
"Bas-/taxeringsvärde, medelvärde i tkr",Övre Norrland,2018K4,602,https://www.statistikdatabasen.scb.se/pxweb/sv/ssd/START__BO__BO0501__BO0501B/FastprisFHRegKv/
"Bas-/taxeringsvärde, medelvärde i tkr",Övre Norrland,2019K1,647,https://www.statistikdatabasen.scb.se/pxweb/sv/ssd/START__BO__BO0501__BO0501B/FastprisFHRegKv/
"Bas-/taxeringsvärde, medelvärde i tkr",Övre Norrland,2019K2,662,https://www.statistikdatabasen.scb.se/pxweb/sv/ssd/START__BO__BO0501__BO0501B/FastprisFHRegKv/
"Bas-/taxeringsvärde, medelvärde i tkr",Övre Norrland,2019K3,637,https://www.statistikdatabasen.scb.se/pxweb/sv/ssd/START__BO__BO0501__BO0501B/FastprisFHRegKv/
"Bas-/taxeringsvärde, medelvärde i tkr",Övre Norrland,2019K4,639,https://www.statistikdatabasen.scb.se/pxweb/sv/ssd/START__BO__BO0501__BO0501B/FastprisFHRegKv/
"Bas-/taxeringsvärde, medelvärde i tkr",Övre Norrland,2020K1,800,https://www.statistikdatabasen.scb.se/pxweb/sv/ssd/START__BO__BO0501__BO0501B/FastprisFHRegKv/
"Bas-/taxeringsvärde, medelvärde i tkr",Övre Norrland,2020K2,697,https://www.statistikdatabasen.scb.se/pxweb/sv/ssd/START__BO__BO0501__BO0501B/FastprisFHRegKv/
"Bas-/taxeringsvärde, medelvärde i tkr",Övre Norrland,2020K3,682,https://www.statistikdatabasen.scb.se/pxweb/sv/ssd/START__BO__BO0501__BO0501B/FastprisFHRegKv/
"Bas-/taxeringsvärde, medelvärde i tkr",Övre Norrland,2020K4,725,https://www.statistikdatabasen.scb.se/pxweb/sv/ssd/START__BO__BO0501__BO0501B/FastprisFHRegKv/
"Bas-/taxeringsvärde, medelvärde i tkr",Övre Norrland,2021K1,750,https://www.statistikdatabasen.scb.se/pxweb/sv/ssd/START__BO__BO0501__BO0501B/FastprisFHRegKv/
"Bas-/taxeringsvärde, medelvärde i tkr",Övre Norrland,2021K2,769,https://www.statistikdatabasen.scb.se/pxweb/sv/ssd/START__BO__BO0501__BO0501B/FastprisFHRegKv/
"Bas-/taxeringsvärde, medelvärde i tkr",Övre Norrland,2021K3,746,https://www.statistikdatabasen.scb.se/pxweb/sv/ssd/START__BO__BO0501__BO0501B/FastprisFHRegKv/
"Bas-/taxeringsvärde, medelvärde i tkr",Övre Norrland,2021K4,749,https://www.statistikdatabasen.scb.se/pxweb/sv/ssd/START__BO__BO0501__BO0501B/FastprisFHRegKv/
"Bas-/taxeringsvärde, medelvärde i tkr",Övre Norrland,2022K1,884,https://www.statistikdatabasen.scb.se/pxweb/sv/ssd/START__BO__BO0501__BO0501B/FastprisFHRegKv/
"Bas-/taxeringsvärde, medelvärde i tkr",Övre Norrland,2022K2,717,https://www.statistikdatabasen.scb.se/pxweb/sv/ssd/START__BO__BO0501__BO0501B/FastprisFHRegKv/
"Bas-/taxeringsvärde, medelvärde i tkr",Övre Norrland,2022K3,727,https://www.statistikdatabasen.scb.se/pxweb/sv/ssd/START__BO__BO0501__BO0501B/FastprisFHRegKv/
"Bas-/taxeringsvärde, medelvärde i tkr",Övre Norrland,2022K4,756,https://www.statistikdatabasen.scb.se/pxweb/sv/ssd/START__BO__BO0501__BO0501B/FastprisFHRegKv/
"Bas-/taxeringsvärde, medelvärde i tkr",Övre Norrland,2023K1,712,https://www.statistikdatabasen.scb.se/pxweb/sv/ssd/START__BO__BO0501__BO0501B/FastprisFHRegKv/
"Bas-/taxeringsvärde, medelvärde i tkr",Övre Norrland,2023K2,742,https://www.statistikdatabasen.scb.se/pxweb/sv/ssd/START__BO__BO0501__BO0501B/FastprisFHRegKv/
"Bas-/taxeringsvärde, medelvärde i tkr",Övre Norrland,2023K3,670,https://www.statistikdatabasen.scb.se/pxweb/sv/ssd/START__BO__BO0501__BO0501B/FastprisFHRegKv/
"Bas-/taxeringsvärde, medelvärde i tkr",Övre Norrland,2023K4,697,https://www.statistikdatabasen.scb.se/pxweb/sv/ssd/START__BO__BO0501__BO0501B/FastprisFHRegKv/
"Bas-/taxeringsvärde, medelvärde i tkr",Övre Norrland,2024K1,1002,https://www.statistikdatabasen.scb.se/pxweb/sv/ssd/START__BO__BO0501__BO0501B/FastprisFHRegKv/
"Bas-/taxeringsvärde, medelvärde i tkr",Övre Norrland,2024K2,1044,https://www.statistikdatabasen.scb.se/pxweb/sv/ssd/START__BO__BO0501__BO0501B/FastprisFHRegKv/
"Bas-/taxeringsvärde, medelvärde i tkr",Övre Norrland,2024K3,1007,https://www.statistikdatabasen.scb.se/pxweb/sv/ssd/START__BO__BO0501__BO0501B/FastprisFHRegKv/
"Bas-/taxeringsvärde, medelvärde i tkr",Övre Norrland,2024K4,1060,https://www.statistikdatabasen.scb.se/pxweb/sv/ssd/START__BO__BO0501__BO0501B/FastprisFHRegKv/
"Bas-/taxeringsvärde, medelvärde i tkr",Övre Norrland,2025K1,1107,https://www.statistikdatabasen.scb.se/pxweb/sv/ssd/START__BO__BO0501__BO0501B/FastprisFHRegKv/
"Bas-/taxeringsvärde, medelvärde i tkr",Övre Norrland,2025K2,1098,https://www.statistikdatabasen.scb.se/pxweb/sv/ssd/START__BO__BO0501__BO0501B/FastprisFHRegKv/
"Bas-/taxeringsvärde, medelvärde i tkr",Övre Norrland,2025K3,1014,https://www.statistikdatabasen.scb.se/pxweb/sv/ssd/START__BO__BO0501__BO0501B/FastprisFHRegKv/
"Bas-/taxeringsvärde, medelvärde i tkr",Övre Norrland,2025K4,1048,https://www.statistikdatabasen.scb.se/pxweb/sv/ssd/START__BO__BO0501__BO0501B/FastprisFHRegKv/
"Bas-/taxeringsvärde, medelvärde i tkr",Övre Norrland,2026K1,1109,https://www.statistikdatabasen.scb.se/pxweb/sv/ssd/START__BO__BO0501__BO0501B/FastprisFHRegKv/
"Bas-/taxeringsvärde, medelvärde i tkr",Övre Norrland,2026K2,1146,https://www.statistikdatabasen.scb.se/pxweb/sv/ssd/START__BO__BO0501__BO0501B/FastprisFHRegKv/
Köpeskillingskoefficient,Övre Norrland,1998K1,1.65,https://www.statistikdatabasen.scb.se/pxweb/sv/ssd/START__BO__BO0501__BO0501B/FastprisFHRegKv/
Köpeskillingskoefficient,Övre Norrland,1998K2,1.65,https://www.statistikdatabasen.scb.se/pxweb/sv/ssd/START__BO__BO0501__BO0501B/FastprisFHRegKv/
Köpeskillingskoefficient,Övre Norrland,1998K3,1.64,https://www.statistikdatabasen.scb.se/pxweb/sv/ssd/START__BO__BO0501__BO0501B/FastprisFHRegKv/
Köpeskillingskoefficient,Övre Norrland,1998K4,1.62,https://www.statistikdatabasen.scb.se/pxweb/sv/ssd/START__BO__BO0501__BO0501B/FastprisFHRegKv/
Köpeskillingskoefficient,Övre Norrland,1999K1,1.53,https://www.statistikdatabasen.scb.se/pxweb/sv/ssd/START__BO__BO0501__BO0501B/FastprisFHRegKv/
Köpeskillingskoefficient,Övre Norrland,1999K2,1.7,https://www.statistikdatabasen.scb.se/pxweb/sv/ssd/START__BO__BO0501__BO0501B/FastprisFHRegKv/
Köpeskillingskoefficient,Övre Norrland,1999K3,1.68,https://www.statistikdatabasen.scb.se/pxweb/sv/ssd/START__BO__BO0501__BO0501B/FastprisFHRegKv/
Köpeskillingskoefficient,Övre Norrland,1999K4,1.73,https://www.statistikdatabasen.scb.se/pxweb/sv/ssd/START__BO__BO0501__BO0501B/FastprisFHRegKv/
Köpeskillingskoefficient,Övre Norrland,2000K1,1.81,https://www.statistikdatabasen.scb.se/pxweb/sv/ssd/START__BO__BO0501__BO0501B/FastprisFHRegKv/
Köpeskillingskoefficient,Övre Norrland,2000K2,1.78,https://www.statistikdatabasen.scb.se/pxweb/sv/ssd/START__BO__BO0501__BO0501B/FastprisFHRegKv/
Köpeskillingskoefficient,Övre Norrland,2000K3,1.86,https://www.statistikdatabasen.scb.se/pxweb/sv/ssd/START__BO__BO0501__BO0501B/FastprisFHRegKv/
Köpeskillingskoefficient,Övre Norrland,2000K4,1.76,https://www.statistikdatabasen.scb.se/pxweb/sv/ssd/START__BO__BO0501__BO0501B/FastprisFHRegKv/
Köpeskillingskoefficient,Övre Norrland,2001K1,2.19,https://www.statistikdatabasen.scb.se/pxweb/sv/ssd/START__BO__BO0501__BO0501B/FastprisFHRegKv/
Köpeskillingskoefficient,Övre Norrland,2001K2,1.95,https://www.statistikdatabasen.scb.se/pxweb/sv/ssd/START__BO__BO0501__BO0501B/FastprisFHRegKv/
Köpeskillingskoefficient,Övre Norrland,2001K3,2.04,https://www.statistikdatabasen.scb.se/pxweb/sv/ssd/START__BO__BO0501__BO0501B/FastprisFHRegKv/
Köpeskillingskoefficient,Övre Norrland,2001K4,1.91,https://www.statistikdatabasen.scb.se/pxweb/sv/ssd/START__BO__BO0501__BO0501B/FastprisFHRegKv/
Köpeskillingskoefficient,Övre Norrland,2002K1,1.82,https://www.statistikdatabasen.scb.se/pxweb/sv/ssd/START__BO__BO0501__BO0501B/FastprisFHRegKv/
Köpeskillingskoefficient,Övre Norrland,2002K2,1.98,https://www.statistikdatabasen.scb.se/pxweb/sv/ssd/START__BO__BO0501__BO0501B/FastprisFHRegKv/
Köpeskillingskoefficient,Övre Norrland,2002K3,2.02,https://www.statistikdatabasen.scb.se/pxweb/sv/ssd/START__BO__BO0501__BO0501B/FastprisFHRegKv/
Köpeskillingskoefficient,Övre Norrland,2002K4,2.07,https://www.statistikdatabasen.scb.se/pxweb/sv/ssd/START__BO__BO0501__BO0501B/FastprisFHRegKv/
Köpeskillingskoefficient,Övre Norrland,2003K1,1.48,https://www.statistikdatabasen.scb.se/pxweb/sv/ssd/START__BO__BO0501__BO0501B/FastprisFHRegKv/
Köpeskillingskoefficient,Övre Norrland,2003K2,1.69,https://www.statistikdatabasen.scb.se/pxweb/sv/ssd/START__BO__BO0501__BO0501B/FastprisFHRegKv/
Köpeskillingskoefficient,Övre Norrland,2003K3,1.8,https://www.statistikdatabasen.scb.se/pxweb/sv/ssd/START__BO__BO0501__BO0501B/FastprisFHRegKv/
Köpeskillingskoefficient,Övre Norrland,2003K4,1.73,https://www.statistikdatabasen.scb.se/pxweb/sv/ssd/START__BO__BO0501__BO0501B/FastprisFHRegKv/
Köpeskillingskoefficient,Övre Norrland,2004K1,1.89,https://www.statistikdatabasen.scb.se/pxweb/sv/ssd/START__BO__BO0501__BO0501B/FastprisFHRegKv/
Köpeskillingskoefficient,Övre Norrland,2004K2,1.81,https://www.statistikdatabasen.scb.se/pxweb/sv/ssd/START__BO__BO0501__BO0501B/FastprisFHRegKv/
Köpeskillingskoefficient,Övre Norrland,2004K3,1.9,https://www.statistikdatabasen.scb.se/pxweb/sv/ssd/START__BO__BO0501__BO0501B/FastprisFHRegKv/
Köpeskillingskoefficient,Övre Norrland,2004K4,1.88,https://www.statistikdatabasen.scb.se/pxweb/sv/ssd/START__BO__BO0501__BO0501B/FastprisFHRegKv/
Köpeskillingskoefficient,Övre Norrland,2005K1,1.81,https://www.statistikdatabasen.scb.se/pxweb/sv/ssd/START__BO__BO0501__BO0501B/FastprisFHRegKv/
Köpeskillingskoefficient,Övre Norrland,2005K2,2.03,https://www.statistikdatabasen.scb.se/pxweb/sv/ssd/START__BO__BO0501__BO0501B/FastprisFHRegKv/
Köpeskillingskoefficient,Övre Norrland,2005K3,2.17,https://www.statistikdatabasen.scb.se/pxweb/sv/ssd/START__BO__BO0501__BO0501B/FastprisFHRegKv/
Köpeskillingskoefficient,Övre Norrland,2005K4,2.09,https://www.statistikdatabasen.scb.se/pxweb/sv/ssd/START__BO__BO0501__BO0501B/FastprisFHRegKv/
Köpeskillingskoefficient,Övre Norrland,2006K1,1.64,https://www.statistikdatabasen.scb.se/pxweb/sv/ssd/START__BO__BO0501__BO0501B/FastprisFHRegKv/
Köpeskillingskoefficient,Övre Norrland,2006K2,2.05,https://www.statistikdatabasen.scb.se/pxweb/sv/ssd/START__BO__BO0501__BO0501B/FastprisFHRegKv/
Köpeskillingskoefficient,Övre Norrland,2006K3,2.21,https://www.statistikdatabasen.scb.se/pxweb/sv/ssd/START__BO__BO0501__BO0501B/FastprisFHRegKv/
Köpeskillingskoefficient,Övre Norrland,2006K4,2.23,https://www.statistikdatabasen.scb.se/pxweb/sv/ssd/START__BO__BO0501__BO0501B/FastprisFHRegKv/
Köpeskillingskoefficient,Övre Norrland,2007K1,2.01,https://www.statistikdatabasen.scb.se/pxweb/sv/ssd/START__BO__BO0501__BO0501B/FastprisFHRegKv/
Köpeskillingskoefficient,Övre Norrland,2007K2,2.32,https://www.statistikdatabasen.scb.se/pxweb/sv/ssd/START__BO__BO0501__BO0501B/FastprisFHRegKv/
Köpeskillingskoefficient,Övre Norrland,2007K3,2.35,https://www.statistikdatabasen.scb.se/pxweb/sv/ssd/START__BO__BO0501__BO0501B/FastprisFHRegKv/
Köpeskillingskoefficient,Övre Norrland,2007K4,2.38,https://www.statistikdatabasen.scb.se/pxweb/sv/ssd/START__BO__BO0501__BO0501B/FastprisFHRegKv/
Köpeskillingskoefficient,Övre Norrland,2008K1,2.09,https://www.statistikdatabasen.scb.se/pxweb/sv/ssd/START__BO__BO0501__BO0501B/FastprisFHRegKv/
Köpeskillingskoefficient,Övre Norrland,2008K2,2.43,https://www.statistikdatabasen.scb.se/pxweb/sv/ssd/START__BO__BO0501__BO0501B/FastprisFHRegKv/
Köpeskillingskoefficient,Övre Norrland,2008K3,2.26,https://www.statistikdatabasen.scb.se/pxweb/sv/ssd/START__BO__BO0501__BO0501B/FastprisFHRegKv/
Köpeskillingskoefficient,Övre Norrland,2008K4,2.33,https://www.statistikdatabasen.scb.se/pxweb/sv/ssd/START__BO__BO0501__BO0501B/FastprisFHRegKv/
Köpeskillingskoefficient,Övre Norrland,2009K1,1.8,https://www.statistikdatabasen.scb.se/pxweb/sv/ssd/START__BO__BO0501__BO0501B/FastprisFHRegKv/
Köpeskillingskoefficient,Övre Norrland,2009K2,1.79,https://www.statistikdatabasen.scb.se/pxweb/sv/ssd/START__BO__BO0501__BO0501B/FastprisFHRegKv/
Köpeskillingskoefficient,Övre Norrland,2009K3,1.9,https://www.statistikdatabasen.scb.se/pxweb/sv/ssd/START__BO__BO0501__BO0501B/FastprisFHRegKv/
Köpeskillingskoefficient,Övre Norrland,2009K4,1.94,https://www.statistikdatabasen.scb.se/pxweb/sv/ssd/START__BO__BO0501__BO0501B/FastprisFHRegKv/
Köpeskillingskoefficient,Övre Norrland,2010K1,1.95,https://www.statistikdatabasen.scb.se/pxweb/sv/ssd/START__BO__BO0501__BO0501B/FastprisFHRegKv/
Köpeskillingskoefficient,Övre Norrland,2010K2,2.11,https://www.statistikdatabasen.scb.se/pxweb/sv/ssd/START__BO__BO0501__BO0501B/FastprisFHRegKv/
Köpeskillingskoefficient,Övre Norrland,2010K3,2.09,https://www.statistikdatabasen.scb.se/pxweb/sv/ssd/START__BO__BO0501__BO0501B/FastprisFHRegKv/
Köpeskillingskoefficient,Övre Norrland,2010K4,2.22,https://www.statistikdatabasen.scb.se/pxweb/sv/ssd/START__BO__BO0501__BO0501B/FastprisFHRegKv/
Köpeskillingskoefficient,Övre Norrland,2011K1,2.09,https://www.statistikdatabasen.scb.se/pxweb/sv/ssd/START__BO__BO0501__BO0501B/FastprisFHRegKv/
Köpeskillingskoefficient,Övre Norrland,2011K2,2.04,https://www.statistikdatabasen.scb.se/pxweb/sv/ssd/START__BO__BO0501__BO0501B/FastprisFHRegKv/
Köpeskillingskoefficient,Övre Norrland,2011K3,2.11,https://www.statistikdatabasen.scb.se/pxweb/sv/ssd/START__BO__BO0501__BO0501B/FastprisFHRegKv/
Köpeskillingskoefficient,Övre Norrland,2011K4,1.96,https://www.statistikdatabasen.scb.se/pxweb/sv/ssd/START__BO__BO0501__BO0501B/FastprisFHRegKv/
Köpeskillingskoefficient,Övre Norrland,2012K1,1.81,https://www.statistikdatabasen.scb.se/pxweb/sv/ssd/START__BO__BO0501__BO0501B/FastprisFHRegKv/
Köpeskillingskoefficient,Övre Norrland,2012K2,1.9,https://www.statistikdatabasen.scb.se/pxweb/sv/ssd/START__BO__BO0501__BO0501B/FastprisFHRegKv/
Köpeskillingskoefficient,Övre Norrland,2012K3,1.89,https://www.statistikdatabasen.scb.se/pxweb/sv/ssd/START__BO__BO0501__BO0501B/FastprisFHRegKv/
Köpeskillingskoefficient,Övre Norrland,2012K4,1.73,https://www.statistikdatabasen.scb.se/pxweb/sv/ssd/START__BO__BO0501__BO0501B/FastprisFHRegKv/
Köpeskillingskoefficient,Övre Norrland,2013K1,1.75,https://www.statistikdatabasen.scb.se/pxweb/sv/ssd/START__BO__BO0501__BO0501B/FastprisFHRegKv/
Köpeskillingskoefficient,Övre Norrland,2013K2,1.89,https://www.statistikdatabasen.scb.se/pxweb/sv/ssd/START__BO__BO0501__BO0501B/FastprisFHRegKv/
Köpeskillingskoefficient,Övre Norrland,2013K3,1.81,https://www.statistikdatabasen.scb.se/pxweb/sv/ssd/START__BO__BO0501__BO0501B/FastprisFHRegKv/
Köpeskillingskoefficient,Övre Norrland,2013K4,1.88,https://www.statistikdatabasen.scb.se/pxweb/sv/ssd/START__BO__BO0501__BO0501B/FastprisFHRegKv/
Köpeskillingskoefficient,Övre Norrland,2014K1,1.88,https://www.statistikdatabasen.scb.se/pxweb/sv/ssd/START__BO__BO0501__BO0501B/FastprisFHRegKv/
Köpeskillingskoefficient,Övre Norrland,2014K2,1.95,https://www.statistikdatabasen.scb.se/pxweb/sv/ssd/START__BO__BO0501__BO0501B/FastprisFHRegKv/
Köpeskillingskoefficient,Övre Norrland,2014K3,2.02,https://www.statistikdatabasen.scb.se/pxweb/sv/ssd/START__BO__BO0501__BO0501B/FastprisFHRegKv/
Köpeskillingskoefficient,Övre Norrland,2014K4,1.9,https://www.statistikdatabasen.scb.se/pxweb/sv/ssd/START__BO__BO0501__BO0501B/FastprisFHRegKv/
Köpeskillingskoefficient,Övre Norrland,2015K1,1.75,https://www.statistikdatabasen.scb.se/pxweb/sv/ssd/START__BO__BO0501__BO0501B/FastprisFHRegKv/
Köpeskillingskoefficient,Övre Norrland,2015K2,1.78,https://www.statistikdatabasen.scb.se/pxweb/sv/ssd/START__BO__BO0501__BO0501B/FastprisFHRegKv/
Köpeskillingskoefficient,Övre Norrland,2015K3,1.99,https://www.statistikdatabasen.scb.se/pxweb/sv/ssd/START__BO__BO0501__BO0501B/FastprisFHRegKv/
Köpeskillingskoefficient,Övre Norrland,2015K4,1.92,https://www.statistikdatabasen.scb.se/pxweb/sv/ssd/START__BO__BO0501__BO0501B/FastprisFHRegKv/
Köpeskillingskoefficient,Övre Norrland,2016K1,1.93,https://www.statistikdatabasen.scb.se/pxweb/sv/ssd/START__BO__BO0501__BO0501B/FastprisFHRegKv/
Köpeskillingskoefficient,Övre Norrland,2016K2,2.1,https://www.statistikdatabasen.scb.se/pxweb/sv/ssd/START__BO__BO0501__BO0501B/FastprisFHRegKv/
Köpeskillingskoefficient,Övre Norrland,2016K3,2.12,https://www.statistikdatabasen.scb.se/pxweb/sv/ssd/START__BO__BO0501__BO0501B/FastprisFHRegKv/
Köpeskillingskoefficient,Övre Norrland,2016K4,2.03,https://www.statistikdatabasen.scb.se/pxweb/sv/ssd/START__BO__BO0501__BO0501B/FastprisFHRegKv/
Köpeskillingskoefficient,Övre Norrland,2017K1,2.08,https://www.statistikdatabasen.scb.se/pxweb/sv/ssd/START__BO__BO0501__BO0501B/FastprisFHRegKv/
Köpeskillingskoefficient,Övre Norrland,2017K2,2.26,https://www.statistikdatabasen.scb.se/pxweb/sv/ssd/START__BO__BO0501__BO0501B/FastprisFHRegKv/
Köpeskillingskoefficient,Övre Norrland,2017K3,2.22,https://www.statistikdatabasen.scb.se/pxweb/sv/ssd/START__BO__BO0501__BO0501B/FastprisFHRegKv/
Köpeskillingskoefficient,Övre Norrland,2017K4,2.17,https://www.statistikdatabasen.scb.se/pxweb/sv/ssd/START__BO__BO0501__BO0501B/FastprisFHRegKv/
Köpeskillingskoefficient,Övre Norrland,2018K1,1.76,https://www.statistikdatabasen.scb.se/pxweb/sv/ssd/START__BO__BO0501__BO0501B/FastprisFHRegKv/
Köpeskillingskoefficient,Övre Norrland,2018K2,1.89,https://www.statistikdatabasen.scb.se/pxweb/sv/ssd/START__BO__BO0501__BO0501B/FastprisFHRegKv/
Köpeskillingskoefficient,Övre Norrland,2018K3,1.82,https://www.statistikdatabasen.scb.se/pxweb/sv/ssd/START__BO__BO0501__BO0501B/FastprisFHRegKv/
Köpeskillingskoefficient,Övre Norrland,2018K4,1.8,https://www.statistikdatabasen.scb.se/pxweb/sv/ssd/START__BO__BO0501__BO0501B/FastprisFHRegKv/
Köpeskillingskoefficient,Övre Norrland,2019K1,1.71,https://www.statistikdatabasen.scb.se/pxweb/sv/ssd/START__BO__BO0501__BO0501B/FastprisFHRegKv/
Köpeskillingskoefficient,Övre Norrland,2019K2,1.89,https://www.statistikdatabasen.scb.se/pxweb/sv/ssd/START__BO__BO0501__BO0501B/FastprisFHRegKv/
Köpeskillingskoefficient,Övre Norrland,2019K3,1.92,https://www.statistikdatabasen.scb.se/pxweb/sv/ssd/START__BO__BO0501__BO0501B/FastprisFHRegKv/
Köpeskillingskoefficient,Övre Norrland,2019K4,1.99,https://www.statistikdatabasen.scb.se/pxweb/sv/ssd/START__BO__BO0501__BO0501B/FastprisFHRegKv/
Köpeskillingskoefficient,Övre Norrland,2020K1,1.87,https://www.statistikdatabasen.scb.se/pxweb/sv/ssd/START__BO__BO0501__BO0501B/FastprisFHRegKv/
Köpeskillingskoefficient,Övre Norrland,2020K2,2.04,https://www.statistikdatabasen.scb.se/pxweb/sv/ssd/START__BO__BO0501__BO0501B/FastprisFHRegKv/
Köpeskillingskoefficient,Övre Norrland,2020K3,2.12,https://www.statistikdatabasen.scb.se/pxweb/sv/ssd/START__BO__BO0501__BO0501B/FastprisFHRegKv/
Köpeskillingskoefficient,Övre Norrland,2020K4,1.99,https://www.statistikdatabasen.scb.se/pxweb/sv/ssd/START__BO__BO0501__BO0501B/FastprisFHRegKv/
Köpeskillingskoefficient,Övre Norrland,2021K1,1.91,https://www.statistikdatabasen.scb.se/pxweb/sv/ssd/START__BO__BO0501__BO0501B/FastprisFHRegKv/
Köpeskillingskoefficient,Övre Norrland,2021K2,2.05,https://www.statistikdatabasen.scb.se/pxweb/sv/ssd/START__BO__BO0501__BO0501B/FastprisFHRegKv/
Köpeskillingskoefficient,Övre Norrland,2021K3,2.02,https://www.statistikdatabasen.scb.se/pxweb/sv/ssd/START__BO__BO0501__BO0501B/FastprisFHRegKv/
Köpeskillingskoefficient,Övre Norrland,2021K4,2.16,https://www.statistikdatabasen.scb.se/pxweb/sv/ssd/START__BO__BO0501__BO0501B/FastprisFHRegKv/
Köpeskillingskoefficient,Övre Norrland,2022K1,1.96,https://www.statistikdatabasen.scb.se/pxweb/sv/ssd/START__BO__BO0501__BO0501B/FastprisFHRegKv/
Köpeskillingskoefficient,Övre Norrland,2022K2,2.15,https://www.statistikdatabasen.scb.se/pxweb/sv/ssd/START__BO__BO0501__BO0501B/FastprisFHRegKv/
Köpeskillingskoefficient,Övre Norrland,2022K3,2.2,https://www.statistikdatabasen.scb.se/pxweb/sv/ssd/START__BO__BO0501__BO0501B/FastprisFHRegKv/
Köpeskillingskoefficient,Övre Norrland,2022K4,1.98,https://www.statistikdatabasen.scb.se/pxweb/sv/ssd/START__BO__BO0501__BO0501B/FastprisFHRegKv/
Köpeskillingskoefficient,Övre Norrland,2023K1,1.89,https://www.statistikdatabasen.scb.se/pxweb/sv/ssd/START__BO__BO0501__BO0501B/FastprisFHRegKv/
Köpeskillingskoefficient,Övre Norrland,2023K2,2.08,https://www.statistikdatabasen.scb.se/pxweb/sv/ssd/START__BO__BO0501__BO0501B/FastprisFHRegKv/
Köpeskillingskoefficient,Övre Norrland,2023K3,2.01,https://www.statistikdatabasen.scb.se/pxweb/sv/ssd/START__BO__BO0501__BO0501B/FastprisFHRegKv/
Köpeskillingskoefficient,Övre Norrland,2023K4,2.12,https://www.statistikdatabasen.scb.se/pxweb/sv/ssd/START__BO__BO0501__BO0501B/FastprisFHRegKv/
Köpeskillingskoefficient,Övre Norrland,2024K1,1.58,https://www.statistikdatabasen.scb.se/pxweb/sv/ssd/START__BO__BO0501__BO0501B/FastprisFHRegKv/
Köpeskillingskoefficient,Övre Norrland,2024K2,1.66,https://www.statistikdatabasen.scb.se/pxweb/sv/ssd/START__BO__BO0501__BO0501B/FastprisFHRegKv/
Köpeskillingskoefficient,Övre Norrland,2024K3,1.58,https://www.statistikdatabasen.scb.se/pxweb/sv/ssd/START__BO__BO0501__BO0501B/FastprisFHRegKv/
Köpeskillingskoefficient,Övre Norrland,2024K4,1.7,https://www.statistikdatabasen.scb.se/pxweb/sv/ssd/START__BO__BO0501__BO0501B/FastprisFHRegKv/
Köpeskillingskoefficient,Övre Norrland,2025K1,1.54,https://www.statistikdatabasen.scb.se/pxweb/sv/ssd/START__BO__BO0501__BO0501B/FastprisFHRegKv/
Köpeskillingskoefficient,Övre Norrland,2025K2,1.67,https://www.statistikdatabasen.scb.se/pxweb/sv/ssd/START__BO__BO0501__BO0501B/FastprisFHRegKv/
Köpeskillingskoefficient,Övre Norrland,2025K3,1.66,https://www.statistikdatabasen.scb.se/pxweb/sv/ssd/START__BO__BO0501__BO0501B/FastprisFHRegKv/
Köpeskillingskoefficient,Övre Norrland,2025K4,1.67,https://www.statistikdatabasen.scb.se/pxweb/sv/ssd/START__BO__BO0501__BO0501B/FastprisFHRegKv/
Köpeskillingskoefficient,Övre Norrland,2026K1,1.62,https://www.statistikdatabasen.scb.se/pxweb/sv/ssd/START__BO__BO0501__BO0501B/FastprisFHRegKv/
Köpeskillingskoefficient,Övre Norrland,2026K2,1.6,https://www.statistikdatabasen.scb.se/pxweb/sv/ssd/START__BO__BO0501__BO0501B/FastprisFHRegKv/
