measure,region,price_type,year,value,source_url
"Byggnadsobjekt, antal som prisstatistiken baseras på",Riket,brutto,1994,,https://www.statistikdatabasen.scb.se/pxweb/sv/ssd/START__BO__BO0201__BO0201C/PrisPerAreorSM02/
"Byggnadsobjekt, antal som prisstatistiken baseras på",Riket,brutto,1995,,https://www.statistikdatabasen.scb.se/pxweb/sv/ssd/START__BO__BO0201__BO0201C/PrisPerAreorSM02/
"Byggnadsobjekt, antal som prisstatistiken baseras på",Riket,brutto,1996,,https://www.statistikdatabasen.scb.se/pxweb/sv/ssd/START__BO__BO0201__BO0201C/PrisPerAreorSM02/
"Byggnadsobjekt, antal som prisstatistiken baseras på",Riket,brutto,1997,,https://www.statistikdatabasen.scb.se/pxweb/sv/ssd/START__BO__BO0201__BO0201C/PrisPerAreorSM02/
"Byggnadsobjekt, antal som prisstatistiken baseras på",Riket,brutto,1998,292,https://www.statistikdatabasen.scb.se/pxweb/sv/ssd/START__BO__BO0201__BO0201C/PrisPerAreorSM02/
"Byggnadsobjekt, antal som prisstatistiken baseras på",Riket,brutto,1999,179,https://www.statistikdatabasen.scb.se/pxweb/sv/ssd/START__BO__BO0201__BO0201C/PrisPerAreorSM02/
"Byggnadsobjekt, antal som prisstatistiken baseras på",Riket,brutto,2000,275,https://www.statistikdatabasen.scb.se/pxweb/sv/ssd/START__BO__BO0201__BO0201C/PrisPerAreorSM02/
"Byggnadsobjekt, antal som prisstatistiken baseras på",Riket,brutto,2001,272,https://www.statistikdatabasen.scb.se/pxweb/sv/ssd/START__BO__BO0201__BO0201C/PrisPerAreorSM02/
"Byggnadsobjekt, antal som prisstatistiken baseras på",Riket,brutto,2002,243,https://www.statistikdatabasen.scb.se/pxweb/sv/ssd/START__BO__BO0201__BO0201C/PrisPerAreorSM02/
"Byggnadsobjekt, antal som prisstatistiken baseras på",Riket,brutto,2003,287,https://www.statistikdatabasen.scb.se/pxweb/sv/ssd/START__BO__BO0201__BO0201C/PrisPerAreorSM02/
"Byggnadsobjekt, antal som prisstatistiken baseras på",Riket,brutto,2004,349,https://www.statistikdatabasen.scb.se/pxweb/sv/ssd/START__BO__BO0201__BO0201C/PrisPerAreorSM02/
"Byggnadsobjekt, antal som prisstatistiken baseras på",Riket,brutto,2005,388,https://www.statistikdatabasen.scb.se/pxweb/sv/ssd/START__BO__BO0201__BO0201C/PrisPerAreorSM02/
"Byggnadsobjekt, antal som prisstatistiken baseras på",Riket,brutto,2006,388,https://www.statistikdatabasen.scb.se/pxweb/sv/ssd/START__BO__BO0201__BO0201C/PrisPerAreorSM02/
"Byggnadsobjekt, antal som prisstatistiken baseras på",Riket,brutto,2007,434,https://www.statistikdatabasen.scb.se/pxweb/sv/ssd/START__BO__BO0201__BO0201C/PrisPerAreorSM02/
"Byggnadsobjekt, antal som prisstatistiken baseras på",Riket,brutto,2008,463,https://www.statistikdatabasen.scb.se/pxweb/sv/ssd/START__BO__BO0201__BO0201C/PrisPerAreorSM02/
"Byggnadsobjekt, antal som prisstatistiken baseras på",Riket,brutto,2009,328,https://www.statistikdatabasen.scb.se/pxweb/sv/ssd/START__BO__BO0201__BO0201C/PrisPerAreorSM02/
"Byggnadsobjekt, antal som prisstatistiken baseras på",Riket,brutto,2010,443,https://www.statistikdatabasen.scb.se/pxweb/sv/ssd/START__BO__BO0201__BO0201C/PrisPerAreorSM02/
"Byggnadsobjekt, antal som prisstatistiken baseras på",Riket,brutto,2011,322,https://www.statistikdatabasen.scb.se/pxweb/sv/ssd/START__BO__BO0201__BO0201C/PrisPerAreorSM02/
"Byggnadsobjekt, antal som prisstatistiken baseras på",Riket,brutto,2012,234,https://www.statistikdatabasen.scb.se/pxweb/sv/ssd/START__BO__BO0201__BO0201C/PrisPerAreorSM02/
"Byggnadsobjekt, antal som prisstatistiken baseras på",Riket,brutto,2013,416,https://www.statistikdatabasen.scb.se/pxweb/sv/ssd/START__BO__BO0201__BO0201C/PrisPerAreorSM02/
"Byggnadsobjekt, antal som prisstatistiken baseras på",Riket,brutto,2014,622,https://www.statistikdatabasen.scb.se/pxweb/sv/ssd/START__BO__BO0201__BO0201C/PrisPerAreorSM02/
"Byggnadsobjekt, antal som prisstatistiken baseras på",Riket,brutto,2015,639,https://www.statistikdatabasen.scb.se/pxweb/sv/ssd/START__BO__BO0201__BO0201C/PrisPerAreorSM02/
"Byggnadsobjekt, antal som prisstatistiken baseras på",Riket,brutto,2016,723,https://www.statistikdatabasen.scb.se/pxweb/sv/ssd/START__BO__BO0201__BO0201C/PrisPerAreorSM02/
"Byggnadsobjekt, antal som prisstatistiken baseras på",Riket,brutto,2017,642,https://www.statistikdatabasen.scb.se/pxweb/sv/ssd/START__BO__BO0201__BO0201C/PrisPerAreorSM02/
"Byggnadsobjekt, antal som prisstatistiken baseras på",Riket,brutto,2018,464,https://www.statistikdatabasen.scb.se/pxweb/sv/ssd/START__BO__BO0201__BO0201C/PrisPerAreorSM02/
"Byggnadsobjekt, antal som prisstatistiken baseras på",Riket,brutto,2019,403,https://www.statistikdatabasen.scb.se/pxweb/sv/ssd/START__BO__BO0201__BO0201C/PrisPerAreorSM02/
"Byggnadsobjekt, antal som prisstatistiken baseras på",Riket,brutto,2020,398,https://www.statistikdatabasen.scb.se/pxweb/sv/ssd/START__BO__BO0201__BO0201C/PrisPerAreorSM02/
"Byggnadsobjekt, antal som prisstatistiken baseras på",Riket,brutto,2021,443,https://www.statistikdatabasen.scb.se/pxweb/sv/ssd/START__BO__BO0201__BO0201C/PrisPerAreorSM02/
"Byggnadsobjekt, antal som prisstatistiken baseras på",Riket,brutto,2022,429,https://www.statistikdatabasen.scb.se/pxweb/sv/ssd/START__BO__BO0201__BO0201C/PrisPerAreorSM02/
"Byggnadsobjekt, antal som prisstatistiken baseras på",Riket,brutto,2023,188,https://www.statistikdatabasen.scb.se/pxweb/sv/ssd/START__BO__BO0201__BO0201C/PrisPerAreorSM02/
"Byggnadsobjekt, antal som prisstatistiken baseras på",Riket,brutto,2024,172,https://www.statistikdatabasen.scb.se/pxweb/sv/ssd/START__BO__BO0201__BO0201C/PrisPerAreorSM02/
"Lägenheter, antal som prisstatistiken baseras på",Riket,brutto,1994,,https://www.statistikdatabasen.scb.se/pxweb/sv/ssd/START__BO__BO0201__BO0201C/PrisPerAreorSM02/
"Lägenheter, antal som prisstatistiken baseras på",Riket,brutto,1995,,https://www.statistikdatabasen.scb.se/pxweb/sv/ssd/START__BO__BO0201__BO0201C/PrisPerAreorSM02/
"Lägenheter, antal som prisstatistiken baseras på",Riket,brutto,1996,,https://www.statistikdatabasen.scb.se/pxweb/sv/ssd/START__BO__BO0201__BO0201C/PrisPerAreorSM02/
"Lägenheter, antal som prisstatistiken baseras på",Riket,brutto,1997,,https://www.statistikdatabasen.scb.se/pxweb/sv/ssd/START__BO__BO0201__BO0201C/PrisPerAreorSM02/
"Lägenheter, antal som prisstatistiken baseras på",Riket,brutto,1998,1237,https://www.statistikdatabasen.scb.se/pxweb/sv/ssd/START__BO__BO0201__BO0201C/PrisPerAreorSM02/
"Lägenheter, antal som prisstatistiken baseras på",Riket,brutto,1999,1120,https://www.statistikdatabasen.scb.se/pxweb/sv/ssd/START__BO__BO0201__BO0201C/PrisPerAreorSM02/
"Lägenheter, antal som prisstatistiken baseras på",Riket,brutto,2000,2304,https://www.statistikdatabasen.scb.se/pxweb/sv/ssd/START__BO__BO0201__BO0201C/PrisPerAreorSM02/
"Lägenheter, antal som prisstatistiken baseras på",Riket,brutto,2001,2225,https://www.statistikdatabasen.scb.se/pxweb/sv/ssd/START__BO__BO0201__BO0201C/PrisPerAreorSM02/
"Lägenheter, antal som prisstatistiken baseras på",Riket,brutto,2002,1923,https://www.statistikdatabasen.scb.se/pxweb/sv/ssd/START__BO__BO0201__BO0201C/PrisPerAreorSM02/
"Lägenheter, antal som prisstatistiken baseras på",Riket,brutto,2003,2495,https://www.statistikdatabasen.scb.se/pxweb/sv/ssd/START__BO__BO0201__BO0201C/PrisPerAreorSM02/
"Lägenheter, antal som prisstatistiken baseras på",Riket,brutto,2004,2915,https://www.statistikdatabasen.scb.se/pxweb/sv/ssd/START__BO__BO0201__BO0201C/PrisPerAreorSM02/
"Lägenheter, antal som prisstatistiken baseras på",Riket,brutto,2005,3288,https://www.statistikdatabasen.scb.se/pxweb/sv/ssd/START__BO__BO0201__BO0201C/PrisPerAreorSM02/
"Lägenheter, antal som prisstatistiken baseras på",Riket,brutto,2006,3292,https://www.statistikdatabasen.scb.se/pxweb/sv/ssd/START__BO__BO0201__BO0201C/PrisPerAreorSM02/
"Lägenheter, antal som prisstatistiken baseras på",Riket,brutto,2007,3657,https://www.statistikdatabasen.scb.se/pxweb/sv/ssd/START__BO__BO0201__BO0201C/PrisPerAreorSM02/
"Lägenheter, antal som prisstatistiken baseras på",Riket,brutto,2008,2456,https://www.statistikdatabasen.scb.se/pxweb/sv/ssd/START__BO__BO0201__BO0201C/PrisPerAreorSM02/
"Lägenheter, antal som prisstatistiken baseras på",Riket,brutto,2009,1994,https://www.statistikdatabasen.scb.se/pxweb/sv/ssd/START__BO__BO0201__BO0201C/PrisPerAreorSM02/
"Lägenheter, antal som prisstatistiken baseras på",Riket,brutto,2010,2960,https://www.statistikdatabasen.scb.se/pxweb/sv/ssd/START__BO__BO0201__BO0201C/PrisPerAreorSM02/
"Lägenheter, antal som prisstatistiken baseras på",Riket,brutto,2011,2415,https://www.statistikdatabasen.scb.se/pxweb/sv/ssd/START__BO__BO0201__BO0201C/PrisPerAreorSM02/
"Lägenheter, antal som prisstatistiken baseras på",Riket,brutto,2012,1542,https://www.statistikdatabasen.scb.se/pxweb/sv/ssd/START__BO__BO0201__BO0201C/PrisPerAreorSM02/
"Lägenheter, antal som prisstatistiken baseras på",Riket,brutto,2013,2180,https://www.statistikdatabasen.scb.se/pxweb/sv/ssd/START__BO__BO0201__BO0201C/PrisPerAreorSM02/
"Lägenheter, antal som prisstatistiken baseras på",Riket,brutto,2014,3046,https://www.statistikdatabasen.scb.se/pxweb/sv/ssd/START__BO__BO0201__BO0201C/PrisPerAreorSM02/
"Lägenheter, antal som prisstatistiken baseras på",Riket,brutto,2015,4296,https://www.statistikdatabasen.scb.se/pxweb/sv/ssd/START__BO__BO0201__BO0201C/PrisPerAreorSM02/
"Lägenheter, antal som prisstatistiken baseras på",Riket,brutto,2016,4715,https://www.statistikdatabasen.scb.se/pxweb/sv/ssd/START__BO__BO0201__BO0201C/PrisPerAreorSM02/
"Lägenheter, antal som prisstatistiken baseras på",Riket,brutto,2017,4004,https://www.statistikdatabasen.scb.se/pxweb/sv/ssd/START__BO__BO0201__BO0201C/PrisPerAreorSM02/
"Lägenheter, antal som prisstatistiken baseras på",Riket,brutto,2018,3503,https://www.statistikdatabasen.scb.se/pxweb/sv/ssd/START__BO__BO0201__BO0201C/PrisPerAreorSM02/
"Lägenheter, antal som prisstatistiken baseras på",Riket,brutto,2019,3262,https://www.statistikdatabasen.scb.se/pxweb/sv/ssd/START__BO__BO0201__BO0201C/PrisPerAreorSM02/
"Lägenheter, antal som prisstatistiken baseras på",Riket,brutto,2020,2893,https://www.statistikdatabasen.scb.se/pxweb/sv/ssd/START__BO__BO0201__BO0201C/PrisPerAreorSM02/
"Lägenheter, antal som prisstatistiken baseras på",Riket,brutto,2021,3541,https://www.statistikdatabasen.scb.se/pxweb/sv/ssd/START__BO__BO0201__BO0201C/PrisPerAreorSM02/
"Lägenheter, antal som prisstatistiken baseras på",Riket,brutto,2022,3281,https://www.statistikdatabasen.scb.se/pxweb/sv/ssd/START__BO__BO0201__BO0201C/PrisPerAreorSM02/
"Lägenheter, antal som prisstatistiken baseras på",Riket,brutto,2023,966,https://www.statistikdatabasen.scb.se/pxweb/sv/ssd/START__BO__BO0201__BO0201C/PrisPerAreorSM02/
"Lägenheter, antal som prisstatistiken baseras på",Riket,brutto,2024,921,https://www.statistikdatabasen.scb.se/pxweb/sv/ssd/START__BO__BO0201__BO0201C/PrisPerAreorSM02/
"Bostadsarea/lägenhet, kvm",Riket,brutto,1994,,https://www.statistikdatabasen.scb.se/pxweb/sv/ssd/START__BO__BO0201__BO0201C/PrisPerAreorSM02/
"Bostadsarea/lägenhet, kvm",Riket,brutto,1995,,https://www.statistikdatabasen.scb.se/pxweb/sv/ssd/START__BO__BO0201__BO0201C/PrisPerAreorSM02/
"Bostadsarea/lägenhet, kvm",Riket,brutto,1996,,https://www.statistikdatabasen.scb.se/pxweb/sv/ssd/START__BO__BO0201__BO0201C/PrisPerAreorSM02/
"Bostadsarea/lägenhet, kvm",Riket,brutto,1997,,https://www.statistikdatabasen.scb.se/pxweb/sv/ssd/START__BO__BO0201__BO0201C/PrisPerAreorSM02/
"Bostadsarea/lägenhet, kvm",Riket,brutto,1998,103.7,https://www.statistikdatabasen.scb.se/pxweb/sv/ssd/START__BO__BO0201__BO0201C/PrisPerAreorSM02/
"Bostadsarea/lägenhet, kvm",Riket,brutto,1999,103.4,https://www.statistikdatabasen.scb.se/pxweb/sv/ssd/START__BO__BO0201__BO0201C/PrisPerAreorSM02/
"Bostadsarea/lägenhet, kvm",Riket,brutto,2000,120.8,https://www.statistikdatabasen.scb.se/pxweb/sv/ssd/START__BO__BO0201__BO0201C/PrisPerAreorSM02/
"Bostadsarea/lägenhet, kvm",Riket,brutto,2001,122.7,https://www.statistikdatabasen.scb.se/pxweb/sv/ssd/START__BO__BO0201__BO0201C/PrisPerAreorSM02/
"Bostadsarea/lägenhet, kvm",Riket,brutto,2002,126,https://www.statistikdatabasen.scb.se/pxweb/sv/ssd/START__BO__BO0201__BO0201C/PrisPerAreorSM02/
"Bostadsarea/lägenhet, kvm",Riket,brutto,2003,122.4,https://www.statistikdatabasen.scb.se/pxweb/sv/ssd/START__BO__BO0201__BO0201C/PrisPerAreorSM02/
"Bostadsarea/lägenhet, kvm",Riket,brutto,2004,122.4,https://www.statistikdatabasen.scb.se/pxweb/sv/ssd/START__BO__BO0201__BO0201C/PrisPerAreorSM02/
"Bostadsarea/lägenhet, kvm",Riket,brutto,2005,122.8,https://www.statistikdatabasen.scb.se/pxweb/sv/ssd/START__BO__BO0201__BO0201C/PrisPerAreorSM02/
"Bostadsarea/lägenhet, kvm",Riket,brutto,2006,124.3,https://www.statistikdatabasen.scb.se/pxweb/sv/ssd/START__BO__BO0201__BO0201C/PrisPerAreorSM02/
"Bostadsarea/lägenhet, kvm",Riket,brutto,2007,129.6,https://www.statistikdatabasen.scb.se/pxweb/sv/ssd/START__BO__BO0201__BO0201C/PrisPerAreorSM02/
"Bostadsarea/lägenhet, kvm",Riket,brutto,2008,129.6,https://www.statistikdatabasen.scb.se/pxweb/sv/ssd/START__BO__BO0201__BO0201C/PrisPerAreorSM02/
"Bostadsarea/lägenhet, kvm",Riket,brutto,2009,121.9,https://www.statistikdatabasen.scb.se/pxweb/sv/ssd/START__BO__BO0201__BO0201C/PrisPerAreorSM02/
"Bostadsarea/lägenhet, kvm",Riket,brutto,2010,128.6,https://www.statistikdatabasen.scb.se/pxweb/sv/ssd/START__BO__BO0201__BO0201C/PrisPerAreorSM02/
"Bostadsarea/lägenhet, kvm",Riket,brutto,2011,127,https://www.statistikdatabasen.scb.se/pxweb/sv/ssd/START__BO__BO0201__BO0201C/PrisPerAreorSM02/
"Bostadsarea/lägenhet, kvm",Riket,brutto,2012,121.2,https://www.statistikdatabasen.scb.se/pxweb/sv/ssd/START__BO__BO0201__BO0201C/PrisPerAreorSM02/
"Bostadsarea/lägenhet, kvm",Riket,brutto,2013,122.4,https://www.statistikdatabasen.scb.se/pxweb/sv/ssd/START__BO__BO0201__BO0201C/PrisPerAreorSM02/
"Bostadsarea/lägenhet, kvm",Riket,brutto,2014,122.3,https://www.statistikdatabasen.scb.se/pxweb/sv/ssd/START__BO__BO0201__BO0201C/PrisPerAreorSM02/
"Bostadsarea/lägenhet, kvm",Riket,brutto,2015,120.9,https://www.statistikdatabasen.scb.se/pxweb/sv/ssd/START__BO__BO0201__BO0201C/PrisPerAreorSM02/
"Bostadsarea/lägenhet, kvm",Riket,brutto,2016,119.8,https://www.statistikdatabasen.scb.se/pxweb/sv/ssd/START__BO__BO0201__BO0201C/PrisPerAreorSM02/
"Bostadsarea/lägenhet, kvm",Riket,brutto,2017,122.7,https://www.statistikdatabasen.scb.se/pxweb/sv/ssd/START__BO__BO0201__BO0201C/PrisPerAreorSM02/
"Bostadsarea/lägenhet, kvm",Riket,brutto,2018,112.1,https://www.statistikdatabasen.scb.se/pxweb/sv/ssd/START__BO__BO0201__BO0201C/PrisPerAreorSM02/
"Bostadsarea/lägenhet, kvm",Riket,brutto,2019,115.1,https://www.statistikdatabasen.scb.se/pxweb/sv/ssd/START__BO__BO0201__BO0201C/PrisPerAreorSM02/
"Bostadsarea/lägenhet, kvm",Riket,brutto,2020,114.4,https://www.statistikdatabasen.scb.se/pxweb/sv/ssd/START__BO__BO0201__BO0201C/PrisPerAreorSM02/
"Bostadsarea/lägenhet, kvm",Riket,brutto,2021,110.9,https://www.statistikdatabasen.scb.se/pxweb/sv/ssd/START__BO__BO0201__BO0201C/PrisPerAreorSM02/
"Bostadsarea/lägenhet, kvm",Riket,brutto,2022,114,https://www.statistikdatabasen.scb.se/pxweb/sv/ssd/START__BO__BO0201__BO0201C/PrisPerAreorSM02/
"Bostadsarea/lägenhet, kvm",Riket,brutto,2023,117.9,https://www.statistikdatabasen.scb.se/pxweb/sv/ssd/START__BO__BO0201__BO0201C/PrisPerAreorSM02/
"Bostadsarea/lägenhet, kvm",Riket,brutto,2024,114.6,https://www.statistikdatabasen.scb.se/pxweb/sv/ssd/START__BO__BO0201__BO0201C/PrisPerAreorSM02/
"Markpris/bostadsarea, kr",Riket,brutto,1994,,https://www.statistikdatabasen.scb.se/pxweb/sv/ssd/START__BO__BO0201__BO0201C/PrisPerAreorSM02/
"Markpris/bostadsarea, kr",Riket,brutto,1995,,https://www.statistikdatabasen.scb.se/pxweb/sv/ssd/START__BO__BO0201__BO0201C/PrisPerAreorSM02/
"Markpris/bostadsarea, kr",Riket,brutto,1996,,https://www.statistikdatabasen.scb.se/pxweb/sv/ssd/START__BO__BO0201__BO0201C/PrisPerAreorSM02/
"Markpris/bostadsarea, kr",Riket,brutto,1997,,https://www.statistikdatabasen.scb.se/pxweb/sv/ssd/START__BO__BO0201__BO0201C/PrisPerAreorSM02/
"Markpris/bostadsarea, kr",Riket,brutto,1998,1871,https://www.statistikdatabasen.scb.se/pxweb/sv/ssd/START__BO__BO0201__BO0201C/PrisPerAreorSM02/
"Markpris/bostadsarea, kr",Riket,brutto,1999,1837,https://www.statistikdatabasen.scb.se/pxweb/sv/ssd/START__BO__BO0201__BO0201C/PrisPerAreorSM02/
"Markpris/bostadsarea, kr",Riket,brutto,2000,2672,https://www.statistikdatabasen.scb.se/pxweb/sv/ssd/START__BO__BO0201__BO0201C/PrisPerAreorSM02/
"Markpris/bostadsarea, kr",Riket,brutto,2001,2507,https://www.statistikdatabasen.scb.se/pxweb/sv/ssd/START__BO__BO0201__BO0201C/PrisPerAreorSM02/
"Markpris/bostadsarea, kr",Riket,brutto,2002,2783,https://www.statistikdatabasen.scb.se/pxweb/sv/ssd/START__BO__BO0201__BO0201C/PrisPerAreorSM02/
"Markpris/bostadsarea, kr",Riket,brutto,2003,3384,https://www.statistikdatabasen.scb.se/pxweb/sv/ssd/START__BO__BO0201__BO0201C/PrisPerAreorSM02/
"Markpris/bostadsarea, kr",Riket,brutto,2004,3324,https://www.statistikdatabasen.scb.se/pxweb/sv/ssd/START__BO__BO0201__BO0201C/PrisPerAreorSM02/
"Markpris/bostadsarea, kr",Riket,brutto,2005,3455,https://www.statistikdatabasen.scb.se/pxweb/sv/ssd/START__BO__BO0201__BO0201C/PrisPerAreorSM02/
"Markpris/bostadsarea, kr",Riket,brutto,2006,3667,https://www.statistikdatabasen.scb.se/pxweb/sv/ssd/START__BO__BO0201__BO0201C/PrisPerAreorSM02/
"Markpris/bostadsarea, kr",Riket,brutto,2007,4595,https://www.statistikdatabasen.scb.se/pxweb/sv/ssd/START__BO__BO0201__BO0201C/PrisPerAreorSM02/
"Markpris/bostadsarea, kr",Riket,brutto,2008,5454,https://www.statistikdatabasen.scb.se/pxweb/sv/ssd/START__BO__BO0201__BO0201C/PrisPerAreorSM02/
"Markpris/bostadsarea, kr",Riket,brutto,2009,5237,https://www.statistikdatabasen.scb.se/pxweb/sv/ssd/START__BO__BO0201__BO0201C/PrisPerAreorSM02/
"Markpris/bostadsarea, kr",Riket,brutto,2010,6119,https://www.statistikdatabasen.scb.se/pxweb/sv/ssd/START__BO__BO0201__BO0201C/PrisPerAreorSM02/
"Markpris/bostadsarea, kr",Riket,brutto,2011,7524,https://www.statistikdatabasen.scb.se/pxweb/sv/ssd/START__BO__BO0201__BO0201C/PrisPerAreorSM02/
"Markpris/bostadsarea, kr",Riket,brutto,2012,6416,https://www.statistikdatabasen.scb.se/pxweb/sv/ssd/START__BO__BO0201__BO0201C/PrisPerAreorSM02/
"Markpris/bostadsarea, kr",Riket,brutto,2013,7561,https://www.statistikdatabasen.scb.se/pxweb/sv/ssd/START__BO__BO0201__BO0201C/PrisPerAreorSM02/
"Markpris/bostadsarea, kr",Riket,brutto,2014,8219,https://www.statistikdatabasen.scb.se/pxweb/sv/ssd/START__BO__BO0201__BO0201C/PrisPerAreorSM02/
"Markpris/bostadsarea, kr",Riket,brutto,2015,7599,https://www.statistikdatabasen.scb.se/pxweb/sv/ssd/START__BO__BO0201__BO0201C/PrisPerAreorSM02/
"Markpris/bostadsarea, kr",Riket,brutto,2016,8434,https://www.statistikdatabasen.scb.se/pxweb/sv/ssd/START__BO__BO0201__BO0201C/PrisPerAreorSM02/
"Markpris/bostadsarea, kr",Riket,brutto,2017,8147,https://www.statistikdatabasen.scb.se/pxweb/sv/ssd/START__BO__BO0201__BO0201C/PrisPerAreorSM02/
"Markpris/bostadsarea, kr",Riket,brutto,2018,9355,https://www.statistikdatabasen.scb.se/pxweb/sv/ssd/START__BO__BO0201__BO0201C/PrisPerAreorSM02/
"Markpris/bostadsarea, kr",Riket,brutto,2019,9617,https://www.statistikdatabasen.scb.se/pxweb/sv/ssd/START__BO__BO0201__BO0201C/PrisPerAreorSM02/
"Markpris/bostadsarea, kr",Riket,brutto,2020,8715,https://www.statistikdatabasen.scb.se/pxweb/sv/ssd/START__BO__BO0201__BO0201C/PrisPerAreorSM02/
"Markpris/bostadsarea, kr",Riket,brutto,2021,8330,https://www.statistikdatabasen.scb.se/pxweb/sv/ssd/START__BO__BO0201__BO0201C/PrisPerAreorSM02/
"Markpris/bostadsarea, kr",Riket,brutto,2022,8108,https://www.statistikdatabasen.scb.se/pxweb/sv/ssd/START__BO__BO0201__BO0201C/PrisPerAreorSM02/
"Markpris/bostadsarea, kr",Riket,brutto,2023,8936,https://www.statistikdatabasen.scb.se/pxweb/sv/ssd/START__BO__BO0201__BO0201C/PrisPerAreorSM02/
"Markpris/bostadsarea, kr",Riket,brutto,2024,9598,https://www.statistikdatabasen.scb.se/pxweb/sv/ssd/START__BO__BO0201__BO0201C/PrisPerAreorSM02/
"Byggnadspris/bostadsarea, kr",Riket,brutto,1994,,https://www.statistikdatabasen.scb.se/pxweb/sv/ssd/START__BO__BO0201__BO0201C/PrisPerAreorSM02/
"Byggnadspris/bostadsarea, kr",Riket,brutto,1995,,https://www.statistikdatabasen.scb.se/pxweb/sv/ssd/START__BO__BO0201__BO0201C/PrisPerAreorSM02/
"Byggnadspris/bostadsarea, kr",Riket,brutto,1996,,https://www.statistikdatabasen.scb.se/pxweb/sv/ssd/START__BO__BO0201__BO0201C/PrisPerAreorSM02/
"Byggnadspris/bostadsarea, kr",Riket,brutto,1997,,https://www.statistikdatabasen.scb.se/pxweb/sv/ssd/START__BO__BO0201__BO0201C/PrisPerAreorSM02/
"Byggnadspris/bostadsarea, kr",Riket,brutto,1998,10679,https://www.statistikdatabasen.scb.se/pxweb/sv/ssd/START__BO__BO0201__BO0201C/PrisPerAreorSM02/
"Byggnadspris/bostadsarea, kr",Riket,brutto,1999,11374,https://www.statistikdatabasen.scb.se/pxweb/sv/ssd/START__BO__BO0201__BO0201C/PrisPerAreorSM02/
"Byggnadspris/bostadsarea, kr",Riket,brutto,2000,13341,https://www.statistikdatabasen.scb.se/pxweb/sv/ssd/START__BO__BO0201__BO0201C/PrisPerAreorSM02/
"Byggnadspris/bostadsarea, kr",Riket,brutto,2001,13752,https://www.statistikdatabasen.scb.se/pxweb/sv/ssd/START__BO__BO0201__BO0201C/PrisPerAreorSM02/
"Byggnadspris/bostadsarea, kr",Riket,brutto,2002,13908,https://www.statistikdatabasen.scb.se/pxweb/sv/ssd/START__BO__BO0201__BO0201C/PrisPerAreorSM02/
"Byggnadspris/bostadsarea, kr",Riket,brutto,2003,14582,https://www.statistikdatabasen.scb.se/pxweb/sv/ssd/START__BO__BO0201__BO0201C/PrisPerAreorSM02/
"Byggnadspris/bostadsarea, kr",Riket,brutto,2004,15875,https://www.statistikdatabasen.scb.se/pxweb/sv/ssd/START__BO__BO0201__BO0201C/PrisPerAreorSM02/
"Byggnadspris/bostadsarea, kr",Riket,brutto,2005,16229,https://www.statistikdatabasen.scb.se/pxweb/sv/ssd/START__BO__BO0201__BO0201C/PrisPerAreorSM02/
"Byggnadspris/bostadsarea, kr",Riket,brutto,2006,16817,https://www.statistikdatabasen.scb.se/pxweb/sv/ssd/START__BO__BO0201__BO0201C/PrisPerAreorSM02/
"Byggnadspris/bostadsarea, kr",Riket,brutto,2007,18390,https://www.statistikdatabasen.scb.se/pxweb/sv/ssd/START__BO__BO0201__BO0201C/PrisPerAreorSM02/
"Byggnadspris/bostadsarea, kr",Riket,brutto,2008,19653,https://www.statistikdatabasen.scb.se/pxweb/sv/ssd/START__BO__BO0201__BO0201C/PrisPerAreorSM02/
"Byggnadspris/bostadsarea, kr",Riket,brutto,2009,19508,https://www.statistikdatabasen.scb.se/pxweb/sv/ssd/START__BO__BO0201__BO0201C/PrisPerAreorSM02/
"Byggnadspris/bostadsarea, kr",Riket,brutto,2010,19892,https://www.statistikdatabasen.scb.se/pxweb/sv/ssd/START__BO__BO0201__BO0201C/PrisPerAreorSM02/
"Byggnadspris/bostadsarea, kr",Riket,brutto,2011,20697,https://www.statistikdatabasen.scb.se/pxweb/sv/ssd/START__BO__BO0201__BO0201C/PrisPerAreorSM02/
"Byggnadspris/bostadsarea, kr",Riket,brutto,2012,20626,https://www.statistikdatabasen.scb.se/pxweb/sv/ssd/START__BO__BO0201__BO0201C/PrisPerAreorSM02/
"Byggnadspris/bostadsarea, kr",Riket,brutto,2013,21186,https://www.statistikdatabasen.scb.se/pxweb/sv/ssd/START__BO__BO0201__BO0201C/PrisPerAreorSM02/
"Byggnadspris/bostadsarea, kr",Riket,brutto,2014,22846,https://www.statistikdatabasen.scb.se/pxweb/sv/ssd/START__BO__BO0201__BO0201C/PrisPerAreorSM02/
"Byggnadspris/bostadsarea, kr",Riket,brutto,2015,23389,https://www.statistikdatabasen.scb.se/pxweb/sv/ssd/START__BO__BO0201__BO0201C/PrisPerAreorSM02/
"Byggnadspris/bostadsarea, kr",Riket,brutto,2016,25109,https://www.statistikdatabasen.scb.se/pxweb/sv/ssd/START__BO__BO0201__BO0201C/PrisPerAreorSM02/
"Byggnadspris/bostadsarea, kr",Riket,brutto,2017,25934,https://www.statistikdatabasen.scb.se/pxweb/sv/ssd/START__BO__BO0201__BO0201C/PrisPerAreorSM02/
"Byggnadspris/bostadsarea, kr",Riket,brutto,2018,25573,https://www.statistikdatabasen.scb.se/pxweb/sv/ssd/START__BO__BO0201__BO0201C/PrisPerAreorSM02/
"Byggnadspris/bostadsarea, kr",Riket,brutto,2019,25348,https://www.statistikdatabasen.scb.se/pxweb/sv/ssd/START__BO__BO0201__BO0201C/PrisPerAreorSM02/
"Byggnadspris/bostadsarea, kr",Riket,brutto,2020,27451,https://www.statistikdatabasen.scb.se/pxweb/sv/ssd/START__BO__BO0201__BO0201C/PrisPerAreorSM02/
"Byggnadspris/bostadsarea, kr",Riket,brutto,2021,27781,https://www.statistikdatabasen.scb.se/pxweb/sv/ssd/START__BO__BO0201__BO0201C/PrisPerAreorSM02/
"Byggnadspris/bostadsarea, kr",Riket,brutto,2022,28801,https://www.statistikdatabasen.scb.se/pxweb/sv/ssd/START__BO__BO0201__BO0201C/PrisPerAreorSM02/
"Byggnadspris/bostadsarea, kr",Riket,brutto,2023,28274,https://www.statistikdatabasen.scb.se/pxweb/sv/ssd/START__BO__BO0201__BO0201C/PrisPerAreorSM02/
"Byggnadspris/bostadsarea, kr",Riket,brutto,2024,33119,https://www.statistikdatabasen.scb.se/pxweb/sv/ssd/START__BO__BO0201__BO0201C/PrisPerAreorSM02/
"Totalt produktionspris/bostadsarea, kr",Riket,brutto,1994,,https://www.statistikdatabasen.scb.se/pxweb/sv/ssd/START__BO__BO0201__BO0201C/PrisPerAreorSM02/
"Totalt produktionspris/bostadsarea, kr",Riket,brutto,1995,,https://www.statistikdatabasen.scb.se/pxweb/sv/ssd/START__BO__BO0201__BO0201C/PrisPerAreorSM02/
"Totalt produktionspris/bostadsarea, kr",Riket,brutto,1996,,https://www.statistikdatabasen.scb.se/pxweb/sv/ssd/START__BO__BO0201__BO0201C/PrisPerAreorSM02/
"Totalt produktionspris/bostadsarea, kr",Riket,brutto,1997,,https://www.statistikdatabasen.scb.se/pxweb/sv/ssd/START__BO__BO0201__BO0201C/PrisPerAreorSM02/
"Totalt produktionspris/bostadsarea, kr",Riket,brutto,1998,12550,https://www.statistikdatabasen.scb.se/pxweb/sv/ssd/START__BO__BO0201__BO0201C/PrisPerAreorSM02/
"Totalt produktionspris/bostadsarea, kr",Riket,brutto,1999,13211,https://www.statistikdatabasen.scb.se/pxweb/sv/ssd/START__BO__BO0201__BO0201C/PrisPerAreorSM02/
"Totalt produktionspris/bostadsarea, kr",Riket,brutto,2000,16013,https://www.statistikdatabasen.scb.se/pxweb/sv/ssd/START__BO__BO0201__BO0201C/PrisPerAreorSM02/
"Totalt produktionspris/bostadsarea, kr",Riket,brutto,2001,16258,https://www.statistikdatabasen.scb.se/pxweb/sv/ssd/START__BO__BO0201__BO0201C/PrisPerAreorSM02/
"Totalt produktionspris/bostadsarea, kr",Riket,brutto,2002,16691,https://www.statistikdatabasen.scb.se/pxweb/sv/ssd/START__BO__BO0201__BO0201C/PrisPerAreorSM02/
"Totalt produktionspris/bostadsarea, kr",Riket,brutto,2003,17966,https://www.statistikdatabasen.scb.se/pxweb/sv/ssd/START__BO__BO0201__BO0201C/PrisPerAreorSM02/
"Totalt produktionspris/bostadsarea, kr",Riket,brutto,2004,19198,https://www.statistikdatabasen.scb.se/pxweb/sv/ssd/START__BO__BO0201__BO0201C/PrisPerAreorSM02/
"Totalt produktionspris/bostadsarea, kr",Riket,brutto,2005,19684,https://www.statistikdatabasen.scb.se/pxweb/sv/ssd/START__BO__BO0201__BO0201C/PrisPerAreorSM02/
"Totalt produktionspris/bostadsarea, kr",Riket,brutto,2006,20484,https://www.statistikdatabasen.scb.se/pxweb/sv/ssd/START__BO__BO0201__BO0201C/PrisPerAreorSM02/
"Totalt produktionspris/bostadsarea, kr",Riket,brutto,2007,22985,https://www.statistikdatabasen.scb.se/pxweb/sv/ssd/START__BO__BO0201__BO0201C/PrisPerAreorSM02/
"Totalt produktionspris/bostadsarea, kr",Riket,brutto,2008,25107,https://www.statistikdatabasen.scb.se/pxweb/sv/ssd/START__BO__BO0201__BO0201C/PrisPerAreorSM02/
"Totalt produktionspris/bostadsarea, kr",Riket,brutto,2009,24745,https://www.statistikdatabasen.scb.se/pxweb/sv/ssd/START__BO__BO0201__BO0201C/PrisPerAreorSM02/
"Totalt produktionspris/bostadsarea, kr",Riket,brutto,2010,26011,https://www.statistikdatabasen.scb.se/pxweb/sv/ssd/START__BO__BO0201__BO0201C/PrisPerAreorSM02/
"Totalt produktionspris/bostadsarea, kr",Riket,brutto,2011,28221,https://www.statistikdatabasen.scb.se/pxweb/sv/ssd/START__BO__BO0201__BO0201C/PrisPerAreorSM02/
"Totalt produktionspris/bostadsarea, kr",Riket,brutto,2012,27042,https://www.statistikdatabasen.scb.se/pxweb/sv/ssd/START__BO__BO0201__BO0201C/PrisPerAreorSM02/
"Totalt produktionspris/bostadsarea, kr",Riket,brutto,2013,28747,https://www.statistikdatabasen.scb.se/pxweb/sv/ssd/START__BO__BO0201__BO0201C/PrisPerAreorSM02/
"Totalt produktionspris/bostadsarea, kr",Riket,brutto,2014,31064,https://www.statistikdatabasen.scb.se/pxweb/sv/ssd/START__BO__BO0201__BO0201C/PrisPerAreorSM02/
"Totalt produktionspris/bostadsarea, kr",Riket,brutto,2015,30988,https://www.statistikdatabasen.scb.se/pxweb/sv/ssd/START__BO__BO0201__BO0201C/PrisPerAreorSM02/
"Totalt produktionspris/bostadsarea, kr",Riket,brutto,2016,33543,https://www.statistikdatabasen.scb.se/pxweb/sv/ssd/START__BO__BO0201__BO0201C/PrisPerAreorSM02/
"Totalt produktionspris/bostadsarea, kr",Riket,brutto,2017,34081,https://www.statistikdatabasen.scb.se/pxweb/sv/ssd/START__BO__BO0201__BO0201C/PrisPerAreorSM02/
"Totalt produktionspris/bostadsarea, kr",Riket,brutto,2018,34928,https://www.statistikdatabasen.scb.se/pxweb/sv/ssd/START__BO__BO0201__BO0201C/PrisPerAreorSM02/
"Totalt produktionspris/bostadsarea, kr",Riket,brutto,2019,34965,https://www.statistikdatabasen.scb.se/pxweb/sv/ssd/START__BO__BO0201__BO0201C/PrisPerAreorSM02/
"Totalt produktionspris/bostadsarea, kr",Riket,brutto,2020,36166,https://www.statistikdatabasen.scb.se/pxweb/sv/ssd/START__BO__BO0201__BO0201C/PrisPerAreorSM02/
"Totalt produktionspris/bostadsarea, kr",Riket,brutto,2021,36111,https://www.statistikdatabasen.scb.se/pxweb/sv/ssd/START__BO__BO0201__BO0201C/PrisPerAreorSM02/
"Totalt produktionspris/bostadsarea, kr",Riket,brutto,2022,36909,https://www.statistikdatabasen.scb.se/pxweb/sv/ssd/START__BO__BO0201__BO0201C/PrisPerAreorSM02/
"Totalt produktionspris/bostadsarea, kr",Riket,brutto,2023,37209,https://www.statistikdatabasen.scb.se/pxweb/sv/ssd/START__BO__BO0201__BO0201C/PrisPerAreorSM02/
"Totalt produktionspris/bostadsarea, kr",Riket,brutto,2024,42717,https://www.statistikdatabasen.scb.se/pxweb/sv/ssd/START__BO__BO0201__BO0201C/PrisPerAreorSM02/
"Byggnadsobjekt, antal som prisstatistiken baseras på",Riket,netto,1994,317,https://www.statistikdatabasen.scb.se/pxweb/sv/ssd/START__BO__BO0201__BO0201C/PrisPerAreorSM02/
"Byggnadsobjekt, antal som prisstatistiken baseras på",Riket,netto,1995,374,https://www.statistikdatabasen.scb.se/pxweb/sv/ssd/START__BO__BO0201__BO0201C/PrisPerAreorSM02/
"Byggnadsobjekt, antal som prisstatistiken baseras på",Riket,netto,1996,630,https://www.statistikdatabasen.scb.se/pxweb/sv/ssd/START__BO__BO0201__BO0201C/PrisPerAreorSM02/
"Byggnadsobjekt, antal som prisstatistiken baseras på",Riket,netto,1997,285,https://www.statistikdatabasen.scb.se/pxweb/sv/ssd/START__BO__BO0201__BO0201C/PrisPerAreorSM02/
"Byggnadsobjekt, antal som prisstatistiken baseras på",Riket,netto,1998,292,https://www.statistikdatabasen.scb.se/pxweb/sv/ssd/START__BO__BO0201__BO0201C/PrisPerAreorSM02/
"Byggnadsobjekt, antal som prisstatistiken baseras på",Riket,netto,1999,179,https://www.statistikdatabasen.scb.se/pxweb/sv/ssd/START__BO__BO0201__BO0201C/PrisPerAreorSM02/
"Byggnadsobjekt, antal som prisstatistiken baseras på",Riket,netto,2000,275,https://www.statistikdatabasen.scb.se/pxweb/sv/ssd/START__BO__BO0201__BO0201C/PrisPerAreorSM02/
"Byggnadsobjekt, antal som prisstatistiken baseras på",Riket,netto,2001,272,https://www.statistikdatabasen.scb.se/pxweb/sv/ssd/START__BO__BO0201__BO0201C/PrisPerAreorSM02/
"Byggnadsobjekt, antal som prisstatistiken baseras på",Riket,netto,2002,243,https://www.statistikdatabasen.scb.se/pxweb/sv/ssd/START__BO__BO0201__BO0201C/PrisPerAreorSM02/
"Byggnadsobjekt, antal som prisstatistiken baseras på",Riket,netto,2003,287,https://www.statistikdatabasen.scb.se/pxweb/sv/ssd/START__BO__BO0201__BO0201C/PrisPerAreorSM02/
"Byggnadsobjekt, antal som prisstatistiken baseras på",Riket,netto,2004,349,https://www.statistikdatabasen.scb.se/pxweb/sv/ssd/START__BO__BO0201__BO0201C/PrisPerAreorSM02/
"Byggnadsobjekt, antal som prisstatistiken baseras på",Riket,netto,2005,388,https://www.statistikdatabasen.scb.se/pxweb/sv/ssd/START__BO__BO0201__BO0201C/PrisPerAreorSM02/
"Byggnadsobjekt, antal som prisstatistiken baseras på",Riket,netto,2006,388,https://www.statistikdatabasen.scb.se/pxweb/sv/ssd/START__BO__BO0201__BO0201C/PrisPerAreorSM02/
"Byggnadsobjekt, antal som prisstatistiken baseras på",Riket,netto,2007,434,https://www.statistikdatabasen.scb.se/pxweb/sv/ssd/START__BO__BO0201__BO0201C/PrisPerAreorSM02/
"Byggnadsobjekt, antal som prisstatistiken baseras på",Riket,netto,2008,463,https://www.statistikdatabasen.scb.se/pxweb/sv/ssd/START__BO__BO0201__BO0201C/PrisPerAreorSM02/
"Byggnadsobjekt, antal som prisstatistiken baseras på",Riket,netto,2009,328,https://www.statistikdatabasen.scb.se/pxweb/sv/ssd/START__BO__BO0201__BO0201C/PrisPerAreorSM02/
"Byggnadsobjekt, antal som prisstatistiken baseras på",Riket,netto,2010,443,https://www.statistikdatabasen.scb.se/pxweb/sv/ssd/START__BO__BO0201__BO0201C/PrisPerAreorSM02/
"Byggnadsobjekt, antal som prisstatistiken baseras på",Riket,netto,2011,322,https://www.statistikdatabasen.scb.se/pxweb/sv/ssd/START__BO__BO0201__BO0201C/PrisPerAreorSM02/
"Byggnadsobjekt, antal som prisstatistiken baseras på",Riket,netto,2012,234,https://www.statistikdatabasen.scb.se/pxweb/sv/ssd/START__BO__BO0201__BO0201C/PrisPerAreorSM02/
"Byggnadsobjekt, antal som prisstatistiken baseras på",Riket,netto,2013,416,https://www.statistikdatabasen.scb.se/pxweb/sv/ssd/START__BO__BO0201__BO0201C/PrisPerAreorSM02/
"Byggnadsobjekt, antal som prisstatistiken baseras på",Riket,netto,2014,622,https://www.statistikdatabasen.scb.se/pxweb/sv/ssd/START__BO__BO0201__BO0201C/PrisPerAreorSM02/
"Byggnadsobjekt, antal som prisstatistiken baseras på",Riket,netto,2015,639,https://www.statistikdatabasen.scb.se/pxweb/sv/ssd/START__BO__BO0201__BO0201C/PrisPerAreorSM02/
"Byggnadsobjekt, antal som prisstatistiken baseras på",Riket,netto,2016,723,https://www.statistikdatabasen.scb.se/pxweb/sv/ssd/START__BO__BO0201__BO0201C/PrisPerAreorSM02/
"Byggnadsobjekt, antal som prisstatistiken baseras på",Riket,netto,2017,642,https://www.statistikdatabasen.scb.se/pxweb/sv/ssd/START__BO__BO0201__BO0201C/PrisPerAreorSM02/
"Byggnadsobjekt, antal som prisstatistiken baseras på",Riket,netto,2018,464,https://www.statistikdatabasen.scb.se/pxweb/sv/ssd/START__BO__BO0201__BO0201C/PrisPerAreorSM02/
"Byggnadsobjekt, antal som prisstatistiken baseras på",Riket,netto,2019,403,https://www.statistikdatabasen.scb.se/pxweb/sv/ssd/START__BO__BO0201__BO0201C/PrisPerAreorSM02/
"Byggnadsobjekt, antal som prisstatistiken baseras på",Riket,netto,2020,398,https://www.statistikdatabasen.scb.se/pxweb/sv/ssd/START__BO__BO0201__BO0201C/PrisPerAreorSM02/
"Byggnadsobjekt, antal som prisstatistiken baseras på",Riket,netto,2021,443,https://www.statistikdatabasen.scb.se/pxweb/sv/ssd/START__BO__BO0201__BO0201C/PrisPerAreorSM02/
"Byggnadsobjekt, antal som prisstatistiken baseras på",Riket,netto,2022,429,https://www.statistikdatabasen.scb.se/pxweb/sv/ssd/START__BO__BO0201__BO0201C/PrisPerAreorSM02/
"Byggnadsobjekt, antal som prisstatistiken baseras på",Riket,netto,2023,188,https://www.statistikdatabasen.scb.se/pxweb/sv/ssd/START__BO__BO0201__BO0201C/PrisPerAreorSM02/
"Byggnadsobjekt, antal som prisstatistiken baseras på",Riket,netto,2024,172,https://www.statistikdatabasen.scb.se/pxweb/sv/ssd/START__BO__BO0201__BO0201C/PrisPerAreorSM02/
"Lägenheter, antal som prisstatistiken baseras på",Riket,netto,1994,829,https://www.statistikdatabasen.scb.se/pxweb/sv/ssd/START__BO__BO0201__BO0201C/PrisPerAreorSM02/
"Lägenheter, antal som prisstatistiken baseras på",Riket,netto,1995,1072,https://www.statistikdatabasen.scb.se/pxweb/sv/ssd/START__BO__BO0201__BO0201C/PrisPerAreorSM02/
"Lägenheter, antal som prisstatistiken baseras på",Riket,netto,1996,2056,https://www.statistikdatabasen.scb.se/pxweb/sv/ssd/START__BO__BO0201__BO0201C/PrisPerAreorSM02/
"Lägenheter, antal som prisstatistiken baseras på",Riket,netto,1997,1043,https://www.statistikdatabasen.scb.se/pxweb/sv/ssd/START__BO__BO0201__BO0201C/PrisPerAreorSM02/
"Lägenheter, antal som prisstatistiken baseras på",Riket,netto,1998,1237,https://www.statistikdatabasen.scb.se/pxweb/sv/ssd/START__BO__BO0201__BO0201C/PrisPerAreorSM02/
"Lägenheter, antal som prisstatistiken baseras på",Riket,netto,1999,1120,https://www.statistikdatabasen.scb.se/pxweb/sv/ssd/START__BO__BO0201__BO0201C/PrisPerAreorSM02/
"Lägenheter, antal som prisstatistiken baseras på",Riket,netto,2000,2304,https://www.statistikdatabasen.scb.se/pxweb/sv/ssd/START__BO__BO0201__BO0201C/PrisPerAreorSM02/
"Lägenheter, antal som prisstatistiken baseras på",Riket,netto,2001,2225,https://www.statistikdatabasen.scb.se/pxweb/sv/ssd/START__BO__BO0201__BO0201C/PrisPerAreorSM02/
"Lägenheter, antal som prisstatistiken baseras på",Riket,netto,2002,1923,https://www.statistikdatabasen.scb.se/pxweb/sv/ssd/START__BO__BO0201__BO0201C/PrisPerAreorSM02/
"Lägenheter, antal som prisstatistiken baseras på",Riket,netto,2003,2495,https://www.statistikdatabasen.scb.se/pxweb/sv/ssd/START__BO__BO0201__BO0201C/PrisPerAreorSM02/
"Lägenheter, antal som prisstatistiken baseras på",Riket,netto,2004,2915,https://www.statistikdatabasen.scb.se/pxweb/sv/ssd/START__BO__BO0201__BO0201C/PrisPerAreorSM02/
"Lägenheter, antal som prisstatistiken baseras på",Riket,netto,2005,3288,https://www.statistikdatabasen.scb.se/pxweb/sv/ssd/START__BO__BO0201__BO0201C/PrisPerAreorSM02/
"Lägenheter, antal som prisstatistiken baseras på",Riket,netto,2006,3292,https://www.statistikdatabasen.scb.se/pxweb/sv/ssd/START__BO__BO0201__BO0201C/PrisPerAreorSM02/
"Lägenheter, antal som prisstatistiken baseras på",Riket,netto,2007,3657,https://www.statistikdatabasen.scb.se/pxweb/sv/ssd/START__BO__BO0201__BO0201C/PrisPerAreorSM02/
"Lägenheter, antal som prisstatistiken baseras på",Riket,netto,2008,2456,https://www.statistikdatabasen.scb.se/pxweb/sv/ssd/START__BO__BO0201__BO0201C/PrisPerAreorSM02/
"Lägenheter, antal som prisstatistiken baseras på",Riket,netto,2009,1994,https://www.statistikdatabasen.scb.se/pxweb/sv/ssd/START__BO__BO0201__BO0201C/PrisPerAreorSM02/
"Lägenheter, antal som prisstatistiken baseras på",Riket,netto,2010,2960,https://www.statistikdatabasen.scb.se/pxweb/sv/ssd/START__BO__BO0201__BO0201C/PrisPerAreorSM02/
"Lägenheter, antal som prisstatistiken baseras på",Riket,netto,2011,2415,https://www.statistikdatabasen.scb.se/pxweb/sv/ssd/START__BO__BO0201__BO0201C/PrisPerAreorSM02/
"Lägenheter, antal som prisstatistiken baseras på",Riket,netto,2012,1542,https://www.statistikdatabasen.scb.se/pxweb/sv/ssd/START__BO__BO0201__BO0201C/PrisPerAreorSM02/
"Lägenheter, antal som prisstatistiken baseras på",Riket,netto,2013,2180,https://www.statistikdatabasen.scb.se/pxweb/sv/ssd/START__BO__BO0201__BO0201C/PrisPerAreorSM02/
"Lägenheter, antal som prisstatistiken baseras på",Riket,netto,2014,3046,https://www.statistikdatabasen.scb.se/pxweb/sv/ssd/START__BO__BO0201__BO0201C/PrisPerAreorSM02/
"Lägenheter, antal som prisstatistiken baseras på",Riket,netto,2015,4296,https://www.statistikdatabasen.scb.se/pxweb/sv/ssd/START__BO__BO0201__BO0201C/PrisPerAreorSM02/
"Lägenheter, antal som prisstatistiken baseras på",Riket,netto,2016,4715,https://www.statistikdatabasen.scb.se/pxweb/sv/ssd/START__BO__BO0201__BO0201C/PrisPerAreorSM02/
"Lägenheter, antal som prisstatistiken baseras på",Riket,netto,2017,4004,https://www.statistikdatabasen.scb.se/pxweb/sv/ssd/START__BO__BO0201__BO0201C/PrisPerAreorSM02/
"Lägenheter, antal som prisstatistiken baseras på",Riket,netto,2018,3503,https://www.statistikdatabasen.scb.se/pxweb/sv/ssd/START__BO__BO0201__BO0201C/PrisPerAreorSM02/
"Lägenheter, antal som prisstatistiken baseras på",Riket,netto,2019,3262,https://www.statistikdatabasen.scb.se/pxweb/sv/ssd/START__BO__BO0201__BO0201C/PrisPerAreorSM02/
"Lägenheter, antal som prisstatistiken baseras på",Riket,netto,2020,2893,https://www.statistikdatabasen.scb.se/pxweb/sv/ssd/START__BO__BO0201__BO0201C/PrisPerAreorSM02/
"Lägenheter, antal som prisstatistiken baseras på",Riket,netto,2021,3541,https://www.statistikdatabasen.scb.se/pxweb/sv/ssd/START__BO__BO0201__BO0201C/PrisPerAreorSM02/
"Lägenheter, antal som prisstatistiken baseras på",Riket,netto,2022,3281,https://www.statistikdatabasen.scb.se/pxweb/sv/ssd/START__BO__BO0201__BO0201C/PrisPerAreorSM02/
"Lägenheter, antal som prisstatistiken baseras på",Riket,netto,2023,966,https://www.statistikdatabasen.scb.se/pxweb/sv/ssd/START__BO__BO0201__BO0201C/PrisPerAreorSM02/
"Lägenheter, antal som prisstatistiken baseras på",Riket,netto,2024,921,https://www.statistikdatabasen.scb.se/pxweb/sv/ssd/START__BO__BO0201__BO0201C/PrisPerAreorSM02/
"Bostadsarea/lägenhet, kvm",Riket,netto,1994,,https://www.statistikdatabasen.scb.se/pxweb/sv/ssd/START__BO__BO0201__BO0201C/PrisPerAreorSM02/
"Bostadsarea/lägenhet, kvm",Riket,netto,1995,,https://www.statistikdatabasen.scb.se/pxweb/sv/ssd/START__BO__BO0201__BO0201C/PrisPerAreorSM02/
"Bostadsarea/lägenhet, kvm",Riket,netto,1996,,https://www.statistikdatabasen.scb.se/pxweb/sv/ssd/START__BO__BO0201__BO0201C/PrisPerAreorSM02/
"Bostadsarea/lägenhet, kvm",Riket,netto,1997,,https://www.statistikdatabasen.scb.se/pxweb/sv/ssd/START__BO__BO0201__BO0201C/PrisPerAreorSM02/
"Bostadsarea/lägenhet, kvm",Riket,netto,1998,103.7,https://www.statistikdatabasen.scb.se/pxweb/sv/ssd/START__BO__BO0201__BO0201C/PrisPerAreorSM02/
"Bostadsarea/lägenhet, kvm",Riket,netto,1999,103.4,https://www.statistikdatabasen.scb.se/pxweb/sv/ssd/START__BO__BO0201__BO0201C/PrisPerAreorSM02/
"Bostadsarea/lägenhet, kvm",Riket,netto,2000,120.8,https://www.statistikdatabasen.scb.se/pxweb/sv/ssd/START__BO__BO0201__BO0201C/PrisPerAreorSM02/
"Bostadsarea/lägenhet, kvm",Riket,netto,2001,122.7,https://www.statistikdatabasen.scb.se/pxweb/sv/ssd/START__BO__BO0201__BO0201C/PrisPerAreorSM02/
"Bostadsarea/lägenhet, kvm",Riket,netto,2002,126,https://www.statistikdatabasen.scb.se/pxweb/sv/ssd/START__BO__BO0201__BO0201C/PrisPerAreorSM02/
"Bostadsarea/lägenhet, kvm",Riket,netto,2003,122.4,https://www.statistikdatabasen.scb.se/pxweb/sv/ssd/START__BO__BO0201__BO0201C/PrisPerAreorSM02/
"Bostadsarea/lägenhet, kvm",Riket,netto,2004,122.4,https://www.statistikdatabasen.scb.se/pxweb/sv/ssd/START__BO__BO0201__BO0201C/PrisPerAreorSM02/
"Bostadsarea/lägenhet, kvm",Riket,netto,2005,122.8,https://www.statistikdatabasen.scb.se/pxweb/sv/ssd/START__BO__BO0201__BO0201C/PrisPerAreorSM02/
"Bostadsarea/lägenhet, kvm",Riket,netto,2006,124.3,https://www.statistikdatabasen.scb.se/pxweb/sv/ssd/START__BO__BO0201__BO0201C/PrisPerAreorSM02/
"Bostadsarea/lägenhet, kvm",Riket,netto,2007,129.6,https://www.statistikdatabasen.scb.se/pxweb/sv/ssd/START__BO__BO0201__BO0201C/PrisPerAreorSM02/
"Bostadsarea/lägenhet, kvm",Riket,netto,2008,129.6,https://www.statistikdatabasen.scb.se/pxweb/sv/ssd/START__BO__BO0201__BO0201C/PrisPerAreorSM02/
"Bostadsarea/lägenhet, kvm",Riket,netto,2009,121.9,https://www.statistikdatabasen.scb.se/pxweb/sv/ssd/START__BO__BO0201__BO0201C/PrisPerAreorSM02/
"Bostadsarea/lägenhet, kvm",Riket,netto,2010,128.6,https://www.statistikdatabasen.scb.se/pxweb/sv/ssd/START__BO__BO0201__BO0201C/PrisPerAreorSM02/
"Bostadsarea/lägenhet, kvm",Riket,netto,2011,127,https://www.statistikdatabasen.scb.se/pxweb/sv/ssd/START__BO__BO0201__BO0201C/PrisPerAreorSM02/
"Bostadsarea/lägenhet, kvm",Riket,netto,2012,121.2,https://www.statistikdatabasen.scb.se/pxweb/sv/ssd/START__BO__BO0201__BO0201C/PrisPerAreorSM02/
"Bostadsarea/lägenhet, kvm",Riket,netto,2013,122.4,https://www.statistikdatabasen.scb.se/pxweb/sv/ssd/START__BO__BO0201__BO0201C/PrisPerAreorSM02/
"Bostadsarea/lägenhet, kvm",Riket,netto,2014,122.3,https://www.statistikdatabasen.scb.se/pxweb/sv/ssd/START__BO__BO0201__BO0201C/PrisPerAreorSM02/
"Bostadsarea/lägenhet, kvm",Riket,netto,2015,120.9,https://www.statistikdatabasen.scb.se/pxweb/sv/ssd/START__BO__BO0201__BO0201C/PrisPerAreorSM02/
"Bostadsarea/lägenhet, kvm",Riket,netto,2016,119.8,https://www.statistikdatabasen.scb.se/pxweb/sv/ssd/START__BO__BO0201__BO0201C/PrisPerAreorSM02/
"Bostadsarea/lägenhet, kvm",Riket,netto,2017,122.7,https://www.statistikdatabasen.scb.se/pxweb/sv/ssd/START__BO__BO0201__BO0201C/PrisPerAreorSM02/
"Bostadsarea/lägenhet, kvm",Riket,netto,2018,112.1,https://www.statistikdatabasen.scb.se/pxweb/sv/ssd/START__BO__BO0201__BO0201C/PrisPerAreorSM02/
"Bostadsarea/lägenhet, kvm",Riket,netto,2019,115.1,https://www.statistikdatabasen.scb.se/pxweb/sv/ssd/START__BO__BO0201__BO0201C/PrisPerAreorSM02/
"Bostadsarea/lägenhet, kvm",Riket,netto,2020,114.4,https://www.statistikdatabasen.scb.se/pxweb/sv/ssd/START__BO__BO0201__BO0201C/PrisPerAreorSM02/
"Bostadsarea/lägenhet, kvm",Riket,netto,2021,110.9,https://www.statistikdatabasen.scb.se/pxweb/sv/ssd/START__BO__BO0201__BO0201C/PrisPerAreorSM02/
"Bostadsarea/lägenhet, kvm",Riket,netto,2022,114,https://www.statistikdatabasen.scb.se/pxweb/sv/ssd/START__BO__BO0201__BO0201C/PrisPerAreorSM02/
"Bostadsarea/lägenhet, kvm",Riket,netto,2023,117.9,https://www.statistikdatabasen.scb.se/pxweb/sv/ssd/START__BO__BO0201__BO0201C/PrisPerAreorSM02/
"Bostadsarea/lägenhet, kvm",Riket,netto,2024,114.6,https://www.statistikdatabasen.scb.se/pxweb/sv/ssd/START__BO__BO0201__BO0201C/PrisPerAreorSM02/
"Markpris/bostadsarea, kr",Riket,netto,1994,,https://www.statistikdatabasen.scb.se/pxweb/sv/ssd/START__BO__BO0201__BO0201C/PrisPerAreorSM02/
"Markpris/bostadsarea, kr",Riket,netto,1995,,https://www.statistikdatabasen.scb.se/pxweb/sv/ssd/START__BO__BO0201__BO0201C/PrisPerAreorSM02/
"Markpris/bostadsarea, kr",Riket,netto,1996,,https://www.statistikdatabasen.scb.se/pxweb/sv/ssd/START__BO__BO0201__BO0201C/PrisPerAreorSM02/
"Markpris/bostadsarea, kr",Riket,netto,1997,,https://www.statistikdatabasen.scb.se/pxweb/sv/ssd/START__BO__BO0201__BO0201C/PrisPerAreorSM02/
"Markpris/bostadsarea, kr",Riket,netto,1998,1871,https://www.statistikdatabasen.scb.se/pxweb/sv/ssd/START__BO__BO0201__BO0201C/PrisPerAreorSM02/
"Markpris/bostadsarea, kr",Riket,netto,1999,1837,https://www.statistikdatabasen.scb.se/pxweb/sv/ssd/START__BO__BO0201__BO0201C/PrisPerAreorSM02/
"Markpris/bostadsarea, kr",Riket,netto,2000,2672,https://www.statistikdatabasen.scb.se/pxweb/sv/ssd/START__BO__BO0201__BO0201C/PrisPerAreorSM02/
"Markpris/bostadsarea, kr",Riket,netto,2001,2505,https://www.statistikdatabasen.scb.se/pxweb/sv/ssd/START__BO__BO0201__BO0201C/PrisPerAreorSM02/
"Markpris/bostadsarea, kr",Riket,netto,2002,2782,https://www.statistikdatabasen.scb.se/pxweb/sv/ssd/START__BO__BO0201__BO0201C/PrisPerAreorSM02/
"Markpris/bostadsarea, kr",Riket,netto,2003,3381,https://www.statistikdatabasen.scb.se/pxweb/sv/ssd/START__BO__BO0201__BO0201C/PrisPerAreorSM02/
"Markpris/bostadsarea, kr",Riket,netto,2004,3322,https://www.statistikdatabasen.scb.se/pxweb/sv/ssd/START__BO__BO0201__BO0201C/PrisPerAreorSM02/
"Markpris/bostadsarea, kr",Riket,netto,2005,3453,https://www.statistikdatabasen.scb.se/pxweb/sv/ssd/START__BO__BO0201__BO0201C/PrisPerAreorSM02/
"Markpris/bostadsarea, kr",Riket,netto,2006,3666,https://www.statistikdatabasen.scb.se/pxweb/sv/ssd/START__BO__BO0201__BO0201C/PrisPerAreorSM02/
"Markpris/bostadsarea, kr",Riket,netto,2007,4595,https://www.statistikdatabasen.scb.se/pxweb/sv/ssd/START__BO__BO0201__BO0201C/PrisPerAreorSM02/
"Markpris/bostadsarea, kr",Riket,netto,2008,5454,https://www.statistikdatabasen.scb.se/pxweb/sv/ssd/START__BO__BO0201__BO0201C/PrisPerAreorSM02/
"Markpris/bostadsarea, kr",Riket,netto,2009,5237,https://www.statistikdatabasen.scb.se/pxweb/sv/ssd/START__BO__BO0201__BO0201C/PrisPerAreorSM02/
"Markpris/bostadsarea, kr",Riket,netto,2010,6119,https://www.statistikdatabasen.scb.se/pxweb/sv/ssd/START__BO__BO0201__BO0201C/PrisPerAreorSM02/
"Markpris/bostadsarea, kr",Riket,netto,2011,7524,https://www.statistikdatabasen.scb.se/pxweb/sv/ssd/START__BO__BO0201__BO0201C/PrisPerAreorSM02/
"Markpris/bostadsarea, kr",Riket,netto,2012,6416,https://www.statistikdatabasen.scb.se/pxweb/sv/ssd/START__BO__BO0201__BO0201C/PrisPerAreorSM02/
"Markpris/bostadsarea, kr",Riket,netto,2013,7561,https://www.statistikdatabasen.scb.se/pxweb/sv/ssd/START__BO__BO0201__BO0201C/PrisPerAreorSM02/
"Markpris/bostadsarea, kr",Riket,netto,2014,8219,https://www.statistikdatabasen.scb.se/pxweb/sv/ssd/START__BO__BO0201__BO0201C/PrisPerAreorSM02/
"Markpris/bostadsarea, kr",Riket,netto,2015,7599,https://www.statistikdatabasen.scb.se/pxweb/sv/ssd/START__BO__BO0201__BO0201C/PrisPerAreorSM02/
"Markpris/bostadsarea, kr",Riket,netto,2016,8434,https://www.statistikdatabasen.scb.se/pxweb/sv/ssd/START__BO__BO0201__BO0201C/PrisPerAreorSM02/
"Markpris/bostadsarea, kr",Riket,netto,2017,8147,https://www.statistikdatabasen.scb.se/pxweb/sv/ssd/START__BO__BO0201__BO0201C/PrisPerAreorSM02/
"Markpris/bostadsarea, kr",Riket,netto,2018,9355,https://www.statistikdatabasen.scb.se/pxweb/sv/ssd/START__BO__BO0201__BO0201C/PrisPerAreorSM02/
"Markpris/bostadsarea, kr",Riket,netto,2019,9617,https://www.statistikdatabasen.scb.se/pxweb/sv/ssd/START__BO__BO0201__BO0201C/PrisPerAreorSM02/
"Markpris/bostadsarea, kr",Riket,netto,2020,8715,https://www.statistikdatabasen.scb.se/pxweb/sv/ssd/START__BO__BO0201__BO0201C/PrisPerAreorSM02/
"Markpris/bostadsarea, kr",Riket,netto,2021,8330,https://www.statistikdatabasen.scb.se/pxweb/sv/ssd/START__BO__BO0201__BO0201C/PrisPerAreorSM02/
"Markpris/bostadsarea, kr",Riket,netto,2022,8108,https://www.statistikdatabasen.scb.se/pxweb/sv/ssd/START__BO__BO0201__BO0201C/PrisPerAreorSM02/
"Markpris/bostadsarea, kr",Riket,netto,2023,8936,https://www.statistikdatabasen.scb.se/pxweb/sv/ssd/START__BO__BO0201__BO0201C/PrisPerAreorSM02/
"Markpris/bostadsarea, kr",Riket,netto,2024,9598,https://www.statistikdatabasen.scb.se/pxweb/sv/ssd/START__BO__BO0201__BO0201C/PrisPerAreorSM02/
"Byggnadspris/bostadsarea, kr",Riket,netto,1994,,https://www.statistikdatabasen.scb.se/pxweb/sv/ssd/START__BO__BO0201__BO0201C/PrisPerAreorSM02/
"Byggnadspris/bostadsarea, kr",Riket,netto,1995,,https://www.statistikdatabasen.scb.se/pxweb/sv/ssd/START__BO__BO0201__BO0201C/PrisPerAreorSM02/
"Byggnadspris/bostadsarea, kr",Riket,netto,1996,,https://www.statistikdatabasen.scb.se/pxweb/sv/ssd/START__BO__BO0201__BO0201C/PrisPerAreorSM02/
"Byggnadspris/bostadsarea, kr",Riket,netto,1997,,https://www.statistikdatabasen.scb.se/pxweb/sv/ssd/START__BO__BO0201__BO0201C/PrisPerAreorSM02/
"Byggnadspris/bostadsarea, kr",Riket,netto,1998,10665,https://www.statistikdatabasen.scb.se/pxweb/sv/ssd/START__BO__BO0201__BO0201C/PrisPerAreorSM02/
"Byggnadspris/bostadsarea, kr",Riket,netto,1999,11359,https://www.statistikdatabasen.scb.se/pxweb/sv/ssd/START__BO__BO0201__BO0201C/PrisPerAreorSM02/
"Byggnadspris/bostadsarea, kr",Riket,netto,2000,13338,https://www.statistikdatabasen.scb.se/pxweb/sv/ssd/START__BO__BO0201__BO0201C/PrisPerAreorSM02/
"Byggnadspris/bostadsarea, kr",Riket,netto,2001,13716,https://www.statistikdatabasen.scb.se/pxweb/sv/ssd/START__BO__BO0201__BO0201C/PrisPerAreorSM02/
"Byggnadspris/bostadsarea, kr",Riket,netto,2002,13838,https://www.statistikdatabasen.scb.se/pxweb/sv/ssd/START__BO__BO0201__BO0201C/PrisPerAreorSM02/
"Byggnadspris/bostadsarea, kr",Riket,netto,2003,14466,https://www.statistikdatabasen.scb.se/pxweb/sv/ssd/START__BO__BO0201__BO0201C/PrisPerAreorSM02/
"Byggnadspris/bostadsarea, kr",Riket,netto,2004,15792,https://www.statistikdatabasen.scb.se/pxweb/sv/ssd/START__BO__BO0201__BO0201C/PrisPerAreorSM02/
"Byggnadspris/bostadsarea, kr",Riket,netto,2005,16155,https://www.statistikdatabasen.scb.se/pxweb/sv/ssd/START__BO__BO0201__BO0201C/PrisPerAreorSM02/
"Byggnadspris/bostadsarea, kr",Riket,netto,2006,16743,https://www.statistikdatabasen.scb.se/pxweb/sv/ssd/START__BO__BO0201__BO0201C/PrisPerAreorSM02/
"Byggnadspris/bostadsarea, kr",Riket,netto,2007,18373,https://www.statistikdatabasen.scb.se/pxweb/sv/ssd/START__BO__BO0201__BO0201C/PrisPerAreorSM02/
"Byggnadspris/bostadsarea, kr",Riket,netto,2008,19647,https://www.statistikdatabasen.scb.se/pxweb/sv/ssd/START__BO__BO0201__BO0201C/PrisPerAreorSM02/
"Byggnadspris/bostadsarea, kr",Riket,netto,2009,19507,https://www.statistikdatabasen.scb.se/pxweb/sv/ssd/START__BO__BO0201__BO0201C/PrisPerAreorSM02/
"Byggnadspris/bostadsarea, kr",Riket,netto,2010,19891,https://www.statistikdatabasen.scb.se/pxweb/sv/ssd/START__BO__BO0201__BO0201C/PrisPerAreorSM02/
"Byggnadspris/bostadsarea, kr",Riket,netto,2011,20696,https://www.statistikdatabasen.scb.se/pxweb/sv/ssd/START__BO__BO0201__BO0201C/PrisPerAreorSM02/
"Byggnadspris/bostadsarea, kr",Riket,netto,2012,20626,https://www.statistikdatabasen.scb.se/pxweb/sv/ssd/START__BO__BO0201__BO0201C/PrisPerAreorSM02/
"Byggnadspris/bostadsarea, kr",Riket,netto,2013,21185,https://www.statistikdatabasen.scb.se/pxweb/sv/ssd/START__BO__BO0201__BO0201C/PrisPerAreorSM02/
"Byggnadspris/bostadsarea, kr",Riket,netto,2014,22842,https://www.statistikdatabasen.scb.se/pxweb/sv/ssd/START__BO__BO0201__BO0201C/PrisPerAreorSM02/
"Byggnadspris/bostadsarea, kr",Riket,netto,2015,23387,https://www.statistikdatabasen.scb.se/pxweb/sv/ssd/START__BO__BO0201__BO0201C/PrisPerAreorSM02/
"Byggnadspris/bostadsarea, kr",Riket,netto,2016,25109,https://www.statistikdatabasen.scb.se/pxweb/sv/ssd/START__BO__BO0201__BO0201C/PrisPerAreorSM02/
"Byggnadspris/bostadsarea, kr",Riket,netto,2017,25915,https://www.statistikdatabasen.scb.se/pxweb/sv/ssd/START__BO__BO0201__BO0201C/PrisPerAreorSM02/
"Byggnadspris/bostadsarea, kr",Riket,netto,2018,25361,https://www.statistikdatabasen.scb.se/pxweb/sv/ssd/START__BO__BO0201__BO0201C/PrisPerAreorSM02/
"Byggnadspris/bostadsarea, kr",Riket,netto,2019,25302,https://www.statistikdatabasen.scb.se/pxweb/sv/ssd/START__BO__BO0201__BO0201C/PrisPerAreorSM02/
"Byggnadspris/bostadsarea, kr",Riket,netto,2020,27336,https://www.statistikdatabasen.scb.se/pxweb/sv/ssd/START__BO__BO0201__BO0201C/PrisPerAreorSM02/
"Byggnadspris/bostadsarea, kr",Riket,netto,2021,27640,https://www.statistikdatabasen.scb.se/pxweb/sv/ssd/START__BO__BO0201__BO0201C/PrisPerAreorSM02/
"Byggnadspris/bostadsarea, kr",Riket,netto,2022,28747,https://www.statistikdatabasen.scb.se/pxweb/sv/ssd/START__BO__BO0201__BO0201C/PrisPerAreorSM02/
"Byggnadspris/bostadsarea, kr",Riket,netto,2023,28222,https://www.statistikdatabasen.scb.se/pxweb/sv/ssd/START__BO__BO0201__BO0201C/PrisPerAreorSM02/
"Byggnadspris/bostadsarea, kr",Riket,netto,2024,33118,https://www.statistikdatabasen.scb.se/pxweb/sv/ssd/START__BO__BO0201__BO0201C/PrisPerAreorSM02/
"Totalt produktionspris/bostadsarea, kr",Riket,netto,1994,,https://www.statistikdatabasen.scb.se/pxweb/sv/ssd/START__BO__BO0201__BO0201C/PrisPerAreorSM02/
"Totalt produktionspris/bostadsarea, kr",Riket,netto,1995,,https://www.statistikdatabasen.scb.se/pxweb/sv/ssd/START__BO__BO0201__BO0201C/PrisPerAreorSM02/
"Totalt produktionspris/bostadsarea, kr",Riket,netto,1996,,https://www.statistikdatabasen.scb.se/pxweb/sv/ssd/START__BO__BO0201__BO0201C/PrisPerAreorSM02/
"Totalt produktionspris/bostadsarea, kr",Riket,netto,1997,,https://www.statistikdatabasen.scb.se/pxweb/sv/ssd/START__BO__BO0201__BO0201C/PrisPerAreorSM02/
"Totalt produktionspris/bostadsarea, kr",Riket,netto,1998,12536,https://www.statistikdatabasen.scb.se/pxweb/sv/ssd/START__BO__BO0201__BO0201C/PrisPerAreorSM02/
"Totalt produktionspris/bostadsarea, kr",Riket,netto,1999,13196,https://www.statistikdatabasen.scb.se/pxweb/sv/ssd/START__BO__BO0201__BO0201C/PrisPerAreorSM02/
"Totalt produktionspris/bostadsarea, kr",Riket,netto,2000,16011,https://www.statistikdatabasen.scb.se/pxweb/sv/ssd/START__BO__BO0201__BO0201C/PrisPerAreorSM02/
"Totalt produktionspris/bostadsarea, kr",Riket,netto,2001,16221,https://www.statistikdatabasen.scb.se/pxweb/sv/ssd/START__BO__BO0201__BO0201C/PrisPerAreorSM02/
"Totalt produktionspris/bostadsarea, kr",Riket,netto,2002,16620,https://www.statistikdatabasen.scb.se/pxweb/sv/ssd/START__BO__BO0201__BO0201C/PrisPerAreorSM02/
"Totalt produktionspris/bostadsarea, kr",Riket,netto,2003,17847,https://www.statistikdatabasen.scb.se/pxweb/sv/ssd/START__BO__BO0201__BO0201C/PrisPerAreorSM02/
"Totalt produktionspris/bostadsarea, kr",Riket,netto,2004,19114,https://www.statistikdatabasen.scb.se/pxweb/sv/ssd/START__BO__BO0201__BO0201C/PrisPerAreorSM02/
"Totalt produktionspris/bostadsarea, kr",Riket,netto,2005,19609,https://www.statistikdatabasen.scb.se/pxweb/sv/ssd/START__BO__BO0201__BO0201C/PrisPerAreorSM02/
"Totalt produktionspris/bostadsarea, kr",Riket,netto,2006,20408,https://www.statistikdatabasen.scb.se/pxweb/sv/ssd/START__BO__BO0201__BO0201C/PrisPerAreorSM02/
"Totalt produktionspris/bostadsarea, kr",Riket,netto,2007,22969,https://www.statistikdatabasen.scb.se/pxweb/sv/ssd/START__BO__BO0201__BO0201C/PrisPerAreorSM02/
"Totalt produktionspris/bostadsarea, kr",Riket,netto,2008,25100,https://www.statistikdatabasen.scb.se/pxweb/sv/ssd/START__BO__BO0201__BO0201C/PrisPerAreorSM02/
"Totalt produktionspris/bostadsarea, kr",Riket,netto,2009,24744,https://www.statistikdatabasen.scb.se/pxweb/sv/ssd/START__BO__BO0201__BO0201C/PrisPerAreorSM02/
"Totalt produktionspris/bostadsarea, kr",Riket,netto,2010,26011,https://www.statistikdatabasen.scb.se/pxweb/sv/ssd/START__BO__BO0201__BO0201C/PrisPerAreorSM02/
"Totalt produktionspris/bostadsarea, kr",Riket,netto,2011,28221,https://www.statistikdatabasen.scb.se/pxweb/sv/ssd/START__BO__BO0201__BO0201C/PrisPerAreorSM02/
"Totalt produktionspris/bostadsarea, kr",Riket,netto,2012,27042,https://www.statistikdatabasen.scb.se/pxweb/sv/ssd/START__BO__BO0201__BO0201C/PrisPerAreorSM02/
"Totalt produktionspris/bostadsarea, kr",Riket,netto,2013,28746,https://www.statistikdatabasen.scb.se/pxweb/sv/ssd/START__BO__BO0201__BO0201C/PrisPerAreorSM02/
"Totalt produktionspris/bostadsarea, kr",Riket,netto,2014,31060,https://www.statistikdatabasen.scb.se/pxweb/sv/ssd/START__BO__BO0201__BO0201C/PrisPerAreorSM02/
"Totalt produktionspris/bostadsarea, kr",Riket,netto,2015,30987,https://www.statistikdatabasen.scb.se/pxweb/sv/ssd/START__BO__BO0201__BO0201C/PrisPerAreorSM02/
"Totalt produktionspris/bostadsarea, kr",Riket,netto,2016,33543,https://www.statistikdatabasen.scb.se/pxweb/sv/ssd/START__BO__BO0201__BO0201C/PrisPerAreorSM02/
"Totalt produktionspris/bostadsarea, kr",Riket,netto,2017,34062,https://www.statistikdatabasen.scb.se/pxweb/sv/ssd/START__BO__BO0201__BO0201C/PrisPerAreorSM02/
"Totalt produktionspris/bostadsarea, kr",Riket,netto,2018,34716,https://www.statistikdatabasen.scb.se/pxweb/sv/ssd/START__BO__BO0201__BO0201C/PrisPerAreorSM02/
"Totalt produktionspris/bostadsarea, kr",Riket,netto,2019,34919,https://www.statistikdatabasen.scb.se/pxweb/sv/ssd/START__BO__BO0201__BO0201C/PrisPerAreorSM02/
"Totalt produktionspris/bostadsarea, kr",Riket,netto,2020,36051,https://www.statistikdatabasen.scb.se/pxweb/sv/ssd/START__BO__BO0201__BO0201C/PrisPerAreorSM02/
"Totalt produktionspris/bostadsarea, kr",Riket,netto,2021,35970,https://www.statistikdatabasen.scb.se/pxweb/sv/ssd/START__BO__BO0201__BO0201C/PrisPerAreorSM02/
"Totalt produktionspris/bostadsarea, kr",Riket,netto,2022,36856,https://www.statistikdatabasen.scb.se/pxweb/sv/ssd/START__BO__BO0201__BO0201C/PrisPerAreorSM02/
"Totalt produktionspris/bostadsarea, kr",Riket,netto,2023,37158,https://www.statistikdatabasen.scb.se/pxweb/sv/ssd/START__BO__BO0201__BO0201C/PrisPerAreorSM02/
"Totalt produktionspris/bostadsarea, kr",Riket,netto,2024,42716,https://www.statistikdatabasen.scb.se/pxweb/sv/ssd/START__BO__BO0201__BO0201C/PrisPerAreorSM02/
"Byggnadsobjekt, antal som prisstatistiken baseras på",Storstadsområdena,brutto,1994,,https://www.statistikdatabasen.scb.se/pxweb/sv/ssd/START__BO__BO0201__BO0201C/PrisPerAreorSM02/
"Byggnadsobjekt, antal som prisstatistiken baseras på",Storstadsområdena,brutto,1995,,https://www.statistikdatabasen.scb.se/pxweb/sv/ssd/START__BO__BO0201__BO0201C/PrisPerAreorSM02/
"Byggnadsobjekt, antal som prisstatistiken baseras på",Storstadsområdena,brutto,1996,,https://www.statistikdatabasen.scb.se/pxweb/sv/ssd/START__BO__BO0201__BO0201C/PrisPerAreorSM02/
"Byggnadsobjekt, antal som prisstatistiken baseras på",Storstadsområdena,brutto,1997,,https://www.statistikdatabasen.scb.se/pxweb/sv/ssd/START__BO__BO0201__BO0201C/PrisPerAreorSM02/
"Byggnadsobjekt, antal som prisstatistiken baseras på",Storstadsområdena,brutto,1998,206,https://www.statistikdatabasen.scb.se/pxweb/sv/ssd/START__BO__BO0201__BO0201C/PrisPerAreorSM02/
"Byggnadsobjekt, antal som prisstatistiken baseras på",Storstadsområdena,brutto,1999,136,https://www.statistikdatabasen.scb.se/pxweb/sv/ssd/START__BO__BO0201__BO0201C/PrisPerAreorSM02/
"Byggnadsobjekt, antal som prisstatistiken baseras på",Storstadsområdena,brutto,2000,176,https://www.statistikdatabasen.scb.se/pxweb/sv/ssd/START__BO__BO0201__BO0201C/PrisPerAreorSM02/
"Byggnadsobjekt, antal som prisstatistiken baseras på",Storstadsområdena,brutto,2001,157,https://www.statistikdatabasen.scb.se/pxweb/sv/ssd/START__BO__BO0201__BO0201C/PrisPerAreorSM02/
"Byggnadsobjekt, antal som prisstatistiken baseras på",Storstadsområdena,brutto,2002,135,https://www.statistikdatabasen.scb.se/pxweb/sv/ssd/START__BO__BO0201__BO0201C/PrisPerAreorSM02/
"Byggnadsobjekt, antal som prisstatistiken baseras på",Storstadsområdena,brutto,2003,138,https://www.statistikdatabasen.scb.se/pxweb/sv/ssd/START__BO__BO0201__BO0201C/PrisPerAreorSM02/
"Byggnadsobjekt, antal som prisstatistiken baseras på",Storstadsområdena,brutto,2004,164,https://www.statistikdatabasen.scb.se/pxweb/sv/ssd/START__BO__BO0201__BO0201C/PrisPerAreorSM02/
"Byggnadsobjekt, antal som prisstatistiken baseras på",Storstadsområdena,brutto,2005,179,https://www.statistikdatabasen.scb.se/pxweb/sv/ssd/START__BO__BO0201__BO0201C/PrisPerAreorSM02/
"Byggnadsobjekt, antal som prisstatistiken baseras på",Storstadsområdena,brutto,2006,177,https://www.statistikdatabasen.scb.se/pxweb/sv/ssd/START__BO__BO0201__BO0201C/PrisPerAreorSM02/
"Byggnadsobjekt, antal som prisstatistiken baseras på",Storstadsområdena,brutto,2007,201,https://www.statistikdatabasen.scb.se/pxweb/sv/ssd/START__BO__BO0201__BO0201C/PrisPerAreorSM02/
"Byggnadsobjekt, antal som prisstatistiken baseras på",Storstadsområdena,brutto,2008,209,https://www.statistikdatabasen.scb.se/pxweb/sv/ssd/START__BO__BO0201__BO0201C/PrisPerAreorSM02/
"Byggnadsobjekt, antal som prisstatistiken baseras på",Storstadsområdena,brutto,2009,143,https://www.statistikdatabasen.scb.se/pxweb/sv/ssd/START__BO__BO0201__BO0201C/PrisPerAreorSM02/
"Byggnadsobjekt, antal som prisstatistiken baseras på",Storstadsområdena,brutto,2010,198,https://www.statistikdatabasen.scb.se/pxweb/sv/ssd/START__BO__BO0201__BO0201C/PrisPerAreorSM02/
"Byggnadsobjekt, antal som prisstatistiken baseras på",Storstadsområdena,brutto,2011,159,https://www.statistikdatabasen.scb.se/pxweb/sv/ssd/START__BO__BO0201__BO0201C/PrisPerAreorSM02/
"Byggnadsobjekt, antal som prisstatistiken baseras på",Storstadsområdena,brutto,2012,106,https://www.statistikdatabasen.scb.se/pxweb/sv/ssd/START__BO__BO0201__BO0201C/PrisPerAreorSM02/
"Byggnadsobjekt, antal som prisstatistiken baseras på",Storstadsområdena,brutto,2013,223,https://www.statistikdatabasen.scb.se/pxweb/sv/ssd/START__BO__BO0201__BO0201C/PrisPerAreorSM02/
"Byggnadsobjekt, antal som prisstatistiken baseras på",Storstadsområdena,brutto,2014,324,https://www.statistikdatabasen.scb.se/pxweb/sv/ssd/START__BO__BO0201__BO0201C/PrisPerAreorSM02/
"Byggnadsobjekt, antal som prisstatistiken baseras på",Storstadsområdena,brutto,2015,309,https://www.statistikdatabasen.scb.se/pxweb/sv/ssd/START__BO__BO0201__BO0201C/PrisPerAreorSM02/
"Byggnadsobjekt, antal som prisstatistiken baseras på",Storstadsområdena,brutto,2016,337,https://www.statistikdatabasen.scb.se/pxweb/sv/ssd/START__BO__BO0201__BO0201C/PrisPerAreorSM02/
"Byggnadsobjekt, antal som prisstatistiken baseras på",Storstadsområdena,brutto,2017,244,https://www.statistikdatabasen.scb.se/pxweb/sv/ssd/START__BO__BO0201__BO0201C/PrisPerAreorSM02/
"Byggnadsobjekt, antal som prisstatistiken baseras på",Storstadsområdena,brutto,2018,163,https://www.statistikdatabasen.scb.se/pxweb/sv/ssd/START__BO__BO0201__BO0201C/PrisPerAreorSM02/
"Byggnadsobjekt, antal som prisstatistiken baseras på",Storstadsområdena,brutto,2019,139,https://www.statistikdatabasen.scb.se/pxweb/sv/ssd/START__BO__BO0201__BO0201C/PrisPerAreorSM02/
"Byggnadsobjekt, antal som prisstatistiken baseras på",Storstadsområdena,brutto,2020,125,https://www.statistikdatabasen.scb.se/pxweb/sv/ssd/START__BO__BO0201__BO0201C/PrisPerAreorSM02/
"Byggnadsobjekt, antal som prisstatistiken baseras på",Storstadsområdena,brutto,2021,137,https://www.statistikdatabasen.scb.se/pxweb/sv/ssd/START__BO__BO0201__BO0201C/PrisPerAreorSM02/
"Byggnadsobjekt, antal som prisstatistiken baseras på",Storstadsområdena,brutto,2022,130,https://www.statistikdatabasen.scb.se/pxweb/sv/ssd/START__BO__BO0201__BO0201C/PrisPerAreorSM02/
"Byggnadsobjekt, antal som prisstatistiken baseras på",Storstadsområdena,brutto,2023,59,https://www.statistikdatabasen.scb.se/pxweb/sv/ssd/START__BO__BO0201__BO0201C/PrisPerAreorSM02/
"Byggnadsobjekt, antal som prisstatistiken baseras på",Storstadsområdena,brutto,2024,58,https://www.statistikdatabasen.scb.se/pxweb/sv/ssd/START__BO__BO0201__BO0201C/PrisPerAreorSM02/
"Lägenheter, antal som prisstatistiken baseras på",Storstadsområdena,brutto,1994,,https://www.statistikdatabasen.scb.se/pxweb/sv/ssd/START__BO__BO0201__BO0201C/PrisPerAreorSM02/
"Lägenheter, antal som prisstatistiken baseras på",Storstadsområdena,brutto,1995,,https://www.statistikdatabasen.scb.se/pxweb/sv/ssd/START__BO__BO0201__BO0201C/PrisPerAreorSM02/
"Lägenheter, antal som prisstatistiken baseras på",Storstadsområdena,brutto,1996,,https://www.statistikdatabasen.scb.se/pxweb/sv/ssd/START__BO__BO0201__BO0201C/PrisPerAreorSM02/
"Lägenheter, antal som prisstatistiken baseras på",Storstadsområdena,brutto,1997,,https://www.statistikdatabasen.scb.se/pxweb/sv/ssd/START__BO__BO0201__BO0201C/PrisPerAreorSM02/
"Lägenheter, antal som prisstatistiken baseras på",Storstadsområdena,brutto,1998,776,https://www.statistikdatabasen.scb.se/pxweb/sv/ssd/START__BO__BO0201__BO0201C/PrisPerAreorSM02/
"Lägenheter, antal som prisstatistiken baseras på",Storstadsområdena,brutto,1999,967,https://www.statistikdatabasen.scb.se/pxweb/sv/ssd/START__BO__BO0201__BO0201C/PrisPerAreorSM02/
"Lägenheter, antal som prisstatistiken baseras på",Storstadsområdena,brutto,2000,1571,https://www.statistikdatabasen.scb.se/pxweb/sv/ssd/START__BO__BO0201__BO0201C/PrisPerAreorSM02/
"Lägenheter, antal som prisstatistiken baseras på",Storstadsområdena,brutto,2001,1332,https://www.statistikdatabasen.scb.se/pxweb/sv/ssd/START__BO__BO0201__BO0201C/PrisPerAreorSM02/
"Lägenheter, antal som prisstatistiken baseras på",Storstadsområdena,brutto,2002,1222,https://www.statistikdatabasen.scb.se/pxweb/sv/ssd/START__BO__BO0201__BO0201C/PrisPerAreorSM02/
"Lägenheter, antal som prisstatistiken baseras på",Storstadsområdena,brutto,2003,1643,https://www.statistikdatabasen.scb.se/pxweb/sv/ssd/START__BO__BO0201__BO0201C/PrisPerAreorSM02/
"Lägenheter, antal som prisstatistiken baseras på",Storstadsområdena,brutto,2004,1802,https://www.statistikdatabasen.scb.se/pxweb/sv/ssd/START__BO__BO0201__BO0201C/PrisPerAreorSM02/
"Lägenheter, antal som prisstatistiken baseras på",Storstadsområdena,brutto,2005,1824,https://www.statistikdatabasen.scb.se/pxweb/sv/ssd/START__BO__BO0201__BO0201C/PrisPerAreorSM02/
"Lägenheter, antal som prisstatistiken baseras på",Storstadsområdena,brutto,2006,1976,https://www.statistikdatabasen.scb.se/pxweb/sv/ssd/START__BO__BO0201__BO0201C/PrisPerAreorSM02/
"Lägenheter, antal som prisstatistiken baseras på",Storstadsområdena,brutto,2007,2278,https://www.statistikdatabasen.scb.se/pxweb/sv/ssd/START__BO__BO0201__BO0201C/PrisPerAreorSM02/
"Lägenheter, antal som prisstatistiken baseras på",Storstadsområdena,brutto,2008,1384,https://www.statistikdatabasen.scb.se/pxweb/sv/ssd/START__BO__BO0201__BO0201C/PrisPerAreorSM02/
"Lägenheter, antal som prisstatistiken baseras på",Storstadsområdena,brutto,2009,869,https://www.statistikdatabasen.scb.se/pxweb/sv/ssd/START__BO__BO0201__BO0201C/PrisPerAreorSM02/
"Lägenheter, antal som prisstatistiken baseras på",Storstadsområdena,brutto,2010,1468,https://www.statistikdatabasen.scb.se/pxweb/sv/ssd/START__BO__BO0201__BO0201C/PrisPerAreorSM02/
"Lägenheter, antal som prisstatistiken baseras på",Storstadsområdena,brutto,2011,1372,https://www.statistikdatabasen.scb.se/pxweb/sv/ssd/START__BO__BO0201__BO0201C/PrisPerAreorSM02/
"Lägenheter, antal som prisstatistiken baseras på",Storstadsområdena,brutto,2012,786,https://www.statistikdatabasen.scb.se/pxweb/sv/ssd/START__BO__BO0201__BO0201C/PrisPerAreorSM02/
"Lägenheter, antal som prisstatistiken baseras på",Storstadsområdena,brutto,2013,1134,https://www.statistikdatabasen.scb.se/pxweb/sv/ssd/START__BO__BO0201__BO0201C/PrisPerAreorSM02/
"Lägenheter, antal som prisstatistiken baseras på",Storstadsområdena,brutto,2014,1754,https://www.statistikdatabasen.scb.se/pxweb/sv/ssd/START__BO__BO0201__BO0201C/PrisPerAreorSM02/
"Lägenheter, antal som prisstatistiken baseras på",Storstadsområdena,brutto,2015,2263,https://www.statistikdatabasen.scb.se/pxweb/sv/ssd/START__BO__BO0201__BO0201C/PrisPerAreorSM02/
"Lägenheter, antal som prisstatistiken baseras på",Storstadsområdena,brutto,2016,2076,https://www.statistikdatabasen.scb.se/pxweb/sv/ssd/START__BO__BO0201__BO0201C/PrisPerAreorSM02/
"Lägenheter, antal som prisstatistiken baseras på",Storstadsområdena,brutto,2017,1774,https://www.statistikdatabasen.scb.se/pxweb/sv/ssd/START__BO__BO0201__BO0201C/PrisPerAreorSM02/
"Lägenheter, antal som prisstatistiken baseras på",Storstadsområdena,brutto,2018,1588,https://www.statistikdatabasen.scb.se/pxweb/sv/ssd/START__BO__BO0201__BO0201C/PrisPerAreorSM02/
"Lägenheter, antal som prisstatistiken baseras på",Storstadsområdena,brutto,2019,1610,https://www.statistikdatabasen.scb.se/pxweb/sv/ssd/START__BO__BO0201__BO0201C/PrisPerAreorSM02/
"Lägenheter, antal som prisstatistiken baseras på",Storstadsområdena,brutto,2020,1232,https://www.statistikdatabasen.scb.se/pxweb/sv/ssd/START__BO__BO0201__BO0201C/PrisPerAreorSM02/
"Lägenheter, antal som prisstatistiken baseras på",Storstadsområdena,brutto,2021,1368,https://www.statistikdatabasen.scb.se/pxweb/sv/ssd/START__BO__BO0201__BO0201C/PrisPerAreorSM02/
"Lägenheter, antal som prisstatistiken baseras på",Storstadsområdena,brutto,2022,1109,https://www.statistikdatabasen.scb.se/pxweb/sv/ssd/START__BO__BO0201__BO0201C/PrisPerAreorSM02/
"Lägenheter, antal som prisstatistiken baseras på",Storstadsområdena,brutto,2023,411,https://www.statistikdatabasen.scb.se/pxweb/sv/ssd/START__BO__BO0201__BO0201C/PrisPerAreorSM02/
"Lägenheter, antal som prisstatistiken baseras på",Storstadsområdena,brutto,2024,352,https://www.statistikdatabasen.scb.se/pxweb/sv/ssd/START__BO__BO0201__BO0201C/PrisPerAreorSM02/
"Bostadsarea/lägenhet, kvm",Storstadsområdena,brutto,1994,,https://www.statistikdatabasen.scb.se/pxweb/sv/ssd/START__BO__BO0201__BO0201C/PrisPerAreorSM02/
"Bostadsarea/lägenhet, kvm",Storstadsområdena,brutto,1995,,https://www.statistikdatabasen.scb.se/pxweb/sv/ssd/START__BO__BO0201__BO0201C/PrisPerAreorSM02/
"Bostadsarea/lägenhet, kvm",Storstadsområdena,brutto,1996,,https://www.statistikdatabasen.scb.se/pxweb/sv/ssd/START__BO__BO0201__BO0201C/PrisPerAreorSM02/
"Bostadsarea/lägenhet, kvm",Storstadsområdena,brutto,1997,,https://www.statistikdatabasen.scb.se/pxweb/sv/ssd/START__BO__BO0201__BO0201C/PrisPerAreorSM02/
"Bostadsarea/lägenhet, kvm",Storstadsområdena,brutto,1998,105.7,https://www.statistikdatabasen.scb.se/pxweb/sv/ssd/START__BO__BO0201__BO0201C/PrisPerAreorSM02/
"Bostadsarea/lägenhet, kvm",Storstadsområdena,brutto,1999,105.2,https://www.statistikdatabasen.scb.se/pxweb/sv/ssd/START__BO__BO0201__BO0201C/PrisPerAreorSM02/
"Bostadsarea/lägenhet, kvm",Storstadsområdena,brutto,2000,121.5,https://www.statistikdatabasen.scb.se/pxweb/sv/ssd/START__BO__BO0201__BO0201C/PrisPerAreorSM02/
"Bostadsarea/lägenhet, kvm",Storstadsområdena,brutto,2001,123,https://www.statistikdatabasen.scb.se/pxweb/sv/ssd/START__BO__BO0201__BO0201C/PrisPerAreorSM02/
"Bostadsarea/lägenhet, kvm",Storstadsområdena,brutto,2002,127.9,https://www.statistikdatabasen.scb.se/pxweb/sv/ssd/START__BO__BO0201__BO0201C/PrisPerAreorSM02/
"Bostadsarea/lägenhet, kvm",Storstadsområdena,brutto,2003,121.2,https://www.statistikdatabasen.scb.se/pxweb/sv/ssd/START__BO__BO0201__BO0201C/PrisPerAreorSM02/
"Bostadsarea/lägenhet, kvm",Storstadsområdena,brutto,2004,123.4,https://www.statistikdatabasen.scb.se/pxweb/sv/ssd/START__BO__BO0201__BO0201C/PrisPerAreorSM02/
"Bostadsarea/lägenhet, kvm",Storstadsområdena,brutto,2005,128.1,https://www.statistikdatabasen.scb.se/pxweb/sv/ssd/START__BO__BO0201__BO0201C/PrisPerAreorSM02/
"Bostadsarea/lägenhet, kvm",Storstadsområdena,brutto,2006,131.7,https://www.statistikdatabasen.scb.se/pxweb/sv/ssd/START__BO__BO0201__BO0201C/PrisPerAreorSM02/
"Bostadsarea/lägenhet, kvm",Storstadsområdena,brutto,2007,128.7,https://www.statistikdatabasen.scb.se/pxweb/sv/ssd/START__BO__BO0201__BO0201C/PrisPerAreorSM02/
"Bostadsarea/lägenhet, kvm",Storstadsområdena,brutto,2008,135.4,https://www.statistikdatabasen.scb.se/pxweb/sv/ssd/START__BO__BO0201__BO0201C/PrisPerAreorSM02/
"Bostadsarea/lägenhet, kvm",Storstadsområdena,brutto,2009,136.1,https://www.statistikdatabasen.scb.se/pxweb/sv/ssd/START__BO__BO0201__BO0201C/PrisPerAreorSM02/
"Bostadsarea/lägenhet, kvm",Storstadsområdena,brutto,2010,134.7,https://www.statistikdatabasen.scb.se/pxweb/sv/ssd/START__BO__BO0201__BO0201C/PrisPerAreorSM02/
"Bostadsarea/lägenhet, kvm",Storstadsområdena,brutto,2011,137,https://www.statistikdatabasen.scb.se/pxweb/sv/ssd/START__BO__BO0201__BO0201C/PrisPerAreorSM02/
"Bostadsarea/lägenhet, kvm",Storstadsområdena,brutto,2012,131.3,https://www.statistikdatabasen.scb.se/pxweb/sv/ssd/START__BO__BO0201__BO0201C/PrisPerAreorSM02/
"Bostadsarea/lägenhet, kvm",Storstadsområdena,brutto,2013,132.2,https://www.statistikdatabasen.scb.se/pxweb/sv/ssd/START__BO__BO0201__BO0201C/PrisPerAreorSM02/
"Bostadsarea/lägenhet, kvm",Storstadsområdena,brutto,2014,128.6,https://www.statistikdatabasen.scb.se/pxweb/sv/ssd/START__BO__BO0201__BO0201C/PrisPerAreorSM02/
"Bostadsarea/lägenhet, kvm",Storstadsområdena,brutto,2015,127,https://www.statistikdatabasen.scb.se/pxweb/sv/ssd/START__BO__BO0201__BO0201C/PrisPerAreorSM02/
"Bostadsarea/lägenhet, kvm",Storstadsområdena,brutto,2016,125,https://www.statistikdatabasen.scb.se/pxweb/sv/ssd/START__BO__BO0201__BO0201C/PrisPerAreorSM02/
"Bostadsarea/lägenhet, kvm",Storstadsområdena,brutto,2017,131.6,https://www.statistikdatabasen.scb.se/pxweb/sv/ssd/START__BO__BO0201__BO0201C/PrisPerAreorSM02/
"Bostadsarea/lägenhet, kvm",Storstadsområdena,brutto,2018,109.8,https://www.statistikdatabasen.scb.se/pxweb/sv/ssd/START__BO__BO0201__BO0201C/PrisPerAreorSM02/
"Bostadsarea/lägenhet, kvm",Storstadsområdena,brutto,2019,119.7,https://www.statistikdatabasen.scb.se/pxweb/sv/ssd/START__BO__BO0201__BO0201C/PrisPerAreorSM02/
"Bostadsarea/lägenhet, kvm",Storstadsområdena,brutto,2020,120.8,https://www.statistikdatabasen.scb.se/pxweb/sv/ssd/START__BO__BO0201__BO0201C/PrisPerAreorSM02/
"Bostadsarea/lägenhet, kvm",Storstadsområdena,brutto,2021,116,https://www.statistikdatabasen.scb.se/pxweb/sv/ssd/START__BO__BO0201__BO0201C/PrisPerAreorSM02/
"Bostadsarea/lägenhet, kvm",Storstadsområdena,brutto,2022,117.1,https://www.statistikdatabasen.scb.se/pxweb/sv/ssd/START__BO__BO0201__BO0201C/PrisPerAreorSM02/
"Bostadsarea/lägenhet, kvm",Storstadsområdena,brutto,2023,129.5,https://www.statistikdatabasen.scb.se/pxweb/sv/ssd/START__BO__BO0201__BO0201C/PrisPerAreorSM02/
"Bostadsarea/lägenhet, kvm",Storstadsområdena,brutto,2024,121.8,https://www.statistikdatabasen.scb.se/pxweb/sv/ssd/START__BO__BO0201__BO0201C/PrisPerAreorSM02/
"Markpris/bostadsarea, kr",Storstadsområdena,brutto,1994,,https://www.statistikdatabasen.scb.se/pxweb/sv/ssd/START__BO__BO0201__BO0201C/PrisPerAreorSM02/
"Markpris/bostadsarea, kr",Storstadsområdena,brutto,1995,,https://www.statistikdatabasen.scb.se/pxweb/sv/ssd/START__BO__BO0201__BO0201C/PrisPerAreorSM02/
"Markpris/bostadsarea, kr",Storstadsområdena,brutto,1996,,https://www.statistikdatabasen.scb.se/pxweb/sv/ssd/START__BO__BO0201__BO0201C/PrisPerAreorSM02/
"Markpris/bostadsarea, kr",Storstadsområdena,brutto,1997,,https://www.statistikdatabasen.scb.se/pxweb/sv/ssd/START__BO__BO0201__BO0201C/PrisPerAreorSM02/
"Markpris/bostadsarea, kr",Storstadsområdena,brutto,1998,2259,https://www.statistikdatabasen.scb.se/pxweb/sv/ssd/START__BO__BO0201__BO0201C/PrisPerAreorSM02/
"Markpris/bostadsarea, kr",Storstadsområdena,brutto,1999,1912,https://www.statistikdatabasen.scb.se/pxweb/sv/ssd/START__BO__BO0201__BO0201C/PrisPerAreorSM02/
"Markpris/bostadsarea, kr",Storstadsområdena,brutto,2000,3168,https://www.statistikdatabasen.scb.se/pxweb/sv/ssd/START__BO__BO0201__BO0201C/PrisPerAreorSM02/
"Markpris/bostadsarea, kr",Storstadsområdena,brutto,2001,2973,https://www.statistikdatabasen.scb.se/pxweb/sv/ssd/START__BO__BO0201__BO0201C/PrisPerAreorSM02/
"Markpris/bostadsarea, kr",Storstadsområdena,brutto,2002,3232,https://www.statistikdatabasen.scb.se/pxweb/sv/ssd/START__BO__BO0201__BO0201C/PrisPerAreorSM02/
"Markpris/bostadsarea, kr",Storstadsområdena,brutto,2003,3765,https://www.statistikdatabasen.scb.se/pxweb/sv/ssd/START__BO__BO0201__BO0201C/PrisPerAreorSM02/
"Markpris/bostadsarea, kr",Storstadsområdena,brutto,2004,3865,https://www.statistikdatabasen.scb.se/pxweb/sv/ssd/START__BO__BO0201__BO0201C/PrisPerAreorSM02/
"Markpris/bostadsarea, kr",Storstadsområdena,brutto,2005,4172,https://www.statistikdatabasen.scb.se/pxweb/sv/ssd/START__BO__BO0201__BO0201C/PrisPerAreorSM02/
"Markpris/bostadsarea, kr",Storstadsområdena,brutto,2006,4277,https://www.statistikdatabasen.scb.se/pxweb/sv/ssd/START__BO__BO0201__BO0201C/PrisPerAreorSM02/
"Markpris/bostadsarea, kr",Storstadsområdena,brutto,2007,5298,https://www.statistikdatabasen.scb.se/pxweb/sv/ssd/START__BO__BO0201__BO0201C/PrisPerAreorSM02/
"Markpris/bostadsarea, kr",Storstadsområdena,brutto,2008,6391,https://www.statistikdatabasen.scb.se/pxweb/sv/ssd/START__BO__BO0201__BO0201C/PrisPerAreorSM02/
"Markpris/bostadsarea, kr",Storstadsområdena,brutto,2009,6671,https://www.statistikdatabasen.scb.se/pxweb/sv/ssd/START__BO__BO0201__BO0201C/PrisPerAreorSM02/
"Markpris/bostadsarea, kr",Storstadsområdena,brutto,2010,7113,https://www.statistikdatabasen.scb.se/pxweb/sv/ssd/START__BO__BO0201__BO0201C/PrisPerAreorSM02/
"Markpris/bostadsarea, kr",Storstadsområdena,brutto,2011,9094,https://www.statistikdatabasen.scb.se/pxweb/sv/ssd/START__BO__BO0201__BO0201C/PrisPerAreorSM02/
"Markpris/bostadsarea, kr",Storstadsområdena,brutto,2012,7835,https://www.statistikdatabasen.scb.se/pxweb/sv/ssd/START__BO__BO0201__BO0201C/PrisPerAreorSM02/
"Markpris/bostadsarea, kr",Storstadsområdena,brutto,2013,9713,https://www.statistikdatabasen.scb.se/pxweb/sv/ssd/START__BO__BO0201__BO0201C/PrisPerAreorSM02/
"Markpris/bostadsarea, kr",Storstadsområdena,brutto,2014,10222,https://www.statistikdatabasen.scb.se/pxweb/sv/ssd/START__BO__BO0201__BO0201C/PrisPerAreorSM02/
"Markpris/bostadsarea, kr",Storstadsområdena,brutto,2015,9580,https://www.statistikdatabasen.scb.se/pxweb/sv/ssd/START__BO__BO0201__BO0201C/PrisPerAreorSM02/
"Markpris/bostadsarea, kr",Storstadsområdena,brutto,2016,11627,https://www.statistikdatabasen.scb.se/pxweb/sv/ssd/START__BO__BO0201__BO0201C/PrisPerAreorSM02/
"Markpris/bostadsarea, kr",Storstadsområdena,brutto,2017,10347,https://www.statistikdatabasen.scb.se/pxweb/sv/ssd/START__BO__BO0201__BO0201C/PrisPerAreorSM02/
"Markpris/bostadsarea, kr",Storstadsområdena,brutto,2018,14008,https://www.statistikdatabasen.scb.se/pxweb/sv/ssd/START__BO__BO0201__BO0201C/PrisPerAreorSM02/
"Markpris/bostadsarea, kr",Storstadsområdena,brutto,2019,12729,https://www.statistikdatabasen.scb.se/pxweb/sv/ssd/START__BO__BO0201__BO0201C/PrisPerAreorSM02/
"Markpris/bostadsarea, kr",Storstadsområdena,brutto,2020,11550,https://www.statistikdatabasen.scb.se/pxweb/sv/ssd/START__BO__BO0201__BO0201C/PrisPerAreorSM02/
"Markpris/bostadsarea, kr",Storstadsområdena,brutto,2021,11714,https://www.statistikdatabasen.scb.se/pxweb/sv/ssd/START__BO__BO0201__BO0201C/PrisPerAreorSM02/
"Markpris/bostadsarea, kr",Storstadsområdena,brutto,2022,11646,https://www.statistikdatabasen.scb.se/pxweb/sv/ssd/START__BO__BO0201__BO0201C/PrisPerAreorSM02/
"Markpris/bostadsarea, kr",Storstadsområdena,brutto,2023,11709,https://www.statistikdatabasen.scb.se/pxweb/sv/ssd/START__BO__BO0201__BO0201C/PrisPerAreorSM02/
"Markpris/bostadsarea, kr",Storstadsområdena,brutto,2024,13736,https://www.statistikdatabasen.scb.se/pxweb/sv/ssd/START__BO__BO0201__BO0201C/PrisPerAreorSM02/
"Byggnadspris/bostadsarea, kr",Storstadsområdena,brutto,1994,,https://www.statistikdatabasen.scb.se/pxweb/sv/ssd/START__BO__BO0201__BO0201C/PrisPerAreorSM02/
"Byggnadspris/bostadsarea, kr",Storstadsområdena,brutto,1995,,https://www.statistikdatabasen.scb.se/pxweb/sv/ssd/START__BO__BO0201__BO0201C/PrisPerAreorSM02/
"Byggnadspris/bostadsarea, kr",Storstadsområdena,brutto,1996,,https://www.statistikdatabasen.scb.se/pxweb/sv/ssd/START__BO__BO0201__BO0201C/PrisPerAreorSM02/
"Byggnadspris/bostadsarea, kr",Storstadsområdena,brutto,1997,,https://www.statistikdatabasen.scb.se/pxweb/sv/ssd/START__BO__BO0201__BO0201C/PrisPerAreorSM02/
"Byggnadspris/bostadsarea, kr",Storstadsområdena,brutto,1998,10660,https://www.statistikdatabasen.scb.se/pxweb/sv/ssd/START__BO__BO0201__BO0201C/PrisPerAreorSM02/
"Byggnadspris/bostadsarea, kr",Storstadsområdena,brutto,1999,11324,https://www.statistikdatabasen.scb.se/pxweb/sv/ssd/START__BO__BO0201__BO0201C/PrisPerAreorSM02/
"Byggnadspris/bostadsarea, kr",Storstadsområdena,brutto,2000,14250,https://www.statistikdatabasen.scb.se/pxweb/sv/ssd/START__BO__BO0201__BO0201C/PrisPerAreorSM02/
"Byggnadspris/bostadsarea, kr",Storstadsområdena,brutto,2001,14434,https://www.statistikdatabasen.scb.se/pxweb/sv/ssd/START__BO__BO0201__BO0201C/PrisPerAreorSM02/
"Byggnadspris/bostadsarea, kr",Storstadsområdena,brutto,2002,14289,https://www.statistikdatabasen.scb.se/pxweb/sv/ssd/START__BO__BO0201__BO0201C/PrisPerAreorSM02/
"Byggnadspris/bostadsarea, kr",Storstadsområdena,brutto,2003,15565,https://www.statistikdatabasen.scb.se/pxweb/sv/ssd/START__BO__BO0201__BO0201C/PrisPerAreorSM02/
"Byggnadspris/bostadsarea, kr",Storstadsområdena,brutto,2004,16948,https://www.statistikdatabasen.scb.se/pxweb/sv/ssd/START__BO__BO0201__BO0201C/PrisPerAreorSM02/
"Byggnadspris/bostadsarea, kr",Storstadsområdena,brutto,2005,16828,https://www.statistikdatabasen.scb.se/pxweb/sv/ssd/START__BO__BO0201__BO0201C/PrisPerAreorSM02/
"Byggnadspris/bostadsarea, kr",Storstadsområdena,brutto,2006,17481,https://www.statistikdatabasen.scb.se/pxweb/sv/ssd/START__BO__BO0201__BO0201C/PrisPerAreorSM02/
"Byggnadspris/bostadsarea, kr",Storstadsområdena,brutto,2007,19829,https://www.statistikdatabasen.scb.se/pxweb/sv/ssd/START__BO__BO0201__BO0201C/PrisPerAreorSM02/
"Byggnadspris/bostadsarea, kr",Storstadsområdena,brutto,2008,21079,https://www.statistikdatabasen.scb.se/pxweb/sv/ssd/START__BO__BO0201__BO0201C/PrisPerAreorSM02/
"Byggnadspris/bostadsarea, kr",Storstadsområdena,brutto,2009,21544,https://www.statistikdatabasen.scb.se/pxweb/sv/ssd/START__BO__BO0201__BO0201C/PrisPerAreorSM02/
"Byggnadspris/bostadsarea, kr",Storstadsområdena,brutto,2010,21266,https://www.statistikdatabasen.scb.se/pxweb/sv/ssd/START__BO__BO0201__BO0201C/PrisPerAreorSM02/
"Byggnadspris/bostadsarea, kr",Storstadsområdena,brutto,2011,21578,https://www.statistikdatabasen.scb.se/pxweb/sv/ssd/START__BO__BO0201__BO0201C/PrisPerAreorSM02/
"Byggnadspris/bostadsarea, kr",Storstadsområdena,brutto,2012,21359,https://www.statistikdatabasen.scb.se/pxweb/sv/ssd/START__BO__BO0201__BO0201C/PrisPerAreorSM02/
"Byggnadspris/bostadsarea, kr",Storstadsområdena,brutto,2013,22248,https://www.statistikdatabasen.scb.se/pxweb/sv/ssd/START__BO__BO0201__BO0201C/PrisPerAreorSM02/
"Byggnadspris/bostadsarea, kr",Storstadsområdena,brutto,2014,24402,https://www.statistikdatabasen.scb.se/pxweb/sv/ssd/START__BO__BO0201__BO0201C/PrisPerAreorSM02/
"Byggnadspris/bostadsarea, kr",Storstadsområdena,brutto,2015,24606,https://www.statistikdatabasen.scb.se/pxweb/sv/ssd/START__BO__BO0201__BO0201C/PrisPerAreorSM02/
"Byggnadspris/bostadsarea, kr",Storstadsområdena,brutto,2016,28010,https://www.statistikdatabasen.scb.se/pxweb/sv/ssd/START__BO__BO0201__BO0201C/PrisPerAreorSM02/
"Byggnadspris/bostadsarea, kr",Storstadsområdena,brutto,2017,28722,https://www.statistikdatabasen.scb.se/pxweb/sv/ssd/START__BO__BO0201__BO0201C/PrisPerAreorSM02/
"Byggnadspris/bostadsarea, kr",Storstadsområdena,brutto,2018,27608,https://www.statistikdatabasen.scb.se/pxweb/sv/ssd/START__BO__BO0201__BO0201C/PrisPerAreorSM02/
"Byggnadspris/bostadsarea, kr",Storstadsområdena,brutto,2019,26727,https://www.statistikdatabasen.scb.se/pxweb/sv/ssd/START__BO__BO0201__BO0201C/PrisPerAreorSM02/
"Byggnadspris/bostadsarea, kr",Storstadsområdena,brutto,2020,29599,https://www.statistikdatabasen.scb.se/pxweb/sv/ssd/START__BO__BO0201__BO0201C/PrisPerAreorSM02/
"Byggnadspris/bostadsarea, kr",Storstadsområdena,brutto,2021,30207,https://www.statistikdatabasen.scb.se/pxweb/sv/ssd/START__BO__BO0201__BO0201C/PrisPerAreorSM02/
"Byggnadspris/bostadsarea, kr",Storstadsområdena,brutto,2022,33129,https://www.statistikdatabasen.scb.se/pxweb/sv/ssd/START__BO__BO0201__BO0201C/PrisPerAreorSM02/
"Byggnadspris/bostadsarea, kr",Storstadsområdena,brutto,2023,29884,https://www.statistikdatabasen.scb.se/pxweb/sv/ssd/START__BO__BO0201__BO0201C/PrisPerAreorSM02/
"Byggnadspris/bostadsarea, kr",Storstadsområdena,brutto,2024,38350,https://www.statistikdatabasen.scb.se/pxweb/sv/ssd/START__BO__BO0201__BO0201C/PrisPerAreorSM02/
"Totalt produktionspris/bostadsarea, kr",Storstadsområdena,brutto,1994,,https://www.statistikdatabasen.scb.se/pxweb/sv/ssd/START__BO__BO0201__BO0201C/PrisPerAreorSM02/
"Totalt produktionspris/bostadsarea, kr",Storstadsområdena,brutto,1995,,https://www.statistikdatabasen.scb.se/pxweb/sv/ssd/START__BO__BO0201__BO0201C/PrisPerAreorSM02/
"Totalt produktionspris/bostadsarea, kr",Storstadsområdena,brutto,1996,,https://www.statistikdatabasen.scb.se/pxweb/sv/ssd/START__BO__BO0201__BO0201C/PrisPerAreorSM02/
"Totalt produktionspris/bostadsarea, kr",Storstadsområdena,brutto,1997,,https://www.statistikdatabasen.scb.se/pxweb/sv/ssd/START__BO__BO0201__BO0201C/PrisPerAreorSM02/
"Totalt produktionspris/bostadsarea, kr",Storstadsområdena,brutto,1998,12919,https://www.statistikdatabasen.scb.se/pxweb/sv/ssd/START__BO__BO0201__BO0201C/PrisPerAreorSM02/
"Totalt produktionspris/bostadsarea, kr",Storstadsområdena,brutto,1999,13236,https://www.statistikdatabasen.scb.se/pxweb/sv/ssd/START__BO__BO0201__BO0201C/PrisPerAreorSM02/
"Totalt produktionspris/bostadsarea, kr",Storstadsområdena,brutto,2000,17418,https://www.statistikdatabasen.scb.se/pxweb/sv/ssd/START__BO__BO0201__BO0201C/PrisPerAreorSM02/
"Totalt produktionspris/bostadsarea, kr",Storstadsområdena,brutto,2001,17406,https://www.statistikdatabasen.scb.se/pxweb/sv/ssd/START__BO__BO0201__BO0201C/PrisPerAreorSM02/
"Totalt produktionspris/bostadsarea, kr",Storstadsområdena,brutto,2002,17521,https://www.statistikdatabasen.scb.se/pxweb/sv/ssd/START__BO__BO0201__BO0201C/PrisPerAreorSM02/
"Totalt produktionspris/bostadsarea, kr",Storstadsområdena,brutto,2003,19330,https://www.statistikdatabasen.scb.se/pxweb/sv/ssd/START__BO__BO0201__BO0201C/PrisPerAreorSM02/
"Totalt produktionspris/bostadsarea, kr",Storstadsområdena,brutto,2004,20813,https://www.statistikdatabasen.scb.se/pxweb/sv/ssd/START__BO__BO0201__BO0201C/PrisPerAreorSM02/
"Totalt produktionspris/bostadsarea, kr",Storstadsområdena,brutto,2005,21000,https://www.statistikdatabasen.scb.se/pxweb/sv/ssd/START__BO__BO0201__BO0201C/PrisPerAreorSM02/
"Totalt produktionspris/bostadsarea, kr",Storstadsområdena,brutto,2006,21758,https://www.statistikdatabasen.scb.se/pxweb/sv/ssd/START__BO__BO0201__BO0201C/PrisPerAreorSM02/
"Totalt produktionspris/bostadsarea, kr",Storstadsområdena,brutto,2007,25127,https://www.statistikdatabasen.scb.se/pxweb/sv/ssd/START__BO__BO0201__BO0201C/PrisPerAreorSM02/
"Totalt produktionspris/bostadsarea, kr",Storstadsområdena,brutto,2008,27469,https://www.statistikdatabasen.scb.se/pxweb/sv/ssd/START__BO__BO0201__BO0201C/PrisPerAreorSM02/
"Totalt produktionspris/bostadsarea, kr",Storstadsområdena,brutto,2009,28214,https://www.statistikdatabasen.scb.se/pxweb/sv/ssd/START__BO__BO0201__BO0201C/PrisPerAreorSM02/
"Totalt produktionspris/bostadsarea, kr",Storstadsområdena,brutto,2010,28379,https://www.statistikdatabasen.scb.se/pxweb/sv/ssd/START__BO__BO0201__BO0201C/PrisPerAreorSM02/
"Totalt produktionspris/bostadsarea, kr",Storstadsområdena,brutto,2011,30671,https://www.statistikdatabasen.scb.se/pxweb/sv/ssd/START__BO__BO0201__BO0201C/PrisPerAreorSM02/
"Totalt produktionspris/bostadsarea, kr",Storstadsområdena,brutto,2012,29193,https://www.statistikdatabasen.scb.se/pxweb/sv/ssd/START__BO__BO0201__BO0201C/PrisPerAreorSM02/
"Totalt produktionspris/bostadsarea, kr",Storstadsområdena,brutto,2013,31961,https://www.statistikdatabasen.scb.se/pxweb/sv/ssd/START__BO__BO0201__BO0201C/PrisPerAreorSM02/
"Totalt produktionspris/bostadsarea, kr",Storstadsområdena,brutto,2014,34624,https://www.statistikdatabasen.scb.se/pxweb/sv/ssd/START__BO__BO0201__BO0201C/PrisPerAreorSM02/
"Totalt produktionspris/bostadsarea, kr",Storstadsområdena,brutto,2015,34185,https://www.statistikdatabasen.scb.se/pxweb/sv/ssd/START__BO__BO0201__BO0201C/PrisPerAreorSM02/
"Totalt produktionspris/bostadsarea, kr",Storstadsområdena,brutto,2016,39637,https://www.statistikdatabasen.scb.se/pxweb/sv/ssd/START__BO__BO0201__BO0201C/PrisPerAreorSM02/
"Totalt produktionspris/bostadsarea, kr",Storstadsområdena,brutto,2017,39069,https://www.statistikdatabasen.scb.se/pxweb/sv/ssd/START__BO__BO0201__BO0201C/PrisPerAreorSM02/
"Totalt produktionspris/bostadsarea, kr",Storstadsområdena,brutto,2018,41616,https://www.statistikdatabasen.scb.se/pxweb/sv/ssd/START__BO__BO0201__BO0201C/PrisPerAreorSM02/
"Totalt produktionspris/bostadsarea, kr",Storstadsområdena,brutto,2019,39456,https://www.statistikdatabasen.scb.se/pxweb/sv/ssd/START__BO__BO0201__BO0201C/PrisPerAreorSM02/
"Totalt produktionspris/bostadsarea, kr",Storstadsområdena,brutto,2020,41149,https://www.statistikdatabasen.scb.se/pxweb/sv/ssd/START__BO__BO0201__BO0201C/PrisPerAreorSM02/
"Totalt produktionspris/bostadsarea, kr",Storstadsområdena,brutto,2021,41921,https://www.statistikdatabasen.scb.se/pxweb/sv/ssd/START__BO__BO0201__BO0201C/PrisPerAreorSM02/
"Totalt produktionspris/bostadsarea, kr",Storstadsområdena,brutto,2022,44775,https://www.statistikdatabasen.scb.se/pxweb/sv/ssd/START__BO__BO0201__BO0201C/PrisPerAreorSM02/
"Totalt produktionspris/bostadsarea, kr",Storstadsområdena,brutto,2023,41594,https://www.statistikdatabasen.scb.se/pxweb/sv/ssd/START__BO__BO0201__BO0201C/PrisPerAreorSM02/
"Totalt produktionspris/bostadsarea, kr",Storstadsområdena,brutto,2024,52086,https://www.statistikdatabasen.scb.se/pxweb/sv/ssd/START__BO__BO0201__BO0201C/PrisPerAreorSM02/
"Byggnadsobjekt, antal som prisstatistiken baseras på",Storstadsområdena,netto,1994,205,https://www.statistikdatabasen.scb.se/pxweb/sv/ssd/START__BO__BO0201__BO0201C/PrisPerAreorSM02/
"Byggnadsobjekt, antal som prisstatistiken baseras på",Storstadsområdena,netto,1995,268,https://www.statistikdatabasen.scb.se/pxweb/sv/ssd/START__BO__BO0201__BO0201C/PrisPerAreorSM02/
"Byggnadsobjekt, antal som prisstatistiken baseras på",Storstadsområdena,netto,1996,419,https://www.statistikdatabasen.scb.se/pxweb/sv/ssd/START__BO__BO0201__BO0201C/PrisPerAreorSM02/
"Byggnadsobjekt, antal som prisstatistiken baseras på",Storstadsområdena,netto,1997,219,https://www.statistikdatabasen.scb.se/pxweb/sv/ssd/START__BO__BO0201__BO0201C/PrisPerAreorSM02/
"Byggnadsobjekt, antal som prisstatistiken baseras på",Storstadsområdena,netto,1998,206,https://www.statistikdatabasen.scb.se/pxweb/sv/ssd/START__BO__BO0201__BO0201C/PrisPerAreorSM02/
"Byggnadsobjekt, antal som prisstatistiken baseras på",Storstadsområdena,netto,1999,136,https://www.statistikdatabasen.scb.se/pxweb/sv/ssd/START__BO__BO0201__BO0201C/PrisPerAreorSM02/
"Byggnadsobjekt, antal som prisstatistiken baseras på",Storstadsområdena,netto,2000,176,https://www.statistikdatabasen.scb.se/pxweb/sv/ssd/START__BO__BO0201__BO0201C/PrisPerAreorSM02/
"Byggnadsobjekt, antal som prisstatistiken baseras på",Storstadsområdena,netto,2001,157,https://www.statistikdatabasen.scb.se/pxweb/sv/ssd/START__BO__BO0201__BO0201C/PrisPerAreorSM02/
"Byggnadsobjekt, antal som prisstatistiken baseras på",Storstadsområdena,netto,2002,135,https://www.statistikdatabasen.scb.se/pxweb/sv/ssd/START__BO__BO0201__BO0201C/PrisPerAreorSM02/
"Byggnadsobjekt, antal som prisstatistiken baseras på",Storstadsområdena,netto,2003,138,https://www.statistikdatabasen.scb.se/pxweb/sv/ssd/START__BO__BO0201__BO0201C/PrisPerAreorSM02/
"Byggnadsobjekt, antal som prisstatistiken baseras på",Storstadsområdena,netto,2004,164,https://www.statistikdatabasen.scb.se/pxweb/sv/ssd/START__BO__BO0201__BO0201C/PrisPerAreorSM02/
"Byggnadsobjekt, antal som prisstatistiken baseras på",Storstadsområdena,netto,2005,179,https://www.statistikdatabasen.scb.se/pxweb/sv/ssd/START__BO__BO0201__BO0201C/PrisPerAreorSM02/
"Byggnadsobjekt, antal som prisstatistiken baseras på",Storstadsområdena,netto,2006,177,https://www.statistikdatabasen.scb.se/pxweb/sv/ssd/START__BO__BO0201__BO0201C/PrisPerAreorSM02/
"Byggnadsobjekt, antal som prisstatistiken baseras på",Storstadsområdena,netto,2007,201,https://www.statistikdatabasen.scb.se/pxweb/sv/ssd/START__BO__BO0201__BO0201C/PrisPerAreorSM02/
"Byggnadsobjekt, antal som prisstatistiken baseras på",Storstadsområdena,netto,2008,209,https://www.statistikdatabasen.scb.se/pxweb/sv/ssd/START__BO__BO0201__BO0201C/PrisPerAreorSM02/
"Byggnadsobjekt, antal som prisstatistiken baseras på",Storstadsområdena,netto,2009,143,https://www.statistikdatabasen.scb.se/pxweb/sv/ssd/START__BO__BO0201__BO0201C/PrisPerAreorSM02/
"Byggnadsobjekt, antal som prisstatistiken baseras på",Storstadsområdena,netto,2010,198,https://www.statistikdatabasen.scb.se/pxweb/sv/ssd/START__BO__BO0201__BO0201C/PrisPerAreorSM02/
"Byggnadsobjekt, antal som prisstatistiken baseras på",Storstadsområdena,netto,2011,159,https://www.statistikdatabasen.scb.se/pxweb/sv/ssd/START__BO__BO0201__BO0201C/PrisPerAreorSM02/
"Byggnadsobjekt, antal som prisstatistiken baseras på",Storstadsområdena,netto,2012,106,https://www.statistikdatabasen.scb.se/pxweb/sv/ssd/START__BO__BO0201__BO0201C/PrisPerAreorSM02/
"Byggnadsobjekt, antal som prisstatistiken baseras på",Storstadsområdena,netto,2013,223,https://www.statistikdatabasen.scb.se/pxweb/sv/ssd/START__BO__BO0201__BO0201C/PrisPerAreorSM02/
"Byggnadsobjekt, antal som prisstatistiken baseras på",Storstadsområdena,netto,2014,324,https://www.statistikdatabasen.scb.se/pxweb/sv/ssd/START__BO__BO0201__BO0201C/PrisPerAreorSM02/
"Byggnadsobjekt, antal som prisstatistiken baseras på",Storstadsområdena,netto,2015,309,https://www.statistikdatabasen.scb.se/pxweb/sv/ssd/START__BO__BO0201__BO0201C/PrisPerAreorSM02/
"Byggnadsobjekt, antal som prisstatistiken baseras på",Storstadsområdena,netto,2016,337,https://www.statistikdatabasen.scb.se/pxweb/sv/ssd/START__BO__BO0201__BO0201C/PrisPerAreorSM02/
"Byggnadsobjekt, antal som prisstatistiken baseras på",Storstadsområdena,netto,2017,244,https://www.statistikdatabasen.scb.se/pxweb/sv/ssd/START__BO__BO0201__BO0201C/PrisPerAreorSM02/
"Byggnadsobjekt, antal som prisstatistiken baseras på",Storstadsområdena,netto,2018,163,https://www.statistikdatabasen.scb.se/pxweb/sv/ssd/START__BO__BO0201__BO0201C/PrisPerAreorSM02/
"Byggnadsobjekt, antal som prisstatistiken baseras på",Storstadsområdena,netto,2019,139,https://www.statistikdatabasen.scb.se/pxweb/sv/ssd/START__BO__BO0201__BO0201C/PrisPerAreorSM02/
"Byggnadsobjekt, antal som prisstatistiken baseras på",Storstadsområdena,netto,2020,125,https://www.statistikdatabasen.scb.se/pxweb/sv/ssd/START__BO__BO0201__BO0201C/PrisPerAreorSM02/
"Byggnadsobjekt, antal som prisstatistiken baseras på",Storstadsområdena,netto,2021,137,https://www.statistikdatabasen.scb.se/pxweb/sv/ssd/START__BO__BO0201__BO0201C/PrisPerAreorSM02/
"Byggnadsobjekt, antal som prisstatistiken baseras på",Storstadsområdena,netto,2022,130,https://www.statistikdatabasen.scb.se/pxweb/sv/ssd/START__BO__BO0201__BO0201C/PrisPerAreorSM02/
"Byggnadsobjekt, antal som prisstatistiken baseras på",Storstadsområdena,netto,2023,59,https://www.statistikdatabasen.scb.se/pxweb/sv/ssd/START__BO__BO0201__BO0201C/PrisPerAreorSM02/
"Byggnadsobjekt, antal som prisstatistiken baseras på",Storstadsområdena,netto,2024,58,https://www.statistikdatabasen.scb.se/pxweb/sv/ssd/START__BO__BO0201__BO0201C/PrisPerAreorSM02/
"Lägenheter, antal som prisstatistiken baseras på",Storstadsområdena,netto,1994,503,https://www.statistikdatabasen.scb.se/pxweb/sv/ssd/START__BO__BO0201__BO0201C/PrisPerAreorSM02/
"Lägenheter, antal som prisstatistiken baseras på",Storstadsområdena,netto,1995,675,https://www.statistikdatabasen.scb.se/pxweb/sv/ssd/START__BO__BO0201__BO0201C/PrisPerAreorSM02/
"Lägenheter, antal som prisstatistiken baseras på",Storstadsområdena,netto,1996,1514,https://www.statistikdatabasen.scb.se/pxweb/sv/ssd/START__BO__BO0201__BO0201C/PrisPerAreorSM02/
"Lägenheter, antal som prisstatistiken baseras på",Storstadsområdena,netto,1997,795,https://www.statistikdatabasen.scb.se/pxweb/sv/ssd/START__BO__BO0201__BO0201C/PrisPerAreorSM02/
"Lägenheter, antal som prisstatistiken baseras på",Storstadsområdena,netto,1998,776,https://www.statistikdatabasen.scb.se/pxweb/sv/ssd/START__BO__BO0201__BO0201C/PrisPerAreorSM02/
"Lägenheter, antal som prisstatistiken baseras på",Storstadsområdena,netto,1999,967,https://www.statistikdatabasen.scb.se/pxweb/sv/ssd/START__BO__BO0201__BO0201C/PrisPerAreorSM02/
"Lägenheter, antal som prisstatistiken baseras på",Storstadsområdena,netto,2000,1571,https://www.statistikdatabasen.scb.se/pxweb/sv/ssd/START__BO__BO0201__BO0201C/PrisPerAreorSM02/
"Lägenheter, antal som prisstatistiken baseras på",Storstadsområdena,netto,2001,1332,https://www.statistikdatabasen.scb.se/pxweb/sv/ssd/START__BO__BO0201__BO0201C/PrisPerAreorSM02/
"Lägenheter, antal som prisstatistiken baseras på",Storstadsområdena,netto,2002,1222,https://www.statistikdatabasen.scb.se/pxweb/sv/ssd/START__BO__BO0201__BO0201C/PrisPerAreorSM02/
"Lägenheter, antal som prisstatistiken baseras på",Storstadsområdena,netto,2003,1643,https://www.statistikdatabasen.scb.se/pxweb/sv/ssd/START__BO__BO0201__BO0201C/PrisPerAreorSM02/
"Lägenheter, antal som prisstatistiken baseras på",Storstadsområdena,netto,2004,1802,https://www.statistikdatabasen.scb.se/pxweb/sv/ssd/START__BO__BO0201__BO0201C/PrisPerAreorSM02/
"Lägenheter, antal som prisstatistiken baseras på",Storstadsområdena,netto,2005,1824,https://www.statistikdatabasen.scb.se/pxweb/sv/ssd/START__BO__BO0201__BO0201C/PrisPerAreorSM02/
"Lägenheter, antal som prisstatistiken baseras på",Storstadsområdena,netto,2006,1976,https://www.statistikdatabasen.scb.se/pxweb/sv/ssd/START__BO__BO0201__BO0201C/PrisPerAreorSM02/
"Lägenheter, antal som prisstatistiken baseras på",Storstadsområdena,netto,2007,2278,https://www.statistikdatabasen.scb.se/pxweb/sv/ssd/START__BO__BO0201__BO0201C/PrisPerAreorSM02/
"Lägenheter, antal som prisstatistiken baseras på",Storstadsområdena,netto,2008,1384,https://www.statistikdatabasen.scb.se/pxweb/sv/ssd/START__BO__BO0201__BO0201C/PrisPerAreorSM02/
"Lägenheter, antal som prisstatistiken baseras på",Storstadsområdena,netto,2009,869,https://www.statistikdatabasen.scb.se/pxweb/sv/ssd/START__BO__BO0201__BO0201C/PrisPerAreorSM02/
"Lägenheter, antal som prisstatistiken baseras på",Storstadsområdena,netto,2010,1468,https://www.statistikdatabasen.scb.se/pxweb/sv/ssd/START__BO__BO0201__BO0201C/PrisPerAreorSM02/
"Lägenheter, antal som prisstatistiken baseras på",Storstadsområdena,netto,2011,1372,https://www.statistikdatabasen.scb.se/pxweb/sv/ssd/START__BO__BO0201__BO0201C/PrisPerAreorSM02/
"Lägenheter, antal som prisstatistiken baseras på",Storstadsområdena,netto,2012,786,https://www.statistikdatabasen.scb.se/pxweb/sv/ssd/START__BO__BO0201__BO0201C/PrisPerAreorSM02/
"Lägenheter, antal som prisstatistiken baseras på",Storstadsområdena,netto,2013,1134,https://www.statistikdatabasen.scb.se/pxweb/sv/ssd/START__BO__BO0201__BO0201C/PrisPerAreorSM02/
"Lägenheter, antal som prisstatistiken baseras på",Storstadsområdena,netto,2014,1754,https://www.statistikdatabasen.scb.se/pxweb/sv/ssd/START__BO__BO0201__BO0201C/PrisPerAreorSM02/
"Lägenheter, antal som prisstatistiken baseras på",Storstadsområdena,netto,2015,2263,https://www.statistikdatabasen.scb.se/pxweb/sv/ssd/START__BO__BO0201__BO0201C/PrisPerAreorSM02/
"Lägenheter, antal som prisstatistiken baseras på",Storstadsområdena,netto,2016,2076,https://www.statistikdatabasen.scb.se/pxweb/sv/ssd/START__BO__BO0201__BO0201C/PrisPerAreorSM02/
"Lägenheter, antal som prisstatistiken baseras på",Storstadsområdena,netto,2017,1774,https://www.statistikdatabasen.scb.se/pxweb/sv/ssd/START__BO__BO0201__BO0201C/PrisPerAreorSM02/
"Lägenheter, antal som prisstatistiken baseras på",Storstadsområdena,netto,2018,1588,https://www.statistikdatabasen.scb.se/pxweb/sv/ssd/START__BO__BO0201__BO0201C/PrisPerAreorSM02/
"Lägenheter, antal som prisstatistiken baseras på",Storstadsområdena,netto,2019,1610,https://www.statistikdatabasen.scb.se/pxweb/sv/ssd/START__BO__BO0201__BO0201C/PrisPerAreorSM02/
"Lägenheter, antal som prisstatistiken baseras på",Storstadsområdena,netto,2020,1232,https://www.statistikdatabasen.scb.se/pxweb/sv/ssd/START__BO__BO0201__BO0201C/PrisPerAreorSM02/
"Lägenheter, antal som prisstatistiken baseras på",Storstadsområdena,netto,2021,1368,https://www.statistikdatabasen.scb.se/pxweb/sv/ssd/START__BO__BO0201__BO0201C/PrisPerAreorSM02/
"Lägenheter, antal som prisstatistiken baseras på",Storstadsområdena,netto,2022,1109,https://www.statistikdatabasen.scb.se/pxweb/sv/ssd/START__BO__BO0201__BO0201C/PrisPerAreorSM02/
"Lägenheter, antal som prisstatistiken baseras på",Storstadsområdena,netto,2023,411,https://www.statistikdatabasen.scb.se/pxweb/sv/ssd/START__BO__BO0201__BO0201C/PrisPerAreorSM02/
"Lägenheter, antal som prisstatistiken baseras på",Storstadsområdena,netto,2024,352,https://www.statistikdatabasen.scb.se/pxweb/sv/ssd/START__BO__BO0201__BO0201C/PrisPerAreorSM02/
"Bostadsarea/lägenhet, kvm",Storstadsområdena,netto,1994,,https://www.statistikdatabasen.scb.se/pxweb/sv/ssd/START__BO__BO0201__BO0201C/PrisPerAreorSM02/
"Bostadsarea/lägenhet, kvm",Storstadsområdena,netto,1995,,https://www.statistikdatabasen.scb.se/pxweb/sv/ssd/START__BO__BO0201__BO0201C/PrisPerAreorSM02/
"Bostadsarea/lägenhet, kvm",Storstadsområdena,netto,1996,,https://www.statistikdatabasen.scb.se/pxweb/sv/ssd/START__BO__BO0201__BO0201C/PrisPerAreorSM02/
"Bostadsarea/lägenhet, kvm",Storstadsområdena,netto,1997,,https://www.statistikdatabasen.scb.se/pxweb/sv/ssd/START__BO__BO0201__BO0201C/PrisPerAreorSM02/
"Bostadsarea/lägenhet, kvm",Storstadsområdena,netto,1998,105.7,https://www.statistikdatabasen.scb.se/pxweb/sv/ssd/START__BO__BO0201__BO0201C/PrisPerAreorSM02/
"Bostadsarea/lägenhet, kvm",Storstadsområdena,netto,1999,105.2,https://www.statistikdatabasen.scb.se/pxweb/sv/ssd/START__BO__BO0201__BO0201C/PrisPerAreorSM02/
"Bostadsarea/lägenhet, kvm",Storstadsområdena,netto,2000,121.5,https://www.statistikdatabasen.scb.se/pxweb/sv/ssd/START__BO__BO0201__BO0201C/PrisPerAreorSM02/
"Bostadsarea/lägenhet, kvm",Storstadsområdena,netto,2001,123,https://www.statistikdatabasen.scb.se/pxweb/sv/ssd/START__BO__BO0201__BO0201C/PrisPerAreorSM02/
"Bostadsarea/lägenhet, kvm",Storstadsområdena,netto,2002,127.9,https://www.statistikdatabasen.scb.se/pxweb/sv/ssd/START__BO__BO0201__BO0201C/PrisPerAreorSM02/
"Bostadsarea/lägenhet, kvm",Storstadsområdena,netto,2003,121.2,https://www.statistikdatabasen.scb.se/pxweb/sv/ssd/START__BO__BO0201__BO0201C/PrisPerAreorSM02/
"Bostadsarea/lägenhet, kvm",Storstadsområdena,netto,2004,123.4,https://www.statistikdatabasen.scb.se/pxweb/sv/ssd/START__BO__BO0201__BO0201C/PrisPerAreorSM02/
"Bostadsarea/lägenhet, kvm",Storstadsområdena,netto,2005,128.1,https://www.statistikdatabasen.scb.se/pxweb/sv/ssd/START__BO__BO0201__BO0201C/PrisPerAreorSM02/
"Bostadsarea/lägenhet, kvm",Storstadsområdena,netto,2006,131.7,https://www.statistikdatabasen.scb.se/pxweb/sv/ssd/START__BO__BO0201__BO0201C/PrisPerAreorSM02/
"Bostadsarea/lägenhet, kvm",Storstadsområdena,netto,2007,128.7,https://www.statistikdatabasen.scb.se/pxweb/sv/ssd/START__BO__BO0201__BO0201C/PrisPerAreorSM02/
"Bostadsarea/lägenhet, kvm",Storstadsområdena,netto,2008,135.4,https://www.statistikdatabasen.scb.se/pxweb/sv/ssd/START__BO__BO0201__BO0201C/PrisPerAreorSM02/
"Bostadsarea/lägenhet, kvm",Storstadsområdena,netto,2009,136.1,https://www.statistikdatabasen.scb.se/pxweb/sv/ssd/START__BO__BO0201__BO0201C/PrisPerAreorSM02/
"Bostadsarea/lägenhet, kvm",Storstadsområdena,netto,2010,134.7,https://www.statistikdatabasen.scb.se/pxweb/sv/ssd/START__BO__BO0201__BO0201C/PrisPerAreorSM02/
"Bostadsarea/lägenhet, kvm",Storstadsområdena,netto,2011,137,https://www.statistikdatabasen.scb.se/pxweb/sv/ssd/START__BO__BO0201__BO0201C/PrisPerAreorSM02/
"Bostadsarea/lägenhet, kvm",Storstadsområdena,netto,2012,131.3,https://www.statistikdatabasen.scb.se/pxweb/sv/ssd/START__BO__BO0201__BO0201C/PrisPerAreorSM02/
"Bostadsarea/lägenhet, kvm",Storstadsområdena,netto,2013,132.2,https://www.statistikdatabasen.scb.se/pxweb/sv/ssd/START__BO__BO0201__BO0201C/PrisPerAreorSM02/
"Bostadsarea/lägenhet, kvm",Storstadsområdena,netto,2014,128.6,https://www.statistikdatabasen.scb.se/pxweb/sv/ssd/START__BO__BO0201__BO0201C/PrisPerAreorSM02/
"Bostadsarea/lägenhet, kvm",Storstadsområdena,netto,2015,127,https://www.statistikdatabasen.scb.se/pxweb/sv/ssd/START__BO__BO0201__BO0201C/PrisPerAreorSM02/
"Bostadsarea/lägenhet, kvm",Storstadsområdena,netto,2016,125,https://www.statistikdatabasen.scb.se/pxweb/sv/ssd/START__BO__BO0201__BO0201C/PrisPerAreorSM02/
"Bostadsarea/lägenhet, kvm",Storstadsområdena,netto,2017,131.6,https://www.statistikdatabasen.scb.se/pxweb/sv/ssd/START__BO__BO0201__BO0201C/PrisPerAreorSM02/
"Bostadsarea/lägenhet, kvm",Storstadsområdena,netto,2018,109.8,https://www.statistikdatabasen.scb.se/pxweb/sv/ssd/START__BO__BO0201__BO0201C/PrisPerAreorSM02/
"Bostadsarea/lägenhet, kvm",Storstadsområdena,netto,2019,119.7,https://www.statistikdatabasen.scb.se/pxweb/sv/ssd/START__BO__BO0201__BO0201C/PrisPerAreorSM02/
"Bostadsarea/lägenhet, kvm",Storstadsområdena,netto,2020,120.8,https://www.statistikdatabasen.scb.se/pxweb/sv/ssd/START__BO__BO0201__BO0201C/PrisPerAreorSM02/
"Bostadsarea/lägenhet, kvm",Storstadsområdena,netto,2021,116,https://www.statistikdatabasen.scb.se/pxweb/sv/ssd/START__BO__BO0201__BO0201C/PrisPerAreorSM02/
"Bostadsarea/lägenhet, kvm",Storstadsområdena,netto,2022,117.1,https://www.statistikdatabasen.scb.se/pxweb/sv/ssd/START__BO__BO0201__BO0201C/PrisPerAreorSM02/
"Bostadsarea/lägenhet, kvm",Storstadsområdena,netto,2023,129.5,https://www.statistikdatabasen.scb.se/pxweb/sv/ssd/START__BO__BO0201__BO0201C/PrisPerAreorSM02/
"Bostadsarea/lägenhet, kvm",Storstadsområdena,netto,2024,121.8,https://www.statistikdatabasen.scb.se/pxweb/sv/ssd/START__BO__BO0201__BO0201C/PrisPerAreorSM02/
"Markpris/bostadsarea, kr",Storstadsområdena,netto,1994,,https://www.statistikdatabasen.scb.se/pxweb/sv/ssd/START__BO__BO0201__BO0201C/PrisPerAreorSM02/
"Markpris/bostadsarea, kr",Storstadsområdena,netto,1995,,https://www.statistikdatabasen.scb.se/pxweb/sv/ssd/START__BO__BO0201__BO0201C/PrisPerAreorSM02/
"Markpris/bostadsarea, kr",Storstadsområdena,netto,1996,,https://www.statistikdatabasen.scb.se/pxweb/sv/ssd/START__BO__BO0201__BO0201C/PrisPerAreorSM02/
"Markpris/bostadsarea, kr",Storstadsområdena,netto,1997,,https://www.statistikdatabasen.scb.se/pxweb/sv/ssd/START__BO__BO0201__BO0201C/PrisPerAreorSM02/
"Markpris/bostadsarea, kr",Storstadsområdena,netto,1998,2259,https://www.statistikdatabasen.scb.se/pxweb/sv/ssd/START__BO__BO0201__BO0201C/PrisPerAreorSM02/
"Markpris/bostadsarea, kr",Storstadsområdena,netto,1999,1912,https://www.statistikdatabasen.scb.se/pxweb/sv/ssd/START__BO__BO0201__BO0201C/PrisPerAreorSM02/
"Markpris/bostadsarea, kr",Storstadsområdena,netto,2000,3168,https://www.statistikdatabasen.scb.se/pxweb/sv/ssd/START__BO__BO0201__BO0201C/PrisPerAreorSM02/
"Markpris/bostadsarea, kr",Storstadsområdena,netto,2001,2971,https://www.statistikdatabasen.scb.se/pxweb/sv/ssd/START__BO__BO0201__BO0201C/PrisPerAreorSM02/
"Markpris/bostadsarea, kr",Storstadsområdena,netto,2002,3231,https://www.statistikdatabasen.scb.se/pxweb/sv/ssd/START__BO__BO0201__BO0201C/PrisPerAreorSM02/
"Markpris/bostadsarea, kr",Storstadsområdena,netto,2003,3764,https://www.statistikdatabasen.scb.se/pxweb/sv/ssd/START__BO__BO0201__BO0201C/PrisPerAreorSM02/
"Markpris/bostadsarea, kr",Storstadsområdena,netto,2004,3864,https://www.statistikdatabasen.scb.se/pxweb/sv/ssd/START__BO__BO0201__BO0201C/PrisPerAreorSM02/
"Markpris/bostadsarea, kr",Storstadsområdena,netto,2005,4172,https://www.statistikdatabasen.scb.se/pxweb/sv/ssd/START__BO__BO0201__BO0201C/PrisPerAreorSM02/
"Markpris/bostadsarea, kr",Storstadsområdena,netto,2006,4277,https://www.statistikdatabasen.scb.se/pxweb/sv/ssd/START__BO__BO0201__BO0201C/PrisPerAreorSM02/
"Markpris/bostadsarea, kr",Storstadsområdena,netto,2007,5298,https://www.statistikdatabasen.scb.se/pxweb/sv/ssd/START__BO__BO0201__BO0201C/PrisPerAreorSM02/
"Markpris/bostadsarea, kr",Storstadsområdena,netto,2008,6391,https://www.statistikdatabasen.scb.se/pxweb/sv/ssd/START__BO__BO0201__BO0201C/PrisPerAreorSM02/
"Markpris/bostadsarea, kr",Storstadsområdena,netto,2009,6671,https://www.statistikdatabasen.scb.se/pxweb/sv/ssd/START__BO__BO0201__BO0201C/PrisPerAreorSM02/
"Markpris/bostadsarea, kr",Storstadsområdena,netto,2010,7113,https://www.statistikdatabasen.scb.se/pxweb/sv/ssd/START__BO__BO0201__BO0201C/PrisPerAreorSM02/
"Markpris/bostadsarea, kr",Storstadsområdena,netto,2011,9094,https://www.statistikdatabasen.scb.se/pxweb/sv/ssd/START__BO__BO0201__BO0201C/PrisPerAreorSM02/
"Markpris/bostadsarea, kr",Storstadsområdena,netto,2012,7835,https://www.statistikdatabasen.scb.se/pxweb/sv/ssd/START__BO__BO0201__BO0201C/PrisPerAreorSM02/
"Markpris/bostadsarea, kr",Storstadsområdena,netto,2013,9713,https://www.statistikdatabasen.scb.se/pxweb/sv/ssd/START__BO__BO0201__BO0201C/PrisPerAreorSM02/
"Markpris/bostadsarea, kr",Storstadsområdena,netto,2014,10222,https://www.statistikdatabasen.scb.se/pxweb/sv/ssd/START__BO__BO0201__BO0201C/PrisPerAreorSM02/
"Markpris/bostadsarea, kr",Storstadsområdena,netto,2015,9580,https://www.statistikdatabasen.scb.se/pxweb/sv/ssd/START__BO__BO0201__BO0201C/PrisPerAreorSM02/
"Markpris/bostadsarea, kr",Storstadsområdena,netto,2016,11627,https://www.statistikdatabasen.scb.se/pxweb/sv/ssd/START__BO__BO0201__BO0201C/PrisPerAreorSM02/
"Markpris/bostadsarea, kr",Storstadsområdena,netto,2017,10347,https://www.statistikdatabasen.scb.se/pxweb/sv/ssd/START__BO__BO0201__BO0201C/PrisPerAreorSM02/
"Markpris/bostadsarea, kr",Storstadsområdena,netto,2018,14008,https://www.statistikdatabasen.scb.se/pxweb/sv/ssd/START__BO__BO0201__BO0201C/PrisPerAreorSM02/
"Markpris/bostadsarea, kr",Storstadsområdena,netto,2019,12729,https://www.statistikdatabasen.scb.se/pxweb/sv/ssd/START__BO__BO0201__BO0201C/PrisPerAreorSM02/
"Markpris/bostadsarea, kr",Storstadsområdena,netto,2020,11550,https://www.statistikdatabasen.scb.se/pxweb/sv/ssd/START__BO__BO0201__BO0201C/PrisPerAreorSM02/
"Markpris/bostadsarea, kr",Storstadsområdena,netto,2021,11714,https://www.statistikdatabasen.scb.se/pxweb/sv/ssd/START__BO__BO0201__BO0201C/PrisPerAreorSM02/
"Markpris/bostadsarea, kr",Storstadsområdena,netto,2022,11646,https://www.statistikdatabasen.scb.se/pxweb/sv/ssd/START__BO__BO0201__BO0201C/PrisPerAreorSM02/
"Markpris/bostadsarea, kr",Storstadsområdena,netto,2023,11709,https://www.statistikdatabasen.scb.se/pxweb/sv/ssd/START__BO__BO0201__BO0201C/PrisPerAreorSM02/
"Markpris/bostadsarea, kr",Storstadsområdena,netto,2024,13736,https://www.statistikdatabasen.scb.se/pxweb/sv/ssd/START__BO__BO0201__BO0201C/PrisPerAreorSM02/
"Byggnadspris/bostadsarea, kr",Storstadsområdena,netto,1994,,https://www.statistikdatabasen.scb.se/pxweb/sv/ssd/START__BO__BO0201__BO0201C/PrisPerAreorSM02/
"Byggnadspris/bostadsarea, kr",Storstadsområdena,netto,1995,,https://www.statistikdatabasen.scb.se/pxweb/sv/ssd/START__BO__BO0201__BO0201C/PrisPerAreorSM02/
"Byggnadspris/bostadsarea, kr",Storstadsområdena,netto,1996,,https://www.statistikdatabasen.scb.se/pxweb/sv/ssd/START__BO__BO0201__BO0201C/PrisPerAreorSM02/
"Byggnadspris/bostadsarea, kr",Storstadsområdena,netto,1997,,https://www.statistikdatabasen.scb.se/pxweb/sv/ssd/START__BO__BO0201__BO0201C/PrisPerAreorSM02/
"Byggnadspris/bostadsarea, kr",Storstadsområdena,netto,1998,10648,https://www.statistikdatabasen.scb.se/pxweb/sv/ssd/START__BO__BO0201__BO0201C/PrisPerAreorSM02/
"Byggnadspris/bostadsarea, kr",Storstadsområdena,netto,1999,11309,https://www.statistikdatabasen.scb.se/pxweb/sv/ssd/START__BO__BO0201__BO0201C/PrisPerAreorSM02/
"Byggnadspris/bostadsarea, kr",Storstadsområdena,netto,2000,14248,https://www.statistikdatabasen.scb.se/pxweb/sv/ssd/START__BO__BO0201__BO0201C/PrisPerAreorSM02/
"Byggnadspris/bostadsarea, kr",Storstadsområdena,netto,2001,14398,https://www.statistikdatabasen.scb.se/pxweb/sv/ssd/START__BO__BO0201__BO0201C/PrisPerAreorSM02/
"Byggnadspris/bostadsarea, kr",Storstadsområdena,netto,2002,14222,https://www.statistikdatabasen.scb.se/pxweb/sv/ssd/START__BO__BO0201__BO0201C/PrisPerAreorSM02/
"Byggnadspris/bostadsarea, kr",Storstadsområdena,netto,2003,15449,https://www.statistikdatabasen.scb.se/pxweb/sv/ssd/START__BO__BO0201__BO0201C/PrisPerAreorSM02/
"Byggnadspris/bostadsarea, kr",Storstadsområdena,netto,2004,16895,https://www.statistikdatabasen.scb.se/pxweb/sv/ssd/START__BO__BO0201__BO0201C/PrisPerAreorSM02/
"Byggnadspris/bostadsarea, kr",Storstadsområdena,netto,2005,16800,https://www.statistikdatabasen.scb.se/pxweb/sv/ssd/START__BO__BO0201__BO0201C/PrisPerAreorSM02/
"Byggnadspris/bostadsarea, kr",Storstadsområdena,netto,2006,17481,https://www.statistikdatabasen.scb.se/pxweb/sv/ssd/START__BO__BO0201__BO0201C/PrisPerAreorSM02/
"Byggnadspris/bostadsarea, kr",Storstadsområdena,netto,2007,19808,https://www.statistikdatabasen.scb.se/pxweb/sv/ssd/START__BO__BO0201__BO0201C/PrisPerAreorSM02/
"Byggnadspris/bostadsarea, kr",Storstadsområdena,netto,2008,21068,https://www.statistikdatabasen.scb.se/pxweb/sv/ssd/START__BO__BO0201__BO0201C/PrisPerAreorSM02/
"Byggnadspris/bostadsarea, kr",Storstadsområdena,netto,2009,21544,https://www.statistikdatabasen.scb.se/pxweb/sv/ssd/START__BO__BO0201__BO0201C/PrisPerAreorSM02/
"Byggnadspris/bostadsarea, kr",Storstadsområdena,netto,2010,21266,https://www.statistikdatabasen.scb.se/pxweb/sv/ssd/START__BO__BO0201__BO0201C/PrisPerAreorSM02/
"Byggnadspris/bostadsarea, kr",Storstadsområdena,netto,2011,21578,https://www.statistikdatabasen.scb.se/pxweb/sv/ssd/START__BO__BO0201__BO0201C/PrisPerAreorSM02/
"Byggnadspris/bostadsarea, kr",Storstadsområdena,netto,2012,21359,https://www.statistikdatabasen.scb.se/pxweb/sv/ssd/START__BO__BO0201__BO0201C/PrisPerAreorSM02/
"Byggnadspris/bostadsarea, kr",Storstadsområdena,netto,2013,22247,https://www.statistikdatabasen.scb.se/pxweb/sv/ssd/START__BO__BO0201__BO0201C/PrisPerAreorSM02/
"Byggnadspris/bostadsarea, kr",Storstadsområdena,netto,2014,24395,https://www.statistikdatabasen.scb.se/pxweb/sv/ssd/START__BO__BO0201__BO0201C/PrisPerAreorSM02/
"Byggnadspris/bostadsarea, kr",Storstadsområdena,netto,2015,24603,https://www.statistikdatabasen.scb.se/pxweb/sv/ssd/START__BO__BO0201__BO0201C/PrisPerAreorSM02/
"Byggnadspris/bostadsarea, kr",Storstadsområdena,netto,2016,28010,https://www.statistikdatabasen.scb.se/pxweb/sv/ssd/START__BO__BO0201__BO0201C/PrisPerAreorSM02/
"Byggnadspris/bostadsarea, kr",Storstadsområdena,netto,2017,28722,https://www.statistikdatabasen.scb.se/pxweb/sv/ssd/START__BO__BO0201__BO0201C/PrisPerAreorSM02/
"Byggnadspris/bostadsarea, kr",Storstadsområdena,netto,2018,27368,https://www.statistikdatabasen.scb.se/pxweb/sv/ssd/START__BO__BO0201__BO0201C/PrisPerAreorSM02/
"Byggnadspris/bostadsarea, kr",Storstadsområdena,netto,2019,26727,https://www.statistikdatabasen.scb.se/pxweb/sv/ssd/START__BO__BO0201__BO0201C/PrisPerAreorSM02/
"Byggnadspris/bostadsarea, kr",Storstadsområdena,netto,2020,29550,https://www.statistikdatabasen.scb.se/pxweb/sv/ssd/START__BO__BO0201__BO0201C/PrisPerAreorSM02/
"Byggnadspris/bostadsarea, kr",Storstadsområdena,netto,2021,30205,https://www.statistikdatabasen.scb.se/pxweb/sv/ssd/START__BO__BO0201__BO0201C/PrisPerAreorSM02/
"Byggnadspris/bostadsarea, kr",Storstadsområdena,netto,2022,33069,https://www.statistikdatabasen.scb.se/pxweb/sv/ssd/START__BO__BO0201__BO0201C/PrisPerAreorSM02/
"Byggnadspris/bostadsarea, kr",Storstadsområdena,netto,2023,29884,https://www.statistikdatabasen.scb.se/pxweb/sv/ssd/START__BO__BO0201__BO0201C/PrisPerAreorSM02/
"Byggnadspris/bostadsarea, kr",Storstadsområdena,netto,2024,38346,https://www.statistikdatabasen.scb.se/pxweb/sv/ssd/START__BO__BO0201__BO0201C/PrisPerAreorSM02/
"Totalt produktionspris/bostadsarea, kr",Storstadsområdena,netto,1994,,https://www.statistikdatabasen.scb.se/pxweb/sv/ssd/START__BO__BO0201__BO0201C/PrisPerAreorSM02/
"Totalt produktionspris/bostadsarea, kr",Storstadsområdena,netto,1995,,https://www.statistikdatabasen.scb.se/pxweb/sv/ssd/START__BO__BO0201__BO0201C/PrisPerAreorSM02/
"Totalt produktionspris/bostadsarea, kr",Storstadsområdena,netto,1996,,https://www.statistikdatabasen.scb.se/pxweb/sv/ssd/START__BO__BO0201__BO0201C/PrisPerAreorSM02/
"Totalt produktionspris/bostadsarea, kr",Storstadsområdena,netto,1997,,https://www.statistikdatabasen.scb.se/pxweb/sv/ssd/START__BO__BO0201__BO0201C/PrisPerAreorSM02/
"Totalt produktionspris/bostadsarea, kr",Storstadsområdena,netto,1998,12907,https://www.statistikdatabasen.scb.se/pxweb/sv/ssd/START__BO__BO0201__BO0201C/PrisPerAreorSM02/
"Totalt produktionspris/bostadsarea, kr",Storstadsområdena,netto,1999,13221,https://www.statistikdatabasen.scb.se/pxweb/sv/ssd/START__BO__BO0201__BO0201C/PrisPerAreorSM02/
"Totalt produktionspris/bostadsarea, kr",Storstadsområdena,netto,2000,17416,https://www.statistikdatabasen.scb.se/pxweb/sv/ssd/START__BO__BO0201__BO0201C/PrisPerAreorSM02/
"Totalt produktionspris/bostadsarea, kr",Storstadsområdena,netto,2001,17368,https://www.statistikdatabasen.scb.se/pxweb/sv/ssd/START__BO__BO0201__BO0201C/PrisPerAreorSM02/
"Totalt produktionspris/bostadsarea, kr",Storstadsområdena,netto,2002,17452,https://www.statistikdatabasen.scb.se/pxweb/sv/ssd/START__BO__BO0201__BO0201C/PrisPerAreorSM02/
"Totalt produktionspris/bostadsarea, kr",Storstadsområdena,netto,2003,19214,https://www.statistikdatabasen.scb.se/pxweb/sv/ssd/START__BO__BO0201__BO0201C/PrisPerAreorSM02/
"Totalt produktionspris/bostadsarea, kr",Storstadsområdena,netto,2004,20759,https://www.statistikdatabasen.scb.se/pxweb/sv/ssd/START__BO__BO0201__BO0201C/PrisPerAreorSM02/
"Totalt produktionspris/bostadsarea, kr",Storstadsområdena,netto,2005,20972,https://www.statistikdatabasen.scb.se/pxweb/sv/ssd/START__BO__BO0201__BO0201C/PrisPerAreorSM02/
"Totalt produktionspris/bostadsarea, kr",Storstadsområdena,netto,2006,21758,https://www.statistikdatabasen.scb.se/pxweb/sv/ssd/START__BO__BO0201__BO0201C/PrisPerAreorSM02/
"Totalt produktionspris/bostadsarea, kr",Storstadsområdena,netto,2007,25106,https://www.statistikdatabasen.scb.se/pxweb/sv/ssd/START__BO__BO0201__BO0201C/PrisPerAreorSM02/
"Totalt produktionspris/bostadsarea, kr",Storstadsområdena,netto,2008,27458,https://www.statistikdatabasen.scb.se/pxweb/sv/ssd/START__BO__BO0201__BO0201C/PrisPerAreorSM02/
"Totalt produktionspris/bostadsarea, kr",Storstadsområdena,netto,2009,28214,https://www.statistikdatabasen.scb.se/pxweb/sv/ssd/START__BO__BO0201__BO0201C/PrisPerAreorSM02/
"Totalt produktionspris/bostadsarea, kr",Storstadsområdena,netto,2010,28378,https://www.statistikdatabasen.scb.se/pxweb/sv/ssd/START__BO__BO0201__BO0201C/PrisPerAreorSM02/
"Totalt produktionspris/bostadsarea, kr",Storstadsområdena,netto,2011,30671,https://www.statistikdatabasen.scb.se/pxweb/sv/ssd/START__BO__BO0201__BO0201C/PrisPerAreorSM02/
"Totalt produktionspris/bostadsarea, kr",Storstadsområdena,netto,2012,29193,https://www.statistikdatabasen.scb.se/pxweb/sv/ssd/START__BO__BO0201__BO0201C/PrisPerAreorSM02/
"Totalt produktionspris/bostadsarea, kr",Storstadsområdena,netto,2013,31961,https://www.statistikdatabasen.scb.se/pxweb/sv/ssd/START__BO__BO0201__BO0201C/PrisPerAreorSM02/
"Totalt produktionspris/bostadsarea, kr",Storstadsområdena,netto,2014,34618,https://www.statistikdatabasen.scb.se/pxweb/sv/ssd/START__BO__BO0201__BO0201C/PrisPerAreorSM02/
"Totalt produktionspris/bostadsarea, kr",Storstadsområdena,netto,2015,34183,https://www.statistikdatabasen.scb.se/pxweb/sv/ssd/START__BO__BO0201__BO0201C/PrisPerAreorSM02/
"Totalt produktionspris/bostadsarea, kr",Storstadsområdena,netto,2016,39637,https://www.statistikdatabasen.scb.se/pxweb/sv/ssd/START__BO__BO0201__BO0201C/PrisPerAreorSM02/
"Totalt produktionspris/bostadsarea, kr",Storstadsområdena,netto,2017,39069,https://www.statistikdatabasen.scb.se/pxweb/sv/ssd/START__BO__BO0201__BO0201C/PrisPerAreorSM02/
"Totalt produktionspris/bostadsarea, kr",Storstadsområdena,netto,2018,41376,https://www.statistikdatabasen.scb.se/pxweb/sv/ssd/START__BO__BO0201__BO0201C/PrisPerAreorSM02/
"Totalt produktionspris/bostadsarea, kr",Storstadsområdena,netto,2019,39456,https://www.statistikdatabasen.scb.se/pxweb/sv/ssd/START__BO__BO0201__BO0201C/PrisPerAreorSM02/
"Totalt produktionspris/bostadsarea, kr",Storstadsområdena,netto,2020,41100,https://www.statistikdatabasen.scb.se/pxweb/sv/ssd/START__BO__BO0201__BO0201C/PrisPerAreorSM02/
"Totalt produktionspris/bostadsarea, kr",Storstadsområdena,netto,2021,41918,https://www.statistikdatabasen.scb.se/pxweb/sv/ssd/START__BO__BO0201__BO0201C/PrisPerAreorSM02/
"Totalt produktionspris/bostadsarea, kr",Storstadsområdena,netto,2022,44715,https://www.statistikdatabasen.scb.se/pxweb/sv/ssd/START__BO__BO0201__BO0201C/PrisPerAreorSM02/
"Totalt produktionspris/bostadsarea, kr",Storstadsområdena,netto,2023,41594,https://www.statistikdatabasen.scb.se/pxweb/sv/ssd/START__BO__BO0201__BO0201C/PrisPerAreorSM02/
"Totalt produktionspris/bostadsarea, kr",Storstadsområdena,netto,2024,52082,https://www.statistikdatabasen.scb.se/pxweb/sv/ssd/START__BO__BO0201__BO0201C/PrisPerAreorSM02/
"Byggnadsobjekt, antal som prisstatistiken baseras på",Stor-Stockholm,brutto,1994,,https://www.statistikdatabasen.scb.se/pxweb/sv/ssd/START__BO__BO0201__BO0201C/PrisPerAreorSM02/
"Byggnadsobjekt, antal som prisstatistiken baseras på",Stor-Stockholm,brutto,1995,,https://www.statistikdatabasen.scb.se/pxweb/sv/ssd/START__BO__BO0201__BO0201C/PrisPerAreorSM02/
"Byggnadsobjekt, antal som prisstatistiken baseras på",Stor-Stockholm,brutto,1996,,https://www.statistikdatabasen.scb.se/pxweb/sv/ssd/START__BO__BO0201__BO0201C/PrisPerAreorSM02/
"Byggnadsobjekt, antal som prisstatistiken baseras på",Stor-Stockholm,brutto,1997,,https://www.statistikdatabasen.scb.se/pxweb/sv/ssd/START__BO__BO0201__BO0201C/PrisPerAreorSM02/
"Byggnadsobjekt, antal som prisstatistiken baseras på",Stor-Stockholm,brutto,1998,168,https://www.statistikdatabasen.scb.se/pxweb/sv/ssd/START__BO__BO0201__BO0201C/PrisPerAreorSM02/
"Byggnadsobjekt, antal som prisstatistiken baseras på",Stor-Stockholm,brutto,1999,98,https://www.statistikdatabasen.scb.se/pxweb/sv/ssd/START__BO__BO0201__BO0201C/PrisPerAreorSM02/
"Byggnadsobjekt, antal som prisstatistiken baseras på",Stor-Stockholm,brutto,2000,105,https://www.statistikdatabasen.scb.se/pxweb/sv/ssd/START__BO__BO0201__BO0201C/PrisPerAreorSM02/
"Byggnadsobjekt, antal som prisstatistiken baseras på",Stor-Stockholm,brutto,2001,77,https://www.statistikdatabasen.scb.se/pxweb/sv/ssd/START__BO__BO0201__BO0201C/PrisPerAreorSM02/
"Byggnadsobjekt, antal som prisstatistiken baseras på",Stor-Stockholm,brutto,2002,76,https://www.statistikdatabasen.scb.se/pxweb/sv/ssd/START__BO__BO0201__BO0201C/PrisPerAreorSM02/
"Byggnadsobjekt, antal som prisstatistiken baseras på",Stor-Stockholm,brutto,2003,50,https://www.statistikdatabasen.scb.se/pxweb/sv/ssd/START__BO__BO0201__BO0201C/PrisPerAreorSM02/
"Byggnadsobjekt, antal som prisstatistiken baseras på",Stor-Stockholm,brutto,2004,53,https://www.statistikdatabasen.scb.se/pxweb/sv/ssd/START__BO__BO0201__BO0201C/PrisPerAreorSM02/
"Byggnadsobjekt, antal som prisstatistiken baseras på",Stor-Stockholm,brutto,2005,73,https://www.statistikdatabasen.scb.se/pxweb/sv/ssd/START__BO__BO0201__BO0201C/PrisPerAreorSM02/
"Byggnadsobjekt, antal som prisstatistiken baseras på",Stor-Stockholm,brutto,2006,78,https://www.statistikdatabasen.scb.se/pxweb/sv/ssd/START__BO__BO0201__BO0201C/PrisPerAreorSM02/
"Byggnadsobjekt, antal som prisstatistiken baseras på",Stor-Stockholm,brutto,2007,89,https://www.statistikdatabasen.scb.se/pxweb/sv/ssd/START__BO__BO0201__BO0201C/PrisPerAreorSM02/
"Byggnadsobjekt, antal som prisstatistiken baseras på",Stor-Stockholm,brutto,2008,99,https://www.statistikdatabasen.scb.se/pxweb/sv/ssd/START__BO__BO0201__BO0201C/PrisPerAreorSM02/
"Byggnadsobjekt, antal som prisstatistiken baseras på",Stor-Stockholm,brutto,2009,75,https://www.statistikdatabasen.scb.se/pxweb/sv/ssd/START__BO__BO0201__BO0201C/PrisPerAreorSM02/
"Byggnadsobjekt, antal som prisstatistiken baseras på",Stor-Stockholm,brutto,2010,109,https://www.statistikdatabasen.scb.se/pxweb/sv/ssd/START__BO__BO0201__BO0201C/PrisPerAreorSM02/
"Byggnadsobjekt, antal som prisstatistiken baseras på",Stor-Stockholm,brutto,2011,86,https://www.statistikdatabasen.scb.se/pxweb/sv/ssd/START__BO__BO0201__BO0201C/PrisPerAreorSM02/
"Byggnadsobjekt, antal som prisstatistiken baseras på",Stor-Stockholm,brutto,2012,82,https://www.statistikdatabasen.scb.se/pxweb/sv/ssd/START__BO__BO0201__BO0201C/PrisPerAreorSM02/
"Byggnadsobjekt, antal som prisstatistiken baseras på",Stor-Stockholm,brutto,2013,156,https://www.statistikdatabasen.scb.se/pxweb/sv/ssd/START__BO__BO0201__BO0201C/PrisPerAreorSM02/
"Byggnadsobjekt, antal som prisstatistiken baseras på",Stor-Stockholm,brutto,2014,231,https://www.statistikdatabasen.scb.se/pxweb/sv/ssd/START__BO__BO0201__BO0201C/PrisPerAreorSM02/
"Byggnadsobjekt, antal som prisstatistiken baseras på",Stor-Stockholm,brutto,2015,191,https://www.statistikdatabasen.scb.se/pxweb/sv/ssd/START__BO__BO0201__BO0201C/PrisPerAreorSM02/
"Byggnadsobjekt, antal som prisstatistiken baseras på",Stor-Stockholm,brutto,2016,196,https://www.statistikdatabasen.scb.se/pxweb/sv/ssd/START__BO__BO0201__BO0201C/PrisPerAreorSM02/
"Byggnadsobjekt, antal som prisstatistiken baseras på",Stor-Stockholm,brutto,2017,148,https://www.statistikdatabasen.scb.se/pxweb/sv/ssd/START__BO__BO0201__BO0201C/PrisPerAreorSM02/
"Byggnadsobjekt, antal som prisstatistiken baseras på",Stor-Stockholm,brutto,2018,81,https://www.statistikdatabasen.scb.se/pxweb/sv/ssd/START__BO__BO0201__BO0201C/PrisPerAreorSM02/
"Byggnadsobjekt, antal som prisstatistiken baseras på",Stor-Stockholm,brutto,2019,79,https://www.statistikdatabasen.scb.se/pxweb/sv/ssd/START__BO__BO0201__BO0201C/PrisPerAreorSM02/
"Byggnadsobjekt, antal som prisstatistiken baseras på",Stor-Stockholm,brutto,2020,58,https://www.statistikdatabasen.scb.se/pxweb/sv/ssd/START__BO__BO0201__BO0201C/PrisPerAreorSM02/
"Byggnadsobjekt, antal som prisstatistiken baseras på",Stor-Stockholm,brutto,2021,67,https://www.statistikdatabasen.scb.se/pxweb/sv/ssd/START__BO__BO0201__BO0201C/PrisPerAreorSM02/
"Byggnadsobjekt, antal som prisstatistiken baseras på",Stor-Stockholm,brutto,2022,73,https://www.statistikdatabasen.scb.se/pxweb/sv/ssd/START__BO__BO0201__BO0201C/PrisPerAreorSM02/
"Byggnadsobjekt, antal som prisstatistiken baseras på",Stor-Stockholm,brutto,2023,35,https://www.statistikdatabasen.scb.se/pxweb/sv/ssd/START__BO__BO0201__BO0201C/PrisPerAreorSM02/
"Byggnadsobjekt, antal som prisstatistiken baseras på",Stor-Stockholm,brutto,2024,35,https://www.statistikdatabasen.scb.se/pxweb/sv/ssd/START__BO__BO0201__BO0201C/PrisPerAreorSM02/
"Lägenheter, antal som prisstatistiken baseras på",Stor-Stockholm,brutto,1994,,https://www.statistikdatabasen.scb.se/pxweb/sv/ssd/START__BO__BO0201__BO0201C/PrisPerAreorSM02/
"Lägenheter, antal som prisstatistiken baseras på",Stor-Stockholm,brutto,1995,,https://www.statistikdatabasen.scb.se/pxweb/sv/ssd/START__BO__BO0201__BO0201C/PrisPerAreorSM02/
"Lägenheter, antal som prisstatistiken baseras på",Stor-Stockholm,brutto,1996,,https://www.statistikdatabasen.scb.se/pxweb/sv/ssd/START__BO__BO0201__BO0201C/PrisPerAreorSM02/
"Lägenheter, antal som prisstatistiken baseras på",Stor-Stockholm,brutto,1997,,https://www.statistikdatabasen.scb.se/pxweb/sv/ssd/START__BO__BO0201__BO0201C/PrisPerAreorSM02/
"Lägenheter, antal som prisstatistiken baseras på",Stor-Stockholm,brutto,1998,461,https://www.statistikdatabasen.scb.se/pxweb/sv/ssd/START__BO__BO0201__BO0201C/PrisPerAreorSM02/
"Lägenheter, antal som prisstatistiken baseras på",Stor-Stockholm,brutto,1999,404,https://www.statistikdatabasen.scb.se/pxweb/sv/ssd/START__BO__BO0201__BO0201C/PrisPerAreorSM02/
"Lägenheter, antal som prisstatistiken baseras på",Stor-Stockholm,brutto,2000,933,https://www.statistikdatabasen.scb.se/pxweb/sv/ssd/START__BO__BO0201__BO0201C/PrisPerAreorSM02/
"Lägenheter, antal som prisstatistiken baseras på",Stor-Stockholm,brutto,2001,576,https://www.statistikdatabasen.scb.se/pxweb/sv/ssd/START__BO__BO0201__BO0201C/PrisPerAreorSM02/
"Lägenheter, antal som prisstatistiken baseras på",Stor-Stockholm,brutto,2002,565,https://www.statistikdatabasen.scb.se/pxweb/sv/ssd/START__BO__BO0201__BO0201C/PrisPerAreorSM02/
"Lägenheter, antal som prisstatistiken baseras på",Stor-Stockholm,brutto,2003,480,https://www.statistikdatabasen.scb.se/pxweb/sv/ssd/START__BO__BO0201__BO0201C/PrisPerAreorSM02/
"Lägenheter, antal som prisstatistiken baseras på",Stor-Stockholm,brutto,2004,510,https://www.statistikdatabasen.scb.se/pxweb/sv/ssd/START__BO__BO0201__BO0201C/PrisPerAreorSM02/
"Lägenheter, antal som prisstatistiken baseras på",Stor-Stockholm,brutto,2005,455,https://www.statistikdatabasen.scb.se/pxweb/sv/ssd/START__BO__BO0201__BO0201C/PrisPerAreorSM02/
"Lägenheter, antal som prisstatistiken baseras på",Stor-Stockholm,brutto,2006,824,https://www.statistikdatabasen.scb.se/pxweb/sv/ssd/START__BO__BO0201__BO0201C/PrisPerAreorSM02/
"Lägenheter, antal som prisstatistiken baseras på",Stor-Stockholm,brutto,2007,1153,https://www.statistikdatabasen.scb.se/pxweb/sv/ssd/START__BO__BO0201__BO0201C/PrisPerAreorSM02/
"Lägenheter, antal som prisstatistiken baseras på",Stor-Stockholm,brutto,2008,694,https://www.statistikdatabasen.scb.se/pxweb/sv/ssd/START__BO__BO0201__BO0201C/PrisPerAreorSM02/
"Lägenheter, antal som prisstatistiken baseras på",Stor-Stockholm,brutto,2009,342,https://www.statistikdatabasen.scb.se/pxweb/sv/ssd/START__BO__BO0201__BO0201C/PrisPerAreorSM02/
"Lägenheter, antal som prisstatistiken baseras på",Stor-Stockholm,brutto,2010,687,https://www.statistikdatabasen.scb.se/pxweb/sv/ssd/START__BO__BO0201__BO0201C/PrisPerAreorSM02/
"Lägenheter, antal som prisstatistiken baseras på",Stor-Stockholm,brutto,2011,720,https://www.statistikdatabasen.scb.se/pxweb/sv/ssd/START__BO__BO0201__BO0201C/PrisPerAreorSM02/
"Lägenheter, antal som prisstatistiken baseras på",Stor-Stockholm,brutto,2012,572,https://www.statistikdatabasen.scb.se/pxweb/sv/ssd/START__BO__BO0201__BO0201C/PrisPerAreorSM02/
"Lägenheter, antal som prisstatistiken baseras på",Stor-Stockholm,brutto,2013,747,https://www.statistikdatabasen.scb.se/pxweb/sv/ssd/START__BO__BO0201__BO0201C/PrisPerAreorSM02/
"Lägenheter, antal som prisstatistiken baseras på",Stor-Stockholm,brutto,2014,1163,https://www.statistikdatabasen.scb.se/pxweb/sv/ssd/START__BO__BO0201__BO0201C/PrisPerAreorSM02/
"Lägenheter, antal som prisstatistiken baseras på",Stor-Stockholm,brutto,2015,1196,https://www.statistikdatabasen.scb.se/pxweb/sv/ssd/START__BO__BO0201__BO0201C/PrisPerAreorSM02/
"Lägenheter, antal som prisstatistiken baseras på",Stor-Stockholm,brutto,2016,1343,https://www.statistikdatabasen.scb.se/pxweb/sv/ssd/START__BO__BO0201__BO0201C/PrisPerAreorSM02/
"Lägenheter, antal som prisstatistiken baseras på",Stor-Stockholm,brutto,2017,1044,https://www.statistikdatabasen.scb.se/pxweb/sv/ssd/START__BO__BO0201__BO0201C/PrisPerAreorSM02/
"Lägenheter, antal som prisstatistiken baseras på",Stor-Stockholm,brutto,2018,817,https://www.statistikdatabasen.scb.se/pxweb/sv/ssd/START__BO__BO0201__BO0201C/PrisPerAreorSM02/
"Lägenheter, antal som prisstatistiken baseras på",Stor-Stockholm,brutto,2019,907,https://www.statistikdatabasen.scb.se/pxweb/sv/ssd/START__BO__BO0201__BO0201C/PrisPerAreorSM02/
"Lägenheter, antal som prisstatistiken baseras på",Stor-Stockholm,brutto,2020,650,https://www.statistikdatabasen.scb.se/pxweb/sv/ssd/START__BO__BO0201__BO0201C/PrisPerAreorSM02/
"Lägenheter, antal som prisstatistiken baseras på",Stor-Stockholm,brutto,2021,565,https://www.statistikdatabasen.scb.se/pxweb/sv/ssd/START__BO__BO0201__BO0201C/PrisPerAreorSM02/
"Lägenheter, antal som prisstatistiken baseras på",Stor-Stockholm,brutto,2022,685,https://www.statistikdatabasen.scb.se/pxweb/sv/ssd/START__BO__BO0201__BO0201C/PrisPerAreorSM02/
"Lägenheter, antal som prisstatistiken baseras på",Stor-Stockholm,brutto,2023,205,https://www.statistikdatabasen.scb.se/pxweb/sv/ssd/START__BO__BO0201__BO0201C/PrisPerAreorSM02/
"Lägenheter, antal som prisstatistiken baseras på",Stor-Stockholm,brutto,2024,237,https://www.statistikdatabasen.scb.se/pxweb/sv/ssd/START__BO__BO0201__BO0201C/PrisPerAreorSM02/
"Bostadsarea/lägenhet, kvm",Stor-Stockholm,brutto,1994,,https://www.statistikdatabasen.scb.se/pxweb/sv/ssd/START__BO__BO0201__BO0201C/PrisPerAreorSM02/
"Bostadsarea/lägenhet, kvm",Stor-Stockholm,brutto,1995,,https://www.statistikdatabasen.scb.se/pxweb/sv/ssd/START__BO__BO0201__BO0201C/PrisPerAreorSM02/
"Bostadsarea/lägenhet, kvm",Stor-Stockholm,brutto,1996,,https://www.statistikdatabasen.scb.se/pxweb/sv/ssd/START__BO__BO0201__BO0201C/PrisPerAreorSM02/
"Bostadsarea/lägenhet, kvm",Stor-Stockholm,brutto,1997,,https://www.statistikdatabasen.scb.se/pxweb/sv/ssd/START__BO__BO0201__BO0201C/PrisPerAreorSM02/
"Bostadsarea/lägenhet, kvm",Stor-Stockholm,brutto,1998,106.6,https://www.statistikdatabasen.scb.se/pxweb/sv/ssd/START__BO__BO0201__BO0201C/PrisPerAreorSM02/
"Bostadsarea/lägenhet, kvm",Stor-Stockholm,brutto,1999,111.6,https://www.statistikdatabasen.scb.se/pxweb/sv/ssd/START__BO__BO0201__BO0201C/PrisPerAreorSM02/
"Bostadsarea/lägenhet, kvm",Stor-Stockholm,brutto,2000,120,https://www.statistikdatabasen.scb.se/pxweb/sv/ssd/START__BO__BO0201__BO0201C/PrisPerAreorSM02/
"Bostadsarea/lägenhet, kvm",Stor-Stockholm,brutto,2001,124.8,https://www.statistikdatabasen.scb.se/pxweb/sv/ssd/START__BO__BO0201__BO0201C/PrisPerAreorSM02/
"Bostadsarea/lägenhet, kvm",Stor-Stockholm,brutto,2002,136,https://www.statistikdatabasen.scb.se/pxweb/sv/ssd/START__BO__BO0201__BO0201C/PrisPerAreorSM02/
"Bostadsarea/lägenhet, kvm",Stor-Stockholm,brutto,2003,125.7,https://www.statistikdatabasen.scb.se/pxweb/sv/ssd/START__BO__BO0201__BO0201C/PrisPerAreorSM02/
"Bostadsarea/lägenhet, kvm",Stor-Stockholm,brutto,2004,124.7,https://www.statistikdatabasen.scb.se/pxweb/sv/ssd/START__BO__BO0201__BO0201C/PrisPerAreorSM02/
"Bostadsarea/lägenhet, kvm",Stor-Stockholm,brutto,2005,128,https://www.statistikdatabasen.scb.se/pxweb/sv/ssd/START__BO__BO0201__BO0201C/PrisPerAreorSM02/
"Bostadsarea/lägenhet, kvm",Stor-Stockholm,brutto,2006,131.6,https://www.statistikdatabasen.scb.se/pxweb/sv/ssd/START__BO__BO0201__BO0201C/PrisPerAreorSM02/
"Bostadsarea/lägenhet, kvm",Stor-Stockholm,brutto,2007,130.6,https://www.statistikdatabasen.scb.se/pxweb/sv/ssd/START__BO__BO0201__BO0201C/PrisPerAreorSM02/
"Bostadsarea/lägenhet, kvm",Stor-Stockholm,brutto,2008,137.1,https://www.statistikdatabasen.scb.se/pxweb/sv/ssd/START__BO__BO0201__BO0201C/PrisPerAreorSM02/
"Bostadsarea/lägenhet, kvm",Stor-Stockholm,brutto,2009,141.7,https://www.statistikdatabasen.scb.se/pxweb/sv/ssd/START__BO__BO0201__BO0201C/PrisPerAreorSM02/
"Bostadsarea/lägenhet, kvm",Stor-Stockholm,brutto,2010,136.9,https://www.statistikdatabasen.scb.se/pxweb/sv/ssd/START__BO__BO0201__BO0201C/PrisPerAreorSM02/
"Bostadsarea/lägenhet, kvm",Stor-Stockholm,brutto,2011,136.8,https://www.statistikdatabasen.scb.se/pxweb/sv/ssd/START__BO__BO0201__BO0201C/PrisPerAreorSM02/
"Bostadsarea/lägenhet, kvm",Stor-Stockholm,brutto,2012,131.5,https://www.statistikdatabasen.scb.se/pxweb/sv/ssd/START__BO__BO0201__BO0201C/PrisPerAreorSM02/
"Bostadsarea/lägenhet, kvm",Stor-Stockholm,brutto,2013,130.2,https://www.statistikdatabasen.scb.se/pxweb/sv/ssd/START__BO__BO0201__BO0201C/PrisPerAreorSM02/
"Bostadsarea/lägenhet, kvm",Stor-Stockholm,brutto,2014,128.3,https://www.statistikdatabasen.scb.se/pxweb/sv/ssd/START__BO__BO0201__BO0201C/PrisPerAreorSM02/
"Bostadsarea/lägenhet, kvm",Stor-Stockholm,brutto,2015,131.8,https://www.statistikdatabasen.scb.se/pxweb/sv/ssd/START__BO__BO0201__BO0201C/PrisPerAreorSM02/
"Bostadsarea/lägenhet, kvm",Stor-Stockholm,brutto,2016,128.6,https://www.statistikdatabasen.scb.se/pxweb/sv/ssd/START__BO__BO0201__BO0201C/PrisPerAreorSM02/
"Bostadsarea/lägenhet, kvm",Stor-Stockholm,brutto,2017,134.8,https://www.statistikdatabasen.scb.se/pxweb/sv/ssd/START__BO__BO0201__BO0201C/PrisPerAreorSM02/
"Bostadsarea/lägenhet, kvm",Stor-Stockholm,brutto,2018,101.2,https://www.statistikdatabasen.scb.se/pxweb/sv/ssd/START__BO__BO0201__BO0201C/PrisPerAreorSM02/
"Bostadsarea/lägenhet, kvm",Stor-Stockholm,brutto,2019,119.4,https://www.statistikdatabasen.scb.se/pxweb/sv/ssd/START__BO__BO0201__BO0201C/PrisPerAreorSM02/
"Bostadsarea/lägenhet, kvm",Stor-Stockholm,brutto,2020,125.2,https://www.statistikdatabasen.scb.se/pxweb/sv/ssd/START__BO__BO0201__BO0201C/PrisPerAreorSM02/
"Bostadsarea/lägenhet, kvm",Stor-Stockholm,brutto,2021,120.1,https://www.statistikdatabasen.scb.se/pxweb/sv/ssd/START__BO__BO0201__BO0201C/PrisPerAreorSM02/
"Bostadsarea/lägenhet, kvm",Stor-Stockholm,brutto,2022,117.1,https://www.statistikdatabasen.scb.se/pxweb/sv/ssd/START__BO__BO0201__BO0201C/PrisPerAreorSM02/
"Bostadsarea/lägenhet, kvm",Stor-Stockholm,brutto,2023,125.6,https://www.statistikdatabasen.scb.se/pxweb/sv/ssd/START__BO__BO0201__BO0201C/PrisPerAreorSM02/
"Bostadsarea/lägenhet, kvm",Stor-Stockholm,brutto,2024,118.8,https://www.statistikdatabasen.scb.se/pxweb/sv/ssd/START__BO__BO0201__BO0201C/PrisPerAreorSM02/
"Markpris/bostadsarea, kr",Stor-Stockholm,brutto,1994,,https://www.statistikdatabasen.scb.se/pxweb/sv/ssd/START__BO__BO0201__BO0201C/PrisPerAreorSM02/
"Markpris/bostadsarea, kr",Stor-Stockholm,brutto,1995,,https://www.statistikdatabasen.scb.se/pxweb/sv/ssd/START__BO__BO0201__BO0201C/PrisPerAreorSM02/
"Markpris/bostadsarea, kr",Stor-Stockholm,brutto,1996,,https://www.statistikdatabasen.scb.se/pxweb/sv/ssd/START__BO__BO0201__BO0201C/PrisPerAreorSM02/
"Markpris/bostadsarea, kr",Stor-Stockholm,brutto,1997,,https://www.statistikdatabasen.scb.se/pxweb/sv/ssd/START__BO__BO0201__BO0201C/PrisPerAreorSM02/
"Markpris/bostadsarea, kr",Stor-Stockholm,brutto,1998,2437,https://www.statistikdatabasen.scb.se/pxweb/sv/ssd/START__BO__BO0201__BO0201C/PrisPerAreorSM02/
"Markpris/bostadsarea, kr",Stor-Stockholm,brutto,1999,2081,https://www.statistikdatabasen.scb.se/pxweb/sv/ssd/START__BO__BO0201__BO0201C/PrisPerAreorSM02/
"Markpris/bostadsarea, kr",Stor-Stockholm,brutto,2000,3888,https://www.statistikdatabasen.scb.se/pxweb/sv/ssd/START__BO__BO0201__BO0201C/PrisPerAreorSM02/
"Markpris/bostadsarea, kr",Stor-Stockholm,brutto,2001,3296,https://www.statistikdatabasen.scb.se/pxweb/sv/ssd/START__BO__BO0201__BO0201C/PrisPerAreorSM02/
"Markpris/bostadsarea, kr",Stor-Stockholm,brutto,2002,3973,https://www.statistikdatabasen.scb.se/pxweb/sv/ssd/START__BO__BO0201__BO0201C/PrisPerAreorSM02/
"Markpris/bostadsarea, kr",Stor-Stockholm,brutto,2003,4684,https://www.statistikdatabasen.scb.se/pxweb/sv/ssd/START__BO__BO0201__BO0201C/PrisPerAreorSM02/
"Markpris/bostadsarea, kr",Stor-Stockholm,brutto,2004,4804,https://www.statistikdatabasen.scb.se/pxweb/sv/ssd/START__BO__BO0201__BO0201C/PrisPerAreorSM02/
"Markpris/bostadsarea, kr",Stor-Stockholm,brutto,2005,5251,https://www.statistikdatabasen.scb.se/pxweb/sv/ssd/START__BO__BO0201__BO0201C/PrisPerAreorSM02/
"Markpris/bostadsarea, kr",Stor-Stockholm,brutto,2006,5433,https://www.statistikdatabasen.scb.se/pxweb/sv/ssd/START__BO__BO0201__BO0201C/PrisPerAreorSM02/
"Markpris/bostadsarea, kr",Stor-Stockholm,brutto,2007,5429,https://www.statistikdatabasen.scb.se/pxweb/sv/ssd/START__BO__BO0201__BO0201C/PrisPerAreorSM02/
"Markpris/bostadsarea, kr",Stor-Stockholm,brutto,2008,8074,https://www.statistikdatabasen.scb.se/pxweb/sv/ssd/START__BO__BO0201__BO0201C/PrisPerAreorSM02/
"Markpris/bostadsarea, kr",Stor-Stockholm,brutto,2009,9005,https://www.statistikdatabasen.scb.se/pxweb/sv/ssd/START__BO__BO0201__BO0201C/PrisPerAreorSM02/
"Markpris/bostadsarea, kr",Stor-Stockholm,brutto,2010,7828,https://www.statistikdatabasen.scb.se/pxweb/sv/ssd/START__BO__BO0201__BO0201C/PrisPerAreorSM02/
"Markpris/bostadsarea, kr",Stor-Stockholm,brutto,2011,11320,https://www.statistikdatabasen.scb.se/pxweb/sv/ssd/START__BO__BO0201__BO0201C/PrisPerAreorSM02/
"Markpris/bostadsarea, kr",Stor-Stockholm,brutto,2012,8320,https://www.statistikdatabasen.scb.se/pxweb/sv/ssd/START__BO__BO0201__BO0201C/PrisPerAreorSM02/
"Markpris/bostadsarea, kr",Stor-Stockholm,brutto,2013,10177,https://www.statistikdatabasen.scb.se/pxweb/sv/ssd/START__BO__BO0201__BO0201C/PrisPerAreorSM02/
"Markpris/bostadsarea, kr",Stor-Stockholm,brutto,2014,11796,https://www.statistikdatabasen.scb.se/pxweb/sv/ssd/START__BO__BO0201__BO0201C/PrisPerAreorSM02/
"Markpris/bostadsarea, kr",Stor-Stockholm,brutto,2015,11630,https://www.statistikdatabasen.scb.se/pxweb/sv/ssd/START__BO__BO0201__BO0201C/PrisPerAreorSM02/
"Markpris/bostadsarea, kr",Stor-Stockholm,brutto,2016,13449,https://www.statistikdatabasen.scb.se/pxweb/sv/ssd/START__BO__BO0201__BO0201C/PrisPerAreorSM02/
"Markpris/bostadsarea, kr",Stor-Stockholm,brutto,2017,11324,https://www.statistikdatabasen.scb.se/pxweb/sv/ssd/START__BO__BO0201__BO0201C/PrisPerAreorSM02/
"Markpris/bostadsarea, kr",Stor-Stockholm,brutto,2018,18150,https://www.statistikdatabasen.scb.se/pxweb/sv/ssd/START__BO__BO0201__BO0201C/PrisPerAreorSM02/
"Markpris/bostadsarea, kr",Stor-Stockholm,brutto,2019,16576,https://www.statistikdatabasen.scb.se/pxweb/sv/ssd/START__BO__BO0201__BO0201C/PrisPerAreorSM02/
"Markpris/bostadsarea, kr",Stor-Stockholm,brutto,2020,13614,https://www.statistikdatabasen.scb.se/pxweb/sv/ssd/START__BO__BO0201__BO0201C/PrisPerAreorSM02/
"Markpris/bostadsarea, kr",Stor-Stockholm,brutto,2021,14042,https://www.statistikdatabasen.scb.se/pxweb/sv/ssd/START__BO__BO0201__BO0201C/PrisPerAreorSM02/
"Markpris/bostadsarea, kr",Stor-Stockholm,brutto,2022,13515,https://www.statistikdatabasen.scb.se/pxweb/sv/ssd/START__BO__BO0201__BO0201C/PrisPerAreorSM02/
"Markpris/bostadsarea, kr",Stor-Stockholm,brutto,2023,13111,https://www.statistikdatabasen.scb.se/pxweb/sv/ssd/START__BO__BO0201__BO0201C/PrisPerAreorSM02/
"Markpris/bostadsarea, kr",Stor-Stockholm,brutto,2024,15203,https://www.statistikdatabasen.scb.se/pxweb/sv/ssd/START__BO__BO0201__BO0201C/PrisPerAreorSM02/
"Byggnadspris/bostadsarea, kr",Stor-Stockholm,brutto,1994,,https://www.statistikdatabasen.scb.se/pxweb/sv/ssd/START__BO__BO0201__BO0201C/PrisPerAreorSM02/
"Byggnadspris/bostadsarea, kr",Stor-Stockholm,brutto,1995,,https://www.statistikdatabasen.scb.se/pxweb/sv/ssd/START__BO__BO0201__BO0201C/PrisPerAreorSM02/
"Byggnadspris/bostadsarea, kr",Stor-Stockholm,brutto,1996,,https://www.statistikdatabasen.scb.se/pxweb/sv/ssd/START__BO__BO0201__BO0201C/PrisPerAreorSM02/
"Byggnadspris/bostadsarea, kr",Stor-Stockholm,brutto,1997,,https://www.statistikdatabasen.scb.se/pxweb/sv/ssd/START__BO__BO0201__BO0201C/PrisPerAreorSM02/
"Byggnadspris/bostadsarea, kr",Stor-Stockholm,brutto,1998,11416,https://www.statistikdatabasen.scb.se/pxweb/sv/ssd/START__BO__BO0201__BO0201C/PrisPerAreorSM02/
"Byggnadspris/bostadsarea, kr",Stor-Stockholm,brutto,1999,12596,https://www.statistikdatabasen.scb.se/pxweb/sv/ssd/START__BO__BO0201__BO0201C/PrisPerAreorSM02/
"Byggnadspris/bostadsarea, kr",Stor-Stockholm,brutto,2000,15981,https://www.statistikdatabasen.scb.se/pxweb/sv/ssd/START__BO__BO0201__BO0201C/PrisPerAreorSM02/
"Byggnadspris/bostadsarea, kr",Stor-Stockholm,brutto,2001,15684,https://www.statistikdatabasen.scb.se/pxweb/sv/ssd/START__BO__BO0201__BO0201C/PrisPerAreorSM02/
"Byggnadspris/bostadsarea, kr",Stor-Stockholm,brutto,2002,15337,https://www.statistikdatabasen.scb.se/pxweb/sv/ssd/START__BO__BO0201__BO0201C/PrisPerAreorSM02/
"Byggnadspris/bostadsarea, kr",Stor-Stockholm,brutto,2003,17855,https://www.statistikdatabasen.scb.se/pxweb/sv/ssd/START__BO__BO0201__BO0201C/PrisPerAreorSM02/
"Byggnadspris/bostadsarea, kr",Stor-Stockholm,brutto,2004,19627,https://www.statistikdatabasen.scb.se/pxweb/sv/ssd/START__BO__BO0201__BO0201C/PrisPerAreorSM02/
"Byggnadspris/bostadsarea, kr",Stor-Stockholm,brutto,2005,17646,https://www.statistikdatabasen.scb.se/pxweb/sv/ssd/START__BO__BO0201__BO0201C/PrisPerAreorSM02/
"Byggnadspris/bostadsarea, kr",Stor-Stockholm,brutto,2006,17886,https://www.statistikdatabasen.scb.se/pxweb/sv/ssd/START__BO__BO0201__BO0201C/PrisPerAreorSM02/
"Byggnadspris/bostadsarea, kr",Stor-Stockholm,brutto,2007,19842,https://www.statistikdatabasen.scb.se/pxweb/sv/ssd/START__BO__BO0201__BO0201C/PrisPerAreorSM02/
"Byggnadspris/bostadsarea, kr",Stor-Stockholm,brutto,2008,22579,https://www.statistikdatabasen.scb.se/pxweb/sv/ssd/START__BO__BO0201__BO0201C/PrisPerAreorSM02/
"Byggnadspris/bostadsarea, kr",Stor-Stockholm,brutto,2009,23081,https://www.statistikdatabasen.scb.se/pxweb/sv/ssd/START__BO__BO0201__BO0201C/PrisPerAreorSM02/
"Byggnadspris/bostadsarea, kr",Stor-Stockholm,brutto,2010,22127,https://www.statistikdatabasen.scb.se/pxweb/sv/ssd/START__BO__BO0201__BO0201C/PrisPerAreorSM02/
"Byggnadspris/bostadsarea, kr",Stor-Stockholm,brutto,2011,21656,https://www.statistikdatabasen.scb.se/pxweb/sv/ssd/START__BO__BO0201__BO0201C/PrisPerAreorSM02/
"Byggnadspris/bostadsarea, kr",Stor-Stockholm,brutto,2012,21035,https://www.statistikdatabasen.scb.se/pxweb/sv/ssd/START__BO__BO0201__BO0201C/PrisPerAreorSM02/
"Byggnadspris/bostadsarea, kr",Stor-Stockholm,brutto,2013,22742,https://www.statistikdatabasen.scb.se/pxweb/sv/ssd/START__BO__BO0201__BO0201C/PrisPerAreorSM02/
"Byggnadspris/bostadsarea, kr",Stor-Stockholm,brutto,2014,24530,https://www.statistikdatabasen.scb.se/pxweb/sv/ssd/START__BO__BO0201__BO0201C/PrisPerAreorSM02/
"Byggnadspris/bostadsarea, kr",Stor-Stockholm,brutto,2015,25523,https://www.statistikdatabasen.scb.se/pxweb/sv/ssd/START__BO__BO0201__BO0201C/PrisPerAreorSM02/
"Byggnadspris/bostadsarea, kr",Stor-Stockholm,brutto,2016,30271,https://www.statistikdatabasen.scb.se/pxweb/sv/ssd/START__BO__BO0201__BO0201C/PrisPerAreorSM02/
"Byggnadspris/bostadsarea, kr",Stor-Stockholm,brutto,2017,30585,https://www.statistikdatabasen.scb.se/pxweb/sv/ssd/START__BO__BO0201__BO0201C/PrisPerAreorSM02/
"Byggnadspris/bostadsarea, kr",Stor-Stockholm,brutto,2018,28339,https://www.statistikdatabasen.scb.se/pxweb/sv/ssd/START__BO__BO0201__BO0201C/PrisPerAreorSM02/
"Byggnadspris/bostadsarea, kr",Stor-Stockholm,brutto,2019,26244,https://www.statistikdatabasen.scb.se/pxweb/sv/ssd/START__BO__BO0201__BO0201C/PrisPerAreorSM02/
"Byggnadspris/bostadsarea, kr",Stor-Stockholm,brutto,2020,31667,https://www.statistikdatabasen.scb.se/pxweb/sv/ssd/START__BO__BO0201__BO0201C/PrisPerAreorSM02/
"Byggnadspris/bostadsarea, kr",Stor-Stockholm,brutto,2021,30174,https://www.statistikdatabasen.scb.se/pxweb/sv/ssd/START__BO__BO0201__BO0201C/PrisPerAreorSM02/
"Byggnadspris/bostadsarea, kr",Stor-Stockholm,brutto,2022,34940,https://www.statistikdatabasen.scb.se/pxweb/sv/ssd/START__BO__BO0201__BO0201C/PrisPerAreorSM02/
"Byggnadspris/bostadsarea, kr",Stor-Stockholm,brutto,2023,29752,https://www.statistikdatabasen.scb.se/pxweb/sv/ssd/START__BO__BO0201__BO0201C/PrisPerAreorSM02/
"Byggnadspris/bostadsarea, kr",Stor-Stockholm,brutto,2024,40575,https://www.statistikdatabasen.scb.se/pxweb/sv/ssd/START__BO__BO0201__BO0201C/PrisPerAreorSM02/
"Totalt produktionspris/bostadsarea, kr",Stor-Stockholm,brutto,1994,,https://www.statistikdatabasen.scb.se/pxweb/sv/ssd/START__BO__BO0201__BO0201C/PrisPerAreorSM02/
"Totalt produktionspris/bostadsarea, kr",Stor-Stockholm,brutto,1995,,https://www.statistikdatabasen.scb.se/pxweb/sv/ssd/START__BO__BO0201__BO0201C/PrisPerAreorSM02/
"Totalt produktionspris/bostadsarea, kr",Stor-Stockholm,brutto,1996,,https://www.statistikdatabasen.scb.se/pxweb/sv/ssd/START__BO__BO0201__BO0201C/PrisPerAreorSM02/
"Totalt produktionspris/bostadsarea, kr",Stor-Stockholm,brutto,1997,,https://www.statistikdatabasen.scb.se/pxweb/sv/ssd/START__BO__BO0201__BO0201C/PrisPerAreorSM02/
"Totalt produktionspris/bostadsarea, kr",Stor-Stockholm,brutto,1998,13853,https://www.statistikdatabasen.scb.se/pxweb/sv/ssd/START__BO__BO0201__BO0201C/PrisPerAreorSM02/
"Totalt produktionspris/bostadsarea, kr",Stor-Stockholm,brutto,1999,14677,https://www.statistikdatabasen.scb.se/pxweb/sv/ssd/START__BO__BO0201__BO0201C/PrisPerAreorSM02/
"Totalt produktionspris/bostadsarea, kr",Stor-Stockholm,brutto,2000,19869,https://www.statistikdatabasen.scb.se/pxweb/sv/ssd/START__BO__BO0201__BO0201C/PrisPerAreorSM02/
"Totalt produktionspris/bostadsarea, kr",Stor-Stockholm,brutto,2001,18980,https://www.statistikdatabasen.scb.se/pxweb/sv/ssd/START__BO__BO0201__BO0201C/PrisPerAreorSM02/
"Totalt produktionspris/bostadsarea, kr",Stor-Stockholm,brutto,2002,19310,https://www.statistikdatabasen.scb.se/pxweb/sv/ssd/START__BO__BO0201__BO0201C/PrisPerAreorSM02/
"Totalt produktionspris/bostadsarea, kr",Stor-Stockholm,brutto,2003,22539,https://www.statistikdatabasen.scb.se/pxweb/sv/ssd/START__BO__BO0201__BO0201C/PrisPerAreorSM02/
"Totalt produktionspris/bostadsarea, kr",Stor-Stockholm,brutto,2004,24430,https://www.statistikdatabasen.scb.se/pxweb/sv/ssd/START__BO__BO0201__BO0201C/PrisPerAreorSM02/
"Totalt produktionspris/bostadsarea, kr",Stor-Stockholm,brutto,2005,22897,https://www.statistikdatabasen.scb.se/pxweb/sv/ssd/START__BO__BO0201__BO0201C/PrisPerAreorSM02/
"Totalt produktionspris/bostadsarea, kr",Stor-Stockholm,brutto,2006,23318,https://www.statistikdatabasen.scb.se/pxweb/sv/ssd/START__BO__BO0201__BO0201C/PrisPerAreorSM02/
"Totalt produktionspris/bostadsarea, kr",Stor-Stockholm,brutto,2007,25270,https://www.statistikdatabasen.scb.se/pxweb/sv/ssd/START__BO__BO0201__BO0201C/PrisPerAreorSM02/
"Totalt produktionspris/bostadsarea, kr",Stor-Stockholm,brutto,2008,30653,https://www.statistikdatabasen.scb.se/pxweb/sv/ssd/START__BO__BO0201__BO0201C/PrisPerAreorSM02/
"Totalt produktionspris/bostadsarea, kr",Stor-Stockholm,brutto,2009,32087,https://www.statistikdatabasen.scb.se/pxweb/sv/ssd/START__BO__BO0201__BO0201C/PrisPerAreorSM02/
"Totalt produktionspris/bostadsarea, kr",Stor-Stockholm,brutto,2010,29954,https://www.statistikdatabasen.scb.se/pxweb/sv/ssd/START__BO__BO0201__BO0201C/PrisPerAreorSM02/
"Totalt produktionspris/bostadsarea, kr",Stor-Stockholm,brutto,2011,32977,https://www.statistikdatabasen.scb.se/pxweb/sv/ssd/START__BO__BO0201__BO0201C/PrisPerAreorSM02/
"Totalt produktionspris/bostadsarea, kr",Stor-Stockholm,brutto,2012,29355,https://www.statistikdatabasen.scb.se/pxweb/sv/ssd/START__BO__BO0201__BO0201C/PrisPerAreorSM02/
"Totalt produktionspris/bostadsarea, kr",Stor-Stockholm,brutto,2013,32919,https://www.statistikdatabasen.scb.se/pxweb/sv/ssd/START__BO__BO0201__BO0201C/PrisPerAreorSM02/
"Totalt produktionspris/bostadsarea, kr",Stor-Stockholm,brutto,2014,36325,https://www.statistikdatabasen.scb.se/pxweb/sv/ssd/START__BO__BO0201__BO0201C/PrisPerAreorSM02/
"Totalt produktionspris/bostadsarea, kr",Stor-Stockholm,brutto,2015,37152,https://www.statistikdatabasen.scb.se/pxweb/sv/ssd/START__BO__BO0201__BO0201C/PrisPerAreorSM02/
"Totalt produktionspris/bostadsarea, kr",Stor-Stockholm,brutto,2016,43720,https://www.statistikdatabasen.scb.se/pxweb/sv/ssd/START__BO__BO0201__BO0201C/PrisPerAreorSM02/
"Totalt produktionspris/bostadsarea, kr",Stor-Stockholm,brutto,2017,41909,https://www.statistikdatabasen.scb.se/pxweb/sv/ssd/START__BO__BO0201__BO0201C/PrisPerAreorSM02/
"Totalt produktionspris/bostadsarea, kr",Stor-Stockholm,brutto,2018,46490,https://www.statistikdatabasen.scb.se/pxweb/sv/ssd/START__BO__BO0201__BO0201C/PrisPerAreorSM02/
"Totalt produktionspris/bostadsarea, kr",Stor-Stockholm,brutto,2019,42819,https://www.statistikdatabasen.scb.se/pxweb/sv/ssd/START__BO__BO0201__BO0201C/PrisPerAreorSM02/
"Totalt produktionspris/bostadsarea, kr",Stor-Stockholm,brutto,2020,45281,https://www.statistikdatabasen.scb.se/pxweb/sv/ssd/START__BO__BO0201__BO0201C/PrisPerAreorSM02/
"Totalt produktionspris/bostadsarea, kr",Stor-Stockholm,brutto,2021,44217,https://www.statistikdatabasen.scb.se/pxweb/sv/ssd/START__BO__BO0201__BO0201C/PrisPerAreorSM02/
"Totalt produktionspris/bostadsarea, kr",Stor-Stockholm,brutto,2022,48455,https://www.statistikdatabasen.scb.se/pxweb/sv/ssd/START__BO__BO0201__BO0201C/PrisPerAreorSM02/
"Totalt produktionspris/bostadsarea, kr",Stor-Stockholm,brutto,2023,42864,https://www.statistikdatabasen.scb.se/pxweb/sv/ssd/START__BO__BO0201__BO0201C/PrisPerAreorSM02/
"Totalt produktionspris/bostadsarea, kr",Stor-Stockholm,brutto,2024,55778,https://www.statistikdatabasen.scb.se/pxweb/sv/ssd/START__BO__BO0201__BO0201C/PrisPerAreorSM02/
"Byggnadsobjekt, antal som prisstatistiken baseras på",Stor-Stockholm,netto,1994,93,https://www.statistikdatabasen.scb.se/pxweb/sv/ssd/START__BO__BO0201__BO0201C/PrisPerAreorSM02/
"Byggnadsobjekt, antal som prisstatistiken baseras på",Stor-Stockholm,netto,1995,167,https://www.statistikdatabasen.scb.se/pxweb/sv/ssd/START__BO__BO0201__BO0201C/PrisPerAreorSM02/
"Byggnadsobjekt, antal som prisstatistiken baseras på",Stor-Stockholm,netto,1996,279,https://www.statistikdatabasen.scb.se/pxweb/sv/ssd/START__BO__BO0201__BO0201C/PrisPerAreorSM02/
"Byggnadsobjekt, antal som prisstatistiken baseras på",Stor-Stockholm,netto,1997,55,https://www.statistikdatabasen.scb.se/pxweb/sv/ssd/START__BO__BO0201__BO0201C/PrisPerAreorSM02/
"Byggnadsobjekt, antal som prisstatistiken baseras på",Stor-Stockholm,netto,1998,168,https://www.statistikdatabasen.scb.se/pxweb/sv/ssd/START__BO__BO0201__BO0201C/PrisPerAreorSM02/
"Byggnadsobjekt, antal som prisstatistiken baseras på",Stor-Stockholm,netto,1999,98,https://www.statistikdatabasen.scb.se/pxweb/sv/ssd/START__BO__BO0201__BO0201C/PrisPerAreorSM02/
"Byggnadsobjekt, antal som prisstatistiken baseras på",Stor-Stockholm,netto,2000,105,https://www.statistikdatabasen.scb.se/pxweb/sv/ssd/START__BO__BO0201__BO0201C/PrisPerAreorSM02/
"Byggnadsobjekt, antal som prisstatistiken baseras på",Stor-Stockholm,netto,2001,77,https://www.statistikdatabasen.scb.se/pxweb/sv/ssd/START__BO__BO0201__BO0201C/PrisPerAreorSM02/
"Byggnadsobjekt, antal som prisstatistiken baseras på",Stor-Stockholm,netto,2002,76,https://www.statistikdatabasen.scb.se/pxweb/sv/ssd/START__BO__BO0201__BO0201C/PrisPerAreorSM02/
"Byggnadsobjekt, antal som prisstatistiken baseras på",Stor-Stockholm,netto,2003,50,https://www.statistikdatabasen.scb.se/pxweb/sv/ssd/START__BO__BO0201__BO0201C/PrisPerAreorSM02/
"Byggnadsobjekt, antal som prisstatistiken baseras på",Stor-Stockholm,netto,2004,53,https://www.statistikdatabasen.scb.se/pxweb/sv/ssd/START__BO__BO0201__BO0201C/PrisPerAreorSM02/
"Byggnadsobjekt, antal som prisstatistiken baseras på",Stor-Stockholm,netto,2005,73,https://www.statistikdatabasen.scb.se/pxweb/sv/ssd/START__BO__BO0201__BO0201C/PrisPerAreorSM02/
"Byggnadsobjekt, antal som prisstatistiken baseras på",Stor-Stockholm,netto,2006,78,https://www.statistikdatabasen.scb.se/pxweb/sv/ssd/START__BO__BO0201__BO0201C/PrisPerAreorSM02/
"Byggnadsobjekt, antal som prisstatistiken baseras på",Stor-Stockholm,netto,2007,89,https://www.statistikdatabasen.scb.se/pxweb/sv/ssd/START__BO__BO0201__BO0201C/PrisPerAreorSM02/
"Byggnadsobjekt, antal som prisstatistiken baseras på",Stor-Stockholm,netto,2008,99,https://www.statistikdatabasen.scb.se/pxweb/sv/ssd/START__BO__BO0201__BO0201C/PrisPerAreorSM02/
"Byggnadsobjekt, antal som prisstatistiken baseras på",Stor-Stockholm,netto,2009,75,https://www.statistikdatabasen.scb.se/pxweb/sv/ssd/START__BO__BO0201__BO0201C/PrisPerAreorSM02/
"Byggnadsobjekt, antal som prisstatistiken baseras på",Stor-Stockholm,netto,2010,109,https://www.statistikdatabasen.scb.se/pxweb/sv/ssd/START__BO__BO0201__BO0201C/PrisPerAreorSM02/
"Byggnadsobjekt, antal som prisstatistiken baseras på",Stor-Stockholm,netto,2011,86,https://www.statistikdatabasen.scb.se/pxweb/sv/ssd/START__BO__BO0201__BO0201C/PrisPerAreorSM02/
"Byggnadsobjekt, antal som prisstatistiken baseras på",Stor-Stockholm,netto,2012,82,https://www.statistikdatabasen.scb.se/pxweb/sv/ssd/START__BO__BO0201__BO0201C/PrisPerAreorSM02/
"Byggnadsobjekt, antal som prisstatistiken baseras på",Stor-Stockholm,netto,2013,156,https://www.statistikdatabasen.scb.se/pxweb/sv/ssd/START__BO__BO0201__BO0201C/PrisPerAreorSM02/
"Byggnadsobjekt, antal som prisstatistiken baseras på",Stor-Stockholm,netto,2014,231,https://www.statistikdatabasen.scb.se/pxweb/sv/ssd/START__BO__BO0201__BO0201C/PrisPerAreorSM02/
"Byggnadsobjekt, antal som prisstatistiken baseras på",Stor-Stockholm,netto,2015,191,https://www.statistikdatabasen.scb.se/pxweb/sv/ssd/START__BO__BO0201__BO0201C/PrisPerAreorSM02/
"Byggnadsobjekt, antal som prisstatistiken baseras på",Stor-Stockholm,netto,2016,196,https://www.statistikdatabasen.scb.se/pxweb/sv/ssd/START__BO__BO0201__BO0201C/PrisPerAreorSM02/
"Byggnadsobjekt, antal som prisstatistiken baseras på",Stor-Stockholm,netto,2017,148,https://www.statistikdatabasen.scb.se/pxweb/sv/ssd/START__BO__BO0201__BO0201C/PrisPerAreorSM02/
"Byggnadsobjekt, antal som prisstatistiken baseras på",Stor-Stockholm,netto,2018,81,https://www.statistikdatabasen.scb.se/pxweb/sv/ssd/START__BO__BO0201__BO0201C/PrisPerAreorSM02/
"Byggnadsobjekt, antal som prisstatistiken baseras på",Stor-Stockholm,netto,2019,79,https://www.statistikdatabasen.scb.se/pxweb/sv/ssd/START__BO__BO0201__BO0201C/PrisPerAreorSM02/
"Byggnadsobjekt, antal som prisstatistiken baseras på",Stor-Stockholm,netto,2020,58,https://www.statistikdatabasen.scb.se/pxweb/sv/ssd/START__BO__BO0201__BO0201C/PrisPerAreorSM02/
"Byggnadsobjekt, antal som prisstatistiken baseras på",Stor-Stockholm,netto,2021,67,https://www.statistikdatabasen.scb.se/pxweb/sv/ssd/START__BO__BO0201__BO0201C/PrisPerAreorSM02/
"Byggnadsobjekt, antal som prisstatistiken baseras på",Stor-Stockholm,netto,2022,73,https://www.statistikdatabasen.scb.se/pxweb/sv/ssd/START__BO__BO0201__BO0201C/PrisPerAreorSM02/
"Byggnadsobjekt, antal som prisstatistiken baseras på",Stor-Stockholm,netto,2023,35,https://www.statistikdatabasen.scb.se/pxweb/sv/ssd/START__BO__BO0201__BO0201C/PrisPerAreorSM02/
"Byggnadsobjekt, antal som prisstatistiken baseras på",Stor-Stockholm,netto,2024,35,https://www.statistikdatabasen.scb.se/pxweb/sv/ssd/START__BO__BO0201__BO0201C/PrisPerAreorSM02/
"Lägenheter, antal som prisstatistiken baseras på",Stor-Stockholm,netto,1994,285,https://www.statistikdatabasen.scb.se/pxweb/sv/ssd/START__BO__BO0201__BO0201C/PrisPerAreorSM02/
"Lägenheter, antal som prisstatistiken baseras på",Stor-Stockholm,netto,1995,435,https://www.statistikdatabasen.scb.se/pxweb/sv/ssd/START__BO__BO0201__BO0201C/PrisPerAreorSM02/
"Lägenheter, antal som prisstatistiken baseras på",Stor-Stockholm,netto,1996,703,https://www.statistikdatabasen.scb.se/pxweb/sv/ssd/START__BO__BO0201__BO0201C/PrisPerAreorSM02/
"Lägenheter, antal som prisstatistiken baseras på",Stor-Stockholm,netto,1997,381,https://www.statistikdatabasen.scb.se/pxweb/sv/ssd/START__BO__BO0201__BO0201C/PrisPerAreorSM02/
"Lägenheter, antal som prisstatistiken baseras på",Stor-Stockholm,netto,1998,461,https://www.statistikdatabasen.scb.se/pxweb/sv/ssd/START__BO__BO0201__BO0201C/PrisPerAreorSM02/
"Lägenheter, antal som prisstatistiken baseras på",Stor-Stockholm,netto,1999,404,https://www.statistikdatabasen.scb.se/pxweb/sv/ssd/START__BO__BO0201__BO0201C/PrisPerAreorSM02/
"Lägenheter, antal som prisstatistiken baseras på",Stor-Stockholm,netto,2000,933,https://www.statistikdatabasen.scb.se/pxweb/sv/ssd/START__BO__BO0201__BO0201C/PrisPerAreorSM02/
"Lägenheter, antal som prisstatistiken baseras på",Stor-Stockholm,netto,2001,576,https://www.statistikdatabasen.scb.se/pxweb/sv/ssd/START__BO__BO0201__BO0201C/PrisPerAreorSM02/
"Lägenheter, antal som prisstatistiken baseras på",Stor-Stockholm,netto,2002,565,https://www.statistikdatabasen.scb.se/pxweb/sv/ssd/START__BO__BO0201__BO0201C/PrisPerAreorSM02/
"Lägenheter, antal som prisstatistiken baseras på",Stor-Stockholm,netto,2003,480,https://www.statistikdatabasen.scb.se/pxweb/sv/ssd/START__BO__BO0201__BO0201C/PrisPerAreorSM02/
"Lägenheter, antal som prisstatistiken baseras på",Stor-Stockholm,netto,2004,510,https://www.statistikdatabasen.scb.se/pxweb/sv/ssd/START__BO__BO0201__BO0201C/PrisPerAreorSM02/
"Lägenheter, antal som prisstatistiken baseras på",Stor-Stockholm,netto,2005,455,https://www.statistikdatabasen.scb.se/pxweb/sv/ssd/START__BO__BO0201__BO0201C/PrisPerAreorSM02/
"Lägenheter, antal som prisstatistiken baseras på",Stor-Stockholm,netto,2006,824,https://www.statistikdatabasen.scb.se/pxweb/sv/ssd/START__BO__BO0201__BO0201C/PrisPerAreorSM02/
"Lägenheter, antal som prisstatistiken baseras på",Stor-Stockholm,netto,2007,1153,https://www.statistikdatabasen.scb.se/pxweb/sv/ssd/START__BO__BO0201__BO0201C/PrisPerAreorSM02/
"Lägenheter, antal som prisstatistiken baseras på",Stor-Stockholm,netto,2008,694,https://www.statistikdatabasen.scb.se/pxweb/sv/ssd/START__BO__BO0201__BO0201C/PrisPerAreorSM02/
"Lägenheter, antal som prisstatistiken baseras på",Stor-Stockholm,netto,2009,342,https://www.statistikdatabasen.scb.se/pxweb/sv/ssd/START__BO__BO0201__BO0201C/PrisPerAreorSM02/
"Lägenheter, antal som prisstatistiken baseras på",Stor-Stockholm,netto,2010,687,https://www.statistikdatabasen.scb.se/pxweb/sv/ssd/START__BO__BO0201__BO0201C/PrisPerAreorSM02/
"Lägenheter, antal som prisstatistiken baseras på",Stor-Stockholm,netto,2011,720,https://www.statistikdatabasen.scb.se/pxweb/sv/ssd/START__BO__BO0201__BO0201C/PrisPerAreorSM02/
"Lägenheter, antal som prisstatistiken baseras på",Stor-Stockholm,netto,2012,572,https://www.statistikdatabasen.scb.se/pxweb/sv/ssd/START__BO__BO0201__BO0201C/PrisPerAreorSM02/
"Lägenheter, antal som prisstatistiken baseras på",Stor-Stockholm,netto,2013,747,https://www.statistikdatabasen.scb.se/pxweb/sv/ssd/START__BO__BO0201__BO0201C/PrisPerAreorSM02/
"Lägenheter, antal som prisstatistiken baseras på",Stor-Stockholm,netto,2014,1163,https://www.statistikdatabasen.scb.se/pxweb/sv/ssd/START__BO__BO0201__BO0201C/PrisPerAreorSM02/
"Lägenheter, antal som prisstatistiken baseras på",Stor-Stockholm,netto,2015,1196,https://www.statistikdatabasen.scb.se/pxweb/sv/ssd/START__BO__BO0201__BO0201C/PrisPerAreorSM02/
"Lägenheter, antal som prisstatistiken baseras på",Stor-Stockholm,netto,2016,1343,https://www.statistikdatabasen.scb.se/pxweb/sv/ssd/START__BO__BO0201__BO0201C/PrisPerAreorSM02/
"Lägenheter, antal som prisstatistiken baseras på",Stor-Stockholm,netto,2017,1044,https://www.statistikdatabasen.scb.se/pxweb/sv/ssd/START__BO__BO0201__BO0201C/PrisPerAreorSM02/
"Lägenheter, antal som prisstatistiken baseras på",Stor-Stockholm,netto,2018,817,https://www.statistikdatabasen.scb.se/pxweb/sv/ssd/START__BO__BO0201__BO0201C/PrisPerAreorSM02/
"Lägenheter, antal som prisstatistiken baseras på",Stor-Stockholm,netto,2019,907,https://www.statistikdatabasen.scb.se/pxweb/sv/ssd/START__BO__BO0201__BO0201C/PrisPerAreorSM02/
"Lägenheter, antal som prisstatistiken baseras på",Stor-Stockholm,netto,2020,650,https://www.statistikdatabasen.scb.se/pxweb/sv/ssd/START__BO__BO0201__BO0201C/PrisPerAreorSM02/
"Lägenheter, antal som prisstatistiken baseras på",Stor-Stockholm,netto,2021,565,https://www.statistikdatabasen.scb.se/pxweb/sv/ssd/START__BO__BO0201__BO0201C/PrisPerAreorSM02/
"Lägenheter, antal som prisstatistiken baseras på",Stor-Stockholm,netto,2022,685,https://www.statistikdatabasen.scb.se/pxweb/sv/ssd/START__BO__BO0201__BO0201C/PrisPerAreorSM02/
"Lägenheter, antal som prisstatistiken baseras på",Stor-Stockholm,netto,2023,205,https://www.statistikdatabasen.scb.se/pxweb/sv/ssd/START__BO__BO0201__BO0201C/PrisPerAreorSM02/
"Lägenheter, antal som prisstatistiken baseras på",Stor-Stockholm,netto,2024,237,https://www.statistikdatabasen.scb.se/pxweb/sv/ssd/START__BO__BO0201__BO0201C/PrisPerAreorSM02/
"Bostadsarea/lägenhet, kvm",Stor-Stockholm,netto,1994,,https://www.statistikdatabasen.scb.se/pxweb/sv/ssd/START__BO__BO0201__BO0201C/PrisPerAreorSM02/
"Bostadsarea/lägenhet, kvm",Stor-Stockholm,netto,1995,,https://www.statistikdatabasen.scb.se/pxweb/sv/ssd/START__BO__BO0201__BO0201C/PrisPerAreorSM02/
"Bostadsarea/lägenhet, kvm",Stor-Stockholm,netto,1996,,https://www.statistikdatabasen.scb.se/pxweb/sv/ssd/START__BO__BO0201__BO0201C/PrisPerAreorSM02/
"Bostadsarea/lägenhet, kvm",Stor-Stockholm,netto,1997,,https://www.statistikdatabasen.scb.se/pxweb/sv/ssd/START__BO__BO0201__BO0201C/PrisPerAreorSM02/
"Bostadsarea/lägenhet, kvm",Stor-Stockholm,netto,1998,106.6,https://www.statistikdatabasen.scb.se/pxweb/sv/ssd/START__BO__BO0201__BO0201C/PrisPerAreorSM02/
"Bostadsarea/lägenhet, kvm",Stor-Stockholm,netto,1999,111.6,https://www.statistikdatabasen.scb.se/pxweb/sv/ssd/START__BO__BO0201__BO0201C/PrisPerAreorSM02/
"Bostadsarea/lägenhet, kvm",Stor-Stockholm,netto,2000,120,https://www.statistikdatabasen.scb.se/pxweb/sv/ssd/START__BO__BO0201__BO0201C/PrisPerAreorSM02/
"Bostadsarea/lägenhet, kvm",Stor-Stockholm,netto,2001,124.8,https://www.statistikdatabasen.scb.se/pxweb/sv/ssd/START__BO__BO0201__BO0201C/PrisPerAreorSM02/
"Bostadsarea/lägenhet, kvm",Stor-Stockholm,netto,2002,136,https://www.statistikdatabasen.scb.se/pxweb/sv/ssd/START__BO__BO0201__BO0201C/PrisPerAreorSM02/
"Bostadsarea/lägenhet, kvm",Stor-Stockholm,netto,2003,125.7,https://www.statistikdatabasen.scb.se/pxweb/sv/ssd/START__BO__BO0201__BO0201C/PrisPerAreorSM02/
"Bostadsarea/lägenhet, kvm",Stor-Stockholm,netto,2004,124.7,https://www.statistikdatabasen.scb.se/pxweb/sv/ssd/START__BO__BO0201__BO0201C/PrisPerAreorSM02/
"Bostadsarea/lägenhet, kvm",Stor-Stockholm,netto,2005,128,https://www.statistikdatabasen.scb.se/pxweb/sv/ssd/START__BO__BO0201__BO0201C/PrisPerAreorSM02/
"Bostadsarea/lägenhet, kvm",Stor-Stockholm,netto,2006,131.6,https://www.statistikdatabasen.scb.se/pxweb/sv/ssd/START__BO__BO0201__BO0201C/PrisPerAreorSM02/
"Bostadsarea/lägenhet, kvm",Stor-Stockholm,netto,2007,130.6,https://www.statistikdatabasen.scb.se/pxweb/sv/ssd/START__BO__BO0201__BO0201C/PrisPerAreorSM02/
"Bostadsarea/lägenhet, kvm",Stor-Stockholm,netto,2008,137.1,https://www.statistikdatabasen.scb.se/pxweb/sv/ssd/START__BO__BO0201__BO0201C/PrisPerAreorSM02/
"Bostadsarea/lägenhet, kvm",Stor-Stockholm,netto,2009,141.7,https://www.statistikdatabasen.scb.se/pxweb/sv/ssd/START__BO__BO0201__BO0201C/PrisPerAreorSM02/
"Bostadsarea/lägenhet, kvm",Stor-Stockholm,netto,2010,136.9,https://www.statistikdatabasen.scb.se/pxweb/sv/ssd/START__BO__BO0201__BO0201C/PrisPerAreorSM02/
"Bostadsarea/lägenhet, kvm",Stor-Stockholm,netto,2011,136.8,https://www.statistikdatabasen.scb.se/pxweb/sv/ssd/START__BO__BO0201__BO0201C/PrisPerAreorSM02/
"Bostadsarea/lägenhet, kvm",Stor-Stockholm,netto,2012,131.5,https://www.statistikdatabasen.scb.se/pxweb/sv/ssd/START__BO__BO0201__BO0201C/PrisPerAreorSM02/
"Bostadsarea/lägenhet, kvm",Stor-Stockholm,netto,2013,130.2,https://www.statistikdatabasen.scb.se/pxweb/sv/ssd/START__BO__BO0201__BO0201C/PrisPerAreorSM02/
"Bostadsarea/lägenhet, kvm",Stor-Stockholm,netto,2014,128.3,https://www.statistikdatabasen.scb.se/pxweb/sv/ssd/START__BO__BO0201__BO0201C/PrisPerAreorSM02/
"Bostadsarea/lägenhet, kvm",Stor-Stockholm,netto,2015,131.8,https://www.statistikdatabasen.scb.se/pxweb/sv/ssd/START__BO__BO0201__BO0201C/PrisPerAreorSM02/
"Bostadsarea/lägenhet, kvm",Stor-Stockholm,netto,2016,128.6,https://www.statistikdatabasen.scb.se/pxweb/sv/ssd/START__BO__BO0201__BO0201C/PrisPerAreorSM02/
"Bostadsarea/lägenhet, kvm",Stor-Stockholm,netto,2017,134.8,https://www.statistikdatabasen.scb.se/pxweb/sv/ssd/START__BO__BO0201__BO0201C/PrisPerAreorSM02/
"Bostadsarea/lägenhet, kvm",Stor-Stockholm,netto,2018,101.2,https://www.statistikdatabasen.scb.se/pxweb/sv/ssd/START__BO__BO0201__BO0201C/PrisPerAreorSM02/
"Bostadsarea/lägenhet, kvm",Stor-Stockholm,netto,2019,119.4,https://www.statistikdatabasen.scb.se/pxweb/sv/ssd/START__BO__BO0201__BO0201C/PrisPerAreorSM02/
"Bostadsarea/lägenhet, kvm",Stor-Stockholm,netto,2020,125.2,https://www.statistikdatabasen.scb.se/pxweb/sv/ssd/START__BO__BO0201__BO0201C/PrisPerAreorSM02/
"Bostadsarea/lägenhet, kvm",Stor-Stockholm,netto,2021,120.1,https://www.statistikdatabasen.scb.se/pxweb/sv/ssd/START__BO__BO0201__BO0201C/PrisPerAreorSM02/
"Bostadsarea/lägenhet, kvm",Stor-Stockholm,netto,2022,117.1,https://www.statistikdatabasen.scb.se/pxweb/sv/ssd/START__BO__BO0201__BO0201C/PrisPerAreorSM02/
"Bostadsarea/lägenhet, kvm",Stor-Stockholm,netto,2023,125.6,https://www.statistikdatabasen.scb.se/pxweb/sv/ssd/START__BO__BO0201__BO0201C/PrisPerAreorSM02/
"Bostadsarea/lägenhet, kvm",Stor-Stockholm,netto,2024,118.8,https://www.statistikdatabasen.scb.se/pxweb/sv/ssd/START__BO__BO0201__BO0201C/PrisPerAreorSM02/
"Markpris/bostadsarea, kr",Stor-Stockholm,netto,1994,,https://www.statistikdatabasen.scb.se/pxweb/sv/ssd/START__BO__BO0201__BO0201C/PrisPerAreorSM02/
"Markpris/bostadsarea, kr",Stor-Stockholm,netto,1995,,https://www.statistikdatabasen.scb.se/pxweb/sv/ssd/START__BO__BO0201__BO0201C/PrisPerAreorSM02/
"Markpris/bostadsarea, kr",Stor-Stockholm,netto,1996,,https://www.statistikdatabasen.scb.se/pxweb/sv/ssd/START__BO__BO0201__BO0201C/PrisPerAreorSM02/
"Markpris/bostadsarea, kr",Stor-Stockholm,netto,1997,,https://www.statistikdatabasen.scb.se/pxweb/sv/ssd/START__BO__BO0201__BO0201C/PrisPerAreorSM02/
"Markpris/bostadsarea, kr",Stor-Stockholm,netto,1998,2437,https://www.statistikdatabasen.scb.se/pxweb/sv/ssd/START__BO__BO0201__BO0201C/PrisPerAreorSM02/
"Markpris/bostadsarea, kr",Stor-Stockholm,netto,1999,2081,https://www.statistikdatabasen.scb.se/pxweb/sv/ssd/START__BO__BO0201__BO0201C/PrisPerAreorSM02/
"Markpris/bostadsarea, kr",Stor-Stockholm,netto,2000,3888,https://www.statistikdatabasen.scb.se/pxweb/sv/ssd/START__BO__BO0201__BO0201C/PrisPerAreorSM02/
"Markpris/bostadsarea, kr",Stor-Stockholm,netto,2001,3296,https://www.statistikdatabasen.scb.se/pxweb/sv/ssd/START__BO__BO0201__BO0201C/PrisPerAreorSM02/
"Markpris/bostadsarea, kr",Stor-Stockholm,netto,2002,3973,https://www.statistikdatabasen.scb.se/pxweb/sv/ssd/START__BO__BO0201__BO0201C/PrisPerAreorSM02/
"Markpris/bostadsarea, kr",Stor-Stockholm,netto,2003,4684,https://www.statistikdatabasen.scb.se/pxweb/sv/ssd/START__BO__BO0201__BO0201C/PrisPerAreorSM02/
"Markpris/bostadsarea, kr",Stor-Stockholm,netto,2004,4802,https://www.statistikdatabasen.scb.se/pxweb/sv/ssd/START__BO__BO0201__BO0201C/PrisPerAreorSM02/
"Markpris/bostadsarea, kr",Stor-Stockholm,netto,2005,5250,https://www.statistikdatabasen.scb.se/pxweb/sv/ssd/START__BO__BO0201__BO0201C/PrisPerAreorSM02/
"Markpris/bostadsarea, kr",Stor-Stockholm,netto,2006,5433,https://www.statistikdatabasen.scb.se/pxweb/sv/ssd/START__BO__BO0201__BO0201C/PrisPerAreorSM02/
"Markpris/bostadsarea, kr",Stor-Stockholm,netto,2007,5429,https://www.statistikdatabasen.scb.se/pxweb/sv/ssd/START__BO__BO0201__BO0201C/PrisPerAreorSM02/
"Markpris/bostadsarea, kr",Stor-Stockholm,netto,2008,8074,https://www.statistikdatabasen.scb.se/pxweb/sv/ssd/START__BO__BO0201__BO0201C/PrisPerAreorSM02/
"Markpris/bostadsarea, kr",Stor-Stockholm,netto,2009,9005,https://www.statistikdatabasen.scb.se/pxweb/sv/ssd/START__BO__BO0201__BO0201C/PrisPerAreorSM02/
"Markpris/bostadsarea, kr",Stor-Stockholm,netto,2010,7828,https://www.statistikdatabasen.scb.se/pxweb/sv/ssd/START__BO__BO0201__BO0201C/PrisPerAreorSM02/
"Markpris/bostadsarea, kr",Stor-Stockholm,netto,2011,11320,https://www.statistikdatabasen.scb.se/pxweb/sv/ssd/START__BO__BO0201__BO0201C/PrisPerAreorSM02/
"Markpris/bostadsarea, kr",Stor-Stockholm,netto,2012,8320,https://www.statistikdatabasen.scb.se/pxweb/sv/ssd/START__BO__BO0201__BO0201C/PrisPerAreorSM02/
"Markpris/bostadsarea, kr",Stor-Stockholm,netto,2013,10177,https://www.statistikdatabasen.scb.se/pxweb/sv/ssd/START__BO__BO0201__BO0201C/PrisPerAreorSM02/
"Markpris/bostadsarea, kr",Stor-Stockholm,netto,2014,11796,https://www.statistikdatabasen.scb.se/pxweb/sv/ssd/START__BO__BO0201__BO0201C/PrisPerAreorSM02/
"Markpris/bostadsarea, kr",Stor-Stockholm,netto,2015,11630,https://www.statistikdatabasen.scb.se/pxweb/sv/ssd/START__BO__BO0201__BO0201C/PrisPerAreorSM02/
"Markpris/bostadsarea, kr",Stor-Stockholm,netto,2016,13449,https://www.statistikdatabasen.scb.se/pxweb/sv/ssd/START__BO__BO0201__BO0201C/PrisPerAreorSM02/
"Markpris/bostadsarea, kr",Stor-Stockholm,netto,2017,11324,https://www.statistikdatabasen.scb.se/pxweb/sv/ssd/START__BO__BO0201__BO0201C/PrisPerAreorSM02/
"Markpris/bostadsarea, kr",Stor-Stockholm,netto,2018,18150,https://www.statistikdatabasen.scb.se/pxweb/sv/ssd/START__BO__BO0201__BO0201C/PrisPerAreorSM02/
"Markpris/bostadsarea, kr",Stor-Stockholm,netto,2019,16576,https://www.statistikdatabasen.scb.se/pxweb/sv/ssd/START__BO__BO0201__BO0201C/PrisPerAreorSM02/
"Markpris/bostadsarea, kr",Stor-Stockholm,netto,2020,13614,https://www.statistikdatabasen.scb.se/pxweb/sv/ssd/START__BO__BO0201__BO0201C/PrisPerAreorSM02/
"Markpris/bostadsarea, kr",Stor-Stockholm,netto,2021,14042,https://www.statistikdatabasen.scb.se/pxweb/sv/ssd/START__BO__BO0201__BO0201C/PrisPerAreorSM02/
"Markpris/bostadsarea, kr",Stor-Stockholm,netto,2022,13515,https://www.statistikdatabasen.scb.se/pxweb/sv/ssd/START__BO__BO0201__BO0201C/PrisPerAreorSM02/
"Markpris/bostadsarea, kr",Stor-Stockholm,netto,2023,13111,https://www.statistikdatabasen.scb.se/pxweb/sv/ssd/START__BO__BO0201__BO0201C/PrisPerAreorSM02/
"Markpris/bostadsarea, kr",Stor-Stockholm,netto,2024,15203,https://www.statistikdatabasen.scb.se/pxweb/sv/ssd/START__BO__BO0201__BO0201C/PrisPerAreorSM02/
"Byggnadspris/bostadsarea, kr",Stor-Stockholm,netto,1994,,https://www.statistikdatabasen.scb.se/pxweb/sv/ssd/START__BO__BO0201__BO0201C/PrisPerAreorSM02/
"Byggnadspris/bostadsarea, kr",Stor-Stockholm,netto,1995,,https://www.statistikdatabasen.scb.se/pxweb/sv/ssd/START__BO__BO0201__BO0201C/PrisPerAreorSM02/
"Byggnadspris/bostadsarea, kr",Stor-Stockholm,netto,1996,,https://www.statistikdatabasen.scb.se/pxweb/sv/ssd/START__BO__BO0201__BO0201C/PrisPerAreorSM02/
"Byggnadspris/bostadsarea, kr",Stor-Stockholm,netto,1997,,https://www.statistikdatabasen.scb.se/pxweb/sv/ssd/START__BO__BO0201__BO0201C/PrisPerAreorSM02/
"Byggnadspris/bostadsarea, kr",Stor-Stockholm,netto,1998,11416,https://www.statistikdatabasen.scb.se/pxweb/sv/ssd/START__BO__BO0201__BO0201C/PrisPerAreorSM02/
"Byggnadspris/bostadsarea, kr",Stor-Stockholm,netto,1999,12583,https://www.statistikdatabasen.scb.se/pxweb/sv/ssd/START__BO__BO0201__BO0201C/PrisPerAreorSM02/
"Byggnadspris/bostadsarea, kr",Stor-Stockholm,netto,2000,15981,https://www.statistikdatabasen.scb.se/pxweb/sv/ssd/START__BO__BO0201__BO0201C/PrisPerAreorSM02/
"Byggnadspris/bostadsarea, kr",Stor-Stockholm,netto,2001,15684,https://www.statistikdatabasen.scb.se/pxweb/sv/ssd/START__BO__BO0201__BO0201C/PrisPerAreorSM02/
"Byggnadspris/bostadsarea, kr",Stor-Stockholm,netto,2002,15337,https://www.statistikdatabasen.scb.se/pxweb/sv/ssd/START__BO__BO0201__BO0201C/PrisPerAreorSM02/
"Byggnadspris/bostadsarea, kr",Stor-Stockholm,netto,2003,17797,https://www.statistikdatabasen.scb.se/pxweb/sv/ssd/START__BO__BO0201__BO0201C/PrisPerAreorSM02/
"Byggnadspris/bostadsarea, kr",Stor-Stockholm,netto,2004,19515,https://www.statistikdatabasen.scb.se/pxweb/sv/ssd/START__BO__BO0201__BO0201C/PrisPerAreorSM02/
"Byggnadspris/bostadsarea, kr",Stor-Stockholm,netto,2005,17640,https://www.statistikdatabasen.scb.se/pxweb/sv/ssd/START__BO__BO0201__BO0201C/PrisPerAreorSM02/
"Byggnadspris/bostadsarea, kr",Stor-Stockholm,netto,2006,17886,https://www.statistikdatabasen.scb.se/pxweb/sv/ssd/START__BO__BO0201__BO0201C/PrisPerAreorSM02/
"Byggnadspris/bostadsarea, kr",Stor-Stockholm,netto,2007,19839,https://www.statistikdatabasen.scb.se/pxweb/sv/ssd/START__BO__BO0201__BO0201C/PrisPerAreorSM02/
"Byggnadspris/bostadsarea, kr",Stor-Stockholm,netto,2008,22579,https://www.statistikdatabasen.scb.se/pxweb/sv/ssd/START__BO__BO0201__BO0201C/PrisPerAreorSM02/
"Byggnadspris/bostadsarea, kr",Stor-Stockholm,netto,2009,23081,https://www.statistikdatabasen.scb.se/pxweb/sv/ssd/START__BO__BO0201__BO0201C/PrisPerAreorSM02/
"Byggnadspris/bostadsarea, kr",Stor-Stockholm,netto,2010,22125,https://www.statistikdatabasen.scb.se/pxweb/sv/ssd/START__BO__BO0201__BO0201C/PrisPerAreorSM02/
"Byggnadspris/bostadsarea, kr",Stor-Stockholm,netto,2011,21656,https://www.statistikdatabasen.scb.se/pxweb/sv/ssd/START__BO__BO0201__BO0201C/PrisPerAreorSM02/
"Byggnadspris/bostadsarea, kr",Stor-Stockholm,netto,2012,21035,https://www.statistikdatabasen.scb.se/pxweb/sv/ssd/START__BO__BO0201__BO0201C/PrisPerAreorSM02/
"Byggnadspris/bostadsarea, kr",Stor-Stockholm,netto,2013,22742,https://www.statistikdatabasen.scb.se/pxweb/sv/ssd/START__BO__BO0201__BO0201C/PrisPerAreorSM02/
"Byggnadspris/bostadsarea, kr",Stor-Stockholm,netto,2014,24521,https://www.statistikdatabasen.scb.se/pxweb/sv/ssd/START__BO__BO0201__BO0201C/PrisPerAreorSM02/
"Byggnadspris/bostadsarea, kr",Stor-Stockholm,netto,2015,25523,https://www.statistikdatabasen.scb.se/pxweb/sv/ssd/START__BO__BO0201__BO0201C/PrisPerAreorSM02/
"Byggnadspris/bostadsarea, kr",Stor-Stockholm,netto,2016,30271,https://www.statistikdatabasen.scb.se/pxweb/sv/ssd/START__BO__BO0201__BO0201C/PrisPerAreorSM02/
"Byggnadspris/bostadsarea, kr",Stor-Stockholm,netto,2017,30585,https://www.statistikdatabasen.scb.se/pxweb/sv/ssd/START__BO__BO0201__BO0201C/PrisPerAreorSM02/
"Byggnadspris/bostadsarea, kr",Stor-Stockholm,netto,2018,28276,https://www.statistikdatabasen.scb.se/pxweb/sv/ssd/START__BO__BO0201__BO0201C/PrisPerAreorSM02/
"Byggnadspris/bostadsarea, kr",Stor-Stockholm,netto,2019,26244,https://www.statistikdatabasen.scb.se/pxweb/sv/ssd/START__BO__BO0201__BO0201C/PrisPerAreorSM02/
"Byggnadspris/bostadsarea, kr",Stor-Stockholm,netto,2020,31619,https://www.statistikdatabasen.scb.se/pxweb/sv/ssd/START__BO__BO0201__BO0201C/PrisPerAreorSM02/
"Byggnadspris/bostadsarea, kr",Stor-Stockholm,netto,2021,30169,https://www.statistikdatabasen.scb.se/pxweb/sv/ssd/START__BO__BO0201__BO0201C/PrisPerAreorSM02/
"Byggnadspris/bostadsarea, kr",Stor-Stockholm,netto,2022,34940,https://www.statistikdatabasen.scb.se/pxweb/sv/ssd/START__BO__BO0201__BO0201C/PrisPerAreorSM02/
"Byggnadspris/bostadsarea, kr",Stor-Stockholm,netto,2023,29752,https://www.statistikdatabasen.scb.se/pxweb/sv/ssd/START__BO__BO0201__BO0201C/PrisPerAreorSM02/
"Byggnadspris/bostadsarea, kr",Stor-Stockholm,netto,2024,40569,https://www.statistikdatabasen.scb.se/pxweb/sv/ssd/START__BO__BO0201__BO0201C/PrisPerAreorSM02/
"Totalt produktionspris/bostadsarea, kr",Stor-Stockholm,netto,1994,,https://www.statistikdatabasen.scb.se/pxweb/sv/ssd/START__BO__BO0201__BO0201C/PrisPerAreorSM02/
"Totalt produktionspris/bostadsarea, kr",Stor-Stockholm,netto,1995,,https://www.statistikdatabasen.scb.se/pxweb/sv/ssd/START__BO__BO0201__BO0201C/PrisPerAreorSM02/
"Totalt produktionspris/bostadsarea, kr",Stor-Stockholm,netto,1996,,https://www.statistikdatabasen.scb.se/pxweb/sv/ssd/START__BO__BO0201__BO0201C/PrisPerAreorSM02/
"Totalt produktionspris/bostadsarea, kr",Stor-Stockholm,netto,1997,,https://www.statistikdatabasen.scb.se/pxweb/sv/ssd/START__BO__BO0201__BO0201C/PrisPerAreorSM02/
"Totalt produktionspris/bostadsarea, kr",Stor-Stockholm,netto,1998,13853,https://www.statistikdatabasen.scb.se/pxweb/sv/ssd/START__BO__BO0201__BO0201C/PrisPerAreorSM02/
"Totalt produktionspris/bostadsarea, kr",Stor-Stockholm,netto,1999,14664,https://www.statistikdatabasen.scb.se/pxweb/sv/ssd/START__BO__BO0201__BO0201C/PrisPerAreorSM02/
"Totalt produktionspris/bostadsarea, kr",Stor-Stockholm,netto,2000,19869,https://www.statistikdatabasen.scb.se/pxweb/sv/ssd/START__BO__BO0201__BO0201C/PrisPerAreorSM02/
"Totalt produktionspris/bostadsarea, kr",Stor-Stockholm,netto,2001,18980,https://www.statistikdatabasen.scb.se/pxweb/sv/ssd/START__BO__BO0201__BO0201C/PrisPerAreorSM02/
"Totalt produktionspris/bostadsarea, kr",Stor-Stockholm,netto,2002,19310,https://www.statistikdatabasen.scb.se/pxweb/sv/ssd/START__BO__BO0201__BO0201C/PrisPerAreorSM02/
"Totalt produktionspris/bostadsarea, kr",Stor-Stockholm,netto,2003,22481,https://www.statistikdatabasen.scb.se/pxweb/sv/ssd/START__BO__BO0201__BO0201C/PrisPerAreorSM02/
"Totalt produktionspris/bostadsarea, kr",Stor-Stockholm,netto,2004,24317,https://www.statistikdatabasen.scb.se/pxweb/sv/ssd/START__BO__BO0201__BO0201C/PrisPerAreorSM02/
"Totalt produktionspris/bostadsarea, kr",Stor-Stockholm,netto,2005,22890,https://www.statistikdatabasen.scb.se/pxweb/sv/ssd/START__BO__BO0201__BO0201C/PrisPerAreorSM02/
"Totalt produktionspris/bostadsarea, kr",Stor-Stockholm,netto,2006,23318,https://www.statistikdatabasen.scb.se/pxweb/sv/ssd/START__BO__BO0201__BO0201C/PrisPerAreorSM02/
"Totalt produktionspris/bostadsarea, kr",Stor-Stockholm,netto,2007,25268,https://www.statistikdatabasen.scb.se/pxweb/sv/ssd/START__BO__BO0201__BO0201C/PrisPerAreorSM02/
"Totalt produktionspris/bostadsarea, kr",Stor-Stockholm,netto,2008,30653,https://www.statistikdatabasen.scb.se/pxweb/sv/ssd/START__BO__BO0201__BO0201C/PrisPerAreorSM02/
"Totalt produktionspris/bostadsarea, kr",Stor-Stockholm,netto,2009,32087,https://www.statistikdatabasen.scb.se/pxweb/sv/ssd/START__BO__BO0201__BO0201C/PrisPerAreorSM02/
"Totalt produktionspris/bostadsarea, kr",Stor-Stockholm,netto,2010,29953,https://www.statistikdatabasen.scb.se/pxweb/sv/ssd/START__BO__BO0201__BO0201C/PrisPerAreorSM02/
"Totalt produktionspris/bostadsarea, kr",Stor-Stockholm,netto,2011,32977,https://www.statistikdatabasen.scb.se/pxweb/sv/ssd/START__BO__BO0201__BO0201C/PrisPerAreorSM02/
"Totalt produktionspris/bostadsarea, kr",Stor-Stockholm,netto,2012,29355,https://www.statistikdatabasen.scb.se/pxweb/sv/ssd/START__BO__BO0201__BO0201C/PrisPerAreorSM02/
"Totalt produktionspris/bostadsarea, kr",Stor-Stockholm,netto,2013,32919,https://www.statistikdatabasen.scb.se/pxweb/sv/ssd/START__BO__BO0201__BO0201C/PrisPerAreorSM02/
"Totalt produktionspris/bostadsarea, kr",Stor-Stockholm,netto,2014,36317,https://www.statistikdatabasen.scb.se/pxweb/sv/ssd/START__BO__BO0201__BO0201C/PrisPerAreorSM02/
"Totalt produktionspris/bostadsarea, kr",Stor-Stockholm,netto,2015,37152,https://www.statistikdatabasen.scb.se/pxweb/sv/ssd/START__BO__BO0201__BO0201C/PrisPerAreorSM02/
"Totalt produktionspris/bostadsarea, kr",Stor-Stockholm,netto,2016,43720,https://www.statistikdatabasen.scb.se/pxweb/sv/ssd/START__BO__BO0201__BO0201C/PrisPerAreorSM02/
"Totalt produktionspris/bostadsarea, kr",Stor-Stockholm,netto,2017,41909,https://www.statistikdatabasen.scb.se/pxweb/sv/ssd/START__BO__BO0201__BO0201C/PrisPerAreorSM02/
"Totalt produktionspris/bostadsarea, kr",Stor-Stockholm,netto,2018,46426,https://www.statistikdatabasen.scb.se/pxweb/sv/ssd/START__BO__BO0201__BO0201C/PrisPerAreorSM02/
"Totalt produktionspris/bostadsarea, kr",Stor-Stockholm,netto,2019,42819,https://www.statistikdatabasen.scb.se/pxweb/sv/ssd/START__BO__BO0201__BO0201C/PrisPerAreorSM02/
"Totalt produktionspris/bostadsarea, kr",Stor-Stockholm,netto,2020,45233,https://www.statistikdatabasen.scb.se/pxweb/sv/ssd/START__BO__BO0201__BO0201C/PrisPerAreorSM02/
"Totalt produktionspris/bostadsarea, kr",Stor-Stockholm,netto,2021,44211,https://www.statistikdatabasen.scb.se/pxweb/sv/ssd/START__BO__BO0201__BO0201C/PrisPerAreorSM02/
"Totalt produktionspris/bostadsarea, kr",Stor-Stockholm,netto,2022,48455,https://www.statistikdatabasen.scb.se/pxweb/sv/ssd/START__BO__BO0201__BO0201C/PrisPerAreorSM02/
"Totalt produktionspris/bostadsarea, kr",Stor-Stockholm,netto,2023,42864,https://www.statistikdatabasen.scb.se/pxweb/sv/ssd/START__BO__BO0201__BO0201C/PrisPerAreorSM02/
"Totalt produktionspris/bostadsarea, kr",Stor-Stockholm,netto,2024,55772,https://www.statistikdatabasen.scb.se/pxweb/sv/ssd/START__BO__BO0201__BO0201C/PrisPerAreorSM02/
"Byggnadsobjekt, antal som prisstatistiken baseras på",Stor-Göteborg,brutto,1994,,https://www.statistikdatabasen.scb.se/pxweb/sv/ssd/START__BO__BO0201__BO0201C/PrisPerAreorSM02/
"Byggnadsobjekt, antal som prisstatistiken baseras på",Stor-Göteborg,brutto,1995,,https://www.statistikdatabasen.scb.se/pxweb/sv/ssd/START__BO__BO0201__BO0201C/PrisPerAreorSM02/
"Byggnadsobjekt, antal som prisstatistiken baseras på",Stor-Göteborg,brutto,1996,,https://www.statistikdatabasen.scb.se/pxweb/sv/ssd/START__BO__BO0201__BO0201C/PrisPerAreorSM02/
"Byggnadsobjekt, antal som prisstatistiken baseras på",Stor-Göteborg,brutto,1997,,https://www.statistikdatabasen.scb.se/pxweb/sv/ssd/START__BO__BO0201__BO0201C/PrisPerAreorSM02/
"Byggnadsobjekt, antal som prisstatistiken baseras på",Stor-Göteborg,brutto,1998,14,https://www.statistikdatabasen.scb.se/pxweb/sv/ssd/START__BO__BO0201__BO0201C/PrisPerAreorSM02/
"Byggnadsobjekt, antal som prisstatistiken baseras på",Stor-Göteborg,brutto,1999,26,https://www.statistikdatabasen.scb.se/pxweb/sv/ssd/START__BO__BO0201__BO0201C/PrisPerAreorSM02/
"Byggnadsobjekt, antal som prisstatistiken baseras på",Stor-Göteborg,brutto,2000,52,https://www.statistikdatabasen.scb.se/pxweb/sv/ssd/START__BO__BO0201__BO0201C/PrisPerAreorSM02/
"Byggnadsobjekt, antal som prisstatistiken baseras på",Stor-Göteborg,brutto,2001,53,https://www.statistikdatabasen.scb.se/pxweb/sv/ssd/START__BO__BO0201__BO0201C/PrisPerAreorSM02/
"Byggnadsobjekt, antal som prisstatistiken baseras på",Stor-Göteborg,brutto,2002,31,https://www.statistikdatabasen.scb.se/pxweb/sv/ssd/START__BO__BO0201__BO0201C/PrisPerAreorSM02/
"Byggnadsobjekt, antal som prisstatistiken baseras på",Stor-Göteborg,brutto,2003,49,https://www.statistikdatabasen.scb.se/pxweb/sv/ssd/START__BO__BO0201__BO0201C/PrisPerAreorSM02/
"Byggnadsobjekt, antal som prisstatistiken baseras på",Stor-Göteborg,brutto,2004,71,https://www.statistikdatabasen.scb.se/pxweb/sv/ssd/START__BO__BO0201__BO0201C/PrisPerAreorSM02/
"Byggnadsobjekt, antal som prisstatistiken baseras på",Stor-Göteborg,brutto,2005,69,https://www.statistikdatabasen.scb.se/pxweb/sv/ssd/START__BO__BO0201__BO0201C/PrisPerAreorSM02/
"Byggnadsobjekt, antal som prisstatistiken baseras på",Stor-Göteborg,brutto,2006,56,https://www.statistikdatabasen.scb.se/pxweb/sv/ssd/START__BO__BO0201__BO0201C/PrisPerAreorSM02/
"Byggnadsobjekt, antal som prisstatistiken baseras på",Stor-Göteborg,brutto,2007,58,https://www.statistikdatabasen.scb.se/pxweb/sv/ssd/START__BO__BO0201__BO0201C/PrisPerAreorSM02/
"Byggnadsobjekt, antal som prisstatistiken baseras på",Stor-Göteborg,brutto,2008,66,https://www.statistikdatabasen.scb.se/pxweb/sv/ssd/START__BO__BO0201__BO0201C/PrisPerAreorSM02/
"Byggnadsobjekt, antal som prisstatistiken baseras på",Stor-Göteborg,brutto,2009,39,https://www.statistikdatabasen.scb.se/pxweb/sv/ssd/START__BO__BO0201__BO0201C/PrisPerAreorSM02/
"Byggnadsobjekt, antal som prisstatistiken baseras på",Stor-Göteborg,brutto,2010,51,https://www.statistikdatabasen.scb.se/pxweb/sv/ssd/START__BO__BO0201__BO0201C/PrisPerAreorSM02/
"Byggnadsobjekt, antal som prisstatistiken baseras på",Stor-Göteborg,brutto,2011,28,https://www.statistikdatabasen.scb.se/pxweb/sv/ssd/START__BO__BO0201__BO0201C/PrisPerAreorSM02/
"Byggnadsobjekt, antal som prisstatistiken baseras på",Stor-Göteborg,brutto,2012,10,https://www.statistikdatabasen.scb.se/pxweb/sv/ssd/START__BO__BO0201__BO0201C/PrisPerAreorSM02/
"Byggnadsobjekt, antal som prisstatistiken baseras på",Stor-Göteborg,brutto,2013,43,https://www.statistikdatabasen.scb.se/pxweb/sv/ssd/START__BO__BO0201__BO0201C/PrisPerAreorSM02/
"Byggnadsobjekt, antal som prisstatistiken baseras på",Stor-Göteborg,brutto,2014,53,https://www.statistikdatabasen.scb.se/pxweb/sv/ssd/START__BO__BO0201__BO0201C/PrisPerAreorSM02/
"Byggnadsobjekt, antal som prisstatistiken baseras på",Stor-Göteborg,brutto,2015,78,https://www.statistikdatabasen.scb.se/pxweb/sv/ssd/START__BO__BO0201__BO0201C/PrisPerAreorSM02/
"Byggnadsobjekt, antal som prisstatistiken baseras på",Stor-Göteborg,brutto,2016,98,https://www.statistikdatabasen.scb.se/pxweb/sv/ssd/START__BO__BO0201__BO0201C/PrisPerAreorSM02/
"Byggnadsobjekt, antal som prisstatistiken baseras på",Stor-Göteborg,brutto,2017,62,https://www.statistikdatabasen.scb.se/pxweb/sv/ssd/START__BO__BO0201__BO0201C/PrisPerAreorSM02/
"Byggnadsobjekt, antal som prisstatistiken baseras på",Stor-Göteborg,brutto,2018,54,https://www.statistikdatabasen.scb.se/pxweb/sv/ssd/START__BO__BO0201__BO0201C/PrisPerAreorSM02/
"Byggnadsobjekt, antal som prisstatistiken baseras på",Stor-Göteborg,brutto,2019,37,https://www.statistikdatabasen.scb.se/pxweb/sv/ssd/START__BO__BO0201__BO0201C/PrisPerAreorSM02/
"Byggnadsobjekt, antal som prisstatistiken baseras på",Stor-Göteborg,brutto,2020,40,https://www.statistikdatabasen.scb.se/pxweb/sv/ssd/START__BO__BO0201__BO0201C/PrisPerAreorSM02/
"Byggnadsobjekt, antal som prisstatistiken baseras på",Stor-Göteborg,brutto,2021,41,https://www.statistikdatabasen.scb.se/pxweb/sv/ssd/START__BO__BO0201__BO0201C/PrisPerAreorSM02/
"Byggnadsobjekt, antal som prisstatistiken baseras på",Stor-Göteborg,brutto,2022,38,https://www.statistikdatabasen.scb.se/pxweb/sv/ssd/START__BO__BO0201__BO0201C/PrisPerAreorSM02/
"Byggnadsobjekt, antal som prisstatistiken baseras på",Stor-Göteborg,brutto,2023,18,https://www.statistikdatabasen.scb.se/pxweb/sv/ssd/START__BO__BO0201__BO0201C/PrisPerAreorSM02/
"Byggnadsobjekt, antal som prisstatistiken baseras på",Stor-Göteborg,brutto,2024,18,https://www.statistikdatabasen.scb.se/pxweb/sv/ssd/START__BO__BO0201__BO0201C/PrisPerAreorSM02/
"Lägenheter, antal som prisstatistiken baseras på",Stor-Göteborg,brutto,1994,,https://www.statistikdatabasen.scb.se/pxweb/sv/ssd/START__BO__BO0201__BO0201C/PrisPerAreorSM02/
"Lägenheter, antal som prisstatistiken baseras på",Stor-Göteborg,brutto,1995,,https://www.statistikdatabasen.scb.se/pxweb/sv/ssd/START__BO__BO0201__BO0201C/PrisPerAreorSM02/
"Lägenheter, antal som prisstatistiken baseras på",Stor-Göteborg,brutto,1996,,https://www.statistikdatabasen.scb.se/pxweb/sv/ssd/START__BO__BO0201__BO0201C/PrisPerAreorSM02/
"Lägenheter, antal som prisstatistiken baseras på",Stor-Göteborg,brutto,1997,,https://www.statistikdatabasen.scb.se/pxweb/sv/ssd/START__BO__BO0201__BO0201C/PrisPerAreorSM02/
"Lägenheter, antal som prisstatistiken baseras på",Stor-Göteborg,brutto,1998,238,https://www.statistikdatabasen.scb.se/pxweb/sv/ssd/START__BO__BO0201__BO0201C/PrisPerAreorSM02/
"Lägenheter, antal som prisstatistiken baseras på",Stor-Göteborg,brutto,1999,448,https://www.statistikdatabasen.scb.se/pxweb/sv/ssd/START__BO__BO0201__BO0201C/PrisPerAreorSM02/
"Lägenheter, antal som prisstatistiken baseras på",Stor-Göteborg,brutto,2000,384,https://www.statistikdatabasen.scb.se/pxweb/sv/ssd/START__BO__BO0201__BO0201C/PrisPerAreorSM02/
"Lägenheter, antal som prisstatistiken baseras på",Stor-Göteborg,brutto,2001,446,https://www.statistikdatabasen.scb.se/pxweb/sv/ssd/START__BO__BO0201__BO0201C/PrisPerAreorSM02/
"Lägenheter, antal som prisstatistiken baseras på",Stor-Göteborg,brutto,2002,374,https://www.statistikdatabasen.scb.se/pxweb/sv/ssd/START__BO__BO0201__BO0201C/PrisPerAreorSM02/
"Lägenheter, antal som prisstatistiken baseras på",Stor-Göteborg,brutto,2003,699,https://www.statistikdatabasen.scb.se/pxweb/sv/ssd/START__BO__BO0201__BO0201C/PrisPerAreorSM02/
"Lägenheter, antal som prisstatistiken baseras på",Stor-Göteborg,brutto,2004,867,https://www.statistikdatabasen.scb.se/pxweb/sv/ssd/START__BO__BO0201__BO0201C/PrisPerAreorSM02/
"Lägenheter, antal som prisstatistiken baseras på",Stor-Göteborg,brutto,2005,858,https://www.statistikdatabasen.scb.se/pxweb/sv/ssd/START__BO__BO0201__BO0201C/PrisPerAreorSM02/
"Lägenheter, antal som prisstatistiken baseras på",Stor-Göteborg,brutto,2006,610,https://www.statistikdatabasen.scb.se/pxweb/sv/ssd/START__BO__BO0201__BO0201C/PrisPerAreorSM02/
"Lägenheter, antal som prisstatistiken baseras på",Stor-Göteborg,brutto,2007,630,https://www.statistikdatabasen.scb.se/pxweb/sv/ssd/START__BO__BO0201__BO0201C/PrisPerAreorSM02/
"Lägenheter, antal som prisstatistiken baseras på",Stor-Göteborg,brutto,2008,313,https://www.statistikdatabasen.scb.se/pxweb/sv/ssd/START__BO__BO0201__BO0201C/PrisPerAreorSM02/
"Lägenheter, antal som prisstatistiken baseras på",Stor-Göteborg,brutto,2009,255,https://www.statistikdatabasen.scb.se/pxweb/sv/ssd/START__BO__BO0201__BO0201C/PrisPerAreorSM02/
"Lägenheter, antal som prisstatistiken baseras på",Stor-Göteborg,brutto,2010,320,https://www.statistikdatabasen.scb.se/pxweb/sv/ssd/START__BO__BO0201__BO0201C/PrisPerAreorSM02/
"Lägenheter, antal som prisstatistiken baseras på",Stor-Göteborg,brutto,2011,132,https://www.statistikdatabasen.scb.se/pxweb/sv/ssd/START__BO__BO0201__BO0201C/PrisPerAreorSM02/
"Lägenheter, antal som prisstatistiken baseras på",Stor-Göteborg,brutto,2012,62,https://www.statistikdatabasen.scb.se/pxweb/sv/ssd/START__BO__BO0201__BO0201C/PrisPerAreorSM02/
"Lägenheter, antal som prisstatistiken baseras på",Stor-Göteborg,brutto,2013,247,https://www.statistikdatabasen.scb.se/pxweb/sv/ssd/START__BO__BO0201__BO0201C/PrisPerAreorSM02/
"Lägenheter, antal som prisstatistiken baseras på",Stor-Göteborg,brutto,2014,261,https://www.statistikdatabasen.scb.se/pxweb/sv/ssd/START__BO__BO0201__BO0201C/PrisPerAreorSM02/
"Lägenheter, antal som prisstatistiken baseras på",Stor-Göteborg,brutto,2015,664,https://www.statistikdatabasen.scb.se/pxweb/sv/ssd/START__BO__BO0201__BO0201C/PrisPerAreorSM02/
"Lägenheter, antal som prisstatistiken baseras på",Stor-Göteborg,brutto,2016,388,https://www.statistikdatabasen.scb.se/pxweb/sv/ssd/START__BO__BO0201__BO0201C/PrisPerAreorSM02/
"Lägenheter, antal som prisstatistiken baseras på",Stor-Göteborg,brutto,2017,463,https://www.statistikdatabasen.scb.se/pxweb/sv/ssd/START__BO__BO0201__BO0201C/PrisPerAreorSM02/
"Lägenheter, antal som prisstatistiken baseras på",Stor-Göteborg,brutto,2018,447,https://www.statistikdatabasen.scb.se/pxweb/sv/ssd/START__BO__BO0201__BO0201C/PrisPerAreorSM02/
"Lägenheter, antal som prisstatistiken baseras på",Stor-Göteborg,brutto,2019,335,https://www.statistikdatabasen.scb.se/pxweb/sv/ssd/START__BO__BO0201__BO0201C/PrisPerAreorSM02/
"Lägenheter, antal som prisstatistiken baseras på",Stor-Göteborg,brutto,2020,278,https://www.statistikdatabasen.scb.se/pxweb/sv/ssd/START__BO__BO0201__BO0201C/PrisPerAreorSM02/
"Lägenheter, antal som prisstatistiken baseras på",Stor-Göteborg,brutto,2021,335,https://www.statistikdatabasen.scb.se/pxweb/sv/ssd/START__BO__BO0201__BO0201C/PrisPerAreorSM02/
"Lägenheter, antal som prisstatistiken baseras på",Stor-Göteborg,brutto,2022,221,https://www.statistikdatabasen.scb.se/pxweb/sv/ssd/START__BO__BO0201__BO0201C/PrisPerAreorSM02/
"Lägenheter, antal som prisstatistiken baseras på",Stor-Göteborg,brutto,2023,107,https://www.statistikdatabasen.scb.se/pxweb/sv/ssd/START__BO__BO0201__BO0201C/PrisPerAreorSM02/
"Lägenheter, antal som prisstatistiken baseras på",Stor-Göteborg,brutto,2024,69,https://www.statistikdatabasen.scb.se/pxweb/sv/ssd/START__BO__BO0201__BO0201C/PrisPerAreorSM02/
"Bostadsarea/lägenhet, kvm",Stor-Göteborg,brutto,1994,,https://www.statistikdatabasen.scb.se/pxweb/sv/ssd/START__BO__BO0201__BO0201C/PrisPerAreorSM02/
"Bostadsarea/lägenhet, kvm",Stor-Göteborg,brutto,1995,,https://www.statistikdatabasen.scb.se/pxweb/sv/ssd/START__BO__BO0201__BO0201C/PrisPerAreorSM02/
"Bostadsarea/lägenhet, kvm",Stor-Göteborg,brutto,1996,,https://www.statistikdatabasen.scb.se/pxweb/sv/ssd/START__BO__BO0201__BO0201C/PrisPerAreorSM02/
"Bostadsarea/lägenhet, kvm",Stor-Göteborg,brutto,1997,,https://www.statistikdatabasen.scb.se/pxweb/sv/ssd/START__BO__BO0201__BO0201C/PrisPerAreorSM02/
"Bostadsarea/lägenhet, kvm",Stor-Göteborg,brutto,1998,99.1,https://www.statistikdatabasen.scb.se/pxweb/sv/ssd/START__BO__BO0201__BO0201C/PrisPerAreorSM02/
"Bostadsarea/lägenhet, kvm",Stor-Göteborg,brutto,1999,98.9,https://www.statistikdatabasen.scb.se/pxweb/sv/ssd/START__BO__BO0201__BO0201C/PrisPerAreorSM02/
"Bostadsarea/lägenhet, kvm",Stor-Göteborg,brutto,2000,116,https://www.statistikdatabasen.scb.se/pxweb/sv/ssd/START__BO__BO0201__BO0201C/PrisPerAreorSM02/
"Bostadsarea/lägenhet, kvm",Stor-Göteborg,brutto,2001,111.3,https://www.statistikdatabasen.scb.se/pxweb/sv/ssd/START__BO__BO0201__BO0201C/PrisPerAreorSM02/
"Bostadsarea/lägenhet, kvm",Stor-Göteborg,brutto,2002,122.3,https://www.statistikdatabasen.scb.se/pxweb/sv/ssd/START__BO__BO0201__BO0201C/PrisPerAreorSM02/
"Bostadsarea/lägenhet, kvm",Stor-Göteborg,brutto,2003,112.5,https://www.statistikdatabasen.scb.se/pxweb/sv/ssd/START__BO__BO0201__BO0201C/PrisPerAreorSM02/
"Bostadsarea/lägenhet, kvm",Stor-Göteborg,brutto,2004,123,https://www.statistikdatabasen.scb.se/pxweb/sv/ssd/START__BO__BO0201__BO0201C/PrisPerAreorSM02/
"Bostadsarea/lägenhet, kvm",Stor-Göteborg,brutto,2005,125.7,https://www.statistikdatabasen.scb.se/pxweb/sv/ssd/START__BO__BO0201__BO0201C/PrisPerAreorSM02/
"Bostadsarea/lägenhet, kvm",Stor-Göteborg,brutto,2006,128.2,https://www.statistikdatabasen.scb.se/pxweb/sv/ssd/START__BO__BO0201__BO0201C/PrisPerAreorSM02/
"Bostadsarea/lägenhet, kvm",Stor-Göteborg,brutto,2007,126.6,https://www.statistikdatabasen.scb.se/pxweb/sv/ssd/START__BO__BO0201__BO0201C/PrisPerAreorSM02/
"Bostadsarea/lägenhet, kvm",Stor-Göteborg,brutto,2008,127.2,https://www.statistikdatabasen.scb.se/pxweb/sv/ssd/START__BO__BO0201__BO0201C/PrisPerAreorSM02/
"Bostadsarea/lägenhet, kvm",Stor-Göteborg,brutto,2009,130.7,https://www.statistikdatabasen.scb.se/pxweb/sv/ssd/START__BO__BO0201__BO0201C/PrisPerAreorSM02/
"Bostadsarea/lägenhet, kvm",Stor-Göteborg,brutto,2010,132.9,https://www.statistikdatabasen.scb.se/pxweb/sv/ssd/START__BO__BO0201__BO0201C/PrisPerAreorSM02/
"Bostadsarea/lägenhet, kvm",Stor-Göteborg,brutto,2011,139.1,https://www.statistikdatabasen.scb.se/pxweb/sv/ssd/START__BO__BO0201__BO0201C/PrisPerAreorSM02/
"Bostadsarea/lägenhet, kvm",Stor-Göteborg,brutto,2012,125.9,https://www.statistikdatabasen.scb.se/pxweb/sv/ssd/START__BO__BO0201__BO0201C/PrisPerAreorSM02/
"Bostadsarea/lägenhet, kvm",Stor-Göteborg,brutto,2013,139.6,https://www.statistikdatabasen.scb.se/pxweb/sv/ssd/START__BO__BO0201__BO0201C/PrisPerAreorSM02/
"Bostadsarea/lägenhet, kvm",Stor-Göteborg,brutto,2014,129.4,https://www.statistikdatabasen.scb.se/pxweb/sv/ssd/START__BO__BO0201__BO0201C/PrisPerAreorSM02/
"Bostadsarea/lägenhet, kvm",Stor-Göteborg,brutto,2015,116.9,https://www.statistikdatabasen.scb.se/pxweb/sv/ssd/START__BO__BO0201__BO0201C/PrisPerAreorSM02/
"Bostadsarea/lägenhet, kvm",Stor-Göteborg,brutto,2016,127,https://www.statistikdatabasen.scb.se/pxweb/sv/ssd/START__BO__BO0201__BO0201C/PrisPerAreorSM02/
"Bostadsarea/lägenhet, kvm",Stor-Göteborg,brutto,2017,132.4,https://www.statistikdatabasen.scb.se/pxweb/sv/ssd/START__BO__BO0201__BO0201C/PrisPerAreorSM02/
"Bostadsarea/lägenhet, kvm",Stor-Göteborg,brutto,2018,118.4,https://www.statistikdatabasen.scb.se/pxweb/sv/ssd/START__BO__BO0201__BO0201C/PrisPerAreorSM02/
"Bostadsarea/lägenhet, kvm",Stor-Göteborg,brutto,2019,123.2,https://www.statistikdatabasen.scb.se/pxweb/sv/ssd/START__BO__BO0201__BO0201C/PrisPerAreorSM02/
"Bostadsarea/lägenhet, kvm",Stor-Göteborg,brutto,2020,115.6,https://www.statistikdatabasen.scb.se/pxweb/sv/ssd/START__BO__BO0201__BO0201C/PrisPerAreorSM02/
"Bostadsarea/lägenhet, kvm",Stor-Göteborg,brutto,2021,110.6,https://www.statistikdatabasen.scb.se/pxweb/sv/ssd/START__BO__BO0201__BO0201C/PrisPerAreorSM02/
"Bostadsarea/lägenhet, kvm",Stor-Göteborg,brutto,2022,125.2,https://www.statistikdatabasen.scb.se/pxweb/sv/ssd/START__BO__BO0201__BO0201C/PrisPerAreorSM02/
"Bostadsarea/lägenhet, kvm",Stor-Göteborg,brutto,2023,136.6,https://www.statistikdatabasen.scb.se/pxweb/sv/ssd/START__BO__BO0201__BO0201C/PrisPerAreorSM02/
"Bostadsarea/lägenhet, kvm",Stor-Göteborg,brutto,2024,137.3,https://www.statistikdatabasen.scb.se/pxweb/sv/ssd/START__BO__BO0201__BO0201C/PrisPerAreorSM02/
"Markpris/bostadsarea, kr",Stor-Göteborg,brutto,1994,,https://www.statistikdatabasen.scb.se/pxweb/sv/ssd/START__BO__BO0201__BO0201C/PrisPerAreorSM02/
"Markpris/bostadsarea, kr",Stor-Göteborg,brutto,1995,,https://www.statistikdatabasen.scb.se/pxweb/sv/ssd/START__BO__BO0201__BO0201C/PrisPerAreorSM02/
"Markpris/bostadsarea, kr",Stor-Göteborg,brutto,1996,,https://www.statistikdatabasen.scb.se/pxweb/sv/ssd/START__BO__BO0201__BO0201C/PrisPerAreorSM02/
"Markpris/bostadsarea, kr",Stor-Göteborg,brutto,1997,,https://www.statistikdatabasen.scb.se/pxweb/sv/ssd/START__BO__BO0201__BO0201C/PrisPerAreorSM02/
"Markpris/bostadsarea, kr",Stor-Göteborg,brutto,1998,1989,https://www.statistikdatabasen.scb.se/pxweb/sv/ssd/START__BO__BO0201__BO0201C/PrisPerAreorSM02/
"Markpris/bostadsarea, kr",Stor-Göteborg,brutto,1999,1752,https://www.statistikdatabasen.scb.se/pxweb/sv/ssd/START__BO__BO0201__BO0201C/PrisPerAreorSM02/
"Markpris/bostadsarea, kr",Stor-Göteborg,brutto,2000,2029,https://www.statistikdatabasen.scb.se/pxweb/sv/ssd/START__BO__BO0201__BO0201C/PrisPerAreorSM02/
"Markpris/bostadsarea, kr",Stor-Göteborg,brutto,2001,2452,https://www.statistikdatabasen.scb.se/pxweb/sv/ssd/START__BO__BO0201__BO0201C/PrisPerAreorSM02/
"Markpris/bostadsarea, kr",Stor-Göteborg,brutto,2002,2369,https://www.statistikdatabasen.scb.se/pxweb/sv/ssd/START__BO__BO0201__BO0201C/PrisPerAreorSM02/
"Markpris/bostadsarea, kr",Stor-Göteborg,brutto,2003,3447,https://www.statistikdatabasen.scb.se/pxweb/sv/ssd/START__BO__BO0201__BO0201C/PrisPerAreorSM02/
"Markpris/bostadsarea, kr",Stor-Göteborg,brutto,2004,3699,https://www.statistikdatabasen.scb.se/pxweb/sv/ssd/START__BO__BO0201__BO0201C/PrisPerAreorSM02/
"Markpris/bostadsarea, kr",Stor-Göteborg,brutto,2005,4489,https://www.statistikdatabasen.scb.se/pxweb/sv/ssd/START__BO__BO0201__BO0201C/PrisPerAreorSM02/
"Markpris/bostadsarea, kr",Stor-Göteborg,brutto,2006,3629,https://www.statistikdatabasen.scb.se/pxweb/sv/ssd/START__BO__BO0201__BO0201C/PrisPerAreorSM02/
"Markpris/bostadsarea, kr",Stor-Göteborg,brutto,2007,5551,https://www.statistikdatabasen.scb.se/pxweb/sv/ssd/START__BO__BO0201__BO0201C/PrisPerAreorSM02/
"Markpris/bostadsarea, kr",Stor-Göteborg,brutto,2008,4607,https://www.statistikdatabasen.scb.se/pxweb/sv/ssd/START__BO__BO0201__BO0201C/PrisPerAreorSM02/
"Markpris/bostadsarea, kr",Stor-Göteborg,brutto,2009,5065,https://www.statistikdatabasen.scb.se/pxweb/sv/ssd/START__BO__BO0201__BO0201C/PrisPerAreorSM02/
"Markpris/bostadsarea, kr",Stor-Göteborg,brutto,2010,7569,https://www.statistikdatabasen.scb.se/pxweb/sv/ssd/START__BO__BO0201__BO0201C/PrisPerAreorSM02/
"Markpris/bostadsarea, kr",Stor-Göteborg,brutto,2011,7244,https://www.statistikdatabasen.scb.se/pxweb/sv/ssd/START__BO__BO0201__BO0201C/PrisPerAreorSM02/
"Markpris/bostadsarea, kr",Stor-Göteborg,brutto,2012,8374,https://www.statistikdatabasen.scb.se/pxweb/sv/ssd/START__BO__BO0201__BO0201C/PrisPerAreorSM02/
"Markpris/bostadsarea, kr",Stor-Göteborg,brutto,2013,10271,https://www.statistikdatabasen.scb.se/pxweb/sv/ssd/START__BO__BO0201__BO0201C/PrisPerAreorSM02/
"Markpris/bostadsarea, kr",Stor-Göteborg,brutto,2014,7699,https://www.statistikdatabasen.scb.se/pxweb/sv/ssd/START__BO__BO0201__BO0201C/PrisPerAreorSM02/
"Markpris/bostadsarea, kr",Stor-Göteborg,brutto,2015,7373,https://www.statistikdatabasen.scb.se/pxweb/sv/ssd/START__BO__BO0201__BO0201C/PrisPerAreorSM02/
"Markpris/bostadsarea, kr",Stor-Göteborg,brutto,2016,8912,https://www.statistikdatabasen.scb.se/pxweb/sv/ssd/START__BO__BO0201__BO0201C/PrisPerAreorSM02/
"Markpris/bostadsarea, kr",Stor-Göteborg,brutto,2017,9329,https://www.statistikdatabasen.scb.se/pxweb/sv/ssd/START__BO__BO0201__BO0201C/PrisPerAreorSM02/
"Markpris/bostadsarea, kr",Stor-Göteborg,brutto,2018,11678,https://www.statistikdatabasen.scb.se/pxweb/sv/ssd/START__BO__BO0201__BO0201C/PrisPerAreorSM02/
"Markpris/bostadsarea, kr",Stor-Göteborg,brutto,2019,9507,https://www.statistikdatabasen.scb.se/pxweb/sv/ssd/START__BO__BO0201__BO0201C/PrisPerAreorSM02/
"Markpris/bostadsarea, kr",Stor-Göteborg,brutto,2020,10159,https://www.statistikdatabasen.scb.se/pxweb/sv/ssd/START__BO__BO0201__BO0201C/PrisPerAreorSM02/
"Markpris/bostadsarea, kr",Stor-Göteborg,brutto,2021,11631,https://www.statistikdatabasen.scb.se/pxweb/sv/ssd/START__BO__BO0201__BO0201C/PrisPerAreorSM02/
"Markpris/bostadsarea, kr",Stor-Göteborg,brutto,2022,9915,https://www.statistikdatabasen.scb.se/pxweb/sv/ssd/START__BO__BO0201__BO0201C/PrisPerAreorSM02/
"Markpris/bostadsarea, kr",Stor-Göteborg,brutto,2023,11651,https://www.statistikdatabasen.scb.se/pxweb/sv/ssd/START__BO__BO0201__BO0201C/PrisPerAreorSM02/
"Markpris/bostadsarea, kr",Stor-Göteborg,brutto,2024,12291,https://www.statistikdatabasen.scb.se/pxweb/sv/ssd/START__BO__BO0201__BO0201C/PrisPerAreorSM02/
"Byggnadspris/bostadsarea, kr",Stor-Göteborg,brutto,1994,,https://www.statistikdatabasen.scb.se/pxweb/sv/ssd/START__BO__BO0201__BO0201C/PrisPerAreorSM02/
"Byggnadspris/bostadsarea, kr",Stor-Göteborg,brutto,1995,,https://www.statistikdatabasen.scb.se/pxweb/sv/ssd/START__BO__BO0201__BO0201C/PrisPerAreorSM02/
"Byggnadspris/bostadsarea, kr",Stor-Göteborg,brutto,1996,,https://www.statistikdatabasen.scb.se/pxweb/sv/ssd/START__BO__BO0201__BO0201C/PrisPerAreorSM02/
"Byggnadspris/bostadsarea, kr",Stor-Göteborg,brutto,1997,,https://www.statistikdatabasen.scb.se/pxweb/sv/ssd/START__BO__BO0201__BO0201C/PrisPerAreorSM02/
"Byggnadspris/bostadsarea, kr",Stor-Göteborg,brutto,1998,9568,https://www.statistikdatabasen.scb.se/pxweb/sv/ssd/START__BO__BO0201__BO0201C/PrisPerAreorSM02/
"Byggnadspris/bostadsarea, kr",Stor-Göteborg,brutto,1999,10114,https://www.statistikdatabasen.scb.se/pxweb/sv/ssd/START__BO__BO0201__BO0201C/PrisPerAreorSM02/
"Byggnadspris/bostadsarea, kr",Stor-Göteborg,brutto,2000,11717,https://www.statistikdatabasen.scb.se/pxweb/sv/ssd/START__BO__BO0201__BO0201C/PrisPerAreorSM02/
"Byggnadspris/bostadsarea, kr",Stor-Göteborg,brutto,2001,14061,https://www.statistikdatabasen.scb.se/pxweb/sv/ssd/START__BO__BO0201__BO0201C/PrisPerAreorSM02/
"Byggnadspris/bostadsarea, kr",Stor-Göteborg,brutto,2002,12874,https://www.statistikdatabasen.scb.se/pxweb/sv/ssd/START__BO__BO0201__BO0201C/PrisPerAreorSM02/
"Byggnadspris/bostadsarea, kr",Stor-Göteborg,brutto,2003,14492,https://www.statistikdatabasen.scb.se/pxweb/sv/ssd/START__BO__BO0201__BO0201C/PrisPerAreorSM02/
"Byggnadspris/bostadsarea, kr",Stor-Göteborg,brutto,2004,15878,https://www.statistikdatabasen.scb.se/pxweb/sv/ssd/START__BO__BO0201__BO0201C/PrisPerAreorSM02/
"Byggnadspris/bostadsarea, kr",Stor-Göteborg,brutto,2005,16174,https://www.statistikdatabasen.scb.se/pxweb/sv/ssd/START__BO__BO0201__BO0201C/PrisPerAreorSM02/
"Byggnadspris/bostadsarea, kr",Stor-Göteborg,brutto,2006,17699,https://www.statistikdatabasen.scb.se/pxweb/sv/ssd/START__BO__BO0201__BO0201C/PrisPerAreorSM02/
"Byggnadspris/bostadsarea, kr",Stor-Göteborg,brutto,2007,21098,https://www.statistikdatabasen.scb.se/pxweb/sv/ssd/START__BO__BO0201__BO0201C/PrisPerAreorSM02/
"Byggnadspris/bostadsarea, kr",Stor-Göteborg,brutto,2008,18941,https://www.statistikdatabasen.scb.se/pxweb/sv/ssd/START__BO__BO0201__BO0201C/PrisPerAreorSM02/
"Byggnadspris/bostadsarea, kr",Stor-Göteborg,brutto,2009,20290,https://www.statistikdatabasen.scb.se/pxweb/sv/ssd/START__BO__BO0201__BO0201C/PrisPerAreorSM02/
"Byggnadspris/bostadsarea, kr",Stor-Göteborg,brutto,2010,19614,https://www.statistikdatabasen.scb.se/pxweb/sv/ssd/START__BO__BO0201__BO0201C/PrisPerAreorSM02/
"Byggnadspris/bostadsarea, kr",Stor-Göteborg,brutto,2011,18385,https://www.statistikdatabasen.scb.se/pxweb/sv/ssd/START__BO__BO0201__BO0201C/PrisPerAreorSM02/
"Byggnadspris/bostadsarea, kr",Stor-Göteborg,brutto,2012,23908,https://www.statistikdatabasen.scb.se/pxweb/sv/ssd/START__BO__BO0201__BO0201C/PrisPerAreorSM02/
"Byggnadspris/bostadsarea, kr",Stor-Göteborg,brutto,2013,20985,https://www.statistikdatabasen.scb.se/pxweb/sv/ssd/START__BO__BO0201__BO0201C/PrisPerAreorSM02/
"Byggnadspris/bostadsarea, kr",Stor-Göteborg,brutto,2014,24714,https://www.statistikdatabasen.scb.se/pxweb/sv/ssd/START__BO__BO0201__BO0201C/PrisPerAreorSM02/
"Byggnadspris/bostadsarea, kr",Stor-Göteborg,brutto,2015,23398,https://www.statistikdatabasen.scb.se/pxweb/sv/ssd/START__BO__BO0201__BO0201C/PrisPerAreorSM02/
"Byggnadspris/bostadsarea, kr",Stor-Göteborg,brutto,2016,23079,https://www.statistikdatabasen.scb.se/pxweb/sv/ssd/START__BO__BO0201__BO0201C/PrisPerAreorSM02/
"Byggnadspris/bostadsarea, kr",Stor-Göteborg,brutto,2017,26488,https://www.statistikdatabasen.scb.se/pxweb/sv/ssd/START__BO__BO0201__BO0201C/PrisPerAreorSM02/
"Byggnadspris/bostadsarea, kr",Stor-Göteborg,brutto,2018,29816,https://www.statistikdatabasen.scb.se/pxweb/sv/ssd/START__BO__BO0201__BO0201C/PrisPerAreorSM02/
"Byggnadspris/bostadsarea, kr",Stor-Göteborg,brutto,2019,27838,https://www.statistikdatabasen.scb.se/pxweb/sv/ssd/START__BO__BO0201__BO0201C/PrisPerAreorSM02/
"Byggnadspris/bostadsarea, kr",Stor-Göteborg,brutto,2020,30893,https://www.statistikdatabasen.scb.se/pxweb/sv/ssd/START__BO__BO0201__BO0201C/PrisPerAreorSM02/
"Byggnadspris/bostadsarea, kr",Stor-Göteborg,brutto,2021,32128,https://www.statistikdatabasen.scb.se/pxweb/sv/ssd/START__BO__BO0201__BO0201C/PrisPerAreorSM02/
"Byggnadspris/bostadsarea, kr",Stor-Göteborg,brutto,2022,29006,https://www.statistikdatabasen.scb.se/pxweb/sv/ssd/START__BO__BO0201__BO0201C/PrisPerAreorSM02/
"Byggnadspris/bostadsarea, kr",Stor-Göteborg,brutto,2023,31247,https://www.statistikdatabasen.scb.se/pxweb/sv/ssd/START__BO__BO0201__BO0201C/PrisPerAreorSM02/
"Byggnadspris/bostadsarea, kr",Stor-Göteborg,brutto,2024,34252,https://www.statistikdatabasen.scb.se/pxweb/sv/ssd/START__BO__BO0201__BO0201C/PrisPerAreorSM02/
"Totalt produktionspris/bostadsarea, kr",Stor-Göteborg,brutto,1994,,https://www.statistikdatabasen.scb.se/pxweb/sv/ssd/START__BO__BO0201__BO0201C/PrisPerAreorSM02/
"Totalt produktionspris/bostadsarea, kr",Stor-Göteborg,brutto,1995,,https://www.statistikdatabasen.scb.se/pxweb/sv/ssd/START__BO__BO0201__BO0201C/PrisPerAreorSM02/
"Totalt produktionspris/bostadsarea, kr",Stor-Göteborg,brutto,1996,,https://www.statistikdatabasen.scb.se/pxweb/sv/ssd/START__BO__BO0201__BO0201C/PrisPerAreorSM02/
"Totalt produktionspris/bostadsarea, kr",Stor-Göteborg,brutto,1997,,https://www.statistikdatabasen.scb.se/pxweb/sv/ssd/START__BO__BO0201__BO0201C/PrisPerAreorSM02/
"Totalt produktionspris/bostadsarea, kr",Stor-Göteborg,brutto,1998,11558,https://www.statistikdatabasen.scb.se/pxweb/sv/ssd/START__BO__BO0201__BO0201C/PrisPerAreorSM02/
"Totalt produktionspris/bostadsarea, kr",Stor-Göteborg,brutto,1999,11866,https://www.statistikdatabasen.scb.se/pxweb/sv/ssd/START__BO__BO0201__BO0201C/PrisPerAreorSM02/
"Totalt produktionspris/bostadsarea, kr",Stor-Göteborg,brutto,2000,13746,https://www.statistikdatabasen.scb.se/pxweb/sv/ssd/START__BO__BO0201__BO0201C/PrisPerAreorSM02/
"Totalt produktionspris/bostadsarea, kr",Stor-Göteborg,brutto,2001,16512,https://www.statistikdatabasen.scb.se/pxweb/sv/ssd/START__BO__BO0201__BO0201C/PrisPerAreorSM02/
"Totalt produktionspris/bostadsarea, kr",Stor-Göteborg,brutto,2002,15243,https://www.statistikdatabasen.scb.se/pxweb/sv/ssd/START__BO__BO0201__BO0201C/PrisPerAreorSM02/
"Totalt produktionspris/bostadsarea, kr",Stor-Göteborg,brutto,2003,17940,https://www.statistikdatabasen.scb.se/pxweb/sv/ssd/START__BO__BO0201__BO0201C/PrisPerAreorSM02/
"Totalt produktionspris/bostadsarea, kr",Stor-Göteborg,brutto,2004,19577,https://www.statistikdatabasen.scb.se/pxweb/sv/ssd/START__BO__BO0201__BO0201C/PrisPerAreorSM02/
"Totalt produktionspris/bostadsarea, kr",Stor-Göteborg,brutto,2005,20663,https://www.statistikdatabasen.scb.se/pxweb/sv/ssd/START__BO__BO0201__BO0201C/PrisPerAreorSM02/
"Totalt produktionspris/bostadsarea, kr",Stor-Göteborg,brutto,2006,21328,https://www.statistikdatabasen.scb.se/pxweb/sv/ssd/START__BO__BO0201__BO0201C/PrisPerAreorSM02/
"Totalt produktionspris/bostadsarea, kr",Stor-Göteborg,brutto,2007,26649,https://www.statistikdatabasen.scb.se/pxweb/sv/ssd/START__BO__BO0201__BO0201C/PrisPerAreorSM02/
"Totalt produktionspris/bostadsarea, kr",Stor-Göteborg,brutto,2008,23548,https://www.statistikdatabasen.scb.se/pxweb/sv/ssd/START__BO__BO0201__BO0201C/PrisPerAreorSM02/
"Totalt produktionspris/bostadsarea, kr",Stor-Göteborg,brutto,2009,25355,https://www.statistikdatabasen.scb.se/pxweb/sv/ssd/START__BO__BO0201__BO0201C/PrisPerAreorSM02/
"Totalt produktionspris/bostadsarea, kr",Stor-Göteborg,brutto,2010,27183,https://www.statistikdatabasen.scb.se/pxweb/sv/ssd/START__BO__BO0201__BO0201C/PrisPerAreorSM02/
"Totalt produktionspris/bostadsarea, kr",Stor-Göteborg,brutto,2011,25628,https://www.statistikdatabasen.scb.se/pxweb/sv/ssd/START__BO__BO0201__BO0201C/PrisPerAreorSM02/
"Totalt produktionspris/bostadsarea, kr",Stor-Göteborg,brutto,2012,32283,https://www.statistikdatabasen.scb.se/pxweb/sv/ssd/START__BO__BO0201__BO0201C/PrisPerAreorSM02/
"Totalt produktionspris/bostadsarea, kr",Stor-Göteborg,brutto,2013,31256,https://www.statistikdatabasen.scb.se/pxweb/sv/ssd/START__BO__BO0201__BO0201C/PrisPerAreorSM02/
"Totalt produktionspris/bostadsarea, kr",Stor-Göteborg,brutto,2014,32412,https://www.statistikdatabasen.scb.se/pxweb/sv/ssd/START__BO__BO0201__BO0201C/PrisPerAreorSM02/
"Totalt produktionspris/bostadsarea, kr",Stor-Göteborg,brutto,2015,30771,https://www.statistikdatabasen.scb.se/pxweb/sv/ssd/START__BO__BO0201__BO0201C/PrisPerAreorSM02/
"Totalt produktionspris/bostadsarea, kr",Stor-Göteborg,brutto,2016,31991,https://www.statistikdatabasen.scb.se/pxweb/sv/ssd/START__BO__BO0201__BO0201C/PrisPerAreorSM02/
"Totalt produktionspris/bostadsarea, kr",Stor-Göteborg,brutto,2017,35817,https://www.statistikdatabasen.scb.se/pxweb/sv/ssd/START__BO__BO0201__BO0201C/PrisPerAreorSM02/
"Totalt produktionspris/bostadsarea, kr",Stor-Göteborg,brutto,2018,41494,https://www.statistikdatabasen.scb.se/pxweb/sv/ssd/START__BO__BO0201__BO0201C/PrisPerAreorSM02/
"Totalt produktionspris/bostadsarea, kr",Stor-Göteborg,brutto,2019,37346,https://www.statistikdatabasen.scb.se/pxweb/sv/ssd/START__BO__BO0201__BO0201C/PrisPerAreorSM02/
"Totalt produktionspris/bostadsarea, kr",Stor-Göteborg,brutto,2020,41051,https://www.statistikdatabasen.scb.se/pxweb/sv/ssd/START__BO__BO0201__BO0201C/PrisPerAreorSM02/
"Totalt produktionspris/bostadsarea, kr",Stor-Göteborg,brutto,2021,43759,https://www.statistikdatabasen.scb.se/pxweb/sv/ssd/START__BO__BO0201__BO0201C/PrisPerAreorSM02/
"Totalt produktionspris/bostadsarea, kr",Stor-Göteborg,brutto,2022,38921,https://www.statistikdatabasen.scb.se/pxweb/sv/ssd/START__BO__BO0201__BO0201C/PrisPerAreorSM02/
"Totalt produktionspris/bostadsarea, kr",Stor-Göteborg,brutto,2023,42898,https://www.statistikdatabasen.scb.se/pxweb/sv/ssd/START__BO__BO0201__BO0201C/PrisPerAreorSM02/
"Totalt produktionspris/bostadsarea, kr",Stor-Göteborg,brutto,2024,46543,https://www.statistikdatabasen.scb.se/pxweb/sv/ssd/START__BO__BO0201__BO0201C/PrisPerAreorSM02/
"Byggnadsobjekt, antal som prisstatistiken baseras på",Stor-Göteborg,netto,1994,62,https://www.statistikdatabasen.scb.se/pxweb/sv/ssd/START__BO__BO0201__BO0201C/PrisPerAreorSM02/
"Byggnadsobjekt, antal som prisstatistiken baseras på",Stor-Göteborg,netto,1995,33,https://www.statistikdatabasen.scb.se/pxweb/sv/ssd/START__BO__BO0201__BO0201C/PrisPerAreorSM02/
"Byggnadsobjekt, antal som prisstatistiken baseras på",Stor-Göteborg,netto,1996,77,https://www.statistikdatabasen.scb.se/pxweb/sv/ssd/START__BO__BO0201__BO0201C/PrisPerAreorSM02/
"Byggnadsobjekt, antal som prisstatistiken baseras på",Stor-Göteborg,netto,1997,83,https://www.statistikdatabasen.scb.se/pxweb/sv/ssd/START__BO__BO0201__BO0201C/PrisPerAreorSM02/
"Byggnadsobjekt, antal som prisstatistiken baseras på",Stor-Göteborg,netto,1998,14,https://www.statistikdatabasen.scb.se/pxweb/sv/ssd/START__BO__BO0201__BO0201C/PrisPerAreorSM02/
"Byggnadsobjekt, antal som prisstatistiken baseras på",Stor-Göteborg,netto,1999,26,https://www.statistikdatabasen.scb.se/pxweb/sv/ssd/START__BO__BO0201__BO0201C/PrisPerAreorSM02/
"Byggnadsobjekt, antal som prisstatistiken baseras på",Stor-Göteborg,netto,2000,52,https://www.statistikdatabasen.scb.se/pxweb/sv/ssd/START__BO__BO0201__BO0201C/PrisPerAreorSM02/
"Byggnadsobjekt, antal som prisstatistiken baseras på",Stor-Göteborg,netto,2001,53,https://www.statistikdatabasen.scb.se/pxweb/sv/ssd/START__BO__BO0201__BO0201C/PrisPerAreorSM02/
"Byggnadsobjekt, antal som prisstatistiken baseras på",Stor-Göteborg,netto,2002,31,https://www.statistikdatabasen.scb.se/pxweb/sv/ssd/START__BO__BO0201__BO0201C/PrisPerAreorSM02/
"Byggnadsobjekt, antal som prisstatistiken baseras på",Stor-Göteborg,netto,2003,49,https://www.statistikdatabasen.scb.se/pxweb/sv/ssd/START__BO__BO0201__BO0201C/PrisPerAreorSM02/
"Byggnadsobjekt, antal som prisstatistiken baseras på",Stor-Göteborg,netto,2004,71,https://www.statistikdatabasen.scb.se/pxweb/sv/ssd/START__BO__BO0201__BO0201C/PrisPerAreorSM02/
"Byggnadsobjekt, antal som prisstatistiken baseras på",Stor-Göteborg,netto,2005,69,https://www.statistikdatabasen.scb.se/pxweb/sv/ssd/START__BO__BO0201__BO0201C/PrisPerAreorSM02/
"Byggnadsobjekt, antal som prisstatistiken baseras på",Stor-Göteborg,netto,2006,56,https://www.statistikdatabasen.scb.se/pxweb/sv/ssd/START__BO__BO0201__BO0201C/PrisPerAreorSM02/
"Byggnadsobjekt, antal som prisstatistiken baseras på",Stor-Göteborg,netto,2007,58,https://www.statistikdatabasen.scb.se/pxweb/sv/ssd/START__BO__BO0201__BO0201C/PrisPerAreorSM02/
"Byggnadsobjekt, antal som prisstatistiken baseras på",Stor-Göteborg,netto,2008,66,https://www.statistikdatabasen.scb.se/pxweb/sv/ssd/START__BO__BO0201__BO0201C/PrisPerAreorSM02/
"Byggnadsobjekt, antal som prisstatistiken baseras på",Stor-Göteborg,netto,2009,39,https://www.statistikdatabasen.scb.se/pxweb/sv/ssd/START__BO__BO0201__BO0201C/PrisPerAreorSM02/
"Byggnadsobjekt, antal som prisstatistiken baseras på",Stor-Göteborg,netto,2010,51,https://www.statistikdatabasen.scb.se/pxweb/sv/ssd/START__BO__BO0201__BO0201C/PrisPerAreorSM02/
"Byggnadsobjekt, antal som prisstatistiken baseras på",Stor-Göteborg,netto,2011,28,https://www.statistikdatabasen.scb.se/pxweb/sv/ssd/START__BO__BO0201__BO0201C/PrisPerAreorSM02/
"Byggnadsobjekt, antal som prisstatistiken baseras på",Stor-Göteborg,netto,2012,10,https://www.statistikdatabasen.scb.se/pxweb/sv/ssd/START__BO__BO0201__BO0201C/PrisPerAreorSM02/
"Byggnadsobjekt, antal som prisstatistiken baseras på",Stor-Göteborg,netto,2013,43,https://www.statistikdatabasen.scb.se/pxweb/sv/ssd/START__BO__BO0201__BO0201C/PrisPerAreorSM02/
"Byggnadsobjekt, antal som prisstatistiken baseras på",Stor-Göteborg,netto,2014,53,https://www.statistikdatabasen.scb.se/pxweb/sv/ssd/START__BO__BO0201__BO0201C/PrisPerAreorSM02/
"Byggnadsobjekt, antal som prisstatistiken baseras på",Stor-Göteborg,netto,2015,78,https://www.statistikdatabasen.scb.se/pxweb/sv/ssd/START__BO__BO0201__BO0201C/PrisPerAreorSM02/
"Byggnadsobjekt, antal som prisstatistiken baseras på",Stor-Göteborg,netto,2016,98,https://www.statistikdatabasen.scb.se/pxweb/sv/ssd/START__BO__BO0201__BO0201C/PrisPerAreorSM02/
"Byggnadsobjekt, antal som prisstatistiken baseras på",Stor-Göteborg,netto,2017,62,https://www.statistikdatabasen.scb.se/pxweb/sv/ssd/START__BO__BO0201__BO0201C/PrisPerAreorSM02/
"Byggnadsobjekt, antal som prisstatistiken baseras på",Stor-Göteborg,netto,2018,54,https://www.statistikdatabasen.scb.se/pxweb/sv/ssd/START__BO__BO0201__BO0201C/PrisPerAreorSM02/
"Byggnadsobjekt, antal som prisstatistiken baseras på",Stor-Göteborg,netto,2019,37,https://www.statistikdatabasen.scb.se/pxweb/sv/ssd/START__BO__BO0201__BO0201C/PrisPerAreorSM02/
"Byggnadsobjekt, antal som prisstatistiken baseras på",Stor-Göteborg,netto,2020,40,https://www.statistikdatabasen.scb.se/pxweb/sv/ssd/START__BO__BO0201__BO0201C/PrisPerAreorSM02/
"Byggnadsobjekt, antal som prisstatistiken baseras på",Stor-Göteborg,netto,2021,41,https://www.statistikdatabasen.scb.se/pxweb/sv/ssd/START__BO__BO0201__BO0201C/PrisPerAreorSM02/
"Byggnadsobjekt, antal som prisstatistiken baseras på",Stor-Göteborg,netto,2022,38,https://www.statistikdatabasen.scb.se/pxweb/sv/ssd/START__BO__BO0201__BO0201C/PrisPerAreorSM02/
"Byggnadsobjekt, antal som prisstatistiken baseras på",Stor-Göteborg,netto,2023,18,https://www.statistikdatabasen.scb.se/pxweb/sv/ssd/START__BO__BO0201__BO0201C/PrisPerAreorSM02/
"Byggnadsobjekt, antal som prisstatistiken baseras på",Stor-Göteborg,netto,2024,18,https://www.statistikdatabasen.scb.se/pxweb/sv/ssd/START__BO__BO0201__BO0201C/PrisPerAreorSM02/
"Lägenheter, antal som prisstatistiken baseras på",Stor-Göteborg,netto,1994,131,https://www.statistikdatabasen.scb.se/pxweb/sv/ssd/START__BO__BO0201__BO0201C/PrisPerAreorSM02/
"Lägenheter, antal som prisstatistiken baseras på",Stor-Göteborg,netto,1995,95,https://www.statistikdatabasen.scb.se/pxweb/sv/ssd/START__BO__BO0201__BO0201C/PrisPerAreorSM02/
"Lägenheter, antal som prisstatistiken baseras på",Stor-Göteborg,netto,1996,633,https://www.statistikdatabasen.scb.se/pxweb/sv/ssd/START__BO__BO0201__BO0201C/PrisPerAreorSM02/
"Lägenheter, antal som prisstatistiken baseras på",Stor-Göteborg,netto,1997,282,https://www.statistikdatabasen.scb.se/pxweb/sv/ssd/START__BO__BO0201__BO0201C/PrisPerAreorSM02/
"Lägenheter, antal som prisstatistiken baseras på",Stor-Göteborg,netto,1998,238,https://www.statistikdatabasen.scb.se/pxweb/sv/ssd/START__BO__BO0201__BO0201C/PrisPerAreorSM02/
"Lägenheter, antal som prisstatistiken baseras på",Stor-Göteborg,netto,1999,448,https://www.statistikdatabasen.scb.se/pxweb/sv/ssd/START__BO__BO0201__BO0201C/PrisPerAreorSM02/
"Lägenheter, antal som prisstatistiken baseras på",Stor-Göteborg,netto,2000,384,https://www.statistikdatabasen.scb.se/pxweb/sv/ssd/START__BO__BO0201__BO0201C/PrisPerAreorSM02/
"Lägenheter, antal som prisstatistiken baseras på",Stor-Göteborg,netto,2001,446,https://www.statistikdatabasen.scb.se/pxweb/sv/ssd/START__BO__BO0201__BO0201C/PrisPerAreorSM02/
"Lägenheter, antal som prisstatistiken baseras på",Stor-Göteborg,netto,2002,374,https://www.statistikdatabasen.scb.se/pxweb/sv/ssd/START__BO__BO0201__BO0201C/PrisPerAreorSM02/
"Lägenheter, antal som prisstatistiken baseras på",Stor-Göteborg,netto,2003,699,https://www.statistikdatabasen.scb.se/pxweb/sv/ssd/START__BO__BO0201__BO0201C/PrisPerAreorSM02/
"Lägenheter, antal som prisstatistiken baseras på",Stor-Göteborg,netto,2004,867,https://www.statistikdatabasen.scb.se/pxweb/sv/ssd/START__BO__BO0201__BO0201C/PrisPerAreorSM02/
"Lägenheter, antal som prisstatistiken baseras på",Stor-Göteborg,netto,2005,858,https://www.statistikdatabasen.scb.se/pxweb/sv/ssd/START__BO__BO0201__BO0201C/PrisPerAreorSM02/
"Lägenheter, antal som prisstatistiken baseras på",Stor-Göteborg,netto,2006,610,https://www.statistikdatabasen.scb.se/pxweb/sv/ssd/START__BO__BO0201__BO0201C/PrisPerAreorSM02/
"Lägenheter, antal som prisstatistiken baseras på",Stor-Göteborg,netto,2007,630,https://www.statistikdatabasen.scb.se/pxweb/sv/ssd/START__BO__BO0201__BO0201C/PrisPerAreorSM02/
"Lägenheter, antal som prisstatistiken baseras på",Stor-Göteborg,netto,2008,313,https://www.statistikdatabasen.scb.se/pxweb/sv/ssd/START__BO__BO0201__BO0201C/PrisPerAreorSM02/
"Lägenheter, antal som prisstatistiken baseras på",Stor-Göteborg,netto,2009,255,https://www.statistikdatabasen.scb.se/pxweb/sv/ssd/START__BO__BO0201__BO0201C/PrisPerAreorSM02/
"Lägenheter, antal som prisstatistiken baseras på",Stor-Göteborg,netto,2010,320,https://www.statistikdatabasen.scb.se/pxweb/sv/ssd/START__BO__BO0201__BO0201C/PrisPerAreorSM02/
"Lägenheter, antal som prisstatistiken baseras på",Stor-Göteborg,netto,2011,132,https://www.statistikdatabasen.scb.se/pxweb/sv/ssd/START__BO__BO0201__BO0201C/PrisPerAreorSM02/
"Lägenheter, antal som prisstatistiken baseras på",Stor-Göteborg,netto,2012,62,https://www.statistikdatabasen.scb.se/pxweb/sv/ssd/START__BO__BO0201__BO0201C/PrisPerAreorSM02/
"Lägenheter, antal som prisstatistiken baseras på",Stor-Göteborg,netto,2013,247,https://www.statistikdatabasen.scb.se/pxweb/sv/ssd/START__BO__BO0201__BO0201C/PrisPerAreorSM02/
"Lägenheter, antal som prisstatistiken baseras på",Stor-Göteborg,netto,2014,261,https://www.statistikdatabasen.scb.se/pxweb/sv/ssd/START__BO__BO0201__BO0201C/PrisPerAreorSM02/
"Lägenheter, antal som prisstatistiken baseras på",Stor-Göteborg,netto,2015,664,https://www.statistikdatabasen.scb.se/pxweb/sv/ssd/START__BO__BO0201__BO0201C/PrisPerAreorSM02/
"Lägenheter, antal som prisstatistiken baseras på",Stor-Göteborg,netto,2016,388,https://www.statistikdatabasen.scb.se/pxweb/sv/ssd/START__BO__BO0201__BO0201C/PrisPerAreorSM02/
"Lägenheter, antal som prisstatistiken baseras på",Stor-Göteborg,netto,2017,463,https://www.statistikdatabasen.scb.se/pxweb/sv/ssd/START__BO__BO0201__BO0201C/PrisPerAreorSM02/
"Lägenheter, antal som prisstatistiken baseras på",Stor-Göteborg,netto,2018,447,https://www.statistikdatabasen.scb.se/pxweb/sv/ssd/START__BO__BO0201__BO0201C/PrisPerAreorSM02/
"Lägenheter, antal som prisstatistiken baseras på",Stor-Göteborg,netto,2019,335,https://www.statistikdatabasen.scb.se/pxweb/sv/ssd/START__BO__BO0201__BO0201C/PrisPerAreorSM02/
"Lägenheter, antal som prisstatistiken baseras på",Stor-Göteborg,netto,2020,278,https://www.statistikdatabasen.scb.se/pxweb/sv/ssd/START__BO__BO0201__BO0201C/PrisPerAreorSM02/
"Lägenheter, antal som prisstatistiken baseras på",Stor-Göteborg,netto,2021,335,https://www.statistikdatabasen.scb.se/pxweb/sv/ssd/START__BO__BO0201__BO0201C/PrisPerAreorSM02/
"Lägenheter, antal som prisstatistiken baseras på",Stor-Göteborg,netto,2022,221,https://www.statistikdatabasen.scb.se/pxweb/sv/ssd/START__BO__BO0201__BO0201C/PrisPerAreorSM02/
"Lägenheter, antal som prisstatistiken baseras på",Stor-Göteborg,netto,2023,107,https://www.statistikdatabasen.scb.se/pxweb/sv/ssd/START__BO__BO0201__BO0201C/PrisPerAreorSM02/
"Lägenheter, antal som prisstatistiken baseras på",Stor-Göteborg,netto,2024,69,https://www.statistikdatabasen.scb.se/pxweb/sv/ssd/START__BO__BO0201__BO0201C/PrisPerAreorSM02/
"Bostadsarea/lägenhet, kvm",Stor-Göteborg,netto,1994,,https://www.statistikdatabasen.scb.se/pxweb/sv/ssd/START__BO__BO0201__BO0201C/PrisPerAreorSM02/
"Bostadsarea/lägenhet, kvm",Stor-Göteborg,netto,1995,,https://www.statistikdatabasen.scb.se/pxweb/sv/ssd/START__BO__BO0201__BO0201C/PrisPerAreorSM02/
"Bostadsarea/lägenhet, kvm",Stor-Göteborg,netto,1996,,https://www.statistikdatabasen.scb.se/pxweb/sv/ssd/START__BO__BO0201__BO0201C/PrisPerAreorSM02/
"Bostadsarea/lägenhet, kvm",Stor-Göteborg,netto,1997,,https://www.statistikdatabasen.scb.se/pxweb/sv/ssd/START__BO__BO0201__BO0201C/PrisPerAreorSM02/
"Bostadsarea/lägenhet, kvm",Stor-Göteborg,netto,1998,99.1,https://www.statistikdatabasen.scb.se/pxweb/sv/ssd/START__BO__BO0201__BO0201C/PrisPerAreorSM02/
"Bostadsarea/lägenhet, kvm",Stor-Göteborg,netto,1999,98.9,https://www.statistikdatabasen.scb.se/pxweb/sv/ssd/START__BO__BO0201__BO0201C/PrisPerAreorSM02/
"Bostadsarea/lägenhet, kvm",Stor-Göteborg,netto,2000,116,https://www.statistikdatabasen.scb.se/pxweb/sv/ssd/START__BO__BO0201__BO0201C/PrisPerAreorSM02/
"Bostadsarea/lägenhet, kvm",Stor-Göteborg,netto,2001,111.3,https://www.statistikdatabasen.scb.se/pxweb/sv/ssd/START__BO__BO0201__BO0201C/PrisPerAreorSM02/
"Bostadsarea/lägenhet, kvm",Stor-Göteborg,netto,2002,122.3,https://www.statistikdatabasen.scb.se/pxweb/sv/ssd/START__BO__BO0201__BO0201C/PrisPerAreorSM02/
"Bostadsarea/lägenhet, kvm",Stor-Göteborg,netto,2003,112.5,https://www.statistikdatabasen.scb.se/pxweb/sv/ssd/START__BO__BO0201__BO0201C/PrisPerAreorSM02/
"Bostadsarea/lägenhet, kvm",Stor-Göteborg,netto,2004,123,https://www.statistikdatabasen.scb.se/pxweb/sv/ssd/START__BO__BO0201__BO0201C/PrisPerAreorSM02/
"Bostadsarea/lägenhet, kvm",Stor-Göteborg,netto,2005,125.7,https://www.statistikdatabasen.scb.se/pxweb/sv/ssd/START__BO__BO0201__BO0201C/PrisPerAreorSM02/
"Bostadsarea/lägenhet, kvm",Stor-Göteborg,netto,2006,128.2,https://www.statistikdatabasen.scb.se/pxweb/sv/ssd/START__BO__BO0201__BO0201C/PrisPerAreorSM02/
"Bostadsarea/lägenhet, kvm",Stor-Göteborg,netto,2007,126.6,https://www.statistikdatabasen.scb.se/pxweb/sv/ssd/START__BO__BO0201__BO0201C/PrisPerAreorSM02/
"Bostadsarea/lägenhet, kvm",Stor-Göteborg,netto,2008,127.2,https://www.statistikdatabasen.scb.se/pxweb/sv/ssd/START__BO__BO0201__BO0201C/PrisPerAreorSM02/
"Bostadsarea/lägenhet, kvm",Stor-Göteborg,netto,2009,130.7,https://www.statistikdatabasen.scb.se/pxweb/sv/ssd/START__BO__BO0201__BO0201C/PrisPerAreorSM02/
"Bostadsarea/lägenhet, kvm",Stor-Göteborg,netto,2010,132.9,https://www.statistikdatabasen.scb.se/pxweb/sv/ssd/START__BO__BO0201__BO0201C/PrisPerAreorSM02/
"Bostadsarea/lägenhet, kvm",Stor-Göteborg,netto,2011,139.1,https://www.statistikdatabasen.scb.se/pxweb/sv/ssd/START__BO__BO0201__BO0201C/PrisPerAreorSM02/
"Bostadsarea/lägenhet, kvm",Stor-Göteborg,netto,2012,125.9,https://www.statistikdatabasen.scb.se/pxweb/sv/ssd/START__BO__BO0201__BO0201C/PrisPerAreorSM02/
"Bostadsarea/lägenhet, kvm",Stor-Göteborg,netto,2013,139.6,https://www.statistikdatabasen.scb.se/pxweb/sv/ssd/START__BO__BO0201__BO0201C/PrisPerAreorSM02/
"Bostadsarea/lägenhet, kvm",Stor-Göteborg,netto,2014,129.4,https://www.statistikdatabasen.scb.se/pxweb/sv/ssd/START__BO__BO0201__BO0201C/PrisPerAreorSM02/
"Bostadsarea/lägenhet, kvm",Stor-Göteborg,netto,2015,116.9,https://www.statistikdatabasen.scb.se/pxweb/sv/ssd/START__BO__BO0201__BO0201C/PrisPerAreorSM02/
"Bostadsarea/lägenhet, kvm",Stor-Göteborg,netto,2016,127,https://www.statistikdatabasen.scb.se/pxweb/sv/ssd/START__BO__BO0201__BO0201C/PrisPerAreorSM02/
"Bostadsarea/lägenhet, kvm",Stor-Göteborg,netto,2017,132.4,https://www.statistikdatabasen.scb.se/pxweb/sv/ssd/START__BO__BO0201__BO0201C/PrisPerAreorSM02/
"Bostadsarea/lägenhet, kvm",Stor-Göteborg,netto,2018,118.4,https://www.statistikdatabasen.scb.se/pxweb/sv/ssd/START__BO__BO0201__BO0201C/PrisPerAreorSM02/
"Bostadsarea/lägenhet, kvm",Stor-Göteborg,netto,2019,123.2,https://www.statistikdatabasen.scb.se/pxweb/sv/ssd/START__BO__BO0201__BO0201C/PrisPerAreorSM02/
"Bostadsarea/lägenhet, kvm",Stor-Göteborg,netto,2020,115.6,https://www.statistikdatabasen.scb.se/pxweb/sv/ssd/START__BO__BO0201__BO0201C/PrisPerAreorSM02/
"Bostadsarea/lägenhet, kvm",Stor-Göteborg,netto,2021,110.6,https://www.statistikdatabasen.scb.se/pxweb/sv/ssd/START__BO__BO0201__BO0201C/PrisPerAreorSM02/
"Bostadsarea/lägenhet, kvm",Stor-Göteborg,netto,2022,125.2,https://www.statistikdatabasen.scb.se/pxweb/sv/ssd/START__BO__BO0201__BO0201C/PrisPerAreorSM02/
"Bostadsarea/lägenhet, kvm",Stor-Göteborg,netto,2023,136.6,https://www.statistikdatabasen.scb.se/pxweb/sv/ssd/START__BO__BO0201__BO0201C/PrisPerAreorSM02/
"Bostadsarea/lägenhet, kvm",Stor-Göteborg,netto,2024,137.3,https://www.statistikdatabasen.scb.se/pxweb/sv/ssd/START__BO__BO0201__BO0201C/PrisPerAreorSM02/
"Markpris/bostadsarea, kr",Stor-Göteborg,netto,1994,,https://www.statistikdatabasen.scb.se/pxweb/sv/ssd/START__BO__BO0201__BO0201C/PrisPerAreorSM02/
"Markpris/bostadsarea, kr",Stor-Göteborg,netto,1995,,https://www.statistikdatabasen.scb.se/pxweb/sv/ssd/START__BO__BO0201__BO0201C/PrisPerAreorSM02/
"Markpris/bostadsarea, kr",Stor-Göteborg,netto,1996,,https://www.statistikdatabasen.scb.se/pxweb/sv/ssd/START__BO__BO0201__BO0201C/PrisPerAreorSM02/
"Markpris/bostadsarea, kr",Stor-Göteborg,netto,1997,,https://www.statistikdatabasen.scb.se/pxweb/sv/ssd/START__BO__BO0201__BO0201C/PrisPerAreorSM02/
"Markpris/bostadsarea, kr",Stor-Göteborg,netto,1998,1989,https://www.statistikdatabasen.scb.se/pxweb/sv/ssd/START__BO__BO0201__BO0201C/PrisPerAreorSM02/
"Markpris/bostadsarea, kr",Stor-Göteborg,netto,1999,1752,https://www.statistikdatabasen.scb.se/pxweb/sv/ssd/START__BO__BO0201__BO0201C/PrisPerAreorSM02/
"Markpris/bostadsarea, kr",Stor-Göteborg,netto,2000,2029,https://www.statistikdatabasen.scb.se/pxweb/sv/ssd/START__BO__BO0201__BO0201C/PrisPerAreorSM02/
"Markpris/bostadsarea, kr",Stor-Göteborg,netto,2001,2445,https://www.statistikdatabasen.scb.se/pxweb/sv/ssd/START__BO__BO0201__BO0201C/PrisPerAreorSM02/
"Markpris/bostadsarea, kr",Stor-Göteborg,netto,2002,2366,https://www.statistikdatabasen.scb.se/pxweb/sv/ssd/START__BO__BO0201__BO0201C/PrisPerAreorSM02/
"Markpris/bostadsarea, kr",Stor-Göteborg,netto,2003,3446,https://www.statistikdatabasen.scb.se/pxweb/sv/ssd/START__BO__BO0201__BO0201C/PrisPerAreorSM02/
"Markpris/bostadsarea, kr",Stor-Göteborg,netto,2004,3699,https://www.statistikdatabasen.scb.se/pxweb/sv/ssd/START__BO__BO0201__BO0201C/PrisPerAreorSM02/
"Markpris/bostadsarea, kr",Stor-Göteborg,netto,2005,4489,https://www.statistikdatabasen.scb.se/pxweb/sv/ssd/START__BO__BO0201__BO0201C/PrisPerAreorSM02/
"Markpris/bostadsarea, kr",Stor-Göteborg,netto,2006,3629,https://www.statistikdatabasen.scb.se/pxweb/sv/ssd/START__BO__BO0201__BO0201C/PrisPerAreorSM02/
"Markpris/bostadsarea, kr",Stor-Göteborg,netto,2007,5551,https://www.statistikdatabasen.scb.se/pxweb/sv/ssd/START__BO__BO0201__BO0201C/PrisPerAreorSM02/
"Markpris/bostadsarea, kr",Stor-Göteborg,netto,2008,4607,https://www.statistikdatabasen.scb.se/pxweb/sv/ssd/START__BO__BO0201__BO0201C/PrisPerAreorSM02/
"Markpris/bostadsarea, kr",Stor-Göteborg,netto,2009,5065,https://www.statistikdatabasen.scb.se/pxweb/sv/ssd/START__BO__BO0201__BO0201C/PrisPerAreorSM02/
"Markpris/bostadsarea, kr",Stor-Göteborg,netto,2010,7569,https://www.statistikdatabasen.scb.se/pxweb/sv/ssd/START__BO__BO0201__BO0201C/PrisPerAreorSM02/
"Markpris/bostadsarea, kr",Stor-Göteborg,netto,2011,7244,https://www.statistikdatabasen.scb.se/pxweb/sv/ssd/START__BO__BO0201__BO0201C/PrisPerAreorSM02/
"Markpris/bostadsarea, kr",Stor-Göteborg,netto,2012,8374,https://www.statistikdatabasen.scb.se/pxweb/sv/ssd/START__BO__BO0201__BO0201C/PrisPerAreorSM02/
"Markpris/bostadsarea, kr",Stor-Göteborg,netto,2013,10271,https://www.statistikdatabasen.scb.se/pxweb/sv/ssd/START__BO__BO0201__BO0201C/PrisPerAreorSM02/
"Markpris/bostadsarea, kr",Stor-Göteborg,netto,2014,7699,https://www.statistikdatabasen.scb.se/pxweb/sv/ssd/START__BO__BO0201__BO0201C/PrisPerAreorSM02/
"Markpris/bostadsarea, kr",Stor-Göteborg,netto,2015,7373,https://www.statistikdatabasen.scb.se/pxweb/sv/ssd/START__BO__BO0201__BO0201C/PrisPerAreorSM02/
"Markpris/bostadsarea, kr",Stor-Göteborg,netto,2016,8912,https://www.statistikdatabasen.scb.se/pxweb/sv/ssd/START__BO__BO0201__BO0201C/PrisPerAreorSM02/
"Markpris/bostadsarea, kr",Stor-Göteborg,netto,2017,9329,https://www.statistikdatabasen.scb.se/pxweb/sv/ssd/START__BO__BO0201__BO0201C/PrisPerAreorSM02/
"Markpris/bostadsarea, kr",Stor-Göteborg,netto,2018,11678,https://www.statistikdatabasen.scb.se/pxweb/sv/ssd/START__BO__BO0201__BO0201C/PrisPerAreorSM02/
"Markpris/bostadsarea, kr",Stor-Göteborg,netto,2019,9507,https://www.statistikdatabasen.scb.se/pxweb/sv/ssd/START__BO__BO0201__BO0201C/PrisPerAreorSM02/
"Markpris/bostadsarea, kr",Stor-Göteborg,netto,2020,10159,https://www.statistikdatabasen.scb.se/pxweb/sv/ssd/START__BO__BO0201__BO0201C/PrisPerAreorSM02/
"Markpris/bostadsarea, kr",Stor-Göteborg,netto,2021,11631,https://www.statistikdatabasen.scb.se/pxweb/sv/ssd/START__BO__BO0201__BO0201C/PrisPerAreorSM02/
"Markpris/bostadsarea, kr",Stor-Göteborg,netto,2022,9915,https://www.statistikdatabasen.scb.se/pxweb/sv/ssd/START__BO__BO0201__BO0201C/PrisPerAreorSM02/
"Markpris/bostadsarea, kr",Stor-Göteborg,netto,2023,11651,https://www.statistikdatabasen.scb.se/pxweb/sv/ssd/START__BO__BO0201__BO0201C/PrisPerAreorSM02/
"Markpris/bostadsarea, kr",Stor-Göteborg,netto,2024,12291,https://www.statistikdatabasen.scb.se/pxweb/sv/ssd/START__BO__BO0201__BO0201C/PrisPerAreorSM02/
"Byggnadspris/bostadsarea, kr",Stor-Göteborg,netto,1994,,https://www.statistikdatabasen.scb.se/pxweb/sv/ssd/START__BO__BO0201__BO0201C/PrisPerAreorSM02/
"Byggnadspris/bostadsarea, kr",Stor-Göteborg,netto,1995,,https://www.statistikdatabasen.scb.se/pxweb/sv/ssd/START__BO__BO0201__BO0201C/PrisPerAreorSM02/
"Byggnadspris/bostadsarea, kr",Stor-Göteborg,netto,1996,,https://www.statistikdatabasen.scb.se/pxweb/sv/ssd/START__BO__BO0201__BO0201C/PrisPerAreorSM02/
"Byggnadspris/bostadsarea, kr",Stor-Göteborg,netto,1997,,https://www.statistikdatabasen.scb.se/pxweb/sv/ssd/START__BO__BO0201__BO0201C/PrisPerAreorSM02/
"Byggnadspris/bostadsarea, kr",Stor-Göteborg,netto,1998,9559,https://www.statistikdatabasen.scb.se/pxweb/sv/ssd/START__BO__BO0201__BO0201C/PrisPerAreorSM02/
"Byggnadspris/bostadsarea, kr",Stor-Göteborg,netto,1999,10105,https://www.statistikdatabasen.scb.se/pxweb/sv/ssd/START__BO__BO0201__BO0201C/PrisPerAreorSM02/
"Byggnadspris/bostadsarea, kr",Stor-Göteborg,netto,2000,11717,https://www.statistikdatabasen.scb.se/pxweb/sv/ssd/START__BO__BO0201__BO0201C/PrisPerAreorSM02/
"Byggnadspris/bostadsarea, kr",Stor-Göteborg,netto,2001,13941,https://www.statistikdatabasen.scb.se/pxweb/sv/ssd/START__BO__BO0201__BO0201C/PrisPerAreorSM02/
"Byggnadspris/bostadsarea, kr",Stor-Göteborg,netto,2002,12819,https://www.statistikdatabasen.scb.se/pxweb/sv/ssd/START__BO__BO0201__BO0201C/PrisPerAreorSM02/
"Byggnadspris/bostadsarea, kr",Stor-Göteborg,netto,2003,14325,https://www.statistikdatabasen.scb.se/pxweb/sv/ssd/START__BO__BO0201__BO0201C/PrisPerAreorSM02/
"Byggnadspris/bostadsarea, kr",Stor-Göteborg,netto,2004,15878,https://www.statistikdatabasen.scb.se/pxweb/sv/ssd/START__BO__BO0201__BO0201C/PrisPerAreorSM02/
"Byggnadspris/bostadsarea, kr",Stor-Göteborg,netto,2005,16155,https://www.statistikdatabasen.scb.se/pxweb/sv/ssd/START__BO__BO0201__BO0201C/PrisPerAreorSM02/
"Byggnadspris/bostadsarea, kr",Stor-Göteborg,netto,2006,17699,https://www.statistikdatabasen.scb.se/pxweb/sv/ssd/START__BO__BO0201__BO0201C/PrisPerAreorSM02/
"Byggnadspris/bostadsarea, kr",Stor-Göteborg,netto,2007,21097,https://www.statistikdatabasen.scb.se/pxweb/sv/ssd/START__BO__BO0201__BO0201C/PrisPerAreorSM02/
"Byggnadspris/bostadsarea, kr",Stor-Göteborg,netto,2008,18941,https://www.statistikdatabasen.scb.se/pxweb/sv/ssd/START__BO__BO0201__BO0201C/PrisPerAreorSM02/
"Byggnadspris/bostadsarea, kr",Stor-Göteborg,netto,2009,20290,https://www.statistikdatabasen.scb.se/pxweb/sv/ssd/START__BO__BO0201__BO0201C/PrisPerAreorSM02/
"Byggnadspris/bostadsarea, kr",Stor-Göteborg,netto,2010,19614,https://www.statistikdatabasen.scb.se/pxweb/sv/ssd/START__BO__BO0201__BO0201C/PrisPerAreorSM02/
"Byggnadspris/bostadsarea, kr",Stor-Göteborg,netto,2011,18385,https://www.statistikdatabasen.scb.se/pxweb/sv/ssd/START__BO__BO0201__BO0201C/PrisPerAreorSM02/
"Byggnadspris/bostadsarea, kr",Stor-Göteborg,netto,2012,23908,https://www.statistikdatabasen.scb.se/pxweb/sv/ssd/START__BO__BO0201__BO0201C/PrisPerAreorSM02/
"Byggnadspris/bostadsarea, kr",Stor-Göteborg,netto,2013,20985,https://www.statistikdatabasen.scb.se/pxweb/sv/ssd/START__BO__BO0201__BO0201C/PrisPerAreorSM02/
"Byggnadspris/bostadsarea, kr",Stor-Göteborg,netto,2014,24704,https://www.statistikdatabasen.scb.se/pxweb/sv/ssd/START__BO__BO0201__BO0201C/PrisPerAreorSM02/
"Byggnadspris/bostadsarea, kr",Stor-Göteborg,netto,2015,23390,https://www.statistikdatabasen.scb.se/pxweb/sv/ssd/START__BO__BO0201__BO0201C/PrisPerAreorSM02/
"Byggnadspris/bostadsarea, kr",Stor-Göteborg,netto,2016,23079,https://www.statistikdatabasen.scb.se/pxweb/sv/ssd/START__BO__BO0201__BO0201C/PrisPerAreorSM02/
"Byggnadspris/bostadsarea, kr",Stor-Göteborg,netto,2017,26488,https://www.statistikdatabasen.scb.se/pxweb/sv/ssd/START__BO__BO0201__BO0201C/PrisPerAreorSM02/
"Byggnadspris/bostadsarea, kr",Stor-Göteborg,netto,2018,29221,https://www.statistikdatabasen.scb.se/pxweb/sv/ssd/START__BO__BO0201__BO0201C/PrisPerAreorSM02/
"Byggnadspris/bostadsarea, kr",Stor-Göteborg,netto,2019,27838,https://www.statistikdatabasen.scb.se/pxweb/sv/ssd/START__BO__BO0201__BO0201C/PrisPerAreorSM02/
"Byggnadspris/bostadsarea, kr",Stor-Göteborg,netto,2020,30893,https://www.statistikdatabasen.scb.se/pxweb/sv/ssd/START__BO__BO0201__BO0201C/PrisPerAreorSM02/
"Byggnadspris/bostadsarea, kr",Stor-Göteborg,netto,2021,32128,https://www.statistikdatabasen.scb.se/pxweb/sv/ssd/START__BO__BO0201__BO0201C/PrisPerAreorSM02/
"Byggnadspris/bostadsarea, kr",Stor-Göteborg,netto,2022,29006,https://www.statistikdatabasen.scb.se/pxweb/sv/ssd/START__BO__BO0201__BO0201C/PrisPerAreorSM02/
"Byggnadspris/bostadsarea, kr",Stor-Göteborg,netto,2023,31247,https://www.statistikdatabasen.scb.se/pxweb/sv/ssd/START__BO__BO0201__BO0201C/PrisPerAreorSM02/
"Byggnadspris/bostadsarea, kr",Stor-Göteborg,netto,2024,34252,https://www.statistikdatabasen.scb.se/pxweb/sv/ssd/START__BO__BO0201__BO0201C/PrisPerAreorSM02/
"Totalt produktionspris/bostadsarea, kr",Stor-Göteborg,netto,1994,,https://www.statistikdatabasen.scb.se/pxweb/sv/ssd/START__BO__BO0201__BO0201C/PrisPerAreorSM02/
"Totalt produktionspris/bostadsarea, kr",Stor-Göteborg,netto,1995,,https://www.statistikdatabasen.scb.se/pxweb/sv/ssd/START__BO__BO0201__BO0201C/PrisPerAreorSM02/
"Totalt produktionspris/bostadsarea, kr",Stor-Göteborg,netto,1996,,https://www.statistikdatabasen.scb.se/pxweb/sv/ssd/START__BO__BO0201__BO0201C/PrisPerAreorSM02/
"Totalt produktionspris/bostadsarea, kr",Stor-Göteborg,netto,1997,,https://www.statistikdatabasen.scb.se/pxweb/sv/ssd/START__BO__BO0201__BO0201C/PrisPerAreorSM02/
"Totalt produktionspris/bostadsarea, kr",Stor-Göteborg,netto,1998,11549,https://www.statistikdatabasen.scb.se/pxweb/sv/ssd/START__BO__BO0201__BO0201C/PrisPerAreorSM02/
"Totalt produktionspris/bostadsarea, kr",Stor-Göteborg,netto,1999,11857,https://www.statistikdatabasen.scb.se/pxweb/sv/ssd/START__BO__BO0201__BO0201C/PrisPerAreorSM02/
"Totalt produktionspris/bostadsarea, kr",Stor-Göteborg,netto,2000,13746,https://www.statistikdatabasen.scb.se/pxweb/sv/ssd/START__BO__BO0201__BO0201C/PrisPerAreorSM02/
"Totalt produktionspris/bostadsarea, kr",Stor-Göteborg,netto,2001,16387,https://www.statistikdatabasen.scb.se/pxweb/sv/ssd/START__BO__BO0201__BO0201C/PrisPerAreorSM02/
"Totalt produktionspris/bostadsarea, kr",Stor-Göteborg,netto,2002,15185,https://www.statistikdatabasen.scb.se/pxweb/sv/ssd/START__BO__BO0201__BO0201C/PrisPerAreorSM02/
"Totalt produktionspris/bostadsarea, kr",Stor-Göteborg,netto,2003,17771,https://www.statistikdatabasen.scb.se/pxweb/sv/ssd/START__BO__BO0201__BO0201C/PrisPerAreorSM02/
"Totalt produktionspris/bostadsarea, kr",Stor-Göteborg,netto,2004,19577,https://www.statistikdatabasen.scb.se/pxweb/sv/ssd/START__BO__BO0201__BO0201C/PrisPerAreorSM02/
"Totalt produktionspris/bostadsarea, kr",Stor-Göteborg,netto,2005,20643,https://www.statistikdatabasen.scb.se/pxweb/sv/ssd/START__BO__BO0201__BO0201C/PrisPerAreorSM02/
"Totalt produktionspris/bostadsarea, kr",Stor-Göteborg,netto,2006,21328,https://www.statistikdatabasen.scb.se/pxweb/sv/ssd/START__BO__BO0201__BO0201C/PrisPerAreorSM02/
"Totalt produktionspris/bostadsarea, kr",Stor-Göteborg,netto,2007,26649,https://www.statistikdatabasen.scb.se/pxweb/sv/ssd/START__BO__BO0201__BO0201C/PrisPerAreorSM02/
"Totalt produktionspris/bostadsarea, kr",Stor-Göteborg,netto,2008,23548,https://www.statistikdatabasen.scb.se/pxweb/sv/ssd/START__BO__BO0201__BO0201C/PrisPerAreorSM02/
"Totalt produktionspris/bostadsarea, kr",Stor-Göteborg,netto,2009,25355,https://www.statistikdatabasen.scb.se/pxweb/sv/ssd/START__BO__BO0201__BO0201C/PrisPerAreorSM02/
"Totalt produktionspris/bostadsarea, kr",Stor-Göteborg,netto,2010,27183,https://www.statistikdatabasen.scb.se/pxweb/sv/ssd/START__BO__BO0201__BO0201C/PrisPerAreorSM02/
"Totalt produktionspris/bostadsarea, kr",Stor-Göteborg,netto,2011,25628,https://www.statistikdatabasen.scb.se/pxweb/sv/ssd/START__BO__BO0201__BO0201C/PrisPerAreorSM02/
"Totalt produktionspris/bostadsarea, kr",Stor-Göteborg,netto,2012,32283,https://www.statistikdatabasen.scb.se/pxweb/sv/ssd/START__BO__BO0201__BO0201C/PrisPerAreorSM02/
"Totalt produktionspris/bostadsarea, kr",Stor-Göteborg,netto,2013,31256,https://www.statistikdatabasen.scb.se/pxweb/sv/ssd/START__BO__BO0201__BO0201C/PrisPerAreorSM02/
"Totalt produktionspris/bostadsarea, kr",Stor-Göteborg,netto,2014,32403,https://www.statistikdatabasen.scb.se/pxweb/sv/ssd/START__BO__BO0201__BO0201C/PrisPerAreorSM02/
"Totalt produktionspris/bostadsarea, kr",Stor-Göteborg,netto,2015,30763,https://www.statistikdatabasen.scb.se/pxweb/sv/ssd/START__BO__BO0201__BO0201C/PrisPerAreorSM02/
"Totalt produktionspris/bostadsarea, kr",Stor-Göteborg,netto,2016,31991,https://www.statistikdatabasen.scb.se/pxweb/sv/ssd/START__BO__BO0201__BO0201C/PrisPerAreorSM02/
"Totalt produktionspris/bostadsarea, kr",Stor-Göteborg,netto,2017,35817,https://www.statistikdatabasen.scb.se/pxweb/sv/ssd/START__BO__BO0201__BO0201C/PrisPerAreorSM02/
"Totalt produktionspris/bostadsarea, kr",Stor-Göteborg,netto,2018,40899,https://www.statistikdatabasen.scb.se/pxweb/sv/ssd/START__BO__BO0201__BO0201C/PrisPerAreorSM02/
"Totalt produktionspris/bostadsarea, kr",Stor-Göteborg,netto,2019,37346,https://www.statistikdatabasen.scb.se/pxweb/sv/ssd/START__BO__BO0201__BO0201C/PrisPerAreorSM02/
"Totalt produktionspris/bostadsarea, kr",Stor-Göteborg,netto,2020,41051,https://www.statistikdatabasen.scb.se/pxweb/sv/ssd/START__BO__BO0201__BO0201C/PrisPerAreorSM02/
"Totalt produktionspris/bostadsarea, kr",Stor-Göteborg,netto,2021,43759,https://www.statistikdatabasen.scb.se/pxweb/sv/ssd/START__BO__BO0201__BO0201C/PrisPerAreorSM02/
"Totalt produktionspris/bostadsarea, kr",Stor-Göteborg,netto,2022,38921,https://www.statistikdatabasen.scb.se/pxweb/sv/ssd/START__BO__BO0201__BO0201C/PrisPerAreorSM02/
"Totalt produktionspris/bostadsarea, kr",Stor-Göteborg,netto,2023,42898,https://www.statistikdatabasen.scb.se/pxweb/sv/ssd/START__BO__BO0201__BO0201C/PrisPerAreorSM02/
"Totalt produktionspris/bostadsarea, kr",Stor-Göteborg,netto,2024,46543,https://www.statistikdatabasen.scb.se/pxweb/sv/ssd/START__BO__BO0201__BO0201C/PrisPerAreorSM02/
"Byggnadsobjekt, antal som prisstatistiken baseras på",Stor-Malmö,brutto,1994,,https://www.statistikdatabasen.scb.se/pxweb/sv/ssd/START__BO__BO0201__BO0201C/PrisPerAreorSM02/
"Byggnadsobjekt, antal som prisstatistiken baseras på",Stor-Malmö,brutto,1995,,https://www.statistikdatabasen.scb.se/pxweb/sv/ssd/START__BO__BO0201__BO0201C/PrisPerAreorSM02/
"Byggnadsobjekt, antal som prisstatistiken baseras på",Stor-Malmö,brutto,1996,,https://www.statistikdatabasen.scb.se/pxweb/sv/ssd/START__BO__BO0201__BO0201C/PrisPerAreorSM02/
"Byggnadsobjekt, antal som prisstatistiken baseras på",Stor-Malmö,brutto,1997,,https://www.statistikdatabasen.scb.se/pxweb/sv/ssd/START__BO__BO0201__BO0201C/PrisPerAreorSM02/
"Byggnadsobjekt, antal som prisstatistiken baseras på",Stor-Malmö,brutto,1998,24,https://www.statistikdatabasen.scb.se/pxweb/sv/ssd/START__BO__BO0201__BO0201C/PrisPerAreorSM02/
"Byggnadsobjekt, antal som prisstatistiken baseras på",Stor-Malmö,brutto,1999,12,https://www.statistikdatabasen.scb.se/pxweb/sv/ssd/START__BO__BO0201__BO0201C/PrisPerAreorSM02/
"Byggnadsobjekt, antal som prisstatistiken baseras på",Stor-Malmö,brutto,2000,19,https://www.statistikdatabasen.scb.se/pxweb/sv/ssd/START__BO__BO0201__BO0201C/PrisPerAreorSM02/
"Byggnadsobjekt, antal som prisstatistiken baseras på",Stor-Malmö,brutto,2001,27,https://www.statistikdatabasen.scb.se/pxweb/sv/ssd/START__BO__BO0201__BO0201C/PrisPerAreorSM02/
"Byggnadsobjekt, antal som prisstatistiken baseras på",Stor-Malmö,brutto,2002,28,https://www.statistikdatabasen.scb.se/pxweb/sv/ssd/START__BO__BO0201__BO0201C/PrisPerAreorSM02/
"Byggnadsobjekt, antal som prisstatistiken baseras på",Stor-Malmö,brutto,2003,39,https://www.statistikdatabasen.scb.se/pxweb/sv/ssd/START__BO__BO0201__BO0201C/PrisPerAreorSM02/
"Byggnadsobjekt, antal som prisstatistiken baseras på",Stor-Malmö,brutto,2004,40,https://www.statistikdatabasen.scb.se/pxweb/sv/ssd/START__BO__BO0201__BO0201C/PrisPerAreorSM02/
"Byggnadsobjekt, antal som prisstatistiken baseras på",Stor-Malmö,brutto,2005,37,https://www.statistikdatabasen.scb.se/pxweb/sv/ssd/START__BO__BO0201__BO0201C/PrisPerAreorSM02/
"Byggnadsobjekt, antal som prisstatistiken baseras på",Stor-Malmö,brutto,2006,43,https://www.statistikdatabasen.scb.se/pxweb/sv/ssd/START__BO__BO0201__BO0201C/PrisPerAreorSM02/
"Byggnadsobjekt, antal som prisstatistiken baseras på",Stor-Malmö,brutto,2007,54,https://www.statistikdatabasen.scb.se/pxweb/sv/ssd/START__BO__BO0201__BO0201C/PrisPerAreorSM02/
"Byggnadsobjekt, antal som prisstatistiken baseras på",Stor-Malmö,brutto,2008,44,https://www.statistikdatabasen.scb.se/pxweb/sv/ssd/START__BO__BO0201__BO0201C/PrisPerAreorSM02/
"Byggnadsobjekt, antal som prisstatistiken baseras på",Stor-Malmö,brutto,2009,29,https://www.statistikdatabasen.scb.se/pxweb/sv/ssd/START__BO__BO0201__BO0201C/PrisPerAreorSM02/
"Byggnadsobjekt, antal som prisstatistiken baseras på",Stor-Malmö,brutto,2010,38,https://www.statistikdatabasen.scb.se/pxweb/sv/ssd/START__BO__BO0201__BO0201C/PrisPerAreorSM02/
"Byggnadsobjekt, antal som prisstatistiken baseras på",Stor-Malmö,brutto,2011,45,https://www.statistikdatabasen.scb.se/pxweb/sv/ssd/START__BO__BO0201__BO0201C/PrisPerAreorSM02/
"Byggnadsobjekt, antal som prisstatistiken baseras på",Stor-Malmö,brutto,2012,14,https://www.statistikdatabasen.scb.se/pxweb/sv/ssd/START__BO__BO0201__BO0201C/PrisPerAreorSM02/
"Byggnadsobjekt, antal som prisstatistiken baseras på",Stor-Malmö,brutto,2013,24,https://www.statistikdatabasen.scb.se/pxweb/sv/ssd/START__BO__BO0201__BO0201C/PrisPerAreorSM02/
"Byggnadsobjekt, antal som prisstatistiken baseras på",Stor-Malmö,brutto,2014,40,https://www.statistikdatabasen.scb.se/pxweb/sv/ssd/START__BO__BO0201__BO0201C/PrisPerAreorSM02/
"Byggnadsobjekt, antal som prisstatistiken baseras på",Stor-Malmö,brutto,2015,40,https://www.statistikdatabasen.scb.se/pxweb/sv/ssd/START__BO__BO0201__BO0201C/PrisPerAreorSM02/
"Byggnadsobjekt, antal som prisstatistiken baseras på",Stor-Malmö,brutto,2016,43,https://www.statistikdatabasen.scb.se/pxweb/sv/ssd/START__BO__BO0201__BO0201C/PrisPerAreorSM02/
"Byggnadsobjekt, antal som prisstatistiken baseras på",Stor-Malmö,brutto,2017,34,https://www.statistikdatabasen.scb.se/pxweb/sv/ssd/START__BO__BO0201__BO0201C/PrisPerAreorSM02/
"Byggnadsobjekt, antal som prisstatistiken baseras på",Stor-Malmö,brutto,2018,28,https://www.statistikdatabasen.scb.se/pxweb/sv/ssd/START__BO__BO0201__BO0201C/PrisPerAreorSM02/
"Byggnadsobjekt, antal som prisstatistiken baseras på",Stor-Malmö,brutto,2019,23,https://www.statistikdatabasen.scb.se/pxweb/sv/ssd/START__BO__BO0201__BO0201C/PrisPerAreorSM02/
"Byggnadsobjekt, antal som prisstatistiken baseras på",Stor-Malmö,brutto,2020,27,https://www.statistikdatabasen.scb.se/pxweb/sv/ssd/START__BO__BO0201__BO0201C/PrisPerAreorSM02/
"Byggnadsobjekt, antal som prisstatistiken baseras på",Stor-Malmö,brutto,2021,29,https://www.statistikdatabasen.scb.se/pxweb/sv/ssd/START__BO__BO0201__BO0201C/PrisPerAreorSM02/
"Byggnadsobjekt, antal som prisstatistiken baseras på",Stor-Malmö,brutto,2022,19,https://www.statistikdatabasen.scb.se/pxweb/sv/ssd/START__BO__BO0201__BO0201C/PrisPerAreorSM02/
"Byggnadsobjekt, antal som prisstatistiken baseras på",Stor-Malmö,brutto,2023,6,https://www.statistikdatabasen.scb.se/pxweb/sv/ssd/START__BO__BO0201__BO0201C/PrisPerAreorSM02/
"Byggnadsobjekt, antal som prisstatistiken baseras på",Stor-Malmö,brutto,2024,5,https://www.statistikdatabasen.scb.se/pxweb/sv/ssd/START__BO__BO0201__BO0201C/PrisPerAreorSM02/
"Lägenheter, antal som prisstatistiken baseras på",Stor-Malmö,brutto,1994,,https://www.statistikdatabasen.scb.se/pxweb/sv/ssd/START__BO__BO0201__BO0201C/PrisPerAreorSM02/
"Lägenheter, antal som prisstatistiken baseras på",Stor-Malmö,brutto,1995,,https://www.statistikdatabasen.scb.se/pxweb/sv/ssd/START__BO__BO0201__BO0201C/PrisPerAreorSM02/
"Lägenheter, antal som prisstatistiken baseras på",Stor-Malmö,brutto,1996,,https://www.statistikdatabasen.scb.se/pxweb/sv/ssd/START__BO__BO0201__BO0201C/PrisPerAreorSM02/
"Lägenheter, antal som prisstatistiken baseras på",Stor-Malmö,brutto,1997,,https://www.statistikdatabasen.scb.se/pxweb/sv/ssd/START__BO__BO0201__BO0201C/PrisPerAreorSM02/
"Lägenheter, antal som prisstatistiken baseras på",Stor-Malmö,brutto,1998,77,https://www.statistikdatabasen.scb.se/pxweb/sv/ssd/START__BO__BO0201__BO0201C/PrisPerAreorSM02/
"Lägenheter, antal som prisstatistiken baseras på",Stor-Malmö,brutto,1999,115,https://www.statistikdatabasen.scb.se/pxweb/sv/ssd/START__BO__BO0201__BO0201C/PrisPerAreorSM02/
"Lägenheter, antal som prisstatistiken baseras på",Stor-Malmö,brutto,2000,254,https://www.statistikdatabasen.scb.se/pxweb/sv/ssd/START__BO__BO0201__BO0201C/PrisPerAreorSM02/
"Lägenheter, antal som prisstatistiken baseras på",Stor-Malmö,brutto,2001,310,https://www.statistikdatabasen.scb.se/pxweb/sv/ssd/START__BO__BO0201__BO0201C/PrisPerAreorSM02/
"Lägenheter, antal som prisstatistiken baseras på",Stor-Malmö,brutto,2002,283,https://www.statistikdatabasen.scb.se/pxweb/sv/ssd/START__BO__BO0201__BO0201C/PrisPerAreorSM02/
"Lägenheter, antal som prisstatistiken baseras på",Stor-Malmö,brutto,2003,464,https://www.statistikdatabasen.scb.se/pxweb/sv/ssd/START__BO__BO0201__BO0201C/PrisPerAreorSM02/
"Lägenheter, antal som prisstatistiken baseras på",Stor-Malmö,brutto,2004,425,https://www.statistikdatabasen.scb.se/pxweb/sv/ssd/START__BO__BO0201__BO0201C/PrisPerAreorSM02/
"Lägenheter, antal som prisstatistiken baseras på",Stor-Malmö,brutto,2005,511,https://www.statistikdatabasen.scb.se/pxweb/sv/ssd/START__BO__BO0201__BO0201C/PrisPerAreorSM02/
"Lägenheter, antal som prisstatistiken baseras på",Stor-Malmö,brutto,2006,542,https://www.statistikdatabasen.scb.se/pxweb/sv/ssd/START__BO__BO0201__BO0201C/PrisPerAreorSM02/
"Lägenheter, antal som prisstatistiken baseras på",Stor-Malmö,brutto,2007,495,https://www.statistikdatabasen.scb.se/pxweb/sv/ssd/START__BO__BO0201__BO0201C/PrisPerAreorSM02/
"Lägenheter, antal som prisstatistiken baseras på",Stor-Malmö,brutto,2008,377,https://www.statistikdatabasen.scb.se/pxweb/sv/ssd/START__BO__BO0201__BO0201C/PrisPerAreorSM02/
"Lägenheter, antal som prisstatistiken baseras på",Stor-Malmö,brutto,2009,272,https://www.statistikdatabasen.scb.se/pxweb/sv/ssd/START__BO__BO0201__BO0201C/PrisPerAreorSM02/
"Lägenheter, antal som prisstatistiken baseras på",Stor-Malmö,brutto,2010,461,https://www.statistikdatabasen.scb.se/pxweb/sv/ssd/START__BO__BO0201__BO0201C/PrisPerAreorSM02/
"Lägenheter, antal som prisstatistiken baseras på",Stor-Malmö,brutto,2011,520,https://www.statistikdatabasen.scb.se/pxweb/sv/ssd/START__BO__BO0201__BO0201C/PrisPerAreorSM02/
"Lägenheter, antal som prisstatistiken baseras på",Stor-Malmö,brutto,2012,152,https://www.statistikdatabasen.scb.se/pxweb/sv/ssd/START__BO__BO0201__BO0201C/PrisPerAreorSM02/
"Lägenheter, antal som prisstatistiken baseras på",Stor-Malmö,brutto,2013,140,https://www.statistikdatabasen.scb.se/pxweb/sv/ssd/START__BO__BO0201__BO0201C/PrisPerAreorSM02/
"Lägenheter, antal som prisstatistiken baseras på",Stor-Malmö,brutto,2014,330,https://www.statistikdatabasen.scb.se/pxweb/sv/ssd/START__BO__BO0201__BO0201C/PrisPerAreorSM02/
"Lägenheter, antal som prisstatistiken baseras på",Stor-Malmö,brutto,2015,403,https://www.statistikdatabasen.scb.se/pxweb/sv/ssd/START__BO__BO0201__BO0201C/PrisPerAreorSM02/
"Lägenheter, antal som prisstatistiken baseras på",Stor-Malmö,brutto,2016,345,https://www.statistikdatabasen.scb.se/pxweb/sv/ssd/START__BO__BO0201__BO0201C/PrisPerAreorSM02/
"Lägenheter, antal som prisstatistiken baseras på",Stor-Malmö,brutto,2017,267,https://www.statistikdatabasen.scb.se/pxweb/sv/ssd/START__BO__BO0201__BO0201C/PrisPerAreorSM02/
"Lägenheter, antal som prisstatistiken baseras på",Stor-Malmö,brutto,2018,324,https://www.statistikdatabasen.scb.se/pxweb/sv/ssd/START__BO__BO0201__BO0201C/PrisPerAreorSM02/
"Lägenheter, antal som prisstatistiken baseras på",Stor-Malmö,brutto,2019,368,https://www.statistikdatabasen.scb.se/pxweb/sv/ssd/START__BO__BO0201__BO0201C/PrisPerAreorSM02/
"Lägenheter, antal som prisstatistiken baseras på",Stor-Malmö,brutto,2020,304,https://www.statistikdatabasen.scb.se/pxweb/sv/ssd/START__BO__BO0201__BO0201C/PrisPerAreorSM02/
"Lägenheter, antal som prisstatistiken baseras på",Stor-Malmö,brutto,2021,468,https://www.statistikdatabasen.scb.se/pxweb/sv/ssd/START__BO__BO0201__BO0201C/PrisPerAreorSM02/
"Lägenheter, antal som prisstatistiken baseras på",Stor-Malmö,brutto,2022,203,https://www.statistikdatabasen.scb.se/pxweb/sv/ssd/START__BO__BO0201__BO0201C/PrisPerAreorSM02/
"Lägenheter, antal som prisstatistiken baseras på",Stor-Malmö,brutto,2023,99,https://www.statistikdatabasen.scb.se/pxweb/sv/ssd/START__BO__BO0201__BO0201C/PrisPerAreorSM02/
"Lägenheter, antal som prisstatistiken baseras på",Stor-Malmö,brutto,2024,46,https://www.statistikdatabasen.scb.se/pxweb/sv/ssd/START__BO__BO0201__BO0201C/PrisPerAreorSM02/
"Bostadsarea/lägenhet, kvm",Stor-Malmö,brutto,1994,,https://www.statistikdatabasen.scb.se/pxweb/sv/ssd/START__BO__BO0201__BO0201C/PrisPerAreorSM02/
"Bostadsarea/lägenhet, kvm",Stor-Malmö,brutto,1995,,https://www.statistikdatabasen.scb.se/pxweb/sv/ssd/START__BO__BO0201__BO0201C/PrisPerAreorSM02/
"Bostadsarea/lägenhet, kvm",Stor-Malmö,brutto,1996,,https://www.statistikdatabasen.scb.se/pxweb/sv/ssd/START__BO__BO0201__BO0201C/PrisPerAreorSM02/
"Bostadsarea/lägenhet, kvm",Stor-Malmö,brutto,1997,,https://www.statistikdatabasen.scb.se/pxweb/sv/ssd/START__BO__BO0201__BO0201C/PrisPerAreorSM02/
"Bostadsarea/lägenhet, kvm",Stor-Malmö,brutto,1998,120.5,https://www.statistikdatabasen.scb.se/pxweb/sv/ssd/START__BO__BO0201__BO0201C/PrisPerAreorSM02/
"Bostadsarea/lägenhet, kvm",Stor-Malmö,brutto,1999,107.3,https://www.statistikdatabasen.scb.se/pxweb/sv/ssd/START__BO__BO0201__BO0201C/PrisPerAreorSM02/
"Bostadsarea/lägenhet, kvm",Stor-Malmö,brutto,2000,135.7,https://www.statistikdatabasen.scb.se/pxweb/sv/ssd/START__BO__BO0201__BO0201C/PrisPerAreorSM02/
"Bostadsarea/lägenhet, kvm",Stor-Malmö,brutto,2001,136.5,https://www.statistikdatabasen.scb.se/pxweb/sv/ssd/START__BO__BO0201__BO0201C/PrisPerAreorSM02/
"Bostadsarea/lägenhet, kvm",Stor-Malmö,brutto,2002,119.2,https://www.statistikdatabasen.scb.se/pxweb/sv/ssd/START__BO__BO0201__BO0201C/PrisPerAreorSM02/
"Bostadsarea/lägenhet, kvm",Stor-Malmö,brutto,2003,129.9,https://www.statistikdatabasen.scb.se/pxweb/sv/ssd/START__BO__BO0201__BO0201C/PrisPerAreorSM02/
"Bostadsarea/lägenhet, kvm",Stor-Malmö,brutto,2004,122.9,https://www.statistikdatabasen.scb.se/pxweb/sv/ssd/START__BO__BO0201__BO0201C/PrisPerAreorSM02/
"Bostadsarea/lägenhet, kvm",Stor-Malmö,brutto,2005,132.1,https://www.statistikdatabasen.scb.se/pxweb/sv/ssd/START__BO__BO0201__BO0201C/PrisPerAreorSM02/
"Bostadsarea/lägenhet, kvm",Stor-Malmö,brutto,2006,136,https://www.statistikdatabasen.scb.se/pxweb/sv/ssd/START__BO__BO0201__BO0201C/PrisPerAreorSM02/
"Bostadsarea/lägenhet, kvm",Stor-Malmö,brutto,2007,126.9,https://www.statistikdatabasen.scb.se/pxweb/sv/ssd/START__BO__BO0201__BO0201C/PrisPerAreorSM02/
"Bostadsarea/lägenhet, kvm",Stor-Malmö,brutto,2008,139,https://www.statistikdatabasen.scb.se/pxweb/sv/ssd/START__BO__BO0201__BO0201C/PrisPerAreorSM02/
"Bostadsarea/lägenhet, kvm",Stor-Malmö,brutto,2009,134.1,https://www.statistikdatabasen.scb.se/pxweb/sv/ssd/START__BO__BO0201__BO0201C/PrisPerAreorSM02/
"Bostadsarea/lägenhet, kvm",Stor-Malmö,brutto,2010,132.8,https://www.statistikdatabasen.scb.se/pxweb/sv/ssd/START__BO__BO0201__BO0201C/PrisPerAreorSM02/
"Bostadsarea/lägenhet, kvm",Stor-Malmö,brutto,2011,136.8,https://www.statistikdatabasen.scb.se/pxweb/sv/ssd/START__BO__BO0201__BO0201C/PrisPerAreorSM02/
"Bostadsarea/lägenhet, kvm",Stor-Malmö,brutto,2012,133,https://www.statistikdatabasen.scb.se/pxweb/sv/ssd/START__BO__BO0201__BO0201C/PrisPerAreorSM02/
"Bostadsarea/lägenhet, kvm",Stor-Malmö,brutto,2013,130,https://www.statistikdatabasen.scb.se/pxweb/sv/ssd/START__BO__BO0201__BO0201C/PrisPerAreorSM02/
"Bostadsarea/lägenhet, kvm",Stor-Malmö,brutto,2014,129,https://www.statistikdatabasen.scb.se/pxweb/sv/ssd/START__BO__BO0201__BO0201C/PrisPerAreorSM02/
"Bostadsarea/lägenhet, kvm",Stor-Malmö,brutto,2015,129.3,https://www.statistikdatabasen.scb.se/pxweb/sv/ssd/START__BO__BO0201__BO0201C/PrisPerAreorSM02/
"Bostadsarea/lägenhet, kvm",Stor-Malmö,brutto,2016,108.6,https://www.statistikdatabasen.scb.se/pxweb/sv/ssd/START__BO__BO0201__BO0201C/PrisPerAreorSM02/
"Bostadsarea/lägenhet, kvm",Stor-Malmö,brutto,2017,117.5,https://www.statistikdatabasen.scb.se/pxweb/sv/ssd/START__BO__BO0201__BO0201C/PrisPerAreorSM02/
"Bostadsarea/lägenhet, kvm",Stor-Malmö,brutto,2018,119.7,https://www.statistikdatabasen.scb.se/pxweb/sv/ssd/START__BO__BO0201__BO0201C/PrisPerAreorSM02/
"Bostadsarea/lägenhet, kvm",Stor-Malmö,brutto,2019,117.4,https://www.statistikdatabasen.scb.se/pxweb/sv/ssd/START__BO__BO0201__BO0201C/PrisPerAreorSM02/
"Bostadsarea/lägenhet, kvm",Stor-Malmö,brutto,2020,116.3,https://www.statistikdatabasen.scb.se/pxweb/sv/ssd/START__BO__BO0201__BO0201C/PrisPerAreorSM02/
"Bostadsarea/lägenhet, kvm",Stor-Malmö,brutto,2021,114.8,https://www.statistikdatabasen.scb.se/pxweb/sv/ssd/START__BO__BO0201__BO0201C/PrisPerAreorSM02/
"Bostadsarea/lägenhet, kvm",Stor-Malmö,brutto,2022,108.2,https://www.statistikdatabasen.scb.se/pxweb/sv/ssd/START__BO__BO0201__BO0201C/PrisPerAreorSM02/
"Bostadsarea/lägenhet, kvm",Stor-Malmö,brutto,2023,129.9,https://www.statistikdatabasen.scb.se/pxweb/sv/ssd/START__BO__BO0201__BO0201C/PrisPerAreorSM02/
"Bostadsarea/lägenhet, kvm",Stor-Malmö,brutto,2024,114.1,https://www.statistikdatabasen.scb.se/pxweb/sv/ssd/START__BO__BO0201__BO0201C/PrisPerAreorSM02/
"Markpris/bostadsarea, kr",Stor-Malmö,brutto,1994,,https://www.statistikdatabasen.scb.se/pxweb/sv/ssd/START__BO__BO0201__BO0201C/PrisPerAreorSM02/
"Markpris/bostadsarea, kr",Stor-Malmö,brutto,1995,,https://www.statistikdatabasen.scb.se/pxweb/sv/ssd/START__BO__BO0201__BO0201C/PrisPerAreorSM02/
"Markpris/bostadsarea, kr",Stor-Malmö,brutto,1996,,https://www.statistikdatabasen.scb.se/pxweb/sv/ssd/START__BO__BO0201__BO0201C/PrisPerAreorSM02/
"Markpris/bostadsarea, kr",Stor-Malmö,brutto,1997,,https://www.statistikdatabasen.scb.se/pxweb/sv/ssd/START__BO__BO0201__BO0201C/PrisPerAreorSM02/
"Markpris/bostadsarea, kr",Stor-Malmö,brutto,1998,2004,https://www.statistikdatabasen.scb.se/pxweb/sv/ssd/START__BO__BO0201__BO0201C/PrisPerAreorSM02/
"Markpris/bostadsarea, kr",Stor-Malmö,brutto,1999,1869,https://www.statistikdatabasen.scb.se/pxweb/sv/ssd/START__BO__BO0201__BO0201C/PrisPerAreorSM02/
"Markpris/bostadsarea, kr",Stor-Malmö,brutto,2000,2301,https://www.statistikdatabasen.scb.se/pxweb/sv/ssd/START__BO__BO0201__BO0201C/PrisPerAreorSM02/
"Markpris/bostadsarea, kr",Stor-Malmö,brutto,2001,3035,https://www.statistikdatabasen.scb.se/pxweb/sv/ssd/START__BO__BO0201__BO0201C/PrisPerAreorSM02/
"Markpris/bostadsarea, kr",Stor-Malmö,brutto,2002,2714,https://www.statistikdatabasen.scb.se/pxweb/sv/ssd/START__BO__BO0201__BO0201C/PrisPerAreorSM02/
"Markpris/bostadsarea, kr",Stor-Malmö,brutto,2003,3261,https://www.statistikdatabasen.scb.se/pxweb/sv/ssd/START__BO__BO0201__BO0201C/PrisPerAreorSM02/
"Markpris/bostadsarea, kr",Stor-Malmö,brutto,2004,3062,https://www.statistikdatabasen.scb.se/pxweb/sv/ssd/START__BO__BO0201__BO0201C/PrisPerAreorSM02/
"Markpris/bostadsarea, kr",Stor-Malmö,brutto,2005,2735,https://www.statistikdatabasen.scb.se/pxweb/sv/ssd/START__BO__BO0201__BO0201C/PrisPerAreorSM02/
"Markpris/bostadsarea, kr",Stor-Malmö,brutto,2006,3263,https://www.statistikdatabasen.scb.se/pxweb/sv/ssd/START__BO__BO0201__BO0201C/PrisPerAreorSM02/
"Markpris/bostadsarea, kr",Stor-Malmö,brutto,2007,4663,https://www.statistikdatabasen.scb.se/pxweb/sv/ssd/START__BO__BO0201__BO0201C/PrisPerAreorSM02/
"Markpris/bostadsarea, kr",Stor-Malmö,brutto,2008,4689,https://www.statistikdatabasen.scb.se/pxweb/sv/ssd/START__BO__BO0201__BO0201C/PrisPerAreorSM02/
"Markpris/bostadsarea, kr",Stor-Malmö,brutto,2009,5035,https://www.statistikdatabasen.scb.se/pxweb/sv/ssd/START__BO__BO0201__BO0201C/PrisPerAreorSM02/
"Markpris/bostadsarea, kr",Stor-Malmö,brutto,2010,5697,https://www.statistikdatabasen.scb.se/pxweb/sv/ssd/START__BO__BO0201__BO0201C/PrisPerAreorSM02/
"Markpris/bostadsarea, kr",Stor-Malmö,brutto,2011,6487,https://www.statistikdatabasen.scb.se/pxweb/sv/ssd/START__BO__BO0201__BO0201C/PrisPerAreorSM02/
"Markpris/bostadsarea, kr",Stor-Malmö,brutto,2012,5820,https://www.statistikdatabasen.scb.se/pxweb/sv/ssd/START__BO__BO0201__BO0201C/PrisPerAreorSM02/
"Markpris/bostadsarea, kr",Stor-Malmö,brutto,2013,6178,https://www.statistikdatabasen.scb.se/pxweb/sv/ssd/START__BO__BO0201__BO0201C/PrisPerAreorSM02/
"Markpris/bostadsarea, kr",Stor-Malmö,brutto,2014,6711,https://www.statistikdatabasen.scb.se/pxweb/sv/ssd/START__BO__BO0201__BO0201C/PrisPerAreorSM02/
"Markpris/bostadsarea, kr",Stor-Malmö,brutto,2015,6668,https://www.statistikdatabasen.scb.se/pxweb/sv/ssd/START__BO__BO0201__BO0201C/PrisPerAreorSM02/
"Markpris/bostadsarea, kr",Stor-Malmö,brutto,2016,6799,https://www.statistikdatabasen.scb.se/pxweb/sv/ssd/START__BO__BO0201__BO0201C/PrisPerAreorSM02/
"Markpris/bostadsarea, kr",Stor-Malmö,brutto,2017,7953,https://www.statistikdatabasen.scb.se/pxweb/sv/ssd/START__BO__BO0201__BO0201C/PrisPerAreorSM02/
"Markpris/bostadsarea, kr",Stor-Malmö,brutto,2018,8354,https://www.statistikdatabasen.scb.se/pxweb/sv/ssd/START__BO__BO0201__BO0201C/PrisPerAreorSM02/
"Markpris/bostadsarea, kr",Stor-Malmö,brutto,2019,6165,https://www.statistikdatabasen.scb.se/pxweb/sv/ssd/START__BO__BO0201__BO0201C/PrisPerAreorSM02/
"Markpris/bostadsarea, kr",Stor-Malmö,brutto,2020,8061,https://www.statistikdatabasen.scb.se/pxweb/sv/ssd/START__BO__BO0201__BO0201C/PrisPerAreorSM02/
"Markpris/bostadsarea, kr",Stor-Malmö,brutto,2021,8828,https://www.statistikdatabasen.scb.se/pxweb/sv/ssd/START__BO__BO0201__BO0201C/PrisPerAreorSM02/
"Markpris/bostadsarea, kr",Stor-Malmö,brutto,2022,7000,https://www.statistikdatabasen.scb.se/pxweb/sv/ssd/START__BO__BO0201__BO0201C/PrisPerAreorSM02/
"Markpris/bostadsarea, kr",Stor-Malmö,brutto,2023,8969,https://www.statistikdatabasen.scb.se/pxweb/sv/ssd/START__BO__BO0201__BO0201C/PrisPerAreorSM02/
"Markpris/bostadsarea, kr",Stor-Malmö,brutto,2024,8478,https://www.statistikdatabasen.scb.se/pxweb/sv/ssd/START__BO__BO0201__BO0201C/PrisPerAreorSM02/
"Byggnadspris/bostadsarea, kr",Stor-Malmö,brutto,1994,,https://www.statistikdatabasen.scb.se/pxweb/sv/ssd/START__BO__BO0201__BO0201C/PrisPerAreorSM02/
"Byggnadspris/bostadsarea, kr",Stor-Malmö,brutto,1995,,https://www.statistikdatabasen.scb.se/pxweb/sv/ssd/START__BO__BO0201__BO0201C/PrisPerAreorSM02/
"Byggnadspris/bostadsarea, kr",Stor-Malmö,brutto,1996,,https://www.statistikdatabasen.scb.se/pxweb/sv/ssd/START__BO__BO0201__BO0201C/PrisPerAreorSM02/
"Byggnadspris/bostadsarea, kr",Stor-Malmö,brutto,1997,,https://www.statistikdatabasen.scb.se/pxweb/sv/ssd/START__BO__BO0201__BO0201C/PrisPerAreorSM02/
"Byggnadspris/bostadsarea, kr",Stor-Malmö,brutto,1998,9429,https://www.statistikdatabasen.scb.se/pxweb/sv/ssd/START__BO__BO0201__BO0201C/PrisPerAreorSM02/
"Byggnadspris/bostadsarea, kr",Stor-Malmö,brutto,1999,11019,https://www.statistikdatabasen.scb.se/pxweb/sv/ssd/START__BO__BO0201__BO0201C/PrisPerAreorSM02/
"Byggnadspris/bostadsarea, kr",Stor-Malmö,brutto,2000,11899,https://www.statistikdatabasen.scb.se/pxweb/sv/ssd/START__BO__BO0201__BO0201C/PrisPerAreorSM02/
"Byggnadspris/bostadsarea, kr",Stor-Malmö,brutto,2001,12747,https://www.statistikdatabasen.scb.se/pxweb/sv/ssd/START__BO__BO0201__BO0201C/PrisPerAreorSM02/
"Byggnadspris/bostadsarea, kr",Stor-Malmö,brutto,2002,13822,https://www.statistikdatabasen.scb.se/pxweb/sv/ssd/START__BO__BO0201__BO0201C/PrisPerAreorSM02/
"Byggnadspris/bostadsarea, kr",Stor-Malmö,brutto,2003,14672,https://www.statistikdatabasen.scb.se/pxweb/sv/ssd/START__BO__BO0201__BO0201C/PrisPerAreorSM02/
"Byggnadspris/bostadsarea, kr",Stor-Malmö,brutto,2004,15872,https://www.statistikdatabasen.scb.se/pxweb/sv/ssd/START__BO__BO0201__BO0201C/PrisPerAreorSM02/
"Byggnadspris/bostadsarea, kr",Stor-Malmö,brutto,2005,17167,https://www.statistikdatabasen.scb.se/pxweb/sv/ssd/START__BO__BO0201__BO0201C/PrisPerAreorSM02/
"Byggnadspris/bostadsarea, kr",Stor-Malmö,brutto,2006,16656,https://www.statistikdatabasen.scb.se/pxweb/sv/ssd/START__BO__BO0201__BO0201C/PrisPerAreorSM02/
"Byggnadspris/bostadsarea, kr",Stor-Malmö,brutto,2007,18190,https://www.statistikdatabasen.scb.se/pxweb/sv/ssd/START__BO__BO0201__BO0201C/PrisPerAreorSM02/
"Byggnadspris/bostadsarea, kr",Stor-Malmö,brutto,2008,19978,https://www.statistikdatabasen.scb.se/pxweb/sv/ssd/START__BO__BO0201__BO0201C/PrisPerAreorSM02/
"Byggnadspris/bostadsarea, kr",Stor-Malmö,brutto,2009,20646,https://www.statistikdatabasen.scb.se/pxweb/sv/ssd/START__BO__BO0201__BO0201C/PrisPerAreorSM02/
"Byggnadspris/bostadsarea, kr",Stor-Malmö,brutto,2010,21094,https://www.statistikdatabasen.scb.se/pxweb/sv/ssd/START__BO__BO0201__BO0201C/PrisPerAreorSM02/
"Byggnadspris/bostadsarea, kr",Stor-Malmö,brutto,2011,22292,https://www.statistikdatabasen.scb.se/pxweb/sv/ssd/START__BO__BO0201__BO0201C/PrisPerAreorSM02/
"Byggnadspris/bostadsarea, kr",Stor-Malmö,brutto,2012,21580,https://www.statistikdatabasen.scb.se/pxweb/sv/ssd/START__BO__BO0201__BO0201C/PrisPerAreorSM02/
"Byggnadspris/bostadsarea, kr",Stor-Malmö,brutto,2013,21996,https://www.statistikdatabasen.scb.se/pxweb/sv/ssd/START__BO__BO0201__BO0201C/PrisPerAreorSM02/
"Byggnadspris/bostadsarea, kr",Stor-Malmö,brutto,2014,23709,https://www.statistikdatabasen.scb.se/pxweb/sv/ssd/START__BO__BO0201__BO0201C/PrisPerAreorSM02/
"Byggnadspris/bostadsarea, kr",Stor-Malmö,brutto,2015,23632,https://www.statistikdatabasen.scb.se/pxweb/sv/ssd/START__BO__BO0201__BO0201C/PrisPerAreorSM02/
"Byggnadspris/bostadsarea, kr",Stor-Malmö,brutto,2016,24077,https://www.statistikdatabasen.scb.se/pxweb/sv/ssd/START__BO__BO0201__BO0201C/PrisPerAreorSM02/
"Byggnadspris/bostadsarea, kr",Stor-Malmö,brutto,2017,24726,https://www.statistikdatabasen.scb.se/pxweb/sv/ssd/START__BO__BO0201__BO0201C/PrisPerAreorSM02/
"Byggnadspris/bostadsarea, kr",Stor-Malmö,brutto,2018,23036,https://www.statistikdatabasen.scb.se/pxweb/sv/ssd/START__BO__BO0201__BO0201C/PrisPerAreorSM02/
"Byggnadspris/bostadsarea, kr",Stor-Malmö,brutto,2019,26877,https://www.statistikdatabasen.scb.se/pxweb/sv/ssd/START__BO__BO0201__BO0201C/PrisPerAreorSM02/
"Byggnadspris/bostadsarea, kr",Stor-Malmö,brutto,2020,23665,https://www.statistikdatabasen.scb.se/pxweb/sv/ssd/START__BO__BO0201__BO0201C/PrisPerAreorSM02/
"Byggnadspris/bostadsarea, kr",Stor-Malmö,brutto,2021,28924,https://www.statistikdatabasen.scb.se/pxweb/sv/ssd/START__BO__BO0201__BO0201C/PrisPerAreorSM02/
"Byggnadspris/bostadsarea, kr",Stor-Malmö,brutto,2022,31709,https://www.statistikdatabasen.scb.se/pxweb/sv/ssd/START__BO__BO0201__BO0201C/PrisPerAreorSM02/
"Byggnadspris/bostadsarea, kr",Stor-Malmö,brutto,2023,28600,https://www.statistikdatabasen.scb.se/pxweb/sv/ssd/START__BO__BO0201__BO0201C/PrisPerAreorSM02/
"Byggnadspris/bostadsarea, kr",Stor-Malmö,brutto,2024,33819,https://www.statistikdatabasen.scb.se/pxweb/sv/ssd/START__BO__BO0201__BO0201C/PrisPerAreorSM02/
"Totalt produktionspris/bostadsarea, kr",Stor-Malmö,brutto,1994,,https://www.statistikdatabasen.scb.se/pxweb/sv/ssd/START__BO__BO0201__BO0201C/PrisPerAreorSM02/
"Totalt produktionspris/bostadsarea, kr",Stor-Malmö,brutto,1995,,https://www.statistikdatabasen.scb.se/pxweb/sv/ssd/START__BO__BO0201__BO0201C/PrisPerAreorSM02/
"Totalt produktionspris/bostadsarea, kr",Stor-Malmö,brutto,1996,,https://www.statistikdatabasen.scb.se/pxweb/sv/ssd/START__BO__BO0201__BO0201C/PrisPerAreorSM02/
"Totalt produktionspris/bostadsarea, kr",Stor-Malmö,brutto,1997,,https://www.statistikdatabasen.scb.se/pxweb/sv/ssd/START__BO__BO0201__BO0201C/PrisPerAreorSM02/
"Totalt produktionspris/bostadsarea, kr",Stor-Malmö,brutto,1998,11433,https://www.statistikdatabasen.scb.se/pxweb/sv/ssd/START__BO__BO0201__BO0201C/PrisPerAreorSM02/
"Totalt produktionspris/bostadsarea, kr",Stor-Malmö,brutto,1999,12888,https://www.statistikdatabasen.scb.se/pxweb/sv/ssd/START__BO__BO0201__BO0201C/PrisPerAreorSM02/
"Totalt produktionspris/bostadsarea, kr",Stor-Malmö,brutto,2000,14201,https://www.statistikdatabasen.scb.se/pxweb/sv/ssd/START__BO__BO0201__BO0201C/PrisPerAreorSM02/
"Totalt produktionspris/bostadsarea, kr",Stor-Malmö,brutto,2001,15782,https://www.statistikdatabasen.scb.se/pxweb/sv/ssd/START__BO__BO0201__BO0201C/PrisPerAreorSM02/
"Totalt produktionspris/bostadsarea, kr",Stor-Malmö,brutto,2002,16536,https://www.statistikdatabasen.scb.se/pxweb/sv/ssd/START__BO__BO0201__BO0201C/PrisPerAreorSM02/
"Totalt produktionspris/bostadsarea, kr",Stor-Malmö,brutto,2003,17933,https://www.statistikdatabasen.scb.se/pxweb/sv/ssd/START__BO__BO0201__BO0201C/PrisPerAreorSM02/
"Totalt produktionspris/bostadsarea, kr",Stor-Malmö,brutto,2004,18934,https://www.statistikdatabasen.scb.se/pxweb/sv/ssd/START__BO__BO0201__BO0201C/PrisPerAreorSM02/
"Totalt produktionspris/bostadsarea, kr",Stor-Malmö,brutto,2005,19903,https://www.statistikdatabasen.scb.se/pxweb/sv/ssd/START__BO__BO0201__BO0201C/PrisPerAreorSM02/
"Totalt produktionspris/bostadsarea, kr",Stor-Malmö,brutto,2006,19919,https://www.statistikdatabasen.scb.se/pxweb/sv/ssd/START__BO__BO0201__BO0201C/PrisPerAreorSM02/
"Totalt produktionspris/bostadsarea, kr",Stor-Malmö,brutto,2007,22853,https://www.statistikdatabasen.scb.se/pxweb/sv/ssd/START__BO__BO0201__BO0201C/PrisPerAreorSM02/
"Totalt produktionspris/bostadsarea, kr",Stor-Malmö,brutto,2008,24667,https://www.statistikdatabasen.scb.se/pxweb/sv/ssd/START__BO__BO0201__BO0201C/PrisPerAreorSM02/
"Totalt produktionspris/bostadsarea, kr",Stor-Malmö,brutto,2009,25680,https://www.statistikdatabasen.scb.se/pxweb/sv/ssd/START__BO__BO0201__BO0201C/PrisPerAreorSM02/
"Totalt produktionspris/bostadsarea, kr",Stor-Malmö,brutto,2010,26791,https://www.statistikdatabasen.scb.se/pxweb/sv/ssd/START__BO__BO0201__BO0201C/PrisPerAreorSM02/
"Totalt produktionspris/bostadsarea, kr",Stor-Malmö,brutto,2011,28779,https://www.statistikdatabasen.scb.se/pxweb/sv/ssd/START__BO__BO0201__BO0201C/PrisPerAreorSM02/
"Totalt produktionspris/bostadsarea, kr",Stor-Malmö,brutto,2012,27400,https://www.statistikdatabasen.scb.se/pxweb/sv/ssd/START__BO__BO0201__BO0201C/PrisPerAreorSM02/
"Totalt produktionspris/bostadsarea, kr",Stor-Malmö,brutto,2013,28174,https://www.statistikdatabasen.scb.se/pxweb/sv/ssd/START__BO__BO0201__BO0201C/PrisPerAreorSM02/
"Totalt produktionspris/bostadsarea, kr",Stor-Malmö,brutto,2014,30420,https://www.statistikdatabasen.scb.se/pxweb/sv/ssd/START__BO__BO0201__BO0201C/PrisPerAreorSM02/
"Totalt produktionspris/bostadsarea, kr",Stor-Malmö,brutto,2015,30300,https://www.statistikdatabasen.scb.se/pxweb/sv/ssd/START__BO__BO0201__BO0201C/PrisPerAreorSM02/
"Totalt produktionspris/bostadsarea, kr",Stor-Malmö,brutto,2016,30876,https://www.statistikdatabasen.scb.se/pxweb/sv/ssd/START__BO__BO0201__BO0201C/PrisPerAreorSM02/
"Totalt produktionspris/bostadsarea, kr",Stor-Malmö,brutto,2017,32678,https://www.statistikdatabasen.scb.se/pxweb/sv/ssd/START__BO__BO0201__BO0201C/PrisPerAreorSM02/
"Totalt produktionspris/bostadsarea, kr",Stor-Malmö,brutto,2018,31390,https://www.statistikdatabasen.scb.se/pxweb/sv/ssd/START__BO__BO0201__BO0201C/PrisPerAreorSM02/
"Totalt produktionspris/bostadsarea, kr",Stor-Malmö,brutto,2019,33042,https://www.statistikdatabasen.scb.se/pxweb/sv/ssd/START__BO__BO0201__BO0201C/PrisPerAreorSM02/
"Totalt produktionspris/bostadsarea, kr",Stor-Malmö,brutto,2020,31725,https://www.statistikdatabasen.scb.se/pxweb/sv/ssd/START__BO__BO0201__BO0201C/PrisPerAreorSM02/
"Totalt produktionspris/bostadsarea, kr",Stor-Malmö,brutto,2021,37752,https://www.statistikdatabasen.scb.se/pxweb/sv/ssd/START__BO__BO0201__BO0201C/PrisPerAreorSM02/
"Totalt produktionspris/bostadsarea, kr",Stor-Malmö,brutto,2022,38709,https://www.statistikdatabasen.scb.se/pxweb/sv/ssd/START__BO__BO0201__BO0201C/PrisPerAreorSM02/
"Totalt produktionspris/bostadsarea, kr",Stor-Malmö,brutto,2023,37569,https://www.statistikdatabasen.scb.se/pxweb/sv/ssd/START__BO__BO0201__BO0201C/PrisPerAreorSM02/
"Totalt produktionspris/bostadsarea, kr",Stor-Malmö,brutto,2024,42297,https://www.statistikdatabasen.scb.se/pxweb/sv/ssd/START__BO__BO0201__BO0201C/PrisPerAreorSM02/
"Byggnadsobjekt, antal som prisstatistiken baseras på",Stor-Malmö,netto,1994,50,https://www.statistikdatabasen.scb.se/pxweb/sv/ssd/START__BO__BO0201__BO0201C/PrisPerAreorSM02/
"Byggnadsobjekt, antal som prisstatistiken baseras på",Stor-Malmö,netto,1995,68,https://www.statistikdatabasen.scb.se/pxweb/sv/ssd/START__BO__BO0201__BO0201C/PrisPerAreorSM02/
"Byggnadsobjekt, antal som prisstatistiken baseras på",Stor-Malmö,netto,1996,63,https://www.statistikdatabasen.scb.se/pxweb/sv/ssd/START__BO__BO0201__BO0201C/PrisPerAreorSM02/
"Byggnadsobjekt, antal som prisstatistiken baseras på",Stor-Malmö,netto,1997,81,https://www.statistikdatabasen.scb.se/pxweb/sv/ssd/START__BO__BO0201__BO0201C/PrisPerAreorSM02/
"Byggnadsobjekt, antal som prisstatistiken baseras på",Stor-Malmö,netto,1998,24,https://www.statistikdatabasen.scb.se/pxweb/sv/ssd/START__BO__BO0201__BO0201C/PrisPerAreorSM02/
"Byggnadsobjekt, antal som prisstatistiken baseras på",Stor-Malmö,netto,1999,12,https://www.statistikdatabasen.scb.se/pxweb/sv/ssd/START__BO__BO0201__BO0201C/PrisPerAreorSM02/
"Byggnadsobjekt, antal som prisstatistiken baseras på",Stor-Malmö,netto,2000,19,https://www.statistikdatabasen.scb.se/pxweb/sv/ssd/START__BO__BO0201__BO0201C/PrisPerAreorSM02/
"Byggnadsobjekt, antal som prisstatistiken baseras på",Stor-Malmö,netto,2001,27,https://www.statistikdatabasen.scb.se/pxweb/sv/ssd/START__BO__BO0201__BO0201C/PrisPerAreorSM02/
"Byggnadsobjekt, antal som prisstatistiken baseras på",Stor-Malmö,netto,2002,28,https://www.statistikdatabasen.scb.se/pxweb/sv/ssd/START__BO__BO0201__BO0201C/PrisPerAreorSM02/
"Byggnadsobjekt, antal som prisstatistiken baseras på",Stor-Malmö,netto,2003,39,https://www.statistikdatabasen.scb.se/pxweb/sv/ssd/START__BO__BO0201__BO0201C/PrisPerAreorSM02/
"Byggnadsobjekt, antal som prisstatistiken baseras på",Stor-Malmö,netto,2004,40,https://www.statistikdatabasen.scb.se/pxweb/sv/ssd/START__BO__BO0201__BO0201C/PrisPerAreorSM02/
"Byggnadsobjekt, antal som prisstatistiken baseras på",Stor-Malmö,netto,2005,37,https://www.statistikdatabasen.scb.se/pxweb/sv/ssd/START__BO__BO0201__BO0201C/PrisPerAreorSM02/
"Byggnadsobjekt, antal som prisstatistiken baseras på",Stor-Malmö,netto,2006,43,https://www.statistikdatabasen.scb.se/pxweb/sv/ssd/START__BO__BO0201__BO0201C/PrisPerAreorSM02/
"Byggnadsobjekt, antal som prisstatistiken baseras på",Stor-Malmö,netto,2007,54,https://www.statistikdatabasen.scb.se/pxweb/sv/ssd/START__BO__BO0201__BO0201C/PrisPerAreorSM02/
"Byggnadsobjekt, antal som prisstatistiken baseras på",Stor-Malmö,netto,2008,44,https://www.statistikdatabasen.scb.se/pxweb/sv/ssd/START__BO__BO0201__BO0201C/PrisPerAreorSM02/
"Byggnadsobjekt, antal som prisstatistiken baseras på",Stor-Malmö,netto,2009,29,https://www.statistikdatabasen.scb.se/pxweb/sv/ssd/START__BO__BO0201__BO0201C/PrisPerAreorSM02/
"Byggnadsobjekt, antal som prisstatistiken baseras på",Stor-Malmö,netto,2010,38,https://www.statistikdatabasen.scb.se/pxweb/sv/ssd/START__BO__BO0201__BO0201C/PrisPerAreorSM02/
"Byggnadsobjekt, antal som prisstatistiken baseras på",Stor-Malmö,netto,2011,45,https://www.statistikdatabasen.scb.se/pxweb/sv/ssd/START__BO__BO0201__BO0201C/PrisPerAreorSM02/
"Byggnadsobjekt, antal som prisstatistiken baseras på",Stor-Malmö,netto,2012,14,https://www.statistikdatabasen.scb.se/pxweb/sv/ssd/START__BO__BO0201__BO0201C/PrisPerAreorSM02/
"Byggnadsobjekt, antal som prisstatistiken baseras på",Stor-Malmö,netto,2013,24,https://www.statistikdatabasen.scb.se/pxweb/sv/ssd/START__BO__BO0201__BO0201C/PrisPerAreorSM02/
"Byggnadsobjekt, antal som prisstatistiken baseras på",Stor-Malmö,netto,2014,40,https://www.statistikdatabasen.scb.se/pxweb/sv/ssd/START__BO__BO0201__BO0201C/PrisPerAreorSM02/
"Byggnadsobjekt, antal som prisstatistiken baseras på",Stor-Malmö,netto,2015,40,https://www.statistikdatabasen.scb.se/pxweb/sv/ssd/START__BO__BO0201__BO0201C/PrisPerAreorSM02/
"Byggnadsobjekt, antal som prisstatistiken baseras på",Stor-Malmö,netto,2016,43,https://www.statistikdatabasen.scb.se/pxweb/sv/ssd/START__BO__BO0201__BO0201C/PrisPerAreorSM02/
"Byggnadsobjekt, antal som prisstatistiken baseras på",Stor-Malmö,netto,2017,34,https://www.statistikdatabasen.scb.se/pxweb/sv/ssd/START__BO__BO0201__BO0201C/PrisPerAreorSM02/
"Byggnadsobjekt, antal som prisstatistiken baseras på",Stor-Malmö,netto,2018,28,https://www.statistikdatabasen.scb.se/pxweb/sv/ssd/START__BO__BO0201__BO0201C/PrisPerAreorSM02/
"Byggnadsobjekt, antal som prisstatistiken baseras på",Stor-Malmö,netto,2019,23,https://www.statistikdatabasen.scb.se/pxweb/sv/ssd/START__BO__BO0201__BO0201C/PrisPerAreorSM02/
"Byggnadsobjekt, antal som prisstatistiken baseras på",Stor-Malmö,netto,2020,27,https://www.statistikdatabasen.scb.se/pxweb/sv/ssd/START__BO__BO0201__BO0201C/PrisPerAreorSM02/
"Byggnadsobjekt, antal som prisstatistiken baseras på",Stor-Malmö,netto,2021,29,https://www.statistikdatabasen.scb.se/pxweb/sv/ssd/START__BO__BO0201__BO0201C/PrisPerAreorSM02/
"Byggnadsobjekt, antal som prisstatistiken baseras på",Stor-Malmö,netto,2022,19,https://www.statistikdatabasen.scb.se/pxweb/sv/ssd/START__BO__BO0201__BO0201C/PrisPerAreorSM02/
"Byggnadsobjekt, antal som prisstatistiken baseras på",Stor-Malmö,netto,2023,6,https://www.statistikdatabasen.scb.se/pxweb/sv/ssd/START__BO__BO0201__BO0201C/PrisPerAreorSM02/
"Byggnadsobjekt, antal som prisstatistiken baseras på",Stor-Malmö,netto,2024,5,https://www.statistikdatabasen.scb.se/pxweb/sv/ssd/START__BO__BO0201__BO0201C/PrisPerAreorSM02/
"Lägenheter, antal som prisstatistiken baseras på",Stor-Malmö,netto,1994,87,https://www.statistikdatabasen.scb.se/pxweb/sv/ssd/START__BO__BO0201__BO0201C/PrisPerAreorSM02/
"Lägenheter, antal som prisstatistiken baseras på",Stor-Malmö,netto,1995,145,https://www.statistikdatabasen.scb.se/pxweb/sv/ssd/START__BO__BO0201__BO0201C/PrisPerAreorSM02/
"Lägenheter, antal som prisstatistiken baseras på",Stor-Malmö,netto,1996,178,https://www.statistikdatabasen.scb.se/pxweb/sv/ssd/START__BO__BO0201__BO0201C/PrisPerAreorSM02/
"Lägenheter, antal som prisstatistiken baseras på",Stor-Malmö,netto,1997,132,https://www.statistikdatabasen.scb.se/pxweb/sv/ssd/START__BO__BO0201__BO0201C/PrisPerAreorSM02/
"Lägenheter, antal som prisstatistiken baseras på",Stor-Malmö,netto,1998,77,https://www.statistikdatabasen.scb.se/pxweb/sv/ssd/START__BO__BO0201__BO0201C/PrisPerAreorSM02/
"Lägenheter, antal som prisstatistiken baseras på",Stor-Malmö,netto,1999,115,https://www.statistikdatabasen.scb.se/pxweb/sv/ssd/START__BO__BO0201__BO0201C/PrisPerAreorSM02/
"Lägenheter, antal som prisstatistiken baseras på",Stor-Malmö,netto,2000,254,https://www.statistikdatabasen.scb.se/pxweb/sv/ssd/START__BO__BO0201__BO0201C/PrisPerAreorSM02/
"Lägenheter, antal som prisstatistiken baseras på",Stor-Malmö,netto,2001,310,https://www.statistikdatabasen.scb.se/pxweb/sv/ssd/START__BO__BO0201__BO0201C/PrisPerAreorSM02/
"Lägenheter, antal som prisstatistiken baseras på",Stor-Malmö,netto,2002,283,https://www.statistikdatabasen.scb.se/pxweb/sv/ssd/START__BO__BO0201__BO0201C/PrisPerAreorSM02/
"Lägenheter, antal som prisstatistiken baseras på",Stor-Malmö,netto,2003,464,https://www.statistikdatabasen.scb.se/pxweb/sv/ssd/START__BO__BO0201__BO0201C/PrisPerAreorSM02/
"Lägenheter, antal som prisstatistiken baseras på",Stor-Malmö,netto,2004,425,https://www.statistikdatabasen.scb.se/pxweb/sv/ssd/START__BO__BO0201__BO0201C/PrisPerAreorSM02/
"Lägenheter, antal som prisstatistiken baseras på",Stor-Malmö,netto,2005,511,https://www.statistikdatabasen.scb.se/pxweb/sv/ssd/START__BO__BO0201__BO0201C/PrisPerAreorSM02/
"Lägenheter, antal som prisstatistiken baseras på",Stor-Malmö,netto,2006,542,https://www.statistikdatabasen.scb.se/pxweb/sv/ssd/START__BO__BO0201__BO0201C/PrisPerAreorSM02/
"Lägenheter, antal som prisstatistiken baseras på",Stor-Malmö,netto,2007,495,https://www.statistikdatabasen.scb.se/pxweb/sv/ssd/START__BO__BO0201__BO0201C/PrisPerAreorSM02/
"Lägenheter, antal som prisstatistiken baseras på",Stor-Malmö,netto,2008,377,https://www.statistikdatabasen.scb.se/pxweb/sv/ssd/START__BO__BO0201__BO0201C/PrisPerAreorSM02/
"Lägenheter, antal som prisstatistiken baseras på",Stor-Malmö,netto,2009,272,https://www.statistikdatabasen.scb.se/pxweb/sv/ssd/START__BO__BO0201__BO0201C/PrisPerAreorSM02/
"Lägenheter, antal som prisstatistiken baseras på",Stor-Malmö,netto,2010,461,https://www.statistikdatabasen.scb.se/pxweb/sv/ssd/START__BO__BO0201__BO0201C/PrisPerAreorSM02/
"Lägenheter, antal som prisstatistiken baseras på",Stor-Malmö,netto,2011,520,https://www.statistikdatabasen.scb.se/pxweb/sv/ssd/START__BO__BO0201__BO0201C/PrisPerAreorSM02/
"Lägenheter, antal som prisstatistiken baseras på",Stor-Malmö,netto,2012,152,https://www.statistikdatabasen.scb.se/pxweb/sv/ssd/START__BO__BO0201__BO0201C/PrisPerAreorSM02/
"Lägenheter, antal som prisstatistiken baseras på",Stor-Malmö,netto,2013,140,https://www.statistikdatabasen.scb.se/pxweb/sv/ssd/START__BO__BO0201__BO0201C/PrisPerAreorSM02/
"Lägenheter, antal som prisstatistiken baseras på",Stor-Malmö,netto,2014,330,https://www.statistikdatabasen.scb.se/pxweb/sv/ssd/START__BO__BO0201__BO0201C/PrisPerAreorSM02/
"Lägenheter, antal som prisstatistiken baseras på",Stor-Malmö,netto,2015,403,https://www.statistikdatabasen.scb.se/pxweb/sv/ssd/START__BO__BO0201__BO0201C/PrisPerAreorSM02/
"Lägenheter, antal som prisstatistiken baseras på",Stor-Malmö,netto,2016,345,https://www.statistikdatabasen.scb.se/pxweb/sv/ssd/START__BO__BO0201__BO0201C/PrisPerAreorSM02/
"Lägenheter, antal som prisstatistiken baseras på",Stor-Malmö,netto,2017,267,https://www.statistikdatabasen.scb.se/pxweb/sv/ssd/START__BO__BO0201__BO0201C/PrisPerAreorSM02/
"Lägenheter, antal som prisstatistiken baseras på",Stor-Malmö,netto,2018,324,https://www.statistikdatabasen.scb.se/pxweb/sv/ssd/START__BO__BO0201__BO0201C/PrisPerAreorSM02/
"Lägenheter, antal som prisstatistiken baseras på",Stor-Malmö,netto,2019,368,https://www.statistikdatabasen.scb.se/pxweb/sv/ssd/START__BO__BO0201__BO0201C/PrisPerAreorSM02/
"Lägenheter, antal som prisstatistiken baseras på",Stor-Malmö,netto,2020,304,https://www.statistikdatabasen.scb.se/pxweb/sv/ssd/START__BO__BO0201__BO0201C/PrisPerAreorSM02/
"Lägenheter, antal som prisstatistiken baseras på",Stor-Malmö,netto,2021,468,https://www.statistikdatabasen.scb.se/pxweb/sv/ssd/START__BO__BO0201__BO0201C/PrisPerAreorSM02/
"Lägenheter, antal som prisstatistiken baseras på",Stor-Malmö,netto,2022,203,https://www.statistikdatabasen.scb.se/pxweb/sv/ssd/START__BO__BO0201__BO0201C/PrisPerAreorSM02/
"Lägenheter, antal som prisstatistiken baseras på",Stor-Malmö,netto,2023,99,https://www.statistikdatabasen.scb.se/pxweb/sv/ssd/START__BO__BO0201__BO0201C/PrisPerAreorSM02/
"Lägenheter, antal som prisstatistiken baseras på",Stor-Malmö,netto,2024,46,https://www.statistikdatabasen.scb.se/pxweb/sv/ssd/START__BO__BO0201__BO0201C/PrisPerAreorSM02/
"Bostadsarea/lägenhet, kvm",Stor-Malmö,netto,1994,,https://www.statistikdatabasen.scb.se/pxweb/sv/ssd/START__BO__BO0201__BO0201C/PrisPerAreorSM02/
"Bostadsarea/lägenhet, kvm",Stor-Malmö,netto,1995,,https://www.statistikdatabasen.scb.se/pxweb/sv/ssd/START__BO__BO0201__BO0201C/PrisPerAreorSM02/
"Bostadsarea/lägenhet, kvm",Stor-Malmö,netto,1996,,https://www.statistikdatabasen.scb.se/pxweb/sv/ssd/START__BO__BO0201__BO0201C/PrisPerAreorSM02/
"Bostadsarea/lägenhet, kvm",Stor-Malmö,netto,1997,,https://www.statistikdatabasen.scb.se/pxweb/sv/ssd/START__BO__BO0201__BO0201C/PrisPerAreorSM02/
"Bostadsarea/lägenhet, kvm",Stor-Malmö,netto,1998,120.5,https://www.statistikdatabasen.scb.se/pxweb/sv/ssd/START__BO__BO0201__BO0201C/PrisPerAreorSM02/
"Bostadsarea/lägenhet, kvm",Stor-Malmö,netto,1999,107.3,https://www.statistikdatabasen.scb.se/pxweb/sv/ssd/START__BO__BO0201__BO0201C/PrisPerAreorSM02/
"Bostadsarea/lägenhet, kvm",Stor-Malmö,netto,2000,135.7,https://www.statistikdatabasen.scb.se/pxweb/sv/ssd/START__BO__BO0201__BO0201C/PrisPerAreorSM02/
"Bostadsarea/lägenhet, kvm",Stor-Malmö,netto,2001,136.5,https://www.statistikdatabasen.scb.se/pxweb/sv/ssd/START__BO__BO0201__BO0201C/PrisPerAreorSM02/
"Bostadsarea/lägenhet, kvm",Stor-Malmö,netto,2002,119.2,https://www.statistikdatabasen.scb.se/pxweb/sv/ssd/START__BO__BO0201__BO0201C/PrisPerAreorSM02/
"Bostadsarea/lägenhet, kvm",Stor-Malmö,netto,2003,129.9,https://www.statistikdatabasen.scb.se/pxweb/sv/ssd/START__BO__BO0201__BO0201C/PrisPerAreorSM02/
"Bostadsarea/lägenhet, kvm",Stor-Malmö,netto,2004,122.9,https://www.statistikdatabasen.scb.se/pxweb/sv/ssd/START__BO__BO0201__BO0201C/PrisPerAreorSM02/
"Bostadsarea/lägenhet, kvm",Stor-Malmö,netto,2005,132.1,https://www.statistikdatabasen.scb.se/pxweb/sv/ssd/START__BO__BO0201__BO0201C/PrisPerAreorSM02/
"Bostadsarea/lägenhet, kvm",Stor-Malmö,netto,2006,136,https://www.statistikdatabasen.scb.se/pxweb/sv/ssd/START__BO__BO0201__BO0201C/PrisPerAreorSM02/
"Bostadsarea/lägenhet, kvm",Stor-Malmö,netto,2007,126.9,https://www.statistikdatabasen.scb.se/pxweb/sv/ssd/START__BO__BO0201__BO0201C/PrisPerAreorSM02/
"Bostadsarea/lägenhet, kvm",Stor-Malmö,netto,2008,139,https://www.statistikdatabasen.scb.se/pxweb/sv/ssd/START__BO__BO0201__BO0201C/PrisPerAreorSM02/
"Bostadsarea/lägenhet, kvm",Stor-Malmö,netto,2009,134.1,https://www.statistikdatabasen.scb.se/pxweb/sv/ssd/START__BO__BO0201__BO0201C/PrisPerAreorSM02/
"Bostadsarea/lägenhet, kvm",Stor-Malmö,netto,2010,132.8,https://www.statistikdatabasen.scb.se/pxweb/sv/ssd/START__BO__BO0201__BO0201C/PrisPerAreorSM02/
"Bostadsarea/lägenhet, kvm",Stor-Malmö,netto,2011,136.8,https://www.statistikdatabasen.scb.se/pxweb/sv/ssd/START__BO__BO0201__BO0201C/PrisPerAreorSM02/
"Bostadsarea/lägenhet, kvm",Stor-Malmö,netto,2012,133,https://www.statistikdatabasen.scb.se/pxweb/sv/ssd/START__BO__BO0201__BO0201C/PrisPerAreorSM02/
"Bostadsarea/lägenhet, kvm",Stor-Malmö,netto,2013,130,https://www.statistikdatabasen.scb.se/pxweb/sv/ssd/START__BO__BO0201__BO0201C/PrisPerAreorSM02/
"Bostadsarea/lägenhet, kvm",Stor-Malmö,netto,2014,129,https://www.statistikdatabasen.scb.se/pxweb/sv/ssd/START__BO__BO0201__BO0201C/PrisPerAreorSM02/
"Bostadsarea/lägenhet, kvm",Stor-Malmö,netto,2015,129.3,https://www.statistikdatabasen.scb.se/pxweb/sv/ssd/START__BO__BO0201__BO0201C/PrisPerAreorSM02/
"Bostadsarea/lägenhet, kvm",Stor-Malmö,netto,2016,108.6,https://www.statistikdatabasen.scb.se/pxweb/sv/ssd/START__BO__BO0201__BO0201C/PrisPerAreorSM02/
"Bostadsarea/lägenhet, kvm",Stor-Malmö,netto,2017,117.5,https://www.statistikdatabasen.scb.se/pxweb/sv/ssd/START__BO__BO0201__BO0201C/PrisPerAreorSM02/
"Bostadsarea/lägenhet, kvm",Stor-Malmö,netto,2018,119.7,https://www.statistikdatabasen.scb.se/pxweb/sv/ssd/START__BO__BO0201__BO0201C/PrisPerAreorSM02/
"Bostadsarea/lägenhet, kvm",Stor-Malmö,netto,2019,117.4,https://www.statistikdatabasen.scb.se/pxweb/sv/ssd/START__BO__BO0201__BO0201C/PrisPerAreorSM02/
"Bostadsarea/lägenhet, kvm",Stor-Malmö,netto,2020,116.3,https://www.statistikdatabasen.scb.se/pxweb/sv/ssd/START__BO__BO0201__BO0201C/PrisPerAreorSM02/
"Bostadsarea/lägenhet, kvm",Stor-Malmö,netto,2021,114.8,https://www.statistikdatabasen.scb.se/pxweb/sv/ssd/START__BO__BO0201__BO0201C/PrisPerAreorSM02/
"Bostadsarea/lägenhet, kvm",Stor-Malmö,netto,2022,108.2,https://www.statistikdatabasen.scb.se/pxweb/sv/ssd/START__BO__BO0201__BO0201C/PrisPerAreorSM02/
"Bostadsarea/lägenhet, kvm",Stor-Malmö,netto,2023,129.9,https://www.statistikdatabasen.scb.se/pxweb/sv/ssd/START__BO__BO0201__BO0201C/PrisPerAreorSM02/
"Bostadsarea/lägenhet, kvm",Stor-Malmö,netto,2024,114.1,https://www.statistikdatabasen.scb.se/pxweb/sv/ssd/START__BO__BO0201__BO0201C/PrisPerAreorSM02/
"Markpris/bostadsarea, kr",Stor-Malmö,netto,1994,,https://www.statistikdatabasen.scb.se/pxweb/sv/ssd/START__BO__BO0201__BO0201C/PrisPerAreorSM02/
"Markpris/bostadsarea, kr",Stor-Malmö,netto,1995,,https://www.statistikdatabasen.scb.se/pxweb/sv/ssd/START__BO__BO0201__BO0201C/PrisPerAreorSM02/
"Markpris/bostadsarea, kr",Stor-Malmö,netto,1996,,https://www.statistikdatabasen.scb.se/pxweb/sv/ssd/START__BO__BO0201__BO0201C/PrisPerAreorSM02/
"Markpris/bostadsarea, kr",Stor-Malmö,netto,1997,,https://www.statistikdatabasen.scb.se/pxweb/sv/ssd/START__BO__BO0201__BO0201C/PrisPerAreorSM02/
"Markpris/bostadsarea, kr",Stor-Malmö,netto,1998,2004,https://www.statistikdatabasen.scb.se/pxweb/sv/ssd/START__BO__BO0201__BO0201C/PrisPerAreorSM02/
"Markpris/bostadsarea, kr",Stor-Malmö,netto,1999,1869,https://www.statistikdatabasen.scb.se/pxweb/sv/ssd/START__BO__BO0201__BO0201C/PrisPerAreorSM02/
"Markpris/bostadsarea, kr",Stor-Malmö,netto,2000,2301,https://www.statistikdatabasen.scb.se/pxweb/sv/ssd/START__BO__BO0201__BO0201C/PrisPerAreorSM02/
"Markpris/bostadsarea, kr",Stor-Malmö,netto,2001,3035,https://www.statistikdatabasen.scb.se/pxweb/sv/ssd/START__BO__BO0201__BO0201C/PrisPerAreorSM02/
"Markpris/bostadsarea, kr",Stor-Malmö,netto,2002,2712,https://www.statistikdatabasen.scb.se/pxweb/sv/ssd/START__BO__BO0201__BO0201C/PrisPerAreorSM02/
"Markpris/bostadsarea, kr",Stor-Malmö,netto,2003,3259,https://www.statistikdatabasen.scb.se/pxweb/sv/ssd/START__BO__BO0201__BO0201C/PrisPerAreorSM02/
"Markpris/bostadsarea, kr",Stor-Malmö,netto,2004,3060,https://www.statistikdatabasen.scb.se/pxweb/sv/ssd/START__BO__BO0201__BO0201C/PrisPerAreorSM02/
"Markpris/bostadsarea, kr",Stor-Malmö,netto,2005,2734,https://www.statistikdatabasen.scb.se/pxweb/sv/ssd/START__BO__BO0201__BO0201C/PrisPerAreorSM02/
"Markpris/bostadsarea, kr",Stor-Malmö,netto,2006,3263,https://www.statistikdatabasen.scb.se/pxweb/sv/ssd/START__BO__BO0201__BO0201C/PrisPerAreorSM02/
"Markpris/bostadsarea, kr",Stor-Malmö,netto,2007,4663,https://www.statistikdatabasen.scb.se/pxweb/sv/ssd/START__BO__BO0201__BO0201C/PrisPerAreorSM02/
"Markpris/bostadsarea, kr",Stor-Malmö,netto,2008,4689,https://www.statistikdatabasen.scb.se/pxweb/sv/ssd/START__BO__BO0201__BO0201C/PrisPerAreorSM02/
"Markpris/bostadsarea, kr",Stor-Malmö,netto,2009,5035,https://www.statistikdatabasen.scb.se/pxweb/sv/ssd/START__BO__BO0201__BO0201C/PrisPerAreorSM02/
"Markpris/bostadsarea, kr",Stor-Malmö,netto,2010,5697,https://www.statistikdatabasen.scb.se/pxweb/sv/ssd/START__BO__BO0201__BO0201C/PrisPerAreorSM02/
"Markpris/bostadsarea, kr",Stor-Malmö,netto,2011,6487,https://www.statistikdatabasen.scb.se/pxweb/sv/ssd/START__BO__BO0201__BO0201C/PrisPerAreorSM02/
"Markpris/bostadsarea, kr",Stor-Malmö,netto,2012,5820,https://www.statistikdatabasen.scb.se/pxweb/sv/ssd/START__BO__BO0201__BO0201C/PrisPerAreorSM02/
"Markpris/bostadsarea, kr",Stor-Malmö,netto,2013,6178,https://www.statistikdatabasen.scb.se/pxweb/sv/ssd/START__BO__BO0201__BO0201C/PrisPerAreorSM02/
"Markpris/bostadsarea, kr",Stor-Malmö,netto,2014,6711,https://www.statistikdatabasen.scb.se/pxweb/sv/ssd/START__BO__BO0201__BO0201C/PrisPerAreorSM02/
"Markpris/bostadsarea, kr",Stor-Malmö,netto,2015,6668,https://www.statistikdatabasen.scb.se/pxweb/sv/ssd/START__BO__BO0201__BO0201C/PrisPerAreorSM02/
"Markpris/bostadsarea, kr",Stor-Malmö,netto,2016,6799,https://www.statistikdatabasen.scb.se/pxweb/sv/ssd/START__BO__BO0201__BO0201C/PrisPerAreorSM02/
"Markpris/bostadsarea, kr",Stor-Malmö,netto,2017,7953,https://www.statistikdatabasen.scb.se/pxweb/sv/ssd/START__BO__BO0201__BO0201C/PrisPerAreorSM02/
"Markpris/bostadsarea, kr",Stor-Malmö,netto,2018,8354,https://www.statistikdatabasen.scb.se/pxweb/sv/ssd/START__BO__BO0201__BO0201C/PrisPerAreorSM02/
"Markpris/bostadsarea, kr",Stor-Malmö,netto,2019,6165,https://www.statistikdatabasen.scb.se/pxweb/sv/ssd/START__BO__BO0201__BO0201C/PrisPerAreorSM02/
"Markpris/bostadsarea, kr",Stor-Malmö,netto,2020,8061,https://www.statistikdatabasen.scb.se/pxweb/sv/ssd/START__BO__BO0201__BO0201C/PrisPerAreorSM02/
"Markpris/bostadsarea, kr",Stor-Malmö,netto,2021,8828,https://www.statistikdatabasen.scb.se/pxweb/sv/ssd/START__BO__BO0201__BO0201C/PrisPerAreorSM02/
"Markpris/bostadsarea, kr",Stor-Malmö,netto,2022,7000,https://www.statistikdatabasen.scb.se/pxweb/sv/ssd/START__BO__BO0201__BO0201C/PrisPerAreorSM02/
"Markpris/bostadsarea, kr",Stor-Malmö,netto,2023,8969,https://www.statistikdatabasen.scb.se/pxweb/sv/ssd/START__BO__BO0201__BO0201C/PrisPerAreorSM02/
"Markpris/bostadsarea, kr",Stor-Malmö,netto,2024,8478,https://www.statistikdatabasen.scb.se/pxweb/sv/ssd/START__BO__BO0201__BO0201C/PrisPerAreorSM02/
"Byggnadspris/bostadsarea, kr",Stor-Malmö,netto,1994,,https://www.statistikdatabasen.scb.se/pxweb/sv/ssd/START__BO__BO0201__BO0201C/PrisPerAreorSM02/
"Byggnadspris/bostadsarea, kr",Stor-Malmö,netto,1995,,https://www.statistikdatabasen.scb.se/pxweb/sv/ssd/START__BO__BO0201__BO0201C/PrisPerAreorSM02/
"Byggnadspris/bostadsarea, kr",Stor-Malmö,netto,1996,,https://www.statistikdatabasen.scb.se/pxweb/sv/ssd/START__BO__BO0201__BO0201C/PrisPerAreorSM02/
"Byggnadspris/bostadsarea, kr",Stor-Malmö,netto,1997,,https://www.statistikdatabasen.scb.se/pxweb/sv/ssd/START__BO__BO0201__BO0201C/PrisPerAreorSM02/
"Byggnadspris/bostadsarea, kr",Stor-Malmö,netto,1998,9350,https://www.statistikdatabasen.scb.se/pxweb/sv/ssd/START__BO__BO0201__BO0201C/PrisPerAreorSM02/
"Byggnadspris/bostadsarea, kr",Stor-Malmö,netto,1999,10978,https://www.statistikdatabasen.scb.se/pxweb/sv/ssd/START__BO__BO0201__BO0201C/PrisPerAreorSM02/
"Byggnadspris/bostadsarea, kr",Stor-Malmö,netto,2000,11889,https://www.statistikdatabasen.scb.se/pxweb/sv/ssd/START__BO__BO0201__BO0201C/PrisPerAreorSM02/
"Byggnadspris/bostadsarea, kr",Stor-Malmö,netto,2001,12747,https://www.statistikdatabasen.scb.se/pxweb/sv/ssd/START__BO__BO0201__BO0201C/PrisPerAreorSM02/
"Byggnadspris/bostadsarea, kr",Stor-Malmö,netto,2002,13583,https://www.statistikdatabasen.scb.se/pxweb/sv/ssd/START__BO__BO0201__BO0201C/PrisPerAreorSM02/
"Byggnadspris/bostadsarea, kr",Stor-Malmö,netto,2003,14567,https://www.statistikdatabasen.scb.se/pxweb/sv/ssd/START__BO__BO0201__BO0201C/PrisPerAreorSM02/
"Byggnadspris/bostadsarea, kr",Stor-Malmö,netto,2004,15783,https://www.statistikdatabasen.scb.se/pxweb/sv/ssd/START__BO__BO0201__BO0201C/PrisPerAreorSM02/
"Byggnadspris/bostadsarea, kr",Stor-Malmö,netto,2005,17108,https://www.statistikdatabasen.scb.se/pxweb/sv/ssd/START__BO__BO0201__BO0201C/PrisPerAreorSM02/
"Byggnadspris/bostadsarea, kr",Stor-Malmö,netto,2006,16656,https://www.statistikdatabasen.scb.se/pxweb/sv/ssd/START__BO__BO0201__BO0201C/PrisPerAreorSM02/
"Byggnadspris/bostadsarea, kr",Stor-Malmö,netto,2007,18094,https://www.statistikdatabasen.scb.se/pxweb/sv/ssd/START__BO__BO0201__BO0201C/PrisPerAreorSM02/
"Byggnadspris/bostadsarea, kr",Stor-Malmö,netto,2008,19939,https://www.statistikdatabasen.scb.se/pxweb/sv/ssd/START__BO__BO0201__BO0201C/PrisPerAreorSM02/
"Byggnadspris/bostadsarea, kr",Stor-Malmö,netto,2009,20646,https://www.statistikdatabasen.scb.se/pxweb/sv/ssd/START__BO__BO0201__BO0201C/PrisPerAreorSM02/
"Byggnadspris/bostadsarea, kr",Stor-Malmö,netto,2010,21094,https://www.statistikdatabasen.scb.se/pxweb/sv/ssd/START__BO__BO0201__BO0201C/PrisPerAreorSM02/
"Byggnadspris/bostadsarea, kr",Stor-Malmö,netto,2011,22292,https://www.statistikdatabasen.scb.se/pxweb/sv/ssd/START__BO__BO0201__BO0201C/PrisPerAreorSM02/
"Byggnadspris/bostadsarea, kr",Stor-Malmö,netto,2012,21580,https://www.statistikdatabasen.scb.se/pxweb/sv/ssd/START__BO__BO0201__BO0201C/PrisPerAreorSM02/
"Byggnadspris/bostadsarea, kr",Stor-Malmö,netto,2013,21996,https://www.statistikdatabasen.scb.se/pxweb/sv/ssd/START__BO__BO0201__BO0201C/PrisPerAreorSM02/
"Byggnadspris/bostadsarea, kr",Stor-Malmö,netto,2014,23709,https://www.statistikdatabasen.scb.se/pxweb/sv/ssd/START__BO__BO0201__BO0201C/PrisPerAreorSM02/
"Byggnadspris/bostadsarea, kr",Stor-Malmö,netto,2015,23632,https://www.statistikdatabasen.scb.se/pxweb/sv/ssd/START__BO__BO0201__BO0201C/PrisPerAreorSM02/
"Byggnadspris/bostadsarea, kr",Stor-Malmö,netto,2016,24077,https://www.statistikdatabasen.scb.se/pxweb/sv/ssd/START__BO__BO0201__BO0201C/PrisPerAreorSM02/
"Byggnadspris/bostadsarea, kr",Stor-Malmö,netto,2017,24726,https://www.statistikdatabasen.scb.se/pxweb/sv/ssd/START__BO__BO0201__BO0201C/PrisPerAreorSM02/
"Byggnadspris/bostadsarea, kr",Stor-Malmö,netto,2018,22901,https://www.statistikdatabasen.scb.se/pxweb/sv/ssd/START__BO__BO0201__BO0201C/PrisPerAreorSM02/
"Byggnadspris/bostadsarea, kr",Stor-Malmö,netto,2019,26877,https://www.statistikdatabasen.scb.se/pxweb/sv/ssd/START__BO__BO0201__BO0201C/PrisPerAreorSM02/
"Byggnadspris/bostadsarea, kr",Stor-Malmö,netto,2020,23569,https://www.statistikdatabasen.scb.se/pxweb/sv/ssd/START__BO__BO0201__BO0201C/PrisPerAreorSM02/
"Byggnadspris/bostadsarea, kr",Stor-Malmö,netto,2021,28924,https://www.statistikdatabasen.scb.se/pxweb/sv/ssd/START__BO__BO0201__BO0201C/PrisPerAreorSM02/
"Byggnadspris/bostadsarea, kr",Stor-Malmö,netto,2022,31354,https://www.statistikdatabasen.scb.se/pxweb/sv/ssd/START__BO__BO0201__BO0201C/PrisPerAreorSM02/
"Byggnadspris/bostadsarea, kr",Stor-Malmö,netto,2023,28600,https://www.statistikdatabasen.scb.se/pxweb/sv/ssd/START__BO__BO0201__BO0201C/PrisPerAreorSM02/
"Byggnadspris/bostadsarea, kr",Stor-Malmö,netto,2024,33816,https://www.statistikdatabasen.scb.se/pxweb/sv/ssd/START__BO__BO0201__BO0201C/PrisPerAreorSM02/
"Totalt produktionspris/bostadsarea, kr",Stor-Malmö,netto,1994,,https://www.statistikdatabasen.scb.se/pxweb/sv/ssd/START__BO__BO0201__BO0201C/PrisPerAreorSM02/
"Totalt produktionspris/bostadsarea, kr",Stor-Malmö,netto,1995,,https://www.statistikdatabasen.scb.se/pxweb/sv/ssd/START__BO__BO0201__BO0201C/PrisPerAreorSM02/
"Totalt produktionspris/bostadsarea, kr",Stor-Malmö,netto,1996,,https://www.statistikdatabasen.scb.se/pxweb/sv/ssd/START__BO__BO0201__BO0201C/PrisPerAreorSM02/
"Totalt produktionspris/bostadsarea, kr",Stor-Malmö,netto,1997,,https://www.statistikdatabasen.scb.se/pxweb/sv/ssd/START__BO__BO0201__BO0201C/PrisPerAreorSM02/
"Totalt produktionspris/bostadsarea, kr",Stor-Malmö,netto,1998,11355,https://www.statistikdatabasen.scb.se/pxweb/sv/ssd/START__BO__BO0201__BO0201C/PrisPerAreorSM02/
"Totalt produktionspris/bostadsarea, kr",Stor-Malmö,netto,1999,12847,https://www.statistikdatabasen.scb.se/pxweb/sv/ssd/START__BO__BO0201__BO0201C/PrisPerAreorSM02/
"Totalt produktionspris/bostadsarea, kr",Stor-Malmö,netto,2000,14190,https://www.statistikdatabasen.scb.se/pxweb/sv/ssd/START__BO__BO0201__BO0201C/PrisPerAreorSM02/
"Totalt produktionspris/bostadsarea, kr",Stor-Malmö,netto,2001,15782,https://www.statistikdatabasen.scb.se/pxweb/sv/ssd/START__BO__BO0201__BO0201C/PrisPerAreorSM02/
"Totalt produktionspris/bostadsarea, kr",Stor-Malmö,netto,2002,16295,https://www.statistikdatabasen.scb.se/pxweb/sv/ssd/START__BO__BO0201__BO0201C/PrisPerAreorSM02/
"Totalt produktionspris/bostadsarea, kr",Stor-Malmö,netto,2003,17826,https://www.statistikdatabasen.scb.se/pxweb/sv/ssd/START__BO__BO0201__BO0201C/PrisPerAreorSM02/
"Totalt produktionspris/bostadsarea, kr",Stor-Malmö,netto,2004,18843,https://www.statistikdatabasen.scb.se/pxweb/sv/ssd/START__BO__BO0201__BO0201C/PrisPerAreorSM02/
"Totalt produktionspris/bostadsarea, kr",Stor-Malmö,netto,2005,19842,https://www.statistikdatabasen.scb.se/pxweb/sv/ssd/START__BO__BO0201__BO0201C/PrisPerAreorSM02/
"Totalt produktionspris/bostadsarea, kr",Stor-Malmö,netto,2006,19919,https://www.statistikdatabasen.scb.se/pxweb/sv/ssd/START__BO__BO0201__BO0201C/PrisPerAreorSM02/
"Totalt produktionspris/bostadsarea, kr",Stor-Malmö,netto,2007,22757,https://www.statistikdatabasen.scb.se/pxweb/sv/ssd/START__BO__BO0201__BO0201C/PrisPerAreorSM02/
"Totalt produktionspris/bostadsarea, kr",Stor-Malmö,netto,2008,24628,https://www.statistikdatabasen.scb.se/pxweb/sv/ssd/START__BO__BO0201__BO0201C/PrisPerAreorSM02/
"Totalt produktionspris/bostadsarea, kr",Stor-Malmö,netto,2009,25680,https://www.statistikdatabasen.scb.se/pxweb/sv/ssd/START__BO__BO0201__BO0201C/PrisPerAreorSM02/
"Totalt produktionspris/bostadsarea, kr",Stor-Malmö,netto,2010,26791,https://www.statistikdatabasen.scb.se/pxweb/sv/ssd/START__BO__BO0201__BO0201C/PrisPerAreorSM02/
"Totalt produktionspris/bostadsarea, kr",Stor-Malmö,netto,2011,28779,https://www.statistikdatabasen.scb.se/pxweb/sv/ssd/START__BO__BO0201__BO0201C/PrisPerAreorSM02/
"Totalt produktionspris/bostadsarea, kr",Stor-Malmö,netto,2012,27400,https://www.statistikdatabasen.scb.se/pxweb/sv/ssd/START__BO__BO0201__BO0201C/PrisPerAreorSM02/
"Totalt produktionspris/bostadsarea, kr",Stor-Malmö,netto,2013,28174,https://www.statistikdatabasen.scb.se/pxweb/sv/ssd/START__BO__BO0201__BO0201C/PrisPerAreorSM02/
"Totalt produktionspris/bostadsarea, kr",Stor-Malmö,netto,2014,30420,https://www.statistikdatabasen.scb.se/pxweb/sv/ssd/START__BO__BO0201__BO0201C/PrisPerAreorSM02/
"Totalt produktionspris/bostadsarea, kr",Stor-Malmö,netto,2015,30300,https://www.statistikdatabasen.scb.se/pxweb/sv/ssd/START__BO__BO0201__BO0201C/PrisPerAreorSM02/
"Totalt produktionspris/bostadsarea, kr",Stor-Malmö,netto,2016,30876,https://www.statistikdatabasen.scb.se/pxweb/sv/ssd/START__BO__BO0201__BO0201C/PrisPerAreorSM02/
"Totalt produktionspris/bostadsarea, kr",Stor-Malmö,netto,2017,32678,https://www.statistikdatabasen.scb.se/pxweb/sv/ssd/START__BO__BO0201__BO0201C/PrisPerAreorSM02/
"Totalt produktionspris/bostadsarea, kr",Stor-Malmö,netto,2018,31256,https://www.statistikdatabasen.scb.se/pxweb/sv/ssd/START__BO__BO0201__BO0201C/PrisPerAreorSM02/
"Totalt produktionspris/bostadsarea, kr",Stor-Malmö,netto,2019,33042,https://www.statistikdatabasen.scb.se/pxweb/sv/ssd/START__BO__BO0201__BO0201C/PrisPerAreorSM02/
"Totalt produktionspris/bostadsarea, kr",Stor-Malmö,netto,2020,31629,https://www.statistikdatabasen.scb.se/pxweb/sv/ssd/START__BO__BO0201__BO0201C/PrisPerAreorSM02/
"Totalt produktionspris/bostadsarea, kr",Stor-Malmö,netto,2021,37752,https://www.statistikdatabasen.scb.se/pxweb/sv/ssd/START__BO__BO0201__BO0201C/PrisPerAreorSM02/
"Totalt produktionspris/bostadsarea, kr",Stor-Malmö,netto,2022,38354,https://www.statistikdatabasen.scb.se/pxweb/sv/ssd/START__BO__BO0201__BO0201C/PrisPerAreorSM02/
"Totalt produktionspris/bostadsarea, kr",Stor-Malmö,netto,2023,37569,https://www.statistikdatabasen.scb.se/pxweb/sv/ssd/START__BO__BO0201__BO0201C/PrisPerAreorSM02/
"Totalt produktionspris/bostadsarea, kr",Stor-Malmö,netto,2024,42294,https://www.statistikdatabasen.scb.se/pxweb/sv/ssd/START__BO__BO0201__BO0201C/PrisPerAreorSM02/
"Byggnadsobjekt, antal som prisstatistiken baseras på",Länsregionerna I–III,brutto,1994,,https://www.statistikdatabasen.scb.se/pxweb/sv/ssd/START__BO__BO0201__BO0201C/PrisPerAreorSM02/
"Byggnadsobjekt, antal som prisstatistiken baseras på",Länsregionerna I–III,brutto,1995,,https://www.statistikdatabasen.scb.se/pxweb/sv/ssd/START__BO__BO0201__BO0201C/PrisPerAreorSM02/
"Byggnadsobjekt, antal som prisstatistiken baseras på",Länsregionerna I–III,brutto,1996,,https://www.statistikdatabasen.scb.se/pxweb/sv/ssd/START__BO__BO0201__BO0201C/PrisPerAreorSM02/
"Byggnadsobjekt, antal som prisstatistiken baseras på",Länsregionerna I–III,brutto,1997,,https://www.statistikdatabasen.scb.se/pxweb/sv/ssd/START__BO__BO0201__BO0201C/PrisPerAreorSM02/
"Byggnadsobjekt, antal som prisstatistiken baseras på",Länsregionerna I–III,brutto,1998,86,https://www.statistikdatabasen.scb.se/pxweb/sv/ssd/START__BO__BO0201__BO0201C/PrisPerAreorSM02/
"Byggnadsobjekt, antal som prisstatistiken baseras på",Länsregionerna I–III,brutto,1999,43,https://www.statistikdatabasen.scb.se/pxweb/sv/ssd/START__BO__BO0201__BO0201C/PrisPerAreorSM02/
"Byggnadsobjekt, antal som prisstatistiken baseras på",Länsregionerna I–III,brutto,2000,99,https://www.statistikdatabasen.scb.se/pxweb/sv/ssd/START__BO__BO0201__BO0201C/PrisPerAreorSM02/
"Byggnadsobjekt, antal som prisstatistiken baseras på",Länsregionerna I–III,brutto,2001,115,https://www.statistikdatabasen.scb.se/pxweb/sv/ssd/START__BO__BO0201__BO0201C/PrisPerAreorSM02/
"Byggnadsobjekt, antal som prisstatistiken baseras på",Länsregionerna I–III,brutto,2002,108,https://www.statistikdatabasen.scb.se/pxweb/sv/ssd/START__BO__BO0201__BO0201C/PrisPerAreorSM02/
"Byggnadsobjekt, antal som prisstatistiken baseras på",Länsregionerna I–III,brutto,2003,149,https://www.statistikdatabasen.scb.se/pxweb/sv/ssd/START__BO__BO0201__BO0201C/PrisPerAreorSM02/
"Byggnadsobjekt, antal som prisstatistiken baseras på",Länsregionerna I–III,brutto,2004,185,https://www.statistikdatabasen.scb.se/pxweb/sv/ssd/START__BO__BO0201__BO0201C/PrisPerAreorSM02/
"Byggnadsobjekt, antal som prisstatistiken baseras på",Länsregionerna I–III,brutto,2005,209,https://www.statistikdatabasen.scb.se/pxweb/sv/ssd/START__BO__BO0201__BO0201C/PrisPerAreorSM02/
"Byggnadsobjekt, antal som prisstatistiken baseras på",Länsregionerna I–III,brutto,2006,211,https://www.statistikdatabasen.scb.se/pxweb/sv/ssd/START__BO__BO0201__BO0201C/PrisPerAreorSM02/
"Byggnadsobjekt, antal som prisstatistiken baseras på",Länsregionerna I–III,brutto,2007,233,https://www.statistikdatabasen.scb.se/pxweb/sv/ssd/START__BO__BO0201__BO0201C/PrisPerAreorSM02/
"Byggnadsobjekt, antal som prisstatistiken baseras på",Länsregionerna I–III,brutto,2008,254,https://www.statistikdatabasen.scb.se/pxweb/sv/ssd/START__BO__BO0201__BO0201C/PrisPerAreorSM02/
"Byggnadsobjekt, antal som prisstatistiken baseras på",Länsregionerna I–III,brutto,2009,185,https://www.statistikdatabasen.scb.se/pxweb/sv/ssd/START__BO__BO0201__BO0201C/PrisPerAreorSM02/
"Byggnadsobjekt, antal som prisstatistiken baseras på",Länsregionerna I–III,brutto,2010,245,https://www.statistikdatabasen.scb.se/pxweb/sv/ssd/START__BO__BO0201__BO0201C/PrisPerAreorSM02/
"Byggnadsobjekt, antal som prisstatistiken baseras på",Länsregionerna I–III,brutto,2011,163,https://www.statistikdatabasen.scb.se/pxweb/sv/ssd/START__BO__BO0201__BO0201C/PrisPerAreorSM02/
"Byggnadsobjekt, antal som prisstatistiken baseras på",Länsregionerna I–III,brutto,2012,128,https://www.statistikdatabasen.scb.se/pxweb/sv/ssd/START__BO__BO0201__BO0201C/PrisPerAreorSM02/
"Byggnadsobjekt, antal som prisstatistiken baseras på",Länsregionerna I–III,brutto,2013,193,https://www.statistikdatabasen.scb.se/pxweb/sv/ssd/START__BO__BO0201__BO0201C/PrisPerAreorSM02/
"Byggnadsobjekt, antal som prisstatistiken baseras på",Länsregionerna I–III,brutto,2014,298,https://www.statistikdatabasen.scb.se/pxweb/sv/ssd/START__BO__BO0201__BO0201C/PrisPerAreorSM02/
"Byggnadsobjekt, antal som prisstatistiken baseras på",Länsregionerna I–III,brutto,2015,330,https://www.statistikdatabasen.scb.se/pxweb/sv/ssd/START__BO__BO0201__BO0201C/PrisPerAreorSM02/
"Byggnadsobjekt, antal som prisstatistiken baseras på",Länsregionerna I–III,brutto,2016,386,https://www.statistikdatabasen.scb.se/pxweb/sv/ssd/START__BO__BO0201__BO0201C/PrisPerAreorSM02/
"Byggnadsobjekt, antal som prisstatistiken baseras på",Länsregionerna I–III,brutto,2017,398,https://www.statistikdatabasen.scb.se/pxweb/sv/ssd/START__BO__BO0201__BO0201C/PrisPerAreorSM02/
"Byggnadsobjekt, antal som prisstatistiken baseras på",Länsregionerna I–III,brutto,2018,301,https://www.statistikdatabasen.scb.se/pxweb/sv/ssd/START__BO__BO0201__BO0201C/PrisPerAreorSM02/
"Byggnadsobjekt, antal som prisstatistiken baseras på",Länsregionerna I–III,brutto,2019,264,https://www.statistikdatabasen.scb.se/pxweb/sv/ssd/START__BO__BO0201__BO0201C/PrisPerAreorSM02/
"Byggnadsobjekt, antal som prisstatistiken baseras på",Länsregionerna I–III,brutto,2020,273,https://www.statistikdatabasen.scb.se/pxweb/sv/ssd/START__BO__BO0201__BO0201C/PrisPerAreorSM02/
"Byggnadsobjekt, antal som prisstatistiken baseras på",Länsregionerna I–III,brutto,2021,306,https://www.statistikdatabasen.scb.se/pxweb/sv/ssd/START__BO__BO0201__BO0201C/PrisPerAreorSM02/
"Byggnadsobjekt, antal som prisstatistiken baseras på",Länsregionerna I–III,brutto,2022,299,https://www.statistikdatabasen.scb.se/pxweb/sv/ssd/START__BO__BO0201__BO0201C/PrisPerAreorSM02/
"Byggnadsobjekt, antal som prisstatistiken baseras på",Länsregionerna I–III,brutto,2023,129,https://www.statistikdatabasen.scb.se/pxweb/sv/ssd/START__BO__BO0201__BO0201C/PrisPerAreorSM02/
"Byggnadsobjekt, antal som prisstatistiken baseras på",Länsregionerna I–III,brutto,2024,114,https://www.statistikdatabasen.scb.se/pxweb/sv/ssd/START__BO__BO0201__BO0201C/PrisPerAreorSM02/
"Lägenheter, antal som prisstatistiken baseras på",Länsregionerna I–III,brutto,1994,,https://www.statistikdatabasen.scb.se/pxweb/sv/ssd/START__BO__BO0201__BO0201C/PrisPerAreorSM02/
"Lägenheter, antal som prisstatistiken baseras på",Länsregionerna I–III,brutto,1995,,https://www.statistikdatabasen.scb.se/pxweb/sv/ssd/START__BO__BO0201__BO0201C/PrisPerAreorSM02/
"Lägenheter, antal som prisstatistiken baseras på",Länsregionerna I–III,brutto,1996,,https://www.statistikdatabasen.scb.se/pxweb/sv/ssd/START__BO__BO0201__BO0201C/PrisPerAreorSM02/
"Lägenheter, antal som prisstatistiken baseras på",Länsregionerna I–III,brutto,1997,,https://www.statistikdatabasen.scb.se/pxweb/sv/ssd/START__BO__BO0201__BO0201C/PrisPerAreorSM02/
"Lägenheter, antal som prisstatistiken baseras på",Länsregionerna I–III,brutto,1998,461,https://www.statistikdatabasen.scb.se/pxweb/sv/ssd/START__BO__BO0201__BO0201C/PrisPerAreorSM02/
"Lägenheter, antal som prisstatistiken baseras på",Länsregionerna I–III,brutto,1999,153,https://www.statistikdatabasen.scb.se/pxweb/sv/ssd/START__BO__BO0201__BO0201C/PrisPerAreorSM02/
"Lägenheter, antal som prisstatistiken baseras på",Länsregionerna I–III,brutto,2000,733,https://www.statistikdatabasen.scb.se/pxweb/sv/ssd/START__BO__BO0201__BO0201C/PrisPerAreorSM02/
"Lägenheter, antal som prisstatistiken baseras på",Länsregionerna I–III,brutto,2001,893,https://www.statistikdatabasen.scb.se/pxweb/sv/ssd/START__BO__BO0201__BO0201C/PrisPerAreorSM02/
"Lägenheter, antal som prisstatistiken baseras på",Länsregionerna I–III,brutto,2002,701,https://www.statistikdatabasen.scb.se/pxweb/sv/ssd/START__BO__BO0201__BO0201C/PrisPerAreorSM02/
"Lägenheter, antal som prisstatistiken baseras på",Länsregionerna I–III,brutto,2003,852,https://www.statistikdatabasen.scb.se/pxweb/sv/ssd/START__BO__BO0201__BO0201C/PrisPerAreorSM02/
"Lägenheter, antal som prisstatistiken baseras på",Länsregionerna I–III,brutto,2004,1113,https://www.statistikdatabasen.scb.se/pxweb/sv/ssd/START__BO__BO0201__BO0201C/PrisPerAreorSM02/
"Lägenheter, antal som prisstatistiken baseras på",Länsregionerna I–III,brutto,2005,1464,https://www.statistikdatabasen.scb.se/pxweb/sv/ssd/START__BO__BO0201__BO0201C/PrisPerAreorSM02/
"Lägenheter, antal som prisstatistiken baseras på",Länsregionerna I–III,brutto,2006,1316,https://www.statistikdatabasen.scb.se/pxweb/sv/ssd/START__BO__BO0201__BO0201C/PrisPerAreorSM02/
"Lägenheter, antal som prisstatistiken baseras på",Länsregionerna I–III,brutto,2007,1379,https://www.statistikdatabasen.scb.se/pxweb/sv/ssd/START__BO__BO0201__BO0201C/PrisPerAreorSM02/
"Lägenheter, antal som prisstatistiken baseras på",Länsregionerna I–III,brutto,2008,1072,https://www.statistikdatabasen.scb.se/pxweb/sv/ssd/START__BO__BO0201__BO0201C/PrisPerAreorSM02/
"Lägenheter, antal som prisstatistiken baseras på",Länsregionerna I–III,brutto,2009,1125,https://www.statistikdatabasen.scb.se/pxweb/sv/ssd/START__BO__BO0201__BO0201C/PrisPerAreorSM02/
"Lägenheter, antal som prisstatistiken baseras på",Länsregionerna I–III,brutto,2010,1492,https://www.statistikdatabasen.scb.se/pxweb/sv/ssd/START__BO__BO0201__BO0201C/PrisPerAreorSM02/
"Lägenheter, antal som prisstatistiken baseras på",Länsregionerna I–III,brutto,2011,1043,https://www.statistikdatabasen.scb.se/pxweb/sv/ssd/START__BO__BO0201__BO0201C/PrisPerAreorSM02/
"Lägenheter, antal som prisstatistiken baseras på",Länsregionerna I–III,brutto,2012,756,https://www.statistikdatabasen.scb.se/pxweb/sv/ssd/START__BO__BO0201__BO0201C/PrisPerAreorSM02/
"Lägenheter, antal som prisstatistiken baseras på",Länsregionerna I–III,brutto,2013,1046,https://www.statistikdatabasen.scb.se/pxweb/sv/ssd/START__BO__BO0201__BO0201C/PrisPerAreorSM02/
"Lägenheter, antal som prisstatistiken baseras på",Länsregionerna I–III,brutto,2014,1292,https://www.statistikdatabasen.scb.se/pxweb/sv/ssd/START__BO__BO0201__BO0201C/PrisPerAreorSM02/
"Lägenheter, antal som prisstatistiken baseras på",Länsregionerna I–III,brutto,2015,2033,https://www.statistikdatabasen.scb.se/pxweb/sv/ssd/START__BO__BO0201__BO0201C/PrisPerAreorSM02/
"Lägenheter, antal som prisstatistiken baseras på",Länsregionerna I–III,brutto,2016,2639,https://www.statistikdatabasen.scb.se/pxweb/sv/ssd/START__BO__BO0201__BO0201C/PrisPerAreorSM02/
"Lägenheter, antal som prisstatistiken baseras på",Länsregionerna I–III,brutto,2017,2230,https://www.statistikdatabasen.scb.se/pxweb/sv/ssd/START__BO__BO0201__BO0201C/PrisPerAreorSM02/
"Lägenheter, antal som prisstatistiken baseras på",Länsregionerna I–III,brutto,2018,1915,https://www.statistikdatabasen.scb.se/pxweb/sv/ssd/START__BO__BO0201__BO0201C/PrisPerAreorSM02/
"Lägenheter, antal som prisstatistiken baseras på",Länsregionerna I–III,brutto,2019,1652,https://www.statistikdatabasen.scb.se/pxweb/sv/ssd/START__BO__BO0201__BO0201C/PrisPerAreorSM02/
"Lägenheter, antal som prisstatistiken baseras på",Länsregionerna I–III,brutto,2020,1661,https://www.statistikdatabasen.scb.se/pxweb/sv/ssd/START__BO__BO0201__BO0201C/PrisPerAreorSM02/
"Lägenheter, antal som prisstatistiken baseras på",Länsregionerna I–III,brutto,2021,2173,https://www.statistikdatabasen.scb.se/pxweb/sv/ssd/START__BO__BO0201__BO0201C/PrisPerAreorSM02/
"Lägenheter, antal som prisstatistiken baseras på",Länsregionerna I–III,brutto,2022,2172,https://www.statistikdatabasen.scb.se/pxweb/sv/ssd/START__BO__BO0201__BO0201C/PrisPerAreorSM02/
"Lägenheter, antal som prisstatistiken baseras på",Länsregionerna I–III,brutto,2023,555,https://www.statistikdatabasen.scb.se/pxweb/sv/ssd/START__BO__BO0201__BO0201C/PrisPerAreorSM02/
"Lägenheter, antal som prisstatistiken baseras på",Länsregionerna I–III,brutto,2024,569,https://www.statistikdatabasen.scb.se/pxweb/sv/ssd/START__BO__BO0201__BO0201C/PrisPerAreorSM02/
"Bostadsarea/lägenhet, kvm",Länsregionerna I–III,brutto,1994,,https://www.statistikdatabasen.scb.se/pxweb/sv/ssd/START__BO__BO0201__BO0201C/PrisPerAreorSM02/
"Bostadsarea/lägenhet, kvm",Länsregionerna I–III,brutto,1995,,https://www.statistikdatabasen.scb.se/pxweb/sv/ssd/START__BO__BO0201__BO0201C/PrisPerAreorSM02/
"Bostadsarea/lägenhet, kvm",Länsregionerna I–III,brutto,1996,,https://www.statistikdatabasen.scb.se/pxweb/sv/ssd/START__BO__BO0201__BO0201C/PrisPerAreorSM02/
"Bostadsarea/lägenhet, kvm",Länsregionerna I–III,brutto,1997,,https://www.statistikdatabasen.scb.se/pxweb/sv/ssd/START__BO__BO0201__BO0201C/PrisPerAreorSM02/
"Bostadsarea/lägenhet, kvm",Länsregionerna I–III,brutto,1998,100.5,https://www.statistikdatabasen.scb.se/pxweb/sv/ssd/START__BO__BO0201__BO0201C/PrisPerAreorSM02/
"Bostadsarea/lägenhet, kvm",Länsregionerna I–III,brutto,1999,92.1,https://www.statistikdatabasen.scb.se/pxweb/sv/ssd/START__BO__BO0201__BO0201C/PrisPerAreorSM02/
"Bostadsarea/lägenhet, kvm",Länsregionerna I–III,brutto,2000,119.3,https://www.statistikdatabasen.scb.se/pxweb/sv/ssd/START__BO__BO0201__BO0201C/PrisPerAreorSM02/
"Bostadsarea/lägenhet, kvm",Länsregionerna I–III,brutto,2001,122.3,https://www.statistikdatabasen.scb.se/pxweb/sv/ssd/START__BO__BO0201__BO0201C/PrisPerAreorSM02/
"Bostadsarea/lägenhet, kvm",Länsregionerna I–III,brutto,2002,122.8,https://www.statistikdatabasen.scb.se/pxweb/sv/ssd/START__BO__BO0201__BO0201C/PrisPerAreorSM02/
"Bostadsarea/lägenhet, kvm",Länsregionerna I–III,brutto,2003,124.7,https://www.statistikdatabasen.scb.se/pxweb/sv/ssd/START__BO__BO0201__BO0201C/PrisPerAreorSM02/
"Bostadsarea/lägenhet, kvm",Länsregionerna I–III,brutto,2004,120.7,https://www.statistikdatabasen.scb.se/pxweb/sv/ssd/START__BO__BO0201__BO0201C/PrisPerAreorSM02/
"Bostadsarea/lägenhet, kvm",Länsregionerna I–III,brutto,2005,116.1,https://www.statistikdatabasen.scb.se/pxweb/sv/ssd/START__BO__BO0201__BO0201C/PrisPerAreorSM02/
"Bostadsarea/lägenhet, kvm",Länsregionerna I–III,brutto,2006,113.2,https://www.statistikdatabasen.scb.se/pxweb/sv/ssd/START__BO__BO0201__BO0201C/PrisPerAreorSM02/
"Bostadsarea/lägenhet, kvm",Länsregionerna I–III,brutto,2007,131.1,https://www.statistikdatabasen.scb.se/pxweb/sv/ssd/START__BO__BO0201__BO0201C/PrisPerAreorSM02/
"Bostadsarea/lägenhet, kvm",Länsregionerna I–III,brutto,2008,122.1,https://www.statistikdatabasen.scb.se/pxweb/sv/ssd/START__BO__BO0201__BO0201C/PrisPerAreorSM02/
"Bostadsarea/lägenhet, kvm",Länsregionerna I–III,brutto,2009,111,https://www.statistikdatabasen.scb.se/pxweb/sv/ssd/START__BO__BO0201__BO0201C/PrisPerAreorSM02/
"Bostadsarea/lägenhet, kvm",Länsregionerna I–III,brutto,2010,122.6,https://www.statistikdatabasen.scb.se/pxweb/sv/ssd/START__BO__BO0201__BO0201C/PrisPerAreorSM02/
"Bostadsarea/lägenhet, kvm",Länsregionerna I–III,brutto,2011,113.8,https://www.statistikdatabasen.scb.se/pxweb/sv/ssd/START__BO__BO0201__BO0201C/PrisPerAreorSM02/
"Bostadsarea/lägenhet, kvm",Länsregionerna I–III,brutto,2012,110.6,https://www.statistikdatabasen.scb.se/pxweb/sv/ssd/START__BO__BO0201__BO0201C/PrisPerAreorSM02/
"Bostadsarea/lägenhet, kvm",Länsregionerna I–III,brutto,2013,111.9,https://www.statistikdatabasen.scb.se/pxweb/sv/ssd/START__BO__BO0201__BO0201C/PrisPerAreorSM02/
"Bostadsarea/lägenhet, kvm",Länsregionerna I–III,brutto,2014,113.9,https://www.statistikdatabasen.scb.se/pxweb/sv/ssd/START__BO__BO0201__BO0201C/PrisPerAreorSM02/
"Bostadsarea/lägenhet, kvm",Länsregionerna I–III,brutto,2015,114.1,https://www.statistikdatabasen.scb.se/pxweb/sv/ssd/START__BO__BO0201__BO0201C/PrisPerAreorSM02/
"Bostadsarea/lägenhet, kvm",Länsregionerna I–III,brutto,2016,115.6,https://www.statistikdatabasen.scb.se/pxweb/sv/ssd/START__BO__BO0201__BO0201C/PrisPerAreorSM02/
"Bostadsarea/lägenhet, kvm",Länsregionerna I–III,brutto,2017,115.7,https://www.statistikdatabasen.scb.se/pxweb/sv/ssd/START__BO__BO0201__BO0201C/PrisPerAreorSM02/
"Bostadsarea/lägenhet, kvm",Länsregionerna I–III,brutto,2018,113.9,https://www.statistikdatabasen.scb.se/pxweb/sv/ssd/START__BO__BO0201__BO0201C/PrisPerAreorSM02/
"Bostadsarea/lägenhet, kvm",Länsregionerna I–III,brutto,2019,110.6,https://www.statistikdatabasen.scb.se/pxweb/sv/ssd/START__BO__BO0201__BO0201C/PrisPerAreorSM02/
"Bostadsarea/lägenhet, kvm",Länsregionerna I–III,brutto,2020,109.7,https://www.statistikdatabasen.scb.se/pxweb/sv/ssd/START__BO__BO0201__BO0201C/PrisPerAreorSM02/
"Bostadsarea/lägenhet, kvm",Länsregionerna I–III,brutto,2021,107.8,https://www.statistikdatabasen.scb.se/pxweb/sv/ssd/START__BO__BO0201__BO0201C/PrisPerAreorSM02/
"Bostadsarea/lägenhet, kvm",Länsregionerna I–III,brutto,2022,112.5,https://www.statistikdatabasen.scb.se/pxweb/sv/ssd/START__BO__BO0201__BO0201C/PrisPerAreorSM02/
"Bostadsarea/lägenhet, kvm",Länsregionerna I–III,brutto,2023,109.3,https://www.statistikdatabasen.scb.se/pxweb/sv/ssd/START__BO__BO0201__BO0201C/PrisPerAreorSM02/
"Bostadsarea/lägenhet, kvm",Länsregionerna I–III,brutto,2024,110.2,https://www.statistikdatabasen.scb.se/pxweb/sv/ssd/START__BO__BO0201__BO0201C/PrisPerAreorSM02/
"Markpris/bostadsarea, kr",Länsregionerna I–III,brutto,1994,,https://www.statistikdatabasen.scb.se/pxweb/sv/ssd/START__BO__BO0201__BO0201C/PrisPerAreorSM02/
"Markpris/bostadsarea, kr",Länsregionerna I–III,brutto,1995,,https://www.statistikdatabasen.scb.se/pxweb/sv/ssd/START__BO__BO0201__BO0201C/PrisPerAreorSM02/
"Markpris/bostadsarea, kr",Länsregionerna I–III,brutto,1996,,https://www.statistikdatabasen.scb.se/pxweb/sv/ssd/START__BO__BO0201__BO0201C/PrisPerAreorSM02/
"Markpris/bostadsarea, kr",Länsregionerna I–III,brutto,1997,,https://www.statistikdatabasen.scb.se/pxweb/sv/ssd/START__BO__BO0201__BO0201C/PrisPerAreorSM02/
"Markpris/bostadsarea, kr",Länsregionerna I–III,brutto,1998,1185,https://www.statistikdatabasen.scb.se/pxweb/sv/ssd/START__BO__BO0201__BO0201C/PrisPerAreorSM02/
"Markpris/bostadsarea, kr",Länsregionerna I–III,brutto,1999,1300,https://www.statistikdatabasen.scb.se/pxweb/sv/ssd/START__BO__BO0201__BO0201C/PrisPerAreorSM02/
"Markpris/bostadsarea, kr",Länsregionerna I–III,brutto,2000,1590,https://www.statistikdatabasen.scb.se/pxweb/sv/ssd/START__BO__BO0201__BO0201C/PrisPerAreorSM02/
"Markpris/bostadsarea, kr",Länsregionerna I–III,brutto,2001,1807,https://www.statistikdatabasen.scb.se/pxweb/sv/ssd/START__BO__BO0201__BO0201C/PrisPerAreorSM02/
"Markpris/bostadsarea, kr",Länsregionerna I–III,brutto,2002,1968,https://www.statistikdatabasen.scb.se/pxweb/sv/ssd/START__BO__BO0201__BO0201C/PrisPerAreorSM02/
"Markpris/bostadsarea, kr",Länsregionerna I–III,brutto,2003,2668,https://www.statistikdatabasen.scb.se/pxweb/sv/ssd/START__BO__BO0201__BO0201C/PrisPerAreorSM02/
"Markpris/bostadsarea, kr",Länsregionerna I–III,brutto,2004,2427,https://www.statistikdatabasen.scb.se/pxweb/sv/ssd/START__BO__BO0201__BO0201C/PrisPerAreorSM02/
"Markpris/bostadsarea, kr",Länsregionerna I–III,brutto,2005,2469,https://www.statistikdatabasen.scb.se/pxweb/sv/ssd/START__BO__BO0201__BO0201C/PrisPerAreorSM02/
"Markpris/bostadsarea, kr",Länsregionerna I–III,brutto,2006,2602,https://www.statistikdatabasen.scb.se/pxweb/sv/ssd/START__BO__BO0201__BO0201C/PrisPerAreorSM02/
"Markpris/bostadsarea, kr",Länsregionerna I–III,brutto,2007,3456,https://www.statistikdatabasen.scb.se/pxweb/sv/ssd/START__BO__BO0201__BO0201C/PrisPerAreorSM02/
"Markpris/bostadsarea, kr",Länsregionerna I–III,brutto,2008,4112,https://www.statistikdatabasen.scb.se/pxweb/sv/ssd/START__BO__BO0201__BO0201C/PrisPerAreorSM02/
"Markpris/bostadsarea, kr",Länsregionerna I–III,brutto,2009,3880,https://www.statistikdatabasen.scb.se/pxweb/sv/ssd/START__BO__BO0201__BO0201C/PrisPerAreorSM02/
"Markpris/bostadsarea, kr",Länsregionerna I–III,brutto,2010,5045,https://www.statistikdatabasen.scb.se/pxweb/sv/ssd/START__BO__BO0201__BO0201C/PrisPerAreorSM02/
"Markpris/bostadsarea, kr",Länsregionerna I–III,brutto,2011,5039,https://www.statistikdatabasen.scb.se/pxweb/sv/ssd/START__BO__BO0201__BO0201C/PrisPerAreorSM02/
"Markpris/bostadsarea, kr",Länsregionerna I–III,brutto,2012,4664,https://www.statistikdatabasen.scb.se/pxweb/sv/ssd/START__BO__BO0201__BO0201C/PrisPerAreorSM02/
"Markpris/bostadsarea, kr",Länsregionerna I–III,brutto,2013,4804,https://www.statistikdatabasen.scb.se/pxweb/sv/ssd/START__BO__BO0201__BO0201C/PrisPerAreorSM02/
"Markpris/bostadsarea, kr",Länsregionerna I–III,brutto,2014,5148,https://www.statistikdatabasen.scb.se/pxweb/sv/ssd/START__BO__BO0201__BO0201C/PrisPerAreorSM02/
"Markpris/bostadsarea, kr",Länsregionerna I–III,brutto,2015,5146,https://www.statistikdatabasen.scb.se/pxweb/sv/ssd/START__BO__BO0201__BO0201C/PrisPerAreorSM02/
"Markpris/bostadsarea, kr",Länsregionerna I–III,brutto,2016,5719,https://www.statistikdatabasen.scb.se/pxweb/sv/ssd/START__BO__BO0201__BO0201C/PrisPerAreorSM02/
"Markpris/bostadsarea, kr",Länsregionerna I–III,brutto,2017,6156,https://www.statistikdatabasen.scb.se/pxweb/sv/ssd/START__BO__BO0201__BO0201C/PrisPerAreorSM02/
"Markpris/bostadsarea, kr",Länsregionerna I–III,brutto,2018,5636,https://www.statistikdatabasen.scb.se/pxweb/sv/ssd/START__BO__BO0201__BO0201C/PrisPerAreorSM02/
"Markpris/bostadsarea, kr",Länsregionerna I–III,brutto,2019,6334,https://www.statistikdatabasen.scb.se/pxweb/sv/ssd/START__BO__BO0201__BO0201C/PrisPerAreorSM02/
"Markpris/bostadsarea, kr",Länsregionerna I–III,brutto,2020,6399,https://www.statistikdatabasen.scb.se/pxweb/sv/ssd/START__BO__BO0201__BO0201C/PrisPerAreorSM02/
"Markpris/bostadsarea, kr",Länsregionerna I–III,brutto,2021,6037,https://www.statistikdatabasen.scb.se/pxweb/sv/ssd/START__BO__BO0201__BO0201C/PrisPerAreorSM02/
"Markpris/bostadsarea, kr",Länsregionerna I–III,brutto,2022,6228,https://www.statistikdatabasen.scb.se/pxweb/sv/ssd/START__BO__BO0201__BO0201C/PrisPerAreorSM02/
"Markpris/bostadsarea, kr",Länsregionerna I–III,brutto,2023,6503,https://www.statistikdatabasen.scb.se/pxweb/sv/ssd/START__BO__BO0201__BO0201C/PrisPerAreorSM02/
"Markpris/bostadsarea, kr",Länsregionerna I–III,brutto,2024,6769,https://www.statistikdatabasen.scb.se/pxweb/sv/ssd/START__BO__BO0201__BO0201C/PrisPerAreorSM02/
"Byggnadspris/bostadsarea, kr",Länsregionerna I–III,brutto,1994,,https://www.statistikdatabasen.scb.se/pxweb/sv/ssd/START__BO__BO0201__BO0201C/PrisPerAreorSM02/
"Byggnadspris/bostadsarea, kr",Länsregionerna I–III,brutto,1995,,https://www.statistikdatabasen.scb.se/pxweb/sv/ssd/START__BO__BO0201__BO0201C/PrisPerAreorSM02/
"Byggnadspris/bostadsarea, kr",Länsregionerna I–III,brutto,1996,,https://www.statistikdatabasen.scb.se/pxweb/sv/ssd/START__BO__BO0201__BO0201C/PrisPerAreorSM02/
"Byggnadspris/bostadsarea, kr",Länsregionerna I–III,brutto,1997,,https://www.statistikdatabasen.scb.se/pxweb/sv/ssd/START__BO__BO0201__BO0201C/PrisPerAreorSM02/
"Byggnadspris/bostadsarea, kr",Länsregionerna I–III,brutto,1998,10713,https://www.statistikdatabasen.scb.se/pxweb/sv/ssd/START__BO__BO0201__BO0201C/PrisPerAreorSM02/
"Byggnadspris/bostadsarea, kr",Länsregionerna I–III,brutto,1999,11734,https://www.statistikdatabasen.scb.se/pxweb/sv/ssd/START__BO__BO0201__BO0201C/PrisPerAreorSM02/
"Byggnadspris/bostadsarea, kr",Länsregionerna I–III,brutto,2000,11356,https://www.statistikdatabasen.scb.se/pxweb/sv/ssd/START__BO__BO0201__BO0201C/PrisPerAreorSM02/
"Byggnadspris/bostadsarea, kr",Länsregionerna I–III,brutto,2001,12728,https://www.statistikdatabasen.scb.se/pxweb/sv/ssd/START__BO__BO0201__BO0201C/PrisPerAreorSM02/
"Byggnadspris/bostadsarea, kr",Länsregionerna I–III,brutto,2002,13216,https://www.statistikdatabasen.scb.se/pxweb/sv/ssd/START__BO__BO0201__BO0201C/PrisPerAreorSM02/
"Byggnadspris/bostadsarea, kr",Länsregionerna I–III,brutto,2003,12739,https://www.statistikdatabasen.scb.se/pxweb/sv/ssd/START__BO__BO0201__BO0201C/PrisPerAreorSM02/
"Byggnadspris/bostadsarea, kr",Länsregionerna I–III,brutto,2004,14098,https://www.statistikdatabasen.scb.se/pxweb/sv/ssd/START__BO__BO0201__BO0201C/PrisPerAreorSM02/
"Byggnadspris/bostadsarea, kr",Länsregionerna I–III,brutto,2005,15407,https://www.statistikdatabasen.scb.se/pxweb/sv/ssd/START__BO__BO0201__BO0201C/PrisPerAreorSM02/
"Byggnadspris/bostadsarea, kr",Länsregionerna I–III,brutto,2006,15655,https://www.statistikdatabasen.scb.se/pxweb/sv/ssd/START__BO__BO0201__BO0201C/PrisPerAreorSM02/
"Byggnadspris/bostadsarea, kr",Länsregionerna I–III,brutto,2007,16057,https://www.statistikdatabasen.scb.se/pxweb/sv/ssd/START__BO__BO0201__BO0201C/PrisPerAreorSM02/
"Byggnadspris/bostadsarea, kr",Länsregionerna I–III,brutto,2008,17612,https://www.statistikdatabasen.scb.se/pxweb/sv/ssd/START__BO__BO0201__BO0201C/PrisPerAreorSM02/
"Byggnadspris/bostadsarea, kr",Länsregionerna I–III,brutto,2009,17580,https://www.statistikdatabasen.scb.se/pxweb/sv/ssd/START__BO__BO0201__BO0201C/PrisPerAreorSM02/
"Byggnadspris/bostadsarea, kr",Länsregionerna I–III,brutto,2010,18406,https://www.statistikdatabasen.scb.se/pxweb/sv/ssd/START__BO__BO0201__BO0201C/PrisPerAreorSM02/
"Byggnadspris/bostadsarea, kr",Länsregionerna I–III,brutto,2011,19302,https://www.statistikdatabasen.scb.se/pxweb/sv/ssd/START__BO__BO0201__BO0201C/PrisPerAreorSM02/
"Byggnadspris/bostadsarea, kr",Länsregionerna I–III,brutto,2012,19722,https://www.statistikdatabasen.scb.se/pxweb/sv/ssd/START__BO__BO0201__BO0201C/PrisPerAreorSM02/
"Byggnadspris/bostadsarea, kr",Länsregionerna I–III,brutto,2013,19825,https://www.statistikdatabasen.scb.se/pxweb/sv/ssd/START__BO__BO0201__BO0201C/PrisPerAreorSM02/
"Byggnadspris/bostadsarea, kr",Länsregionerna I–III,brutto,2014,20459,https://www.statistikdatabasen.scb.se/pxweb/sv/ssd/START__BO__BO0201__BO0201C/PrisPerAreorSM02/
"Byggnadspris/bostadsarea, kr",Länsregionerna I–III,brutto,2015,21881,https://www.statistikdatabasen.scb.se/pxweb/sv/ssd/START__BO__BO0201__BO0201C/PrisPerAreorSM02/
"Byggnadspris/bostadsarea, kr",Länsregionerna I–III,brutto,2016,22642,https://www.statistikdatabasen.scb.se/pxweb/sv/ssd/START__BO__BO0201__BO0201C/PrisPerAreorSM02/
"Byggnadspris/bostadsarea, kr",Länsregionerna I–III,brutto,2017,23412,https://www.statistikdatabasen.scb.se/pxweb/sv/ssd/START__BO__BO0201__BO0201C/PrisPerAreorSM02/
"Byggnadspris/bostadsarea, kr",Länsregionerna I–III,brutto,2018,23947,https://www.statistikdatabasen.scb.se/pxweb/sv/ssd/START__BO__BO0201__BO0201C/PrisPerAreorSM02/
"Byggnadspris/bostadsarea, kr",Länsregionerna I–III,brutto,2019,23894,https://www.statistikdatabasen.scb.se/pxweb/sv/ssd/START__BO__BO0201__BO0201C/PrisPerAreorSM02/
"Byggnadspris/bostadsarea, kr",Länsregionerna I–III,brutto,2020,25696,https://www.statistikdatabasen.scb.se/pxweb/sv/ssd/START__BO__BO0201__BO0201C/PrisPerAreorSM02/
"Byggnadspris/bostadsarea, kr",Länsregionerna I–III,brutto,2021,26137,https://www.statistikdatabasen.scb.se/pxweb/sv/ssd/START__BO__BO0201__BO0201C/PrisPerAreorSM02/
"Byggnadspris/bostadsarea, kr",Länsregionerna I–III,brutto,2022,26499,https://www.statistikdatabasen.scb.se/pxweb/sv/ssd/START__BO__BO0201__BO0201C/PrisPerAreorSM02/
"Byggnadspris/bostadsarea, kr",Länsregionerna I–III,brutto,2023,26861,https://www.statistikdatabasen.scb.se/pxweb/sv/ssd/START__BO__BO0201__BO0201C/PrisPerAreorSM02/
"Byggnadspris/bostadsarea, kr",Länsregionerna I–III,brutto,2024,29543,https://www.statistikdatabasen.scb.se/pxweb/sv/ssd/START__BO__BO0201__BO0201C/PrisPerAreorSM02/
"Totalt produktionspris/bostadsarea, kr",Länsregionerna I–III,brutto,1994,,https://www.statistikdatabasen.scb.se/pxweb/sv/ssd/START__BO__BO0201__BO0201C/PrisPerAreorSM02/
"Totalt produktionspris/bostadsarea, kr",Länsregionerna I–III,brutto,1995,,https://www.statistikdatabasen.scb.se/pxweb/sv/ssd/START__BO__BO0201__BO0201C/PrisPerAreorSM02/
"Totalt produktionspris/bostadsarea, kr",Länsregionerna I–III,brutto,1996,,https://www.statistikdatabasen.scb.se/pxweb/sv/ssd/START__BO__BO0201__BO0201C/PrisPerAreorSM02/
"Totalt produktionspris/bostadsarea, kr",Länsregionerna I–III,brutto,1997,,https://www.statistikdatabasen.scb.se/pxweb/sv/ssd/START__BO__BO0201__BO0201C/PrisPerAreorSM02/
"Totalt produktionspris/bostadsarea, kr",Länsregionerna I–III,brutto,1998,11897,https://www.statistikdatabasen.scb.se/pxweb/sv/ssd/START__BO__BO0201__BO0201C/PrisPerAreorSM02/
"Totalt produktionspris/bostadsarea, kr",Länsregionerna I–III,brutto,1999,13034,https://www.statistikdatabasen.scb.se/pxweb/sv/ssd/START__BO__BO0201__BO0201C/PrisPerAreorSM02/
"Totalt produktionspris/bostadsarea, kr",Länsregionerna I–III,brutto,2000,12946,https://www.statistikdatabasen.scb.se/pxweb/sv/ssd/START__BO__BO0201__BO0201C/PrisPerAreorSM02/
"Totalt produktionspris/bostadsarea, kr",Länsregionerna I–III,brutto,2001,14535,https://www.statistikdatabasen.scb.se/pxweb/sv/ssd/START__BO__BO0201__BO0201C/PrisPerAreorSM02/
"Totalt produktionspris/bostadsarea, kr",Länsregionerna I–III,brutto,2002,15183,https://www.statistikdatabasen.scb.se/pxweb/sv/ssd/START__BO__BO0201__BO0201C/PrisPerAreorSM02/
"Totalt produktionspris/bostadsarea, kr",Länsregionerna I–III,brutto,2003,15407,https://www.statistikdatabasen.scb.se/pxweb/sv/ssd/START__BO__BO0201__BO0201C/PrisPerAreorSM02/
"Totalt produktionspris/bostadsarea, kr",Länsregionerna I–III,brutto,2004,16526,https://www.statistikdatabasen.scb.se/pxweb/sv/ssd/START__BO__BO0201__BO0201C/PrisPerAreorSM02/
"Totalt produktionspris/bostadsarea, kr",Länsregionerna I–III,brutto,2005,17876,https://www.statistikdatabasen.scb.se/pxweb/sv/ssd/START__BO__BO0201__BO0201C/PrisPerAreorSM02/
"Totalt produktionspris/bostadsarea, kr",Länsregionerna I–III,brutto,2006,18257,https://www.statistikdatabasen.scb.se/pxweb/sv/ssd/START__BO__BO0201__BO0201C/PrisPerAreorSM02/
"Totalt produktionspris/bostadsarea, kr",Länsregionerna I–III,brutto,2007,19513,https://www.statistikdatabasen.scb.se/pxweb/sv/ssd/START__BO__BO0201__BO0201C/PrisPerAreorSM02/
"Totalt produktionspris/bostadsarea, kr",Länsregionerna I–III,brutto,2008,21723,https://www.statistikdatabasen.scb.se/pxweb/sv/ssd/START__BO__BO0201__BO0201C/PrisPerAreorSM02/
"Totalt produktionspris/bostadsarea, kr",Länsregionerna I–III,brutto,2009,21460,https://www.statistikdatabasen.scb.se/pxweb/sv/ssd/START__BO__BO0201__BO0201C/PrisPerAreorSM02/
"Totalt produktionspris/bostadsarea, kr",Länsregionerna I–III,brutto,2010,23451,https://www.statistikdatabasen.scb.se/pxweb/sv/ssd/START__BO__BO0201__BO0201C/PrisPerAreorSM02/
"Totalt produktionspris/bostadsarea, kr",Länsregionerna I–III,brutto,2011,24341,https://www.statistikdatabasen.scb.se/pxweb/sv/ssd/START__BO__BO0201__BO0201C/PrisPerAreorSM02/
"Totalt produktionspris/bostadsarea, kr",Länsregionerna I–III,brutto,2012,24386,https://www.statistikdatabasen.scb.se/pxweb/sv/ssd/START__BO__BO0201__BO0201C/PrisPerAreorSM02/
"Totalt produktionspris/bostadsarea, kr",Länsregionerna I–III,brutto,2013,24628,https://www.statistikdatabasen.scb.se/pxweb/sv/ssd/START__BO__BO0201__BO0201C/PrisPerAreorSM02/
"Totalt produktionspris/bostadsarea, kr",Länsregionerna I–III,brutto,2014,25607,https://www.statistikdatabasen.scb.se/pxweb/sv/ssd/START__BO__BO0201__BO0201C/PrisPerAreorSM02/
"Totalt produktionspris/bostadsarea, kr",Länsregionerna I–III,brutto,2015,27028,https://www.statistikdatabasen.scb.se/pxweb/sv/ssd/START__BO__BO0201__BO0201C/PrisPerAreorSM02/
"Totalt produktionspris/bostadsarea, kr",Länsregionerna I–III,brutto,2016,28360,https://www.statistikdatabasen.scb.se/pxweb/sv/ssd/START__BO__BO0201__BO0201C/PrisPerAreorSM02/
"Totalt produktionspris/bostadsarea, kr",Länsregionerna I–III,brutto,2017,29568,https://www.statistikdatabasen.scb.se/pxweb/sv/ssd/START__BO__BO0201__BO0201C/PrisPerAreorSM02/
"Totalt produktionspris/bostadsarea, kr",Länsregionerna I–III,brutto,2018,29583,https://www.statistikdatabasen.scb.se/pxweb/sv/ssd/START__BO__BO0201__BO0201C/PrisPerAreorSM02/
"Totalt produktionspris/bostadsarea, kr",Länsregionerna I–III,brutto,2019,30228,https://www.statistikdatabasen.scb.se/pxweb/sv/ssd/START__BO__BO0201__BO0201C/PrisPerAreorSM02/
"Totalt produktionspris/bostadsarea, kr",Länsregionerna I–III,brutto,2020,32096,https://www.statistikdatabasen.scb.se/pxweb/sv/ssd/START__BO__BO0201__BO0201C/PrisPerAreorSM02/
"Totalt produktionspris/bostadsarea, kr",Länsregionerna I–III,brutto,2021,32174,https://www.statistikdatabasen.scb.se/pxweb/sv/ssd/START__BO__BO0201__BO0201C/PrisPerAreorSM02/
"Totalt produktionspris/bostadsarea, kr",Länsregionerna I–III,brutto,2022,32727,https://www.statistikdatabasen.scb.se/pxweb/sv/ssd/START__BO__BO0201__BO0201C/PrisPerAreorSM02/
"Totalt produktionspris/bostadsarea, kr",Länsregionerna I–III,brutto,2023,33364,https://www.statistikdatabasen.scb.se/pxweb/sv/ssd/START__BO__BO0201__BO0201C/PrisPerAreorSM02/
"Totalt produktionspris/bostadsarea, kr",Länsregionerna I–III,brutto,2024,36312,https://www.statistikdatabasen.scb.se/pxweb/sv/ssd/START__BO__BO0201__BO0201C/PrisPerAreorSM02/
"Byggnadsobjekt, antal som prisstatistiken baseras på",Länsregionerna I–III,netto,1994,112,https://www.statistikdatabasen.scb.se/pxweb/sv/ssd/START__BO__BO0201__BO0201C/PrisPerAreorSM02/
"Byggnadsobjekt, antal som prisstatistiken baseras på",Länsregionerna I–III,netto,1995,106,https://www.statistikdatabasen.scb.se/pxweb/sv/ssd/START__BO__BO0201__BO0201C/PrisPerAreorSM02/
"Byggnadsobjekt, antal som prisstatistiken baseras på",Länsregionerna I–III,netto,1996,211,https://www.statistikdatabasen.scb.se/pxweb/sv/ssd/START__BO__BO0201__BO0201C/PrisPerAreorSM02/
"Byggnadsobjekt, antal som prisstatistiken baseras på",Länsregionerna I–III,netto,1997,66,https://www.statistikdatabasen.scb.se/pxweb/sv/ssd/START__BO__BO0201__BO0201C/PrisPerAreorSM02/
"Byggnadsobjekt, antal som prisstatistiken baseras på",Länsregionerna I–III,netto,1998,86,https://www.statistikdatabasen.scb.se/pxweb/sv/ssd/START__BO__BO0201__BO0201C/PrisPerAreorSM02/
"Byggnadsobjekt, antal som prisstatistiken baseras på",Länsregionerna I–III,netto,1999,43,https://www.statistikdatabasen.scb.se/pxweb/sv/ssd/START__BO__BO0201__BO0201C/PrisPerAreorSM02/
"Byggnadsobjekt, antal som prisstatistiken baseras på",Länsregionerna I–III,netto,2000,99,https://www.statistikdatabasen.scb.se/pxweb/sv/ssd/START__BO__BO0201__BO0201C/PrisPerAreorSM02/
"Byggnadsobjekt, antal som prisstatistiken baseras på",Länsregionerna I–III,netto,2001,115,https://www.statistikdatabasen.scb.se/pxweb/sv/ssd/START__BO__BO0201__BO0201C/PrisPerAreorSM02/
"Byggnadsobjekt, antal som prisstatistiken baseras på",Länsregionerna I–III,netto,2002,108,https://www.statistikdatabasen.scb.se/pxweb/sv/ssd/START__BO__BO0201__BO0201C/PrisPerAreorSM02/
"Byggnadsobjekt, antal som prisstatistiken baseras på",Länsregionerna I–III,netto,2003,149,https://www.statistikdatabasen.scb.se/pxweb/sv/ssd/START__BO__BO0201__BO0201C/PrisPerAreorSM02/
"Byggnadsobjekt, antal som prisstatistiken baseras på",Länsregionerna I–III,netto,2004,185,https://www.statistikdatabasen.scb.se/pxweb/sv/ssd/START__BO__BO0201__BO0201C/PrisPerAreorSM02/
"Byggnadsobjekt, antal som prisstatistiken baseras på",Länsregionerna I–III,netto,2005,209,https://www.statistikdatabasen.scb.se/pxweb/sv/ssd/START__BO__BO0201__BO0201C/PrisPerAreorSM02/
"Byggnadsobjekt, antal som prisstatistiken baseras på",Länsregionerna I–III,netto,2006,211,https://www.statistikdatabasen.scb.se/pxweb/sv/ssd/START__BO__BO0201__BO0201C/PrisPerAreorSM02/
"Byggnadsobjekt, antal som prisstatistiken baseras på",Länsregionerna I–III,netto,2007,233,https://www.statistikdatabasen.scb.se/pxweb/sv/ssd/START__BO__BO0201__BO0201C/PrisPerAreorSM02/
"Byggnadsobjekt, antal som prisstatistiken baseras på",Länsregionerna I–III,netto,2008,254,https://www.statistikdatabasen.scb.se/pxweb/sv/ssd/START__BO__BO0201__BO0201C/PrisPerAreorSM02/
"Byggnadsobjekt, antal som prisstatistiken baseras på",Länsregionerna I–III,netto,2009,185,https://www.statistikdatabasen.scb.se/pxweb/sv/ssd/START__BO__BO0201__BO0201C/PrisPerAreorSM02/
"Byggnadsobjekt, antal som prisstatistiken baseras på",Länsregionerna I–III,netto,2010,245,https://www.statistikdatabasen.scb.se/pxweb/sv/ssd/START__BO__BO0201__BO0201C/PrisPerAreorSM02/
"Byggnadsobjekt, antal som prisstatistiken baseras på",Länsregionerna I–III,netto,2011,163,https://www.statistikdatabasen.scb.se/pxweb/sv/ssd/START__BO__BO0201__BO0201C/PrisPerAreorSM02/
"Byggnadsobjekt, antal som prisstatistiken baseras på",Länsregionerna I–III,netto,2012,128,https://www.statistikdatabasen.scb.se/pxweb/sv/ssd/START__BO__BO0201__BO0201C/PrisPerAreorSM02/
"Byggnadsobjekt, antal som prisstatistiken baseras på",Länsregionerna I–III,netto,2013,193,https://www.statistikdatabasen.scb.se/pxweb/sv/ssd/START__BO__BO0201__BO0201C/PrisPerAreorSM02/
"Byggnadsobjekt, antal som prisstatistiken baseras på",Länsregionerna I–III,netto,2014,298,https://www.statistikdatabasen.scb.se/pxweb/sv/ssd/START__BO__BO0201__BO0201C/PrisPerAreorSM02/
"Byggnadsobjekt, antal som prisstatistiken baseras på",Länsregionerna I–III,netto,2015,330,https://www.statistikdatabasen.scb.se/pxweb/sv/ssd/START__BO__BO0201__BO0201C/PrisPerAreorSM02/
"Byggnadsobjekt, antal som prisstatistiken baseras på",Länsregionerna I–III,netto,2016,386,https://www.statistikdatabasen.scb.se/pxweb/sv/ssd/START__BO__BO0201__BO0201C/PrisPerAreorSM02/
"Byggnadsobjekt, antal som prisstatistiken baseras på",Länsregionerna I–III,netto,2017,398,https://www.statistikdatabasen.scb.se/pxweb/sv/ssd/START__BO__BO0201__BO0201C/PrisPerAreorSM02/
"Byggnadsobjekt, antal som prisstatistiken baseras på",Länsregionerna I–III,netto,2018,301,https://www.statistikdatabasen.scb.se/pxweb/sv/ssd/START__BO__BO0201__BO0201C/PrisPerAreorSM02/
"Byggnadsobjekt, antal som prisstatistiken baseras på",Länsregionerna I–III,netto,2019,264,https://www.statistikdatabasen.scb.se/pxweb/sv/ssd/START__BO__BO0201__BO0201C/PrisPerAreorSM02/
"Byggnadsobjekt, antal som prisstatistiken baseras på",Länsregionerna I–III,netto,2020,273,https://www.statistikdatabasen.scb.se/pxweb/sv/ssd/START__BO__BO0201__BO0201C/PrisPerAreorSM02/
"Byggnadsobjekt, antal som prisstatistiken baseras på",Länsregionerna I–III,netto,2021,306,https://www.statistikdatabasen.scb.se/pxweb/sv/ssd/START__BO__BO0201__BO0201C/PrisPerAreorSM02/
"Byggnadsobjekt, antal som prisstatistiken baseras på",Länsregionerna I–III,netto,2022,299,https://www.statistikdatabasen.scb.se/pxweb/sv/ssd/START__BO__BO0201__BO0201C/PrisPerAreorSM02/
"Byggnadsobjekt, antal som prisstatistiken baseras på",Länsregionerna I–III,netto,2023,129,https://www.statistikdatabasen.scb.se/pxweb/sv/ssd/START__BO__BO0201__BO0201C/PrisPerAreorSM02/
"Byggnadsobjekt, antal som prisstatistiken baseras på",Länsregionerna I–III,netto,2024,114,https://www.statistikdatabasen.scb.se/pxweb/sv/ssd/START__BO__BO0201__BO0201C/PrisPerAreorSM02/
"Lägenheter, antal som prisstatistiken baseras på",Länsregionerna I–III,netto,1994,326,https://www.statistikdatabasen.scb.se/pxweb/sv/ssd/START__BO__BO0201__BO0201C/PrisPerAreorSM02/
"Lägenheter, antal som prisstatistiken baseras på",Länsregionerna I–III,netto,1995,397,https://www.statistikdatabasen.scb.se/pxweb/sv/ssd/START__BO__BO0201__BO0201C/PrisPerAreorSM02/
"Lägenheter, antal som prisstatistiken baseras på",Länsregionerna I–III,netto,1996,542,https://www.statistikdatabasen.scb.se/pxweb/sv/ssd/START__BO__BO0201__BO0201C/PrisPerAreorSM02/
"Lägenheter, antal som prisstatistiken baseras på",Länsregionerna I–III,netto,1997,248,https://www.statistikdatabasen.scb.se/pxweb/sv/ssd/START__BO__BO0201__BO0201C/PrisPerAreorSM02/
"Lägenheter, antal som prisstatistiken baseras på",Länsregionerna I–III,netto,1998,461,https://www.statistikdatabasen.scb.se/pxweb/sv/ssd/START__BO__BO0201__BO0201C/PrisPerAreorSM02/
"Lägenheter, antal som prisstatistiken baseras på",Länsregionerna I–III,netto,1999,153,https://www.statistikdatabasen.scb.se/pxweb/sv/ssd/START__BO__BO0201__BO0201C/PrisPerAreorSM02/
"Lägenheter, antal som prisstatistiken baseras på",Länsregionerna I–III,netto,2000,733,https://www.statistikdatabasen.scb.se/pxweb/sv/ssd/START__BO__BO0201__BO0201C/PrisPerAreorSM02/
"Lägenheter, antal som prisstatistiken baseras på",Länsregionerna I–III,netto,2001,893,https://www.statistikdatabasen.scb.se/pxweb/sv/ssd/START__BO__BO0201__BO0201C/PrisPerAreorSM02/
"Lägenheter, antal som prisstatistiken baseras på",Länsregionerna I–III,netto,2002,701,https://www.statistikdatabasen.scb.se/pxweb/sv/ssd/START__BO__BO0201__BO0201C/PrisPerAreorSM02/
"Lägenheter, antal som prisstatistiken baseras på",Länsregionerna I–III,netto,2003,852,https://www.statistikdatabasen.scb.se/pxweb/sv/ssd/START__BO__BO0201__BO0201C/PrisPerAreorSM02/
"Lägenheter, antal som prisstatistiken baseras på",Länsregionerna I–III,netto,2004,1113,https://www.statistikdatabasen.scb.se/pxweb/sv/ssd/START__BO__BO0201__BO0201C/PrisPerAreorSM02/
"Lägenheter, antal som prisstatistiken baseras på",Länsregionerna I–III,netto,2005,1464,https://www.statistikdatabasen.scb.se/pxweb/sv/ssd/START__BO__BO0201__BO0201C/PrisPerAreorSM02/
"Lägenheter, antal som prisstatistiken baseras på",Länsregionerna I–III,netto,2006,1316,https://www.statistikdatabasen.scb.se/pxweb/sv/ssd/START__BO__BO0201__BO0201C/PrisPerAreorSM02/
"Lägenheter, antal som prisstatistiken baseras på",Länsregionerna I–III,netto,2007,1379,https://www.statistikdatabasen.scb.se/pxweb/sv/ssd/START__BO__BO0201__BO0201C/PrisPerAreorSM02/
"Lägenheter, antal som prisstatistiken baseras på",Länsregionerna I–III,netto,2008,1072,https://www.statistikdatabasen.scb.se/pxweb/sv/ssd/START__BO__BO0201__BO0201C/PrisPerAreorSM02/
"Lägenheter, antal som prisstatistiken baseras på",Länsregionerna I–III,netto,2009,1125,https://www.statistikdatabasen.scb.se/pxweb/sv/ssd/START__BO__BO0201__BO0201C/PrisPerAreorSM02/
"Lägenheter, antal som prisstatistiken baseras på",Länsregionerna I–III,netto,2010,1492,https://www.statistikdatabasen.scb.se/pxweb/sv/ssd/START__BO__BO0201__BO0201C/PrisPerAreorSM02/
"Lägenheter, antal som prisstatistiken baseras på",Länsregionerna I–III,netto,2011,1043,https://www.statistikdatabasen.scb.se/pxweb/sv/ssd/START__BO__BO0201__BO0201C/PrisPerAreorSM02/
"Lägenheter, antal som prisstatistiken baseras på",Länsregionerna I–III,netto,2012,756,https://www.statistikdatabasen.scb.se/pxweb/sv/ssd/START__BO__BO0201__BO0201C/PrisPerAreorSM02/
"Lägenheter, antal som prisstatistiken baseras på",Länsregionerna I–III,netto,2013,1046,https://www.statistikdatabasen.scb.se/pxweb/sv/ssd/START__BO__BO0201__BO0201C/PrisPerAreorSM02/
"Lägenheter, antal som prisstatistiken baseras på",Länsregionerna I–III,netto,2014,1292,https://www.statistikdatabasen.scb.se/pxweb/sv/ssd/START__BO__BO0201__BO0201C/PrisPerAreorSM02/
"Lägenheter, antal som prisstatistiken baseras på",Länsregionerna I–III,netto,2015,2033,https://www.statistikdatabasen.scb.se/pxweb/sv/ssd/START__BO__BO0201__BO0201C/PrisPerAreorSM02/
"Lägenheter, antal som prisstatistiken baseras på",Länsregionerna I–III,netto,2016,2639,https://www.statistikdatabasen.scb.se/pxweb/sv/ssd/START__BO__BO0201__BO0201C/PrisPerAreorSM02/
"Lägenheter, antal som prisstatistiken baseras på",Länsregionerna I–III,netto,2017,2230,https://www.statistikdatabasen.scb.se/pxweb/sv/ssd/START__BO__BO0201__BO0201C/PrisPerAreorSM02/
"Lägenheter, antal som prisstatistiken baseras på",Länsregionerna I–III,netto,2018,1915,https://www.statistikdatabasen.scb.se/pxweb/sv/ssd/START__BO__BO0201__BO0201C/PrisPerAreorSM02/
"Lägenheter, antal som prisstatistiken baseras på",Länsregionerna I–III,netto,2019,1652,https://www.statistikdatabasen.scb.se/pxweb/sv/ssd/START__BO__BO0201__BO0201C/PrisPerAreorSM02/
"Lägenheter, antal som prisstatistiken baseras på",Länsregionerna I–III,netto,2020,1661,https://www.statistikdatabasen.scb.se/pxweb/sv/ssd/START__BO__BO0201__BO0201C/PrisPerAreorSM02/
"Lägenheter, antal som prisstatistiken baseras på",Länsregionerna I–III,netto,2021,2173,https://www.statistikdatabasen.scb.se/pxweb/sv/ssd/START__BO__BO0201__BO0201C/PrisPerAreorSM02/
"Lägenheter, antal som prisstatistiken baseras på",Länsregionerna I–III,netto,2022,2172,https://www.statistikdatabasen.scb.se/pxweb/sv/ssd/START__BO__BO0201__BO0201C/PrisPerAreorSM02/
"Lägenheter, antal som prisstatistiken baseras på",Länsregionerna I–III,netto,2023,555,https://www.statistikdatabasen.scb.se/pxweb/sv/ssd/START__BO__BO0201__BO0201C/PrisPerAreorSM02/
"Lägenheter, antal som prisstatistiken baseras på",Länsregionerna I–III,netto,2024,569,https://www.statistikdatabasen.scb.se/pxweb/sv/ssd/START__BO__BO0201__BO0201C/PrisPerAreorSM02/
"Bostadsarea/lägenhet, kvm",Länsregionerna I–III,netto,1994,,https://www.statistikdatabasen.scb.se/pxweb/sv/ssd/START__BO__BO0201__BO0201C/PrisPerAreorSM02/
"Bostadsarea/lägenhet, kvm",Länsregionerna I–III,netto,1995,,https://www.statistikdatabasen.scb.se/pxweb/sv/ssd/START__BO__BO0201__BO0201C/PrisPerAreorSM02/
"Bostadsarea/lägenhet, kvm",Länsregionerna I–III,netto,1996,,https://www.statistikdatabasen.scb.se/pxweb/sv/ssd/START__BO__BO0201__BO0201C/PrisPerAreorSM02/
"Bostadsarea/lägenhet, kvm",Länsregionerna I–III,netto,1997,,https://www.statistikdatabasen.scb.se/pxweb/sv/ssd/START__BO__BO0201__BO0201C/PrisPerAreorSM02/
"Bostadsarea/lägenhet, kvm",Länsregionerna I–III,netto,1998,100.5,https://www.statistikdatabasen.scb.se/pxweb/sv/ssd/START__BO__BO0201__BO0201C/PrisPerAreorSM02/
"Bostadsarea/lägenhet, kvm",Länsregionerna I–III,netto,1999,92.1,https://www.statistikdatabasen.scb.se/pxweb/sv/ssd/START__BO__BO0201__BO0201C/PrisPerAreorSM02/
"Bostadsarea/lägenhet, kvm",Länsregionerna I–III,netto,2000,119.3,https://www.statistikdatabasen.scb.se/pxweb/sv/ssd/START__BO__BO0201__BO0201C/PrisPerAreorSM02/
"Bostadsarea/lägenhet, kvm",Länsregionerna I–III,netto,2001,122.3,https://www.statistikdatabasen.scb.se/pxweb/sv/ssd/START__BO__BO0201__BO0201C/PrisPerAreorSM02/
"Bostadsarea/lägenhet, kvm",Länsregionerna I–III,netto,2002,122.8,https://www.statistikdatabasen.scb.se/pxweb/sv/ssd/START__BO__BO0201__BO0201C/PrisPerAreorSM02/
"Bostadsarea/lägenhet, kvm",Länsregionerna I–III,netto,2003,124.7,https://www.statistikdatabasen.scb.se/pxweb/sv/ssd/START__BO__BO0201__BO0201C/PrisPerAreorSM02/
"Bostadsarea/lägenhet, kvm",Länsregionerna I–III,netto,2004,120.7,https://www.statistikdatabasen.scb.se/pxweb/sv/ssd/START__BO__BO0201__BO0201C/PrisPerAreorSM02/
"Bostadsarea/lägenhet, kvm",Länsregionerna I–III,netto,2005,116.1,https://www.statistikdatabasen.scb.se/pxweb/sv/ssd/START__BO__BO0201__BO0201C/PrisPerAreorSM02/
"Bostadsarea/lägenhet, kvm",Länsregionerna I–III,netto,2006,113.2,https://www.statistikdatabasen.scb.se/pxweb/sv/ssd/START__BO__BO0201__BO0201C/PrisPerAreorSM02/
"Bostadsarea/lägenhet, kvm",Länsregionerna I–III,netto,2007,131.1,https://www.statistikdatabasen.scb.se/pxweb/sv/ssd/START__BO__BO0201__BO0201C/PrisPerAreorSM02/
"Bostadsarea/lägenhet, kvm",Länsregionerna I–III,netto,2008,122.1,https://www.statistikdatabasen.scb.se/pxweb/sv/ssd/START__BO__BO0201__BO0201C/PrisPerAreorSM02/
"Bostadsarea/lägenhet, kvm",Länsregionerna I–III,netto,2009,111,https://www.statistikdatabasen.scb.se/pxweb/sv/ssd/START__BO__BO0201__BO0201C/PrisPerAreorSM02/
"Bostadsarea/lägenhet, kvm",Länsregionerna I–III,netto,2010,122.6,https://www.statistikdatabasen.scb.se/pxweb/sv/ssd/START__BO__BO0201__BO0201C/PrisPerAreorSM02/
"Bostadsarea/lägenhet, kvm",Länsregionerna I–III,netto,2011,113.8,https://www.statistikdatabasen.scb.se/pxweb/sv/ssd/START__BO__BO0201__BO0201C/PrisPerAreorSM02/
"Bostadsarea/lägenhet, kvm",Länsregionerna I–III,netto,2012,110.6,https://www.statistikdatabasen.scb.se/pxweb/sv/ssd/START__BO__BO0201__BO0201C/PrisPerAreorSM02/
"Bostadsarea/lägenhet, kvm",Länsregionerna I–III,netto,2013,111.9,https://www.statistikdatabasen.scb.se/pxweb/sv/ssd/START__BO__BO0201__BO0201C/PrisPerAreorSM02/
"Bostadsarea/lägenhet, kvm",Länsregionerna I–III,netto,2014,113.9,https://www.statistikdatabasen.scb.se/pxweb/sv/ssd/START__BO__BO0201__BO0201C/PrisPerAreorSM02/
"Bostadsarea/lägenhet, kvm",Länsregionerna I–III,netto,2015,114.1,https://www.statistikdatabasen.scb.se/pxweb/sv/ssd/START__BO__BO0201__BO0201C/PrisPerAreorSM02/
"Bostadsarea/lägenhet, kvm",Länsregionerna I–III,netto,2016,115.6,https://www.statistikdatabasen.scb.se/pxweb/sv/ssd/START__BO__BO0201__BO0201C/PrisPerAreorSM02/
"Bostadsarea/lägenhet, kvm",Länsregionerna I–III,netto,2017,115.7,https://www.statistikdatabasen.scb.se/pxweb/sv/ssd/START__BO__BO0201__BO0201C/PrisPerAreorSM02/
"Bostadsarea/lägenhet, kvm",Länsregionerna I–III,netto,2018,113.9,https://www.statistikdatabasen.scb.se/pxweb/sv/ssd/START__BO__BO0201__BO0201C/PrisPerAreorSM02/
"Bostadsarea/lägenhet, kvm",Länsregionerna I–III,netto,2019,110.6,https://www.statistikdatabasen.scb.se/pxweb/sv/ssd/START__BO__BO0201__BO0201C/PrisPerAreorSM02/
"Bostadsarea/lägenhet, kvm",Länsregionerna I–III,netto,2020,109.7,https://www.statistikdatabasen.scb.se/pxweb/sv/ssd/START__BO__BO0201__BO0201C/PrisPerAreorSM02/
"Bostadsarea/lägenhet, kvm",Länsregionerna I–III,netto,2021,107.8,https://www.statistikdatabasen.scb.se/pxweb/sv/ssd/START__BO__BO0201__BO0201C/PrisPerAreorSM02/
"Bostadsarea/lägenhet, kvm",Länsregionerna I–III,netto,2022,112.5,https://www.statistikdatabasen.scb.se/pxweb/sv/ssd/START__BO__BO0201__BO0201C/PrisPerAreorSM02/
"Bostadsarea/lägenhet, kvm",Länsregionerna I–III,netto,2023,109.3,https://www.statistikdatabasen.scb.se/pxweb/sv/ssd/START__BO__BO0201__BO0201C/PrisPerAreorSM02/
"Bostadsarea/lägenhet, kvm",Länsregionerna I–III,netto,2024,110.2,https://www.statistikdatabasen.scb.se/pxweb/sv/ssd/START__BO__BO0201__BO0201C/PrisPerAreorSM02/
"Markpris/bostadsarea, kr",Länsregionerna I–III,netto,1994,,https://www.statistikdatabasen.scb.se/pxweb/sv/ssd/START__BO__BO0201__BO0201C/PrisPerAreorSM02/
"Markpris/bostadsarea, kr",Länsregionerna I–III,netto,1995,,https://www.statistikdatabasen.scb.se/pxweb/sv/ssd/START__BO__BO0201__BO0201C/PrisPerAreorSM02/
"Markpris/bostadsarea, kr",Länsregionerna I–III,netto,1996,,https://www.statistikdatabasen.scb.se/pxweb/sv/ssd/START__BO__BO0201__BO0201C/PrisPerAreorSM02/
"Markpris/bostadsarea, kr",Länsregionerna I–III,netto,1997,,https://www.statistikdatabasen.scb.se/pxweb/sv/ssd/START__BO__BO0201__BO0201C/PrisPerAreorSM02/
"Markpris/bostadsarea, kr",Länsregionerna I–III,netto,1998,1185,https://www.statistikdatabasen.scb.se/pxweb/sv/ssd/START__BO__BO0201__BO0201C/PrisPerAreorSM02/
"Markpris/bostadsarea, kr",Länsregionerna I–III,netto,1999,1300,https://www.statistikdatabasen.scb.se/pxweb/sv/ssd/START__BO__BO0201__BO0201C/PrisPerAreorSM02/
"Markpris/bostadsarea, kr",Länsregionerna I–III,netto,2000,1590,https://www.statistikdatabasen.scb.se/pxweb/sv/ssd/START__BO__BO0201__BO0201C/PrisPerAreorSM02/
"Markpris/bostadsarea, kr",Länsregionerna I–III,netto,2001,1806,https://www.statistikdatabasen.scb.se/pxweb/sv/ssd/START__BO__BO0201__BO0201C/PrisPerAreorSM02/
"Markpris/bostadsarea, kr",Länsregionerna I–III,netto,2002,1967,https://www.statistikdatabasen.scb.se/pxweb/sv/ssd/START__BO__BO0201__BO0201C/PrisPerAreorSM02/
"Markpris/bostadsarea, kr",Länsregionerna I–III,netto,2003,2663,https://www.statistikdatabasen.scb.se/pxweb/sv/ssd/START__BO__BO0201__BO0201C/PrisPerAreorSM02/
"Markpris/bostadsarea, kr",Länsregionerna I–III,netto,2004,2424,https://www.statistikdatabasen.scb.se/pxweb/sv/ssd/START__BO__BO0201__BO0201C/PrisPerAreorSM02/
"Markpris/bostadsarea, kr",Länsregionerna I–III,netto,2005,2467,https://www.statistikdatabasen.scb.se/pxweb/sv/ssd/START__BO__BO0201__BO0201C/PrisPerAreorSM02/
"Markpris/bostadsarea, kr",Länsregionerna I–III,netto,2006,2597,https://www.statistikdatabasen.scb.se/pxweb/sv/ssd/START__BO__BO0201__BO0201C/PrisPerAreorSM02/
"Markpris/bostadsarea, kr",Länsregionerna I–III,netto,2007,3456,https://www.statistikdatabasen.scb.se/pxweb/sv/ssd/START__BO__BO0201__BO0201C/PrisPerAreorSM02/
"Markpris/bostadsarea, kr",Länsregionerna I–III,netto,2008,4112,https://www.statistikdatabasen.scb.se/pxweb/sv/ssd/START__BO__BO0201__BO0201C/PrisPerAreorSM02/
"Markpris/bostadsarea, kr",Länsregionerna I–III,netto,2009,3880,https://www.statistikdatabasen.scb.se/pxweb/sv/ssd/START__BO__BO0201__BO0201C/PrisPerAreorSM02/
"Markpris/bostadsarea, kr",Länsregionerna I–III,netto,2010,5045,https://www.statistikdatabasen.scb.se/pxweb/sv/ssd/START__BO__BO0201__BO0201C/PrisPerAreorSM02/
"Markpris/bostadsarea, kr",Länsregionerna I–III,netto,2011,5039,https://www.statistikdatabasen.scb.se/pxweb/sv/ssd/START__BO__BO0201__BO0201C/PrisPerAreorSM02/
"Markpris/bostadsarea, kr",Länsregionerna I–III,netto,2012,4664,https://www.statistikdatabasen.scb.se/pxweb/sv/ssd/START__BO__BO0201__BO0201C/PrisPerAreorSM02/
"Markpris/bostadsarea, kr",Länsregionerna I–III,netto,2013,4804,https://www.statistikdatabasen.scb.se/pxweb/sv/ssd/START__BO__BO0201__BO0201C/PrisPerAreorSM02/
"Markpris/bostadsarea, kr",Länsregionerna I–III,netto,2014,5148,https://www.statistikdatabasen.scb.se/pxweb/sv/ssd/START__BO__BO0201__BO0201C/PrisPerAreorSM02/
"Markpris/bostadsarea, kr",Länsregionerna I–III,netto,2015,5146,https://www.statistikdatabasen.scb.se/pxweb/sv/ssd/START__BO__BO0201__BO0201C/PrisPerAreorSM02/
"Markpris/bostadsarea, kr",Länsregionerna I–III,netto,2016,5719,https://www.statistikdatabasen.scb.se/pxweb/sv/ssd/START__BO__BO0201__BO0201C/PrisPerAreorSM02/
"Markpris/bostadsarea, kr",Länsregionerna I–III,netto,2017,6156,https://www.statistikdatabasen.scb.se/pxweb/sv/ssd/START__BO__BO0201__BO0201C/PrisPerAreorSM02/
"Markpris/bostadsarea, kr",Länsregionerna I–III,netto,2018,5636,https://www.statistikdatabasen.scb.se/pxweb/sv/ssd/START__BO__BO0201__BO0201C/PrisPerAreorSM02/
"Markpris/bostadsarea, kr",Länsregionerna I–III,netto,2019,6334,https://www.statistikdatabasen.scb.se/pxweb/sv/ssd/START__BO__BO0201__BO0201C/PrisPerAreorSM02/
"Markpris/bostadsarea, kr",Länsregionerna I–III,netto,2020,6399,https://www.statistikdatabasen.scb.se/pxweb/sv/ssd/START__BO__BO0201__BO0201C/PrisPerAreorSM02/
"Markpris/bostadsarea, kr",Länsregionerna I–III,netto,2021,6037,https://www.statistikdatabasen.scb.se/pxweb/sv/ssd/START__BO__BO0201__BO0201C/PrisPerAreorSM02/
"Markpris/bostadsarea, kr",Länsregionerna I–III,netto,2022,6228,https://www.statistikdatabasen.scb.se/pxweb/sv/ssd/START__BO__BO0201__BO0201C/PrisPerAreorSM02/
"Markpris/bostadsarea, kr",Länsregionerna I–III,netto,2023,6503,https://www.statistikdatabasen.scb.se/pxweb/sv/ssd/START__BO__BO0201__BO0201C/PrisPerAreorSM02/
"Markpris/bostadsarea, kr",Länsregionerna I–III,netto,2024,6769,https://www.statistikdatabasen.scb.se/pxweb/sv/ssd/START__BO__BO0201__BO0201C/PrisPerAreorSM02/
"Byggnadspris/bostadsarea, kr",Länsregionerna I–III,netto,1994,,https://www.statistikdatabasen.scb.se/pxweb/sv/ssd/START__BO__BO0201__BO0201C/PrisPerAreorSM02/
"Byggnadspris/bostadsarea, kr",Länsregionerna I–III,netto,1995,,https://www.statistikdatabasen.scb.se/pxweb/sv/ssd/START__BO__BO0201__BO0201C/PrisPerAreorSM02/
"Byggnadspris/bostadsarea, kr",Länsregionerna I–III,netto,1996,,https://www.statistikdatabasen.scb.se/pxweb/sv/ssd/START__BO__BO0201__BO0201C/PrisPerAreorSM02/
"Byggnadspris/bostadsarea, kr",Länsregionerna I–III,netto,1997,,https://www.statistikdatabasen.scb.se/pxweb/sv/ssd/START__BO__BO0201__BO0201C/PrisPerAreorSM02/
"Byggnadspris/bostadsarea, kr",Länsregionerna I–III,netto,1998,10694,https://www.statistikdatabasen.scb.se/pxweb/sv/ssd/START__BO__BO0201__BO0201C/PrisPerAreorSM02/
"Byggnadspris/bostadsarea, kr",Länsregionerna I–III,netto,1999,11720,https://www.statistikdatabasen.scb.se/pxweb/sv/ssd/START__BO__BO0201__BO0201C/PrisPerAreorSM02/
"Byggnadspris/bostadsarea, kr",Länsregionerna I–III,netto,2000,11353,https://www.statistikdatabasen.scb.se/pxweb/sv/ssd/START__BO__BO0201__BO0201C/PrisPerAreorSM02/
"Byggnadspris/bostadsarea, kr",Länsregionerna I–III,netto,2001,12694,https://www.statistikdatabasen.scb.se/pxweb/sv/ssd/START__BO__BO0201__BO0201C/PrisPerAreorSM02/
"Byggnadspris/bostadsarea, kr",Länsregionerna I–III,netto,2002,13143,https://www.statistikdatabasen.scb.se/pxweb/sv/ssd/START__BO__BO0201__BO0201C/PrisPerAreorSM02/
"Byggnadspris/bostadsarea, kr",Länsregionerna I–III,netto,2003,12622,https://www.statistikdatabasen.scb.se/pxweb/sv/ssd/START__BO__BO0201__BO0201C/PrisPerAreorSM02/
"Byggnadspris/bostadsarea, kr",Länsregionerna I–III,netto,2004,13966,https://www.statistikdatabasen.scb.se/pxweb/sv/ssd/START__BO__BO0201__BO0201C/PrisPerAreorSM02/
"Byggnadspris/bostadsarea, kr",Länsregionerna I–III,netto,2005,15269,https://www.statistikdatabasen.scb.se/pxweb/sv/ssd/START__BO__BO0201__BO0201C/PrisPerAreorSM02/
"Byggnadspris/bostadsarea, kr",Länsregionerna I–III,netto,2006,15452,https://www.statistikdatabasen.scb.se/pxweb/sv/ssd/START__BO__BO0201__BO0201C/PrisPerAreorSM02/
"Byggnadspris/bostadsarea, kr",Länsregionerna I–III,netto,2007,16048,https://www.statistikdatabasen.scb.se/pxweb/sv/ssd/START__BO__BO0201__BO0201C/PrisPerAreorSM02/
"Byggnadspris/bostadsarea, kr",Länsregionerna I–III,netto,2008,17612,https://www.statistikdatabasen.scb.se/pxweb/sv/ssd/START__BO__BO0201__BO0201C/PrisPerAreorSM02/
"Byggnadspris/bostadsarea, kr",Länsregionerna I–III,netto,2009,17578,https://www.statistikdatabasen.scb.se/pxweb/sv/ssd/START__BO__BO0201__BO0201C/PrisPerAreorSM02/
"Byggnadspris/bostadsarea, kr",Länsregionerna I–III,netto,2010,18405,https://www.statistikdatabasen.scb.se/pxweb/sv/ssd/START__BO__BO0201__BO0201C/PrisPerAreorSM02/
"Byggnadspris/bostadsarea, kr",Länsregionerna I–III,netto,2011,19300,https://www.statistikdatabasen.scb.se/pxweb/sv/ssd/START__BO__BO0201__BO0201C/PrisPerAreorSM02/
"Byggnadspris/bostadsarea, kr",Länsregionerna I–III,netto,2012,19722,https://www.statistikdatabasen.scb.se/pxweb/sv/ssd/START__BO__BO0201__BO0201C/PrisPerAreorSM02/
"Byggnadspris/bostadsarea, kr",Länsregionerna I–III,netto,2013,19825,https://www.statistikdatabasen.scb.se/pxweb/sv/ssd/START__BO__BO0201__BO0201C/PrisPerAreorSM02/
"Byggnadspris/bostadsarea, kr",Länsregionerna I–III,netto,2014,20459,https://www.statistikdatabasen.scb.se/pxweb/sv/ssd/START__BO__BO0201__BO0201C/PrisPerAreorSM02/
"Byggnadspris/bostadsarea, kr",Länsregionerna I–III,netto,2015,21881,https://www.statistikdatabasen.scb.se/pxweb/sv/ssd/START__BO__BO0201__BO0201C/PrisPerAreorSM02/
"Byggnadspris/bostadsarea, kr",Länsregionerna I–III,netto,2016,22642,https://www.statistikdatabasen.scb.se/pxweb/sv/ssd/START__BO__BO0201__BO0201C/PrisPerAreorSM02/
"Byggnadspris/bostadsarea, kr",Länsregionerna I–III,netto,2017,23375,https://www.statistikdatabasen.scb.se/pxweb/sv/ssd/START__BO__BO0201__BO0201C/PrisPerAreorSM02/
"Byggnadspris/bostadsarea, kr",Länsregionerna I–III,netto,2018,23757,https://www.statistikdatabasen.scb.se/pxweb/sv/ssd/START__BO__BO0201__BO0201C/PrisPerAreorSM02/
"Byggnadspris/bostadsarea, kr",Länsregionerna I–III,netto,2019,23799,https://www.statistikdatabasen.scb.se/pxweb/sv/ssd/START__BO__BO0201__BO0201C/PrisPerAreorSM02/
"Byggnadspris/bostadsarea, kr",Länsregionerna I–III,netto,2020,25528,https://www.statistikdatabasen.scb.se/pxweb/sv/ssd/START__BO__BO0201__BO0201C/PrisPerAreorSM02/
"Byggnadspris/bostadsarea, kr",Länsregionerna I–III,netto,2021,25903,https://www.statistikdatabasen.scb.se/pxweb/sv/ssd/START__BO__BO0201__BO0201C/PrisPerAreorSM02/
"Byggnadspris/bostadsarea, kr",Länsregionerna I–III,netto,2022,26450,https://www.statistikdatabasen.scb.se/pxweb/sv/ssd/START__BO__BO0201__BO0201C/PrisPerAreorSM02/
"Byggnadspris/bostadsarea, kr",Länsregionerna I–III,netto,2023,26764,https://www.statistikdatabasen.scb.se/pxweb/sv/ssd/START__BO__BO0201__BO0201C/PrisPerAreorSM02/
"Byggnadspris/bostadsarea, kr",Länsregionerna I–III,netto,2024,29543,https://www.statistikdatabasen.scb.se/pxweb/sv/ssd/START__BO__BO0201__BO0201C/PrisPerAreorSM02/
"Totalt produktionspris/bostadsarea, kr",Länsregionerna I–III,netto,1994,,https://www.statistikdatabasen.scb.se/pxweb/sv/ssd/START__BO__BO0201__BO0201C/PrisPerAreorSM02/
"Totalt produktionspris/bostadsarea, kr",Länsregionerna I–III,netto,1995,,https://www.statistikdatabasen.scb.se/pxweb/sv/ssd/START__BO__BO0201__BO0201C/PrisPerAreorSM02/
"Totalt produktionspris/bostadsarea, kr",Länsregionerna I–III,netto,1996,,https://www.statistikdatabasen.scb.se/pxweb/sv/ssd/START__BO__BO0201__BO0201C/PrisPerAreorSM02/
"Totalt produktionspris/bostadsarea, kr",Länsregionerna I–III,netto,1997,,https://www.statistikdatabasen.scb.se/pxweb/sv/ssd/START__BO__BO0201__BO0201C/PrisPerAreorSM02/
"Totalt produktionspris/bostadsarea, kr",Länsregionerna I–III,netto,1998,11879,https://www.statistikdatabasen.scb.se/pxweb/sv/ssd/START__BO__BO0201__BO0201C/PrisPerAreorSM02/
"Totalt produktionspris/bostadsarea, kr",Länsregionerna I–III,netto,1999,13019,https://www.statistikdatabasen.scb.se/pxweb/sv/ssd/START__BO__BO0201__BO0201C/PrisPerAreorSM02/
"Totalt produktionspris/bostadsarea, kr",Länsregionerna I–III,netto,2000,12943,https://www.statistikdatabasen.scb.se/pxweb/sv/ssd/START__BO__BO0201__BO0201C/PrisPerAreorSM02/
"Totalt produktionspris/bostadsarea, kr",Länsregionerna I–III,netto,2001,14500,https://www.statistikdatabasen.scb.se/pxweb/sv/ssd/START__BO__BO0201__BO0201C/PrisPerAreorSM02/
"Totalt produktionspris/bostadsarea, kr",Länsregionerna I–III,netto,2002,15109,https://www.statistikdatabasen.scb.se/pxweb/sv/ssd/START__BO__BO0201__BO0201C/PrisPerAreorSM02/
"Totalt produktionspris/bostadsarea, kr",Länsregionerna I–III,netto,2003,15285,https://www.statistikdatabasen.scb.se/pxweb/sv/ssd/START__BO__BO0201__BO0201C/PrisPerAreorSM02/
"Totalt produktionspris/bostadsarea, kr",Länsregionerna I–III,netto,2004,16390,https://www.statistikdatabasen.scb.se/pxweb/sv/ssd/START__BO__BO0201__BO0201C/PrisPerAreorSM02/
"Totalt produktionspris/bostadsarea, kr",Länsregionerna I–III,netto,2005,17736,https://www.statistikdatabasen.scb.se/pxweb/sv/ssd/START__BO__BO0201__BO0201C/PrisPerAreorSM02/
"Totalt produktionspris/bostadsarea, kr",Länsregionerna I–III,netto,2006,18049,https://www.statistikdatabasen.scb.se/pxweb/sv/ssd/START__BO__BO0201__BO0201C/PrisPerAreorSM02/
"Totalt produktionspris/bostadsarea, kr",Länsregionerna I–III,netto,2007,19504,https://www.statistikdatabasen.scb.se/pxweb/sv/ssd/START__BO__BO0201__BO0201C/PrisPerAreorSM02/
"Totalt produktionspris/bostadsarea, kr",Länsregionerna I–III,netto,2008,21723,https://www.statistikdatabasen.scb.se/pxweb/sv/ssd/START__BO__BO0201__BO0201C/PrisPerAreorSM02/
"Totalt produktionspris/bostadsarea, kr",Länsregionerna I–III,netto,2009,21458,https://www.statistikdatabasen.scb.se/pxweb/sv/ssd/START__BO__BO0201__BO0201C/PrisPerAreorSM02/
"Totalt produktionspris/bostadsarea, kr",Länsregionerna I–III,netto,2010,23450,https://www.statistikdatabasen.scb.se/pxweb/sv/ssd/START__BO__BO0201__BO0201C/PrisPerAreorSM02/
"Totalt produktionspris/bostadsarea, kr",Länsregionerna I–III,netto,2011,24339,https://www.statistikdatabasen.scb.se/pxweb/sv/ssd/START__BO__BO0201__BO0201C/PrisPerAreorSM02/
"Totalt produktionspris/bostadsarea, kr",Länsregionerna I–III,netto,2012,24386,https://www.statistikdatabasen.scb.se/pxweb/sv/ssd/START__BO__BO0201__BO0201C/PrisPerAreorSM02/
"Totalt produktionspris/bostadsarea, kr",Länsregionerna I–III,netto,2013,24628,https://www.statistikdatabasen.scb.se/pxweb/sv/ssd/START__BO__BO0201__BO0201C/PrisPerAreorSM02/
"Totalt produktionspris/bostadsarea, kr",Länsregionerna I–III,netto,2014,25607,https://www.statistikdatabasen.scb.se/pxweb/sv/ssd/START__BO__BO0201__BO0201C/PrisPerAreorSM02/
"Totalt produktionspris/bostadsarea, kr",Länsregionerna I–III,netto,2015,27028,https://www.statistikdatabasen.scb.se/pxweb/sv/ssd/START__BO__BO0201__BO0201C/PrisPerAreorSM02/
"Totalt produktionspris/bostadsarea, kr",Länsregionerna I–III,netto,2016,28360,https://www.statistikdatabasen.scb.se/pxweb/sv/ssd/START__BO__BO0201__BO0201C/PrisPerAreorSM02/
"Totalt produktionspris/bostadsarea, kr",Länsregionerna I–III,netto,2017,29531,https://www.statistikdatabasen.scb.se/pxweb/sv/ssd/START__BO__BO0201__BO0201C/PrisPerAreorSM02/
"Totalt produktionspris/bostadsarea, kr",Länsregionerna I–III,netto,2018,29393,https://www.statistikdatabasen.scb.se/pxweb/sv/ssd/START__BO__BO0201__BO0201C/PrisPerAreorSM02/
"Totalt produktionspris/bostadsarea, kr",Länsregionerna I–III,netto,2019,30132,https://www.statistikdatabasen.scb.se/pxweb/sv/ssd/START__BO__BO0201__BO0201C/PrisPerAreorSM02/
"Totalt produktionspris/bostadsarea, kr",Länsregionerna I–III,netto,2020,31927,https://www.statistikdatabasen.scb.se/pxweb/sv/ssd/START__BO__BO0201__BO0201C/PrisPerAreorSM02/
"Totalt produktionspris/bostadsarea, kr",Länsregionerna I–III,netto,2021,31940,https://www.statistikdatabasen.scb.se/pxweb/sv/ssd/START__BO__BO0201__BO0201C/PrisPerAreorSM02/
"Totalt produktionspris/bostadsarea, kr",Länsregionerna I–III,netto,2022,32677,https://www.statistikdatabasen.scb.se/pxweb/sv/ssd/START__BO__BO0201__BO0201C/PrisPerAreorSM02/
"Totalt produktionspris/bostadsarea, kr",Länsregionerna I–III,netto,2023,33267,https://www.statistikdatabasen.scb.se/pxweb/sv/ssd/START__BO__BO0201__BO0201C/PrisPerAreorSM02/
"Totalt produktionspris/bostadsarea, kr",Länsregionerna I–III,netto,2024,36312,https://www.statistikdatabasen.scb.se/pxweb/sv/ssd/START__BO__BO0201__BO0201C/PrisPerAreorSM02/
"Byggnadsobjekt, antal som prisstatistiken baseras på",Länsregion I (norr),brutto,1994,,https://www.statistikdatabasen.scb.se/pxweb/sv/ssd/START__BO__BO0201__BO0201C/PrisPerAreorSM02/
"Byggnadsobjekt, antal som prisstatistiken baseras på",Länsregion I (norr),brutto,1995,,https://www.statistikdatabasen.scb.se/pxweb/sv/ssd/START__BO__BO0201__BO0201C/PrisPerAreorSM02/
"Byggnadsobjekt, antal som prisstatistiken baseras på",Länsregion I (norr),brutto,1996,,https://www.statistikdatabasen.scb.se/pxweb/sv/ssd/START__BO__BO0201__BO0201C/PrisPerAreorSM02/
"Byggnadsobjekt, antal som prisstatistiken baseras på",Länsregion I (norr),brutto,1997,,https://www.statistikdatabasen.scb.se/pxweb/sv/ssd/START__BO__BO0201__BO0201C/PrisPerAreorSM02/
"Byggnadsobjekt, antal som prisstatistiken baseras på",Länsregion I (norr),brutto,1998,,https://www.statistikdatabasen.scb.se/pxweb/sv/ssd/START__BO__BO0201__BO0201C/PrisPerAreorSM02/
"Byggnadsobjekt, antal som prisstatistiken baseras på",Länsregion I (norr),brutto,1999,,https://www.statistikdatabasen.scb.se/pxweb/sv/ssd/START__BO__BO0201__BO0201C/PrisPerAreorSM02/
"Byggnadsobjekt, antal som prisstatistiken baseras på",Länsregion I (norr),brutto,2000,7,https://www.statistikdatabasen.scb.se/pxweb/sv/ssd/START__BO__BO0201__BO0201C/PrisPerAreorSM02/
"Byggnadsobjekt, antal som prisstatistiken baseras på",Länsregion I (norr),brutto,2001,,https://www.statistikdatabasen.scb.se/pxweb/sv/ssd/START__BO__BO0201__BO0201C/PrisPerAreorSM02/
"Byggnadsobjekt, antal som prisstatistiken baseras på",Länsregion I (norr),brutto,2002,8,https://www.statistikdatabasen.scb.se/pxweb/sv/ssd/START__BO__BO0201__BO0201C/PrisPerAreorSM02/
"Byggnadsobjekt, antal som prisstatistiken baseras på",Länsregion I (norr),brutto,2003,17,https://www.statistikdatabasen.scb.se/pxweb/sv/ssd/START__BO__BO0201__BO0201C/PrisPerAreorSM02/
"Byggnadsobjekt, antal som prisstatistiken baseras på",Länsregion I (norr),brutto,2004,22,https://www.statistikdatabasen.scb.se/pxweb/sv/ssd/START__BO__BO0201__BO0201C/PrisPerAreorSM02/
"Byggnadsobjekt, antal som prisstatistiken baseras på",Länsregion I (norr),brutto,2005,11,https://www.statistikdatabasen.scb.se/pxweb/sv/ssd/START__BO__BO0201__BO0201C/PrisPerAreorSM02/
"Byggnadsobjekt, antal som prisstatistiken baseras på",Länsregion I (norr),brutto,2006,15,https://www.statistikdatabasen.scb.se/pxweb/sv/ssd/START__BO__BO0201__BO0201C/PrisPerAreorSM02/
"Byggnadsobjekt, antal som prisstatistiken baseras på",Länsregion I (norr),brutto,2007,31,https://www.statistikdatabasen.scb.se/pxweb/sv/ssd/START__BO__BO0201__BO0201C/PrisPerAreorSM02/
"Byggnadsobjekt, antal som prisstatistiken baseras på",Länsregion I (norr),brutto,2008,24,https://www.statistikdatabasen.scb.se/pxweb/sv/ssd/START__BO__BO0201__BO0201C/PrisPerAreorSM02/
"Byggnadsobjekt, antal som prisstatistiken baseras på",Länsregion I (norr),brutto,2009,9,https://www.statistikdatabasen.scb.se/pxweb/sv/ssd/START__BO__BO0201__BO0201C/PrisPerAreorSM02/
"Byggnadsobjekt, antal som prisstatistiken baseras på",Länsregion I (norr),brutto,2010,17,https://www.statistikdatabasen.scb.se/pxweb/sv/ssd/START__BO__BO0201__BO0201C/PrisPerAreorSM02/
"Byggnadsobjekt, antal som prisstatistiken baseras på",Länsregion I (norr),brutto,2011,14,https://www.statistikdatabasen.scb.se/pxweb/sv/ssd/START__BO__BO0201__BO0201C/PrisPerAreorSM02/
"Byggnadsobjekt, antal som prisstatistiken baseras på",Länsregion I (norr),brutto,2012,11,https://www.statistikdatabasen.scb.se/pxweb/sv/ssd/START__BO__BO0201__BO0201C/PrisPerAreorSM02/
"Byggnadsobjekt, antal som prisstatistiken baseras på",Länsregion I (norr),brutto,2013,13,https://www.statistikdatabasen.scb.se/pxweb/sv/ssd/START__BO__BO0201__BO0201C/PrisPerAreorSM02/
"Byggnadsobjekt, antal som prisstatistiken baseras på",Länsregion I (norr),brutto,2014,20,https://www.statistikdatabasen.scb.se/pxweb/sv/ssd/START__BO__BO0201__BO0201C/PrisPerAreorSM02/
"Byggnadsobjekt, antal som prisstatistiken baseras på",Länsregion I (norr),brutto,2015,28,https://www.statistikdatabasen.scb.se/pxweb/sv/ssd/START__BO__BO0201__BO0201C/PrisPerAreorSM02/
"Byggnadsobjekt, antal som prisstatistiken baseras på",Länsregion I (norr),brutto,2016,20,https://www.statistikdatabasen.scb.se/pxweb/sv/ssd/START__BO__BO0201__BO0201C/PrisPerAreorSM02/
"Byggnadsobjekt, antal som prisstatistiken baseras på",Länsregion I (norr),brutto,2017,34,https://www.statistikdatabasen.scb.se/pxweb/sv/ssd/START__BO__BO0201__BO0201C/PrisPerAreorSM02/
"Byggnadsobjekt, antal som prisstatistiken baseras på",Länsregion I (norr),brutto,2018,22,https://www.statistikdatabasen.scb.se/pxweb/sv/ssd/START__BO__BO0201__BO0201C/PrisPerAreorSM02/
"Byggnadsobjekt, antal som prisstatistiken baseras på",Länsregion I (norr),brutto,2019,15,https://www.statistikdatabasen.scb.se/pxweb/sv/ssd/START__BO__BO0201__BO0201C/PrisPerAreorSM02/
"Byggnadsobjekt, antal som prisstatistiken baseras på",Länsregion I (norr),brutto,2020,25,https://www.statistikdatabasen.scb.se/pxweb/sv/ssd/START__BO__BO0201__BO0201C/PrisPerAreorSM02/
"Byggnadsobjekt, antal som prisstatistiken baseras på",Länsregion I (norr),brutto,2021,37,https://www.statistikdatabasen.scb.se/pxweb/sv/ssd/START__BO__BO0201__BO0201C/PrisPerAreorSM02/
"Byggnadsobjekt, antal som prisstatistiken baseras på",Länsregion I (norr),brutto,2022,23,https://www.statistikdatabasen.scb.se/pxweb/sv/ssd/START__BO__BO0201__BO0201C/PrisPerAreorSM02/
"Byggnadsobjekt, antal som prisstatistiken baseras på",Länsregion I (norr),brutto,2023,18,https://www.statistikdatabasen.scb.se/pxweb/sv/ssd/START__BO__BO0201__BO0201C/PrisPerAreorSM02/
"Byggnadsobjekt, antal som prisstatistiken baseras på",Länsregion I (norr),brutto,2024,16,https://www.statistikdatabasen.scb.se/pxweb/sv/ssd/START__BO__BO0201__BO0201C/PrisPerAreorSM02/
"Lägenheter, antal som prisstatistiken baseras på",Länsregion I (norr),brutto,1994,,https://www.statistikdatabasen.scb.se/pxweb/sv/ssd/START__BO__BO0201__BO0201C/PrisPerAreorSM02/
"Lägenheter, antal som prisstatistiken baseras på",Länsregion I (norr),brutto,1995,,https://www.statistikdatabasen.scb.se/pxweb/sv/ssd/START__BO__BO0201__BO0201C/PrisPerAreorSM02/
"Lägenheter, antal som prisstatistiken baseras på",Länsregion I (norr),brutto,1996,,https://www.statistikdatabasen.scb.se/pxweb/sv/ssd/START__BO__BO0201__BO0201C/PrisPerAreorSM02/
"Lägenheter, antal som prisstatistiken baseras på",Länsregion I (norr),brutto,1997,,https://www.statistikdatabasen.scb.se/pxweb/sv/ssd/START__BO__BO0201__BO0201C/PrisPerAreorSM02/
"Lägenheter, antal som prisstatistiken baseras på",Länsregion I (norr),brutto,1998,,https://www.statistikdatabasen.scb.se/pxweb/sv/ssd/START__BO__BO0201__BO0201C/PrisPerAreorSM02/
"Lägenheter, antal som prisstatistiken baseras på",Länsregion I (norr),brutto,1999,,https://www.statistikdatabasen.scb.se/pxweb/sv/ssd/START__BO__BO0201__BO0201C/PrisPerAreorSM02/
"Lägenheter, antal som prisstatistiken baseras på",Länsregion I (norr),brutto,2000,30,https://www.statistikdatabasen.scb.se/pxweb/sv/ssd/START__BO__BO0201__BO0201C/PrisPerAreorSM02/
"Lägenheter, antal som prisstatistiken baseras på",Länsregion I (norr),brutto,2001,,https://www.statistikdatabasen.scb.se/pxweb/sv/ssd/START__BO__BO0201__BO0201C/PrisPerAreorSM02/
"Lägenheter, antal som prisstatistiken baseras på",Länsregion I (norr),brutto,2002,31,https://www.statistikdatabasen.scb.se/pxweb/sv/ssd/START__BO__BO0201__BO0201C/PrisPerAreorSM02/
"Lägenheter, antal som prisstatistiken baseras på",Länsregion I (norr),brutto,2003,67,https://www.statistikdatabasen.scb.se/pxweb/sv/ssd/START__BO__BO0201__BO0201C/PrisPerAreorSM02/
"Lägenheter, antal som prisstatistiken baseras på",Länsregion I (norr),brutto,2004,70,https://www.statistikdatabasen.scb.se/pxweb/sv/ssd/START__BO__BO0201__BO0201C/PrisPerAreorSM02/
"Lägenheter, antal som prisstatistiken baseras på",Länsregion I (norr),brutto,2005,73,https://www.statistikdatabasen.scb.se/pxweb/sv/ssd/START__BO__BO0201__BO0201C/PrisPerAreorSM02/
"Lägenheter, antal som prisstatistiken baseras på",Länsregion I (norr),brutto,2006,98,https://www.statistikdatabasen.scb.se/pxweb/sv/ssd/START__BO__BO0201__BO0201C/PrisPerAreorSM02/
"Lägenheter, antal som prisstatistiken baseras på",Länsregion I (norr),brutto,2007,131,https://www.statistikdatabasen.scb.se/pxweb/sv/ssd/START__BO__BO0201__BO0201C/PrisPerAreorSM02/
"Lägenheter, antal som prisstatistiken baseras på",Länsregion I (norr),brutto,2008,60,https://www.statistikdatabasen.scb.se/pxweb/sv/ssd/START__BO__BO0201__BO0201C/PrisPerAreorSM02/
"Lägenheter, antal som prisstatistiken baseras på",Länsregion I (norr),brutto,2009,27,https://www.statistikdatabasen.scb.se/pxweb/sv/ssd/START__BO__BO0201__BO0201C/PrisPerAreorSM02/
"Lägenheter, antal som prisstatistiken baseras på",Länsregion I (norr),brutto,2010,96,https://www.statistikdatabasen.scb.se/pxweb/sv/ssd/START__BO__BO0201__BO0201C/PrisPerAreorSM02/
"Lägenheter, antal som prisstatistiken baseras på",Länsregion I (norr),brutto,2011,127,https://www.statistikdatabasen.scb.se/pxweb/sv/ssd/START__BO__BO0201__BO0201C/PrisPerAreorSM02/
"Lägenheter, antal som prisstatistiken baseras på",Länsregion I (norr),brutto,2012,48,https://www.statistikdatabasen.scb.se/pxweb/sv/ssd/START__BO__BO0201__BO0201C/PrisPerAreorSM02/
"Lägenheter, antal som prisstatistiken baseras på",Länsregion I (norr),brutto,2013,53,https://www.statistikdatabasen.scb.se/pxweb/sv/ssd/START__BO__BO0201__BO0201C/PrisPerAreorSM02/
"Lägenheter, antal som prisstatistiken baseras på",Länsregion I (norr),brutto,2014,134,https://www.statistikdatabasen.scb.se/pxweb/sv/ssd/START__BO__BO0201__BO0201C/PrisPerAreorSM02/
"Lägenheter, antal som prisstatistiken baseras på",Länsregion I (norr),brutto,2015,253,https://www.statistikdatabasen.scb.se/pxweb/sv/ssd/START__BO__BO0201__BO0201C/PrisPerAreorSM02/
"Lägenheter, antal som prisstatistiken baseras på",Länsregion I (norr),brutto,2016,134,https://www.statistikdatabasen.scb.se/pxweb/sv/ssd/START__BO__BO0201__BO0201C/PrisPerAreorSM02/
"Lägenheter, antal som prisstatistiken baseras på",Länsregion I (norr),brutto,2017,180,https://www.statistikdatabasen.scb.se/pxweb/sv/ssd/START__BO__BO0201__BO0201C/PrisPerAreorSM02/
"Lägenheter, antal som prisstatistiken baseras på",Länsregion I (norr),brutto,2018,99,https://www.statistikdatabasen.scb.se/pxweb/sv/ssd/START__BO__BO0201__BO0201C/PrisPerAreorSM02/
"Lägenheter, antal som prisstatistiken baseras på",Länsregion I (norr),brutto,2019,135,https://www.statistikdatabasen.scb.se/pxweb/sv/ssd/START__BO__BO0201__BO0201C/PrisPerAreorSM02/
"Lägenheter, antal som prisstatistiken baseras på",Länsregion I (norr),brutto,2020,94,https://www.statistikdatabasen.scb.se/pxweb/sv/ssd/START__BO__BO0201__BO0201C/PrisPerAreorSM02/
"Lägenheter, antal som prisstatistiken baseras på",Länsregion I (norr),brutto,2021,130,https://www.statistikdatabasen.scb.se/pxweb/sv/ssd/START__BO__BO0201__BO0201C/PrisPerAreorSM02/
"Lägenheter, antal som prisstatistiken baseras på",Länsregion I (norr),brutto,2022,85,https://www.statistikdatabasen.scb.se/pxweb/sv/ssd/START__BO__BO0201__BO0201C/PrisPerAreorSM02/
"Lägenheter, antal som prisstatistiken baseras på",Länsregion I (norr),brutto,2023,59,https://www.statistikdatabasen.scb.se/pxweb/sv/ssd/START__BO__BO0201__BO0201C/PrisPerAreorSM02/
"Lägenheter, antal som prisstatistiken baseras på",Länsregion I (norr),brutto,2024,41,https://www.statistikdatabasen.scb.se/pxweb/sv/ssd/START__BO__BO0201__BO0201C/PrisPerAreorSM02/
"Bostadsarea/lägenhet, kvm",Länsregion I (norr),brutto,1994,,https://www.statistikdatabasen.scb.se/pxweb/sv/ssd/START__BO__BO0201__BO0201C/PrisPerAreorSM02/
"Bostadsarea/lägenhet, kvm",Länsregion I (norr),brutto,1995,,https://www.statistikdatabasen.scb.se/pxweb/sv/ssd/START__BO__BO0201__BO0201C/PrisPerAreorSM02/
"Bostadsarea/lägenhet, kvm",Länsregion I (norr),brutto,1996,,https://www.statistikdatabasen.scb.se/pxweb/sv/ssd/START__BO__BO0201__BO0201C/PrisPerAreorSM02/
"Bostadsarea/lägenhet, kvm",Länsregion I (norr),brutto,1997,,https://www.statistikdatabasen.scb.se/pxweb/sv/ssd/START__BO__BO0201__BO0201C/PrisPerAreorSM02/
"Bostadsarea/lägenhet, kvm",Länsregion I (norr),brutto,1998,,https://www.statistikdatabasen.scb.se/pxweb/sv/ssd/START__BO__BO0201__BO0201C/PrisPerAreorSM02/
"Bostadsarea/lägenhet, kvm",Länsregion I (norr),brutto,1999,,https://www.statistikdatabasen.scb.se/pxweb/sv/ssd/START__BO__BO0201__BO0201C/PrisPerAreorSM02/
"Bostadsarea/lägenhet, kvm",Länsregion I (norr),brutto,2000,140.7,https://www.statistikdatabasen.scb.se/pxweb/sv/ssd/START__BO__BO0201__BO0201C/PrisPerAreorSM02/
"Bostadsarea/lägenhet, kvm",Länsregion I (norr),brutto,2001,,https://www.statistikdatabasen.scb.se/pxweb/sv/ssd/START__BO__BO0201__BO0201C/PrisPerAreorSM02/
"Bostadsarea/lägenhet, kvm",Länsregion I (norr),brutto,2002,134.9,https://www.statistikdatabasen.scb.se/pxweb/sv/ssd/START__BO__BO0201__BO0201C/PrisPerAreorSM02/
"Bostadsarea/lägenhet, kvm",Länsregion I (norr),brutto,2003,107,https://www.statistikdatabasen.scb.se/pxweb/sv/ssd/START__BO__BO0201__BO0201C/PrisPerAreorSM02/
"Bostadsarea/lägenhet, kvm",Länsregion I (norr),brutto,2004,117.7,https://www.statistikdatabasen.scb.se/pxweb/sv/ssd/START__BO__BO0201__BO0201C/PrisPerAreorSM02/
"Bostadsarea/lägenhet, kvm",Länsregion I (norr),brutto,2005,113.9,https://www.statistikdatabasen.scb.se/pxweb/sv/ssd/START__BO__BO0201__BO0201C/PrisPerAreorSM02/
"Bostadsarea/lägenhet, kvm",Länsregion I (norr),brutto,2006,110.4,https://www.statistikdatabasen.scb.se/pxweb/sv/ssd/START__BO__BO0201__BO0201C/PrisPerAreorSM02/
"Bostadsarea/lägenhet, kvm",Länsregion I (norr),brutto,2007,125,https://www.statistikdatabasen.scb.se/pxweb/sv/ssd/START__BO__BO0201__BO0201C/PrisPerAreorSM02/
"Bostadsarea/lägenhet, kvm",Länsregion I (norr),brutto,2008,120.6,https://www.statistikdatabasen.scb.se/pxweb/sv/ssd/START__BO__BO0201__BO0201C/PrisPerAreorSM02/
"Bostadsarea/lägenhet, kvm",Länsregion I (norr),brutto,2009,146.4,https://www.statistikdatabasen.scb.se/pxweb/sv/ssd/START__BO__BO0201__BO0201C/PrisPerAreorSM02/
"Bostadsarea/lägenhet, kvm",Länsregion I (norr),brutto,2010,133.2,https://www.statistikdatabasen.scb.se/pxweb/sv/ssd/START__BO__BO0201__BO0201C/PrisPerAreorSM02/
"Bostadsarea/lägenhet, kvm",Länsregion I (norr),brutto,2011,126.9,https://www.statistikdatabasen.scb.se/pxweb/sv/ssd/START__BO__BO0201__BO0201C/PrisPerAreorSM02/
"Bostadsarea/lägenhet, kvm",Länsregion I (norr),brutto,2012,129.4,https://www.statistikdatabasen.scb.se/pxweb/sv/ssd/START__BO__BO0201__BO0201C/PrisPerAreorSM02/
"Bostadsarea/lägenhet, kvm",Länsregion I (norr),brutto,2013,106.1,https://www.statistikdatabasen.scb.se/pxweb/sv/ssd/START__BO__BO0201__BO0201C/PrisPerAreorSM02/
"Bostadsarea/lägenhet, kvm",Länsregion I (norr),brutto,2014,132.6,https://www.statistikdatabasen.scb.se/pxweb/sv/ssd/START__BO__BO0201__BO0201C/PrisPerAreorSM02/
"Bostadsarea/lägenhet, kvm",Länsregion I (norr),brutto,2015,122.1,https://www.statistikdatabasen.scb.se/pxweb/sv/ssd/START__BO__BO0201__BO0201C/PrisPerAreorSM02/
"Bostadsarea/lägenhet, kvm",Länsregion I (norr),brutto,2016,116.3,https://www.statistikdatabasen.scb.se/pxweb/sv/ssd/START__BO__BO0201__BO0201C/PrisPerAreorSM02/
"Bostadsarea/lägenhet, kvm",Länsregion I (norr),brutto,2017,118.2,https://www.statistikdatabasen.scb.se/pxweb/sv/ssd/START__BO__BO0201__BO0201C/PrisPerAreorSM02/
"Bostadsarea/lägenhet, kvm",Länsregion I (norr),brutto,2018,122.4,https://www.statistikdatabasen.scb.se/pxweb/sv/ssd/START__BO__BO0201__BO0201C/PrisPerAreorSM02/
"Bostadsarea/lägenhet, kvm",Länsregion I (norr),brutto,2019,111,https://www.statistikdatabasen.scb.se/pxweb/sv/ssd/START__BO__BO0201__BO0201C/PrisPerAreorSM02/
"Bostadsarea/lägenhet, kvm",Länsregion I (norr),brutto,2020,112.9,https://www.statistikdatabasen.scb.se/pxweb/sv/ssd/START__BO__BO0201__BO0201C/PrisPerAreorSM02/
"Bostadsarea/lägenhet, kvm",Länsregion I (norr),brutto,2021,98.6,https://www.statistikdatabasen.scb.se/pxweb/sv/ssd/START__BO__BO0201__BO0201C/PrisPerAreorSM02/
"Bostadsarea/lägenhet, kvm",Länsregion I (norr),brutto,2022,119.5,https://www.statistikdatabasen.scb.se/pxweb/sv/ssd/START__BO__BO0201__BO0201C/PrisPerAreorSM02/
"Bostadsarea/lägenhet, kvm",Länsregion I (norr),brutto,2023,131.6,https://www.statistikdatabasen.scb.se/pxweb/sv/ssd/START__BO__BO0201__BO0201C/PrisPerAreorSM02/
"Bostadsarea/lägenhet, kvm",Länsregion I (norr),brutto,2024,122.8,https://www.statistikdatabasen.scb.se/pxweb/sv/ssd/START__BO__BO0201__BO0201C/PrisPerAreorSM02/
"Markpris/bostadsarea, kr",Länsregion I (norr),brutto,1994,,https://www.statistikdatabasen.scb.se/pxweb/sv/ssd/START__BO__BO0201__BO0201C/PrisPerAreorSM02/
"Markpris/bostadsarea, kr",Länsregion I (norr),brutto,1995,,https://www.statistikdatabasen.scb.se/pxweb/sv/ssd/START__BO__BO0201__BO0201C/PrisPerAreorSM02/
"Markpris/bostadsarea, kr",Länsregion I (norr),brutto,1996,,https://www.statistikdatabasen.scb.se/pxweb/sv/ssd/START__BO__BO0201__BO0201C/PrisPerAreorSM02/
"Markpris/bostadsarea, kr",Länsregion I (norr),brutto,1997,,https://www.statistikdatabasen.scb.se/pxweb/sv/ssd/START__BO__BO0201__BO0201C/PrisPerAreorSM02/
"Markpris/bostadsarea, kr",Länsregion I (norr),brutto,1998,,https://www.statistikdatabasen.scb.se/pxweb/sv/ssd/START__BO__BO0201__BO0201C/PrisPerAreorSM02/
"Markpris/bostadsarea, kr",Länsregion I (norr),brutto,1999,,https://www.statistikdatabasen.scb.se/pxweb/sv/ssd/START__BO__BO0201__BO0201C/PrisPerAreorSM02/
"Markpris/bostadsarea, kr",Länsregion I (norr),brutto,2000,2118,https://www.statistikdatabasen.scb.se/pxweb/sv/ssd/START__BO__BO0201__BO0201C/PrisPerAreorSM02/
"Markpris/bostadsarea, kr",Länsregion I (norr),brutto,2001,,https://www.statistikdatabasen.scb.se/pxweb/sv/ssd/START__BO__BO0201__BO0201C/PrisPerAreorSM02/
"Markpris/bostadsarea, kr",Länsregion I (norr),brutto,2002,2292,https://www.statistikdatabasen.scb.se/pxweb/sv/ssd/START__BO__BO0201__BO0201C/PrisPerAreorSM02/
"Markpris/bostadsarea, kr",Länsregion I (norr),brutto,2003,1689,https://www.statistikdatabasen.scb.se/pxweb/sv/ssd/START__BO__BO0201__BO0201C/PrisPerAreorSM02/
"Markpris/bostadsarea, kr",Länsregion I (norr),brutto,2004,2527,https://www.statistikdatabasen.scb.se/pxweb/sv/ssd/START__BO__BO0201__BO0201C/PrisPerAreorSM02/
"Markpris/bostadsarea, kr",Länsregion I (norr),brutto,2005,2108,https://www.statistikdatabasen.scb.se/pxweb/sv/ssd/START__BO__BO0201__BO0201C/PrisPerAreorSM02/
"Markpris/bostadsarea, kr",Länsregion I (norr),brutto,2006,1960,https://www.statistikdatabasen.scb.se/pxweb/sv/ssd/START__BO__BO0201__BO0201C/PrisPerAreorSM02/
"Markpris/bostadsarea, kr",Länsregion I (norr),brutto,2007,2738,https://www.statistikdatabasen.scb.se/pxweb/sv/ssd/START__BO__BO0201__BO0201C/PrisPerAreorSM02/
"Markpris/bostadsarea, kr",Länsregion I (norr),brutto,2008,3139,https://www.statistikdatabasen.scb.se/pxweb/sv/ssd/START__BO__BO0201__BO0201C/PrisPerAreorSM02/
"Markpris/bostadsarea, kr",Länsregion I (norr),brutto,2009,3831,https://www.statistikdatabasen.scb.se/pxweb/sv/ssd/START__BO__BO0201__BO0201C/PrisPerAreorSM02/
"Markpris/bostadsarea, kr",Länsregion I (norr),brutto,2010,4737,https://www.statistikdatabasen.scb.se/pxweb/sv/ssd/START__BO__BO0201__BO0201C/PrisPerAreorSM02/
"Markpris/bostadsarea, kr",Länsregion I (norr),brutto,2011,4475,https://www.statistikdatabasen.scb.se/pxweb/sv/ssd/START__BO__BO0201__BO0201C/PrisPerAreorSM02/
"Markpris/bostadsarea, kr",Länsregion I (norr),brutto,2012,4241,https://www.statistikdatabasen.scb.se/pxweb/sv/ssd/START__BO__BO0201__BO0201C/PrisPerAreorSM02/
"Markpris/bostadsarea, kr",Länsregion I (norr),brutto,2013,4754,https://www.statistikdatabasen.scb.se/pxweb/sv/ssd/START__BO__BO0201__BO0201C/PrisPerAreorSM02/
"Markpris/bostadsarea, kr",Länsregion I (norr),brutto,2014,2786,https://www.statistikdatabasen.scb.se/pxweb/sv/ssd/START__BO__BO0201__BO0201C/PrisPerAreorSM02/
"Markpris/bostadsarea, kr",Länsregion I (norr),brutto,2015,4566,https://www.statistikdatabasen.scb.se/pxweb/sv/ssd/START__BO__BO0201__BO0201C/PrisPerAreorSM02/
"Markpris/bostadsarea, kr",Länsregion I (norr),brutto,2016,6218,https://www.statistikdatabasen.scb.se/pxweb/sv/ssd/START__BO__BO0201__BO0201C/PrisPerAreorSM02/
"Markpris/bostadsarea, kr",Länsregion I (norr),brutto,2017,3801,https://www.statistikdatabasen.scb.se/pxweb/sv/ssd/START__BO__BO0201__BO0201C/PrisPerAreorSM02/
"Markpris/bostadsarea, kr",Länsregion I (norr),brutto,2018,6660,https://www.statistikdatabasen.scb.se/pxweb/sv/ssd/START__BO__BO0201__BO0201C/PrisPerAreorSM02/
"Markpris/bostadsarea, kr",Länsregion I (norr),brutto,2019,8450,https://www.statistikdatabasen.scb.se/pxweb/sv/ssd/START__BO__BO0201__BO0201C/PrisPerAreorSM02/
"Markpris/bostadsarea, kr",Länsregion I (norr),brutto,2020,4968,https://www.statistikdatabasen.scb.se/pxweb/sv/ssd/START__BO__BO0201__BO0201C/PrisPerAreorSM02/
"Markpris/bostadsarea, kr",Länsregion I (norr),brutto,2021,4832,https://www.statistikdatabasen.scb.se/pxweb/sv/ssd/START__BO__BO0201__BO0201C/PrisPerAreorSM02/
"Markpris/bostadsarea, kr",Länsregion I (norr),brutto,2022,6162,https://www.statistikdatabasen.scb.se/pxweb/sv/ssd/START__BO__BO0201__BO0201C/PrisPerAreorSM02/
"Markpris/bostadsarea, kr",Länsregion I (norr),brutto,2023,6028,https://www.statistikdatabasen.scb.se/pxweb/sv/ssd/START__BO__BO0201__BO0201C/PrisPerAreorSM02/
"Markpris/bostadsarea, kr",Länsregion I (norr),brutto,2024,3262,https://www.statistikdatabasen.scb.se/pxweb/sv/ssd/START__BO__BO0201__BO0201C/PrisPerAreorSM02/
"Byggnadspris/bostadsarea, kr",Länsregion I (norr),brutto,1994,,https://www.statistikdatabasen.scb.se/pxweb/sv/ssd/START__BO__BO0201__BO0201C/PrisPerAreorSM02/
"Byggnadspris/bostadsarea, kr",Länsregion I (norr),brutto,1995,,https://www.statistikdatabasen.scb.se/pxweb/sv/ssd/START__BO__BO0201__BO0201C/PrisPerAreorSM02/
"Byggnadspris/bostadsarea, kr",Länsregion I (norr),brutto,1996,,https://www.statistikdatabasen.scb.se/pxweb/sv/ssd/START__BO__BO0201__BO0201C/PrisPerAreorSM02/
"Byggnadspris/bostadsarea, kr",Länsregion I (norr),brutto,1997,,https://www.statistikdatabasen.scb.se/pxweb/sv/ssd/START__BO__BO0201__BO0201C/PrisPerAreorSM02/
"Byggnadspris/bostadsarea, kr",Länsregion I (norr),brutto,1998,,https://www.statistikdatabasen.scb.se/pxweb/sv/ssd/START__BO__BO0201__BO0201C/PrisPerAreorSM02/
"Byggnadspris/bostadsarea, kr",Länsregion I (norr),brutto,1999,,https://www.statistikdatabasen.scb.se/pxweb/sv/ssd/START__BO__BO0201__BO0201C/PrisPerAreorSM02/
"Byggnadspris/bostadsarea, kr",Länsregion I (norr),brutto,2000,9666,https://www.statistikdatabasen.scb.se/pxweb/sv/ssd/START__BO__BO0201__BO0201C/PrisPerAreorSM02/
"Byggnadspris/bostadsarea, kr",Länsregion I (norr),brutto,2001,,https://www.statistikdatabasen.scb.se/pxweb/sv/ssd/START__BO__BO0201__BO0201C/PrisPerAreorSM02/
"Byggnadspris/bostadsarea, kr",Länsregion I (norr),brutto,2002,11784,https://www.statistikdatabasen.scb.se/pxweb/sv/ssd/START__BO__BO0201__BO0201C/PrisPerAreorSM02/
"Byggnadspris/bostadsarea, kr",Länsregion I (norr),brutto,2003,12333,https://www.statistikdatabasen.scb.se/pxweb/sv/ssd/START__BO__BO0201__BO0201C/PrisPerAreorSM02/
"Byggnadspris/bostadsarea, kr",Länsregion I (norr),brutto,2004,13112,https://www.statistikdatabasen.scb.se/pxweb/sv/ssd/START__BO__BO0201__BO0201C/PrisPerAreorSM02/
"Byggnadspris/bostadsarea, kr",Länsregion I (norr),brutto,2005,13841,https://www.statistikdatabasen.scb.se/pxweb/sv/ssd/START__BO__BO0201__BO0201C/PrisPerAreorSM02/
"Byggnadspris/bostadsarea, kr",Länsregion I (norr),brutto,2006,14325,https://www.statistikdatabasen.scb.se/pxweb/sv/ssd/START__BO__BO0201__BO0201C/PrisPerAreorSM02/
"Byggnadspris/bostadsarea, kr",Länsregion I (norr),brutto,2007,14229,https://www.statistikdatabasen.scb.se/pxweb/sv/ssd/START__BO__BO0201__BO0201C/PrisPerAreorSM02/
"Byggnadspris/bostadsarea, kr",Länsregion I (norr),brutto,2008,16124,https://www.statistikdatabasen.scb.se/pxweb/sv/ssd/START__BO__BO0201__BO0201C/PrisPerAreorSM02/
"Byggnadspris/bostadsarea, kr",Länsregion I (norr),brutto,2009,17118,https://www.statistikdatabasen.scb.se/pxweb/sv/ssd/START__BO__BO0201__BO0201C/PrisPerAreorSM02/
"Byggnadspris/bostadsarea, kr",Länsregion I (norr),brutto,2010,16527,https://www.statistikdatabasen.scb.se/pxweb/sv/ssd/START__BO__BO0201__BO0201C/PrisPerAreorSM02/
"Byggnadspris/bostadsarea, kr",Länsregion I (norr),brutto,2011,19107,https://www.statistikdatabasen.scb.se/pxweb/sv/ssd/START__BO__BO0201__BO0201C/PrisPerAreorSM02/
"Byggnadspris/bostadsarea, kr",Länsregion I (norr),brutto,2012,18836,https://www.statistikdatabasen.scb.se/pxweb/sv/ssd/START__BO__BO0201__BO0201C/PrisPerAreorSM02/
"Byggnadspris/bostadsarea, kr",Länsregion I (norr),brutto,2013,19885,https://www.statistikdatabasen.scb.se/pxweb/sv/ssd/START__BO__BO0201__BO0201C/PrisPerAreorSM02/
"Byggnadspris/bostadsarea, kr",Länsregion I (norr),brutto,2014,21294,https://www.statistikdatabasen.scb.se/pxweb/sv/ssd/START__BO__BO0201__BO0201C/PrisPerAreorSM02/
"Byggnadspris/bostadsarea, kr",Länsregion I (norr),brutto,2015,21195,https://www.statistikdatabasen.scb.se/pxweb/sv/ssd/START__BO__BO0201__BO0201C/PrisPerAreorSM02/
"Byggnadspris/bostadsarea, kr",Länsregion I (norr),brutto,2016,23581,https://www.statistikdatabasen.scb.se/pxweb/sv/ssd/START__BO__BO0201__BO0201C/PrisPerAreorSM02/
"Byggnadspris/bostadsarea, kr",Länsregion I (norr),brutto,2017,24825,https://www.statistikdatabasen.scb.se/pxweb/sv/ssd/START__BO__BO0201__BO0201C/PrisPerAreorSM02/
"Byggnadspris/bostadsarea, kr",Länsregion I (norr),brutto,2018,24079,https://www.statistikdatabasen.scb.se/pxweb/sv/ssd/START__BO__BO0201__BO0201C/PrisPerAreorSM02/
"Byggnadspris/bostadsarea, kr",Länsregion I (norr),brutto,2019,25558,https://www.statistikdatabasen.scb.se/pxweb/sv/ssd/START__BO__BO0201__BO0201C/PrisPerAreorSM02/
"Byggnadspris/bostadsarea, kr",Länsregion I (norr),brutto,2020,29281,https://www.statistikdatabasen.scb.se/pxweb/sv/ssd/START__BO__BO0201__BO0201C/PrisPerAreorSM02/
"Byggnadspris/bostadsarea, kr",Länsregion I (norr),brutto,2021,26399,https://www.statistikdatabasen.scb.se/pxweb/sv/ssd/START__BO__BO0201__BO0201C/PrisPerAreorSM02/
"Byggnadspris/bostadsarea, kr",Länsregion I (norr),brutto,2022,25419,https://www.statistikdatabasen.scb.se/pxweb/sv/ssd/START__BO__BO0201__BO0201C/PrisPerAreorSM02/
"Byggnadspris/bostadsarea, kr",Länsregion I (norr),brutto,2023,31480,https://www.statistikdatabasen.scb.se/pxweb/sv/ssd/START__BO__BO0201__BO0201C/PrisPerAreorSM02/
"Byggnadspris/bostadsarea, kr",Länsregion I (norr),brutto,2024,35769,https://www.statistikdatabasen.scb.se/pxweb/sv/ssd/START__BO__BO0201__BO0201C/PrisPerAreorSM02/
"Totalt produktionspris/bostadsarea, kr",Länsregion I (norr),brutto,1994,,https://www.statistikdatabasen.scb.se/pxweb/sv/ssd/START__BO__BO0201__BO0201C/PrisPerAreorSM02/
"Totalt produktionspris/bostadsarea, kr",Länsregion I (norr),brutto,1995,,https://www.statistikdatabasen.scb.se/pxweb/sv/ssd/START__BO__BO0201__BO0201C/PrisPerAreorSM02/
"Totalt produktionspris/bostadsarea, kr",Länsregion I (norr),brutto,1996,,https://www.statistikdatabasen.scb.se/pxweb/sv/ssd/START__BO__BO0201__BO0201C/PrisPerAreorSM02/
"Totalt produktionspris/bostadsarea, kr",Länsregion I (norr),brutto,1997,,https://www.statistikdatabasen.scb.se/pxweb/sv/ssd/START__BO__BO0201__BO0201C/PrisPerAreorSM02/
"Totalt produktionspris/bostadsarea, kr",Länsregion I (norr),brutto,1998,,https://www.statistikdatabasen.scb.se/pxweb/sv/ssd/START__BO__BO0201__BO0201C/PrisPerAreorSM02/
"Totalt produktionspris/bostadsarea, kr",Länsregion I (norr),brutto,1999,,https://www.statistikdatabasen.scb.se/pxweb/sv/ssd/START__BO__BO0201__BO0201C/PrisPerAreorSM02/
"Totalt produktionspris/bostadsarea, kr",Länsregion I (norr),brutto,2000,11784,https://www.statistikdatabasen.scb.se/pxweb/sv/ssd/START__BO__BO0201__BO0201C/PrisPerAreorSM02/
"Totalt produktionspris/bostadsarea, kr",Länsregion I (norr),brutto,2001,,https://www.statistikdatabasen.scb.se/pxweb/sv/ssd/START__BO__BO0201__BO0201C/PrisPerAreorSM02/
"Totalt produktionspris/bostadsarea, kr",Länsregion I (norr),brutto,2002,14077,https://www.statistikdatabasen.scb.se/pxweb/sv/ssd/START__BO__BO0201__BO0201C/PrisPerAreorSM02/
"Totalt produktionspris/bostadsarea, kr",Länsregion I (norr),brutto,2003,14021,https://www.statistikdatabasen.scb.se/pxweb/sv/ssd/START__BO__BO0201__BO0201C/PrisPerAreorSM02/
"Totalt produktionspris/bostadsarea, kr",Länsregion I (norr),brutto,2004,15639,https://www.statistikdatabasen.scb.se/pxweb/sv/ssd/START__BO__BO0201__BO0201C/PrisPerAreorSM02/
"Totalt produktionspris/bostadsarea, kr",Länsregion I (norr),brutto,2005,15948,https://www.statistikdatabasen.scb.se/pxweb/sv/ssd/START__BO__BO0201__BO0201C/PrisPerAreorSM02/
"Totalt produktionspris/bostadsarea, kr",Länsregion I (norr),brutto,2006,16285,https://www.statistikdatabasen.scb.se/pxweb/sv/ssd/START__BO__BO0201__BO0201C/PrisPerAreorSM02/
"Totalt produktionspris/bostadsarea, kr",Länsregion I (norr),brutto,2007,16967,https://www.statistikdatabasen.scb.se/pxweb/sv/ssd/START__BO__BO0201__BO0201C/PrisPerAreorSM02/
"Totalt produktionspris/bostadsarea, kr",Länsregion I (norr),brutto,2008,19264,https://www.statistikdatabasen.scb.se/pxweb/sv/ssd/START__BO__BO0201__BO0201C/PrisPerAreorSM02/
"Totalt produktionspris/bostadsarea, kr",Länsregion I (norr),brutto,2009,20949,https://www.statistikdatabasen.scb.se/pxweb/sv/ssd/START__BO__BO0201__BO0201C/PrisPerAreorSM02/
"Totalt produktionspris/bostadsarea, kr",Länsregion I (norr),brutto,2010,21264,https://www.statistikdatabasen.scb.se/pxweb/sv/ssd/START__BO__BO0201__BO0201C/PrisPerAreorSM02/
"Totalt produktionspris/bostadsarea, kr",Länsregion I (norr),brutto,2011,23582,https://www.statistikdatabasen.scb.se/pxweb/sv/ssd/START__BO__BO0201__BO0201C/PrisPerAreorSM02/
"Totalt produktionspris/bostadsarea, kr",Länsregion I (norr),brutto,2012,23076,https://www.statistikdatabasen.scb.se/pxweb/sv/ssd/START__BO__BO0201__BO0201C/PrisPerAreorSM02/
"Totalt produktionspris/bostadsarea, kr",Länsregion I (norr),brutto,2013,24639,https://www.statistikdatabasen.scb.se/pxweb/sv/ssd/START__BO__BO0201__BO0201C/PrisPerAreorSM02/
"Totalt produktionspris/bostadsarea, kr",Länsregion I (norr),brutto,2014,24080,https://www.statistikdatabasen.scb.se/pxweb/sv/ssd/START__BO__BO0201__BO0201C/PrisPerAreorSM02/
"Totalt produktionspris/bostadsarea, kr",Länsregion I (norr),brutto,2015,25761,https://www.statistikdatabasen.scb.se/pxweb/sv/ssd/START__BO__BO0201__BO0201C/PrisPerAreorSM02/
"Totalt produktionspris/bostadsarea, kr",Länsregion I (norr),brutto,2016,29799,https://www.statistikdatabasen.scb.se/pxweb/sv/ssd/START__BO__BO0201__BO0201C/PrisPerAreorSM02/
"Totalt produktionspris/bostadsarea, kr",Länsregion I (norr),brutto,2017,28626,https://www.statistikdatabasen.scb.se/pxweb/sv/ssd/START__BO__BO0201__BO0201C/PrisPerAreorSM02/
"Totalt produktionspris/bostadsarea, kr",Länsregion I (norr),brutto,2018,30739,https://www.statistikdatabasen.scb.se/pxweb/sv/ssd/START__BO__BO0201__BO0201C/PrisPerAreorSM02/
"Totalt produktionspris/bostadsarea, kr",Länsregion I (norr),brutto,2019,34009,https://www.statistikdatabasen.scb.se/pxweb/sv/ssd/START__BO__BO0201__BO0201C/PrisPerAreorSM02/
"Totalt produktionspris/bostadsarea, kr",Länsregion I (norr),brutto,2020,34249,https://www.statistikdatabasen.scb.se/pxweb/sv/ssd/START__BO__BO0201__BO0201C/PrisPerAreorSM02/
"Totalt produktionspris/bostadsarea, kr",Länsregion I (norr),brutto,2021,31230,https://www.statistikdatabasen.scb.se/pxweb/sv/ssd/START__BO__BO0201__BO0201C/PrisPerAreorSM02/
"Totalt produktionspris/bostadsarea, kr",Länsregion I (norr),brutto,2022,31581,https://www.statistikdatabasen.scb.se/pxweb/sv/ssd/START__BO__BO0201__BO0201C/PrisPerAreorSM02/
"Totalt produktionspris/bostadsarea, kr",Länsregion I (norr),brutto,2023,37508,https://www.statistikdatabasen.scb.se/pxweb/sv/ssd/START__BO__BO0201__BO0201C/PrisPerAreorSM02/
"Totalt produktionspris/bostadsarea, kr",Länsregion I (norr),brutto,2024,39031,https://www.statistikdatabasen.scb.se/pxweb/sv/ssd/START__BO__BO0201__BO0201C/PrisPerAreorSM02/
"Byggnadsobjekt, antal som prisstatistiken baseras på",Länsregion I (norr),netto,1994,7,https://www.statistikdatabasen.scb.se/pxweb/sv/ssd/START__BO__BO0201__BO0201C/PrisPerAreorSM02/
"Byggnadsobjekt, antal som prisstatistiken baseras på",Länsregion I (norr),netto,1995,6,https://www.statistikdatabasen.scb.se/pxweb/sv/ssd/START__BO__BO0201__BO0201C/PrisPerAreorSM02/
"Byggnadsobjekt, antal som prisstatistiken baseras på",Länsregion I (norr),netto,1996,6,https://www.statistikdatabasen.scb.se/pxweb/sv/ssd/START__BO__BO0201__BO0201C/PrisPerAreorSM02/
"Byggnadsobjekt, antal som prisstatistiken baseras på",Länsregion I (norr),netto,1997,,https://www.statistikdatabasen.scb.se/pxweb/sv/ssd/START__BO__BO0201__BO0201C/PrisPerAreorSM02/
"Byggnadsobjekt, antal som prisstatistiken baseras på",Länsregion I (norr),netto,1998,,https://www.statistikdatabasen.scb.se/pxweb/sv/ssd/START__BO__BO0201__BO0201C/PrisPerAreorSM02/
"Byggnadsobjekt, antal som prisstatistiken baseras på",Länsregion I (norr),netto,1999,,https://www.statistikdatabasen.scb.se/pxweb/sv/ssd/START__BO__BO0201__BO0201C/PrisPerAreorSM02/
"Byggnadsobjekt, antal som prisstatistiken baseras på",Länsregion I (norr),netto,2000,7,https://www.statistikdatabasen.scb.se/pxweb/sv/ssd/START__BO__BO0201__BO0201C/PrisPerAreorSM02/
"Byggnadsobjekt, antal som prisstatistiken baseras på",Länsregion I (norr),netto,2001,,https://www.statistikdatabasen.scb.se/pxweb/sv/ssd/START__BO__BO0201__BO0201C/PrisPerAreorSM02/
"Byggnadsobjekt, antal som prisstatistiken baseras på",Länsregion I (norr),netto,2002,8,https://www.statistikdatabasen.scb.se/pxweb/sv/ssd/START__BO__BO0201__BO0201C/PrisPerAreorSM02/
"Byggnadsobjekt, antal som prisstatistiken baseras på",Länsregion I (norr),netto,2003,17,https://www.statistikdatabasen.scb.se/pxweb/sv/ssd/START__BO__BO0201__BO0201C/PrisPerAreorSM02/
"Byggnadsobjekt, antal som prisstatistiken baseras på",Länsregion I (norr),netto,2004,22,https://www.statistikdatabasen.scb.se/pxweb/sv/ssd/START__BO__BO0201__BO0201C/PrisPerAreorSM02/
"Byggnadsobjekt, antal som prisstatistiken baseras på",Länsregion I (norr),netto,2005,11,https://www.statistikdatabasen.scb.se/pxweb/sv/ssd/START__BO__BO0201__BO0201C/PrisPerAreorSM02/
"Byggnadsobjekt, antal som prisstatistiken baseras på",Länsregion I (norr),netto,2006,15,https://www.statistikdatabasen.scb.se/pxweb/sv/ssd/START__BO__BO0201__BO0201C/PrisPerAreorSM02/
"Byggnadsobjekt, antal som prisstatistiken baseras på",Länsregion I (norr),netto,2007,31,https://www.statistikdatabasen.scb.se/pxweb/sv/ssd/START__BO__BO0201__BO0201C/PrisPerAreorSM02/
"Byggnadsobjekt, antal som prisstatistiken baseras på",Länsregion I (norr),netto,2008,24,https://www.statistikdatabasen.scb.se/pxweb/sv/ssd/START__BO__BO0201__BO0201C/PrisPerAreorSM02/
"Byggnadsobjekt, antal som prisstatistiken baseras på",Länsregion I (norr),netto,2009,9,https://www.statistikdatabasen.scb.se/pxweb/sv/ssd/START__BO__BO0201__BO0201C/PrisPerAreorSM02/
"Byggnadsobjekt, antal som prisstatistiken baseras på",Länsregion I (norr),netto,2010,17,https://www.statistikdatabasen.scb.se/pxweb/sv/ssd/START__BO__BO0201__BO0201C/PrisPerAreorSM02/
"Byggnadsobjekt, antal som prisstatistiken baseras på",Länsregion I (norr),netto,2011,14,https://www.statistikdatabasen.scb.se/pxweb/sv/ssd/START__BO__BO0201__BO0201C/PrisPerAreorSM02/
"Byggnadsobjekt, antal som prisstatistiken baseras på",Länsregion I (norr),netto,2012,11,https://www.statistikdatabasen.scb.se/pxweb/sv/ssd/START__BO__BO0201__BO0201C/PrisPerAreorSM02/
"Byggnadsobjekt, antal som prisstatistiken baseras på",Länsregion I (norr),netto,2013,13,https://www.statistikdatabasen.scb.se/pxweb/sv/ssd/START__BO__BO0201__BO0201C/PrisPerAreorSM02/
"Byggnadsobjekt, antal som prisstatistiken baseras på",Länsregion I (norr),netto,2014,20,https://www.statistikdatabasen.scb.se/pxweb/sv/ssd/START__BO__BO0201__BO0201C/PrisPerAreorSM02/
"Byggnadsobjekt, antal som prisstatistiken baseras på",Länsregion I (norr),netto,2015,28,https://www.statistikdatabasen.scb.se/pxweb/sv/ssd/START__BO__BO0201__BO0201C/PrisPerAreorSM02/
"Byggnadsobjekt, antal som prisstatistiken baseras på",Länsregion I (norr),netto,2016,20,https://www.statistikdatabasen.scb.se/pxweb/sv/ssd/START__BO__BO0201__BO0201C/PrisPerAreorSM02/
"Byggnadsobjekt, antal som prisstatistiken baseras på",Länsregion I (norr),netto,2017,34,https://www.statistikdatabasen.scb.se/pxweb/sv/ssd/START__BO__BO0201__BO0201C/PrisPerAreorSM02/
"Byggnadsobjekt, antal som prisstatistiken baseras på",Länsregion I (norr),netto,2018,22,https://www.statistikdatabasen.scb.se/pxweb/sv/ssd/START__BO__BO0201__BO0201C/PrisPerAreorSM02/
"Byggnadsobjekt, antal som prisstatistiken baseras på",Länsregion I (norr),netto,2019,15,https://www.statistikdatabasen.scb.se/pxweb/sv/ssd/START__BO__BO0201__BO0201C/PrisPerAreorSM02/
"Byggnadsobjekt, antal som prisstatistiken baseras på",Länsregion I (norr),netto,2020,25,https://www.statistikdatabasen.scb.se/pxweb/sv/ssd/START__BO__BO0201__BO0201C/PrisPerAreorSM02/
"Byggnadsobjekt, antal som prisstatistiken baseras på",Länsregion I (norr),netto,2021,37,https://www.statistikdatabasen.scb.se/pxweb/sv/ssd/START__BO__BO0201__BO0201C/PrisPerAreorSM02/
"Byggnadsobjekt, antal som prisstatistiken baseras på",Länsregion I (norr),netto,2022,23,https://www.statistikdatabasen.scb.se/pxweb/sv/ssd/START__BO__BO0201__BO0201C/PrisPerAreorSM02/
"Byggnadsobjekt, antal som prisstatistiken baseras på",Länsregion I (norr),netto,2023,18,https://www.statistikdatabasen.scb.se/pxweb/sv/ssd/START__BO__BO0201__BO0201C/PrisPerAreorSM02/
"Byggnadsobjekt, antal som prisstatistiken baseras på",Länsregion I (norr),netto,2024,16,https://www.statistikdatabasen.scb.se/pxweb/sv/ssd/START__BO__BO0201__BO0201C/PrisPerAreorSM02/
"Lägenheter, antal som prisstatistiken baseras på",Länsregion I (norr),netto,1994,17,https://www.statistikdatabasen.scb.se/pxweb/sv/ssd/START__BO__BO0201__BO0201C/PrisPerAreorSM02/
"Lägenheter, antal som prisstatistiken baseras på",Länsregion I (norr),netto,1995,7,https://www.statistikdatabasen.scb.se/pxweb/sv/ssd/START__BO__BO0201__BO0201C/PrisPerAreorSM02/
"Lägenheter, antal som prisstatistiken baseras på",Länsregion I (norr),netto,1996,17,https://www.statistikdatabasen.scb.se/pxweb/sv/ssd/START__BO__BO0201__BO0201C/PrisPerAreorSM02/
"Lägenheter, antal som prisstatistiken baseras på",Länsregion I (norr),netto,1997,,https://www.statistikdatabasen.scb.se/pxweb/sv/ssd/START__BO__BO0201__BO0201C/PrisPerAreorSM02/
"Lägenheter, antal som prisstatistiken baseras på",Länsregion I (norr),netto,1998,,https://www.statistikdatabasen.scb.se/pxweb/sv/ssd/START__BO__BO0201__BO0201C/PrisPerAreorSM02/
"Lägenheter, antal som prisstatistiken baseras på",Länsregion I (norr),netto,1999,,https://www.statistikdatabasen.scb.se/pxweb/sv/ssd/START__BO__BO0201__BO0201C/PrisPerAreorSM02/
"Lägenheter, antal som prisstatistiken baseras på",Länsregion I (norr),netto,2000,30,https://www.statistikdatabasen.scb.se/pxweb/sv/ssd/START__BO__BO0201__BO0201C/PrisPerAreorSM02/
"Lägenheter, antal som prisstatistiken baseras på",Länsregion I (norr),netto,2001,,https://www.statistikdatabasen.scb.se/pxweb/sv/ssd/START__BO__BO0201__BO0201C/PrisPerAreorSM02/
"Lägenheter, antal som prisstatistiken baseras på",Länsregion I (norr),netto,2002,31,https://www.statistikdatabasen.scb.se/pxweb/sv/ssd/START__BO__BO0201__BO0201C/PrisPerAreorSM02/
"Lägenheter, antal som prisstatistiken baseras på",Länsregion I (norr),netto,2003,67,https://www.statistikdatabasen.scb.se/pxweb/sv/ssd/START__BO__BO0201__BO0201C/PrisPerAreorSM02/
"Lägenheter, antal som prisstatistiken baseras på",Länsregion I (norr),netto,2004,70,https://www.statistikdatabasen.scb.se/pxweb/sv/ssd/START__BO__BO0201__BO0201C/PrisPerAreorSM02/
"Lägenheter, antal som prisstatistiken baseras på",Länsregion I (norr),netto,2005,73,https://www.statistikdatabasen.scb.se/pxweb/sv/ssd/START__BO__BO0201__BO0201C/PrisPerAreorSM02/
"Lägenheter, antal som prisstatistiken baseras på",Länsregion I (norr),netto,2006,98,https://www.statistikdatabasen.scb.se/pxweb/sv/ssd/START__BO__BO0201__BO0201C/PrisPerAreorSM02/
"Lägenheter, antal som prisstatistiken baseras på",Länsregion I (norr),netto,2007,131,https://www.statistikdatabasen.scb.se/pxweb/sv/ssd/START__BO__BO0201__BO0201C/PrisPerAreorSM02/
"Lägenheter, antal som prisstatistiken baseras på",Länsregion I (norr),netto,2008,60,https://www.statistikdatabasen.scb.se/pxweb/sv/ssd/START__BO__BO0201__BO0201C/PrisPerAreorSM02/
"Lägenheter, antal som prisstatistiken baseras på",Länsregion I (norr),netto,2009,27,https://www.statistikdatabasen.scb.se/pxweb/sv/ssd/START__BO__BO0201__BO0201C/PrisPerAreorSM02/
"Lägenheter, antal som prisstatistiken baseras på",Länsregion I (norr),netto,2010,96,https://www.statistikdatabasen.scb.se/pxweb/sv/ssd/START__BO__BO0201__BO0201C/PrisPerAreorSM02/
"Lägenheter, antal som prisstatistiken baseras på",Länsregion I (norr),netto,2011,127,https://www.statistikdatabasen.scb.se/pxweb/sv/ssd/START__BO__BO0201__BO0201C/PrisPerAreorSM02/
"Lägenheter, antal som prisstatistiken baseras på",Länsregion I (norr),netto,2012,48,https://www.statistikdatabasen.scb.se/pxweb/sv/ssd/START__BO__BO0201__BO0201C/PrisPerAreorSM02/
"Lägenheter, antal som prisstatistiken baseras på",Länsregion I (norr),netto,2013,53,https://www.statistikdatabasen.scb.se/pxweb/sv/ssd/START__BO__BO0201__BO0201C/PrisPerAreorSM02/
"Lägenheter, antal som prisstatistiken baseras på",Länsregion I (norr),netto,2014,134,https://www.statistikdatabasen.scb.se/pxweb/sv/ssd/START__BO__BO0201__BO0201C/PrisPerAreorSM02/
"Lägenheter, antal som prisstatistiken baseras på",Länsregion I (norr),netto,2015,253,https://www.statistikdatabasen.scb.se/pxweb/sv/ssd/START__BO__BO0201__BO0201C/PrisPerAreorSM02/
"Lägenheter, antal som prisstatistiken baseras på",Länsregion I (norr),netto,2016,134,https://www.statistikdatabasen.scb.se/pxweb/sv/ssd/START__BO__BO0201__BO0201C/PrisPerAreorSM02/
"Lägenheter, antal som prisstatistiken baseras på",Länsregion I (norr),netto,2017,180,https://www.statistikdatabasen.scb.se/pxweb/sv/ssd/START__BO__BO0201__BO0201C/PrisPerAreorSM02/
"Lägenheter, antal som prisstatistiken baseras på",Länsregion I (norr),netto,2018,99,https://www.statistikdatabasen.scb.se/pxweb/sv/ssd/START__BO__BO0201__BO0201C/PrisPerAreorSM02/
"Lägenheter, antal som prisstatistiken baseras på",Länsregion I (norr),netto,2019,135,https://www.statistikdatabasen.scb.se/pxweb/sv/ssd/START__BO__BO0201__BO0201C/PrisPerAreorSM02/
"Lägenheter, antal som prisstatistiken baseras på",Länsregion I (norr),netto,2020,94,https://www.statistikdatabasen.scb.se/pxweb/sv/ssd/START__BO__BO0201__BO0201C/PrisPerAreorSM02/
"Lägenheter, antal som prisstatistiken baseras på",Länsregion I (norr),netto,2021,130,https://www.statistikdatabasen.scb.se/pxweb/sv/ssd/START__BO__BO0201__BO0201C/PrisPerAreorSM02/
"Lägenheter, antal som prisstatistiken baseras på",Länsregion I (norr),netto,2022,85,https://www.statistikdatabasen.scb.se/pxweb/sv/ssd/START__BO__BO0201__BO0201C/PrisPerAreorSM02/
"Lägenheter, antal som prisstatistiken baseras på",Länsregion I (norr),netto,2023,59,https://www.statistikdatabasen.scb.se/pxweb/sv/ssd/START__BO__BO0201__BO0201C/PrisPerAreorSM02/
"Lägenheter, antal som prisstatistiken baseras på",Länsregion I (norr),netto,2024,41,https://www.statistikdatabasen.scb.se/pxweb/sv/ssd/START__BO__BO0201__BO0201C/PrisPerAreorSM02/
"Bostadsarea/lägenhet, kvm",Länsregion I (norr),netto,1994,,https://www.statistikdatabasen.scb.se/pxweb/sv/ssd/START__BO__BO0201__BO0201C/PrisPerAreorSM02/
"Bostadsarea/lägenhet, kvm",Länsregion I (norr),netto,1995,,https://www.statistikdatabasen.scb.se/pxweb/sv/ssd/START__BO__BO0201__BO0201C/PrisPerAreorSM02/
"Bostadsarea/lägenhet, kvm",Länsregion I (norr),netto,1996,,https://www.statistikdatabasen.scb.se/pxweb/sv/ssd/START__BO__BO0201__BO0201C/PrisPerAreorSM02/
"Bostadsarea/lägenhet, kvm",Länsregion I (norr),netto,1997,,https://www.statistikdatabasen.scb.se/pxweb/sv/ssd/START__BO__BO0201__BO0201C/PrisPerAreorSM02/
"Bostadsarea/lägenhet, kvm",Länsregion I (norr),netto,1998,,https://www.statistikdatabasen.scb.se/pxweb/sv/ssd/START__BO__BO0201__BO0201C/PrisPerAreorSM02/
"Bostadsarea/lägenhet, kvm",Länsregion I (norr),netto,1999,,https://www.statistikdatabasen.scb.se/pxweb/sv/ssd/START__BO__BO0201__BO0201C/PrisPerAreorSM02/
"Bostadsarea/lägenhet, kvm",Länsregion I (norr),netto,2000,140.7,https://www.statistikdatabasen.scb.se/pxweb/sv/ssd/START__BO__BO0201__BO0201C/PrisPerAreorSM02/
"Bostadsarea/lägenhet, kvm",Länsregion I (norr),netto,2001,,https://www.statistikdatabasen.scb.se/pxweb/sv/ssd/START__BO__BO0201__BO0201C/PrisPerAreorSM02/
"Bostadsarea/lägenhet, kvm",Länsregion I (norr),netto,2002,134.9,https://www.statistikdatabasen.scb.se/pxweb/sv/ssd/START__BO__BO0201__BO0201C/PrisPerAreorSM02/
"Bostadsarea/lägenhet, kvm",Länsregion I (norr),netto,2003,107,https://www.statistikdatabasen.scb.se/pxweb/sv/ssd/START__BO__BO0201__BO0201C/PrisPerAreorSM02/
"Bostadsarea/lägenhet, kvm",Länsregion I (norr),netto,2004,117.7,https://www.statistikdatabasen.scb.se/pxweb/sv/ssd/START__BO__BO0201__BO0201C/PrisPerAreorSM02/
"Bostadsarea/lägenhet, kvm",Länsregion I (norr),netto,2005,113.9,https://www.statistikdatabasen.scb.se/pxweb/sv/ssd/START__BO__BO0201__BO0201C/PrisPerAreorSM02/
"Bostadsarea/lägenhet, kvm",Länsregion I (norr),netto,2006,110.4,https://www.statistikdatabasen.scb.se/pxweb/sv/ssd/START__BO__BO0201__BO0201C/PrisPerAreorSM02/
"Bostadsarea/lägenhet, kvm",Länsregion I (norr),netto,2007,125,https://www.statistikdatabasen.scb.se/pxweb/sv/ssd/START__BO__BO0201__BO0201C/PrisPerAreorSM02/
"Bostadsarea/lägenhet, kvm",Länsregion I (norr),netto,2008,120.6,https://www.statistikdatabasen.scb.se/pxweb/sv/ssd/START__BO__BO0201__BO0201C/PrisPerAreorSM02/
"Bostadsarea/lägenhet, kvm",Länsregion I (norr),netto,2009,146.4,https://www.statistikdatabasen.scb.se/pxweb/sv/ssd/START__BO__BO0201__BO0201C/PrisPerAreorSM02/
"Bostadsarea/lägenhet, kvm",Länsregion I (norr),netto,2010,133.2,https://www.statistikdatabasen.scb.se/pxweb/sv/ssd/START__BO__BO0201__BO0201C/PrisPerAreorSM02/
"Bostadsarea/lägenhet, kvm",Länsregion I (norr),netto,2011,126.9,https://www.statistikdatabasen.scb.se/pxweb/sv/ssd/START__BO__BO0201__BO0201C/PrisPerAreorSM02/
"Bostadsarea/lägenhet, kvm",Länsregion I (norr),netto,2012,129.4,https://www.statistikdatabasen.scb.se/pxweb/sv/ssd/START__BO__BO0201__BO0201C/PrisPerAreorSM02/
"Bostadsarea/lägenhet, kvm",Länsregion I (norr),netto,2013,106.1,https://www.statistikdatabasen.scb.se/pxweb/sv/ssd/START__BO__BO0201__BO0201C/PrisPerAreorSM02/
"Bostadsarea/lägenhet, kvm",Länsregion I (norr),netto,2014,132.6,https://www.statistikdatabasen.scb.se/pxweb/sv/ssd/START__BO__BO0201__BO0201C/PrisPerAreorSM02/
"Bostadsarea/lägenhet, kvm",Länsregion I (norr),netto,2015,122.1,https://www.statistikdatabasen.scb.se/pxweb/sv/ssd/START__BO__BO0201__BO0201C/PrisPerAreorSM02/
"Bostadsarea/lägenhet, kvm",Länsregion I (norr),netto,2016,116.3,https://www.statistikdatabasen.scb.se/pxweb/sv/ssd/START__BO__BO0201__BO0201C/PrisPerAreorSM02/
"Bostadsarea/lägenhet, kvm",Länsregion I (norr),netto,2017,118.2,https://www.statistikdatabasen.scb.se/pxweb/sv/ssd/START__BO__BO0201__BO0201C/PrisPerAreorSM02/
"Bostadsarea/lägenhet, kvm",Länsregion I (norr),netto,2018,122.4,https://www.statistikdatabasen.scb.se/pxweb/sv/ssd/START__BO__BO0201__BO0201C/PrisPerAreorSM02/
"Bostadsarea/lägenhet, kvm",Länsregion I (norr),netto,2019,111,https://www.statistikdatabasen.scb.se/pxweb/sv/ssd/START__BO__BO0201__BO0201C/PrisPerAreorSM02/
"Bostadsarea/lägenhet, kvm",Länsregion I (norr),netto,2020,112.9,https://www.statistikdatabasen.scb.se/pxweb/sv/ssd/START__BO__BO0201__BO0201C/PrisPerAreorSM02/
"Bostadsarea/lägenhet, kvm",Länsregion I (norr),netto,2021,98.6,https://www.statistikdatabasen.scb.se/pxweb/sv/ssd/START__BO__BO0201__BO0201C/PrisPerAreorSM02/
"Bostadsarea/lägenhet, kvm",Länsregion I (norr),netto,2022,119.5,https://www.statistikdatabasen.scb.se/pxweb/sv/ssd/START__BO__BO0201__BO0201C/PrisPerAreorSM02/
"Bostadsarea/lägenhet, kvm",Länsregion I (norr),netto,2023,131.6,https://www.statistikdatabasen.scb.se/pxweb/sv/ssd/START__BO__BO0201__BO0201C/PrisPerAreorSM02/
"Bostadsarea/lägenhet, kvm",Länsregion I (norr),netto,2024,122.8,https://www.statistikdatabasen.scb.se/pxweb/sv/ssd/START__BO__BO0201__BO0201C/PrisPerAreorSM02/
"Markpris/bostadsarea, kr",Länsregion I (norr),netto,1994,,https://www.statistikdatabasen.scb.se/pxweb/sv/ssd/START__BO__BO0201__BO0201C/PrisPerAreorSM02/
"Markpris/bostadsarea, kr",Länsregion I (norr),netto,1995,,https://www.statistikdatabasen.scb.se/pxweb/sv/ssd/START__BO__BO0201__BO0201C/PrisPerAreorSM02/
"Markpris/bostadsarea, kr",Länsregion I (norr),netto,1996,,https://www.statistikdatabasen.scb.se/pxweb/sv/ssd/START__BO__BO0201__BO0201C/PrisPerAreorSM02/
"Markpris/bostadsarea, kr",Länsregion I (norr),netto,1997,,https://www.statistikdatabasen.scb.se/pxweb/sv/ssd/START__BO__BO0201__BO0201C/PrisPerAreorSM02/
"Markpris/bostadsarea, kr",Länsregion I (norr),netto,1998,,https://www.statistikdatabasen.scb.se/pxweb/sv/ssd/START__BO__BO0201__BO0201C/PrisPerAreorSM02/
"Markpris/bostadsarea, kr",Länsregion I (norr),netto,1999,,https://www.statistikdatabasen.scb.se/pxweb/sv/ssd/START__BO__BO0201__BO0201C/PrisPerAreorSM02/
"Markpris/bostadsarea, kr",Länsregion I (norr),netto,2000,2118,https://www.statistikdatabasen.scb.se/pxweb/sv/ssd/START__BO__BO0201__BO0201C/PrisPerAreorSM02/
"Markpris/bostadsarea, kr",Länsregion I (norr),netto,2001,,https://www.statistikdatabasen.scb.se/pxweb/sv/ssd/START__BO__BO0201__BO0201C/PrisPerAreorSM02/
"Markpris/bostadsarea, kr",Länsregion I (norr),netto,2002,2292,https://www.statistikdatabasen.scb.se/pxweb/sv/ssd/START__BO__BO0201__BO0201C/PrisPerAreorSM02/
"Markpris/bostadsarea, kr",Länsregion I (norr),netto,2003,1688,https://www.statistikdatabasen.scb.se/pxweb/sv/ssd/START__BO__BO0201__BO0201C/PrisPerAreorSM02/
"Markpris/bostadsarea, kr",Länsregion I (norr),netto,2004,2527,https://www.statistikdatabasen.scb.se/pxweb/sv/ssd/START__BO__BO0201__BO0201C/PrisPerAreorSM02/
"Markpris/bostadsarea, kr",Länsregion I (norr),netto,2005,2105,https://www.statistikdatabasen.scb.se/pxweb/sv/ssd/START__BO__BO0201__BO0201C/PrisPerAreorSM02/
"Markpris/bostadsarea, kr",Länsregion I (norr),netto,2006,1960,https://www.statistikdatabasen.scb.se/pxweb/sv/ssd/START__BO__BO0201__BO0201C/PrisPerAreorSM02/
"Markpris/bostadsarea, kr",Länsregion I (norr),netto,2007,2738,https://www.statistikdatabasen.scb.se/pxweb/sv/ssd/START__BO__BO0201__BO0201C/PrisPerAreorSM02/
"Markpris/bostadsarea, kr",Länsregion I (norr),netto,2008,3139,https://www.statistikdatabasen.scb.se/pxweb/sv/ssd/START__BO__BO0201__BO0201C/PrisPerAreorSM02/
"Markpris/bostadsarea, kr",Länsregion I (norr),netto,2009,3831,https://www.statistikdatabasen.scb.se/pxweb/sv/ssd/START__BO__BO0201__BO0201C/PrisPerAreorSM02/
"Markpris/bostadsarea, kr",Länsregion I (norr),netto,2010,4737,https://www.statistikdatabasen.scb.se/pxweb/sv/ssd/START__BO__BO0201__BO0201C/PrisPerAreorSM02/
"Markpris/bostadsarea, kr",Länsregion I (norr),netto,2011,4475,https://www.statistikdatabasen.scb.se/pxweb/sv/ssd/START__BO__BO0201__BO0201C/PrisPerAreorSM02/
"Markpris/bostadsarea, kr",Länsregion I (norr),netto,2012,4241,https://www.statistikdatabasen.scb.se/pxweb/sv/ssd/START__BO__BO0201__BO0201C/PrisPerAreorSM02/
"Markpris/bostadsarea, kr",Länsregion I (norr),netto,2013,4754,https://www.statistikdatabasen.scb.se/pxweb/sv/ssd/START__BO__BO0201__BO0201C/PrisPerAreorSM02/
"Markpris/bostadsarea, kr",Länsregion I (norr),netto,2014,2786,https://www.statistikdatabasen.scb.se/pxweb/sv/ssd/START__BO__BO0201__BO0201C/PrisPerAreorSM02/
"Markpris/bostadsarea, kr",Länsregion I (norr),netto,2015,4566,https://www.statistikdatabasen.scb.se/pxweb/sv/ssd/START__BO__BO0201__BO0201C/PrisPerAreorSM02/
"Markpris/bostadsarea, kr",Länsregion I (norr),netto,2016,6218,https://www.statistikdatabasen.scb.se/pxweb/sv/ssd/START__BO__BO0201__BO0201C/PrisPerAreorSM02/
"Markpris/bostadsarea, kr",Länsregion I (norr),netto,2017,3801,https://www.statistikdatabasen.scb.se/pxweb/sv/ssd/START__BO__BO0201__BO0201C/PrisPerAreorSM02/
"Markpris/bostadsarea, kr",Länsregion I (norr),netto,2018,6660,https://www.statistikdatabasen.scb.se/pxweb/sv/ssd/START__BO__BO0201__BO0201C/PrisPerAreorSM02/
"Markpris/bostadsarea, kr",Länsregion I (norr),netto,2019,8450,https://www.statistikdatabasen.scb.se/pxweb/sv/ssd/START__BO__BO0201__BO0201C/PrisPerAreorSM02/
"Markpris/bostadsarea, kr",Länsregion I (norr),netto,2020,4968,https://www.statistikdatabasen.scb.se/pxweb/sv/ssd/START__BO__BO0201__BO0201C/PrisPerAreorSM02/
"Markpris/bostadsarea, kr",Länsregion I (norr),netto,2021,4832,https://www.statistikdatabasen.scb.se/pxweb/sv/ssd/START__BO__BO0201__BO0201C/PrisPerAreorSM02/
"Markpris/bostadsarea, kr",Länsregion I (norr),netto,2022,6162,https://www.statistikdatabasen.scb.se/pxweb/sv/ssd/START__BO__BO0201__BO0201C/PrisPerAreorSM02/
"Markpris/bostadsarea, kr",Länsregion I (norr),netto,2023,6028,https://www.statistikdatabasen.scb.se/pxweb/sv/ssd/START__BO__BO0201__BO0201C/PrisPerAreorSM02/
"Markpris/bostadsarea, kr",Länsregion I (norr),netto,2024,3262,https://www.statistikdatabasen.scb.se/pxweb/sv/ssd/START__BO__BO0201__BO0201C/PrisPerAreorSM02/
"Byggnadspris/bostadsarea, kr",Länsregion I (norr),netto,1994,,https://www.statistikdatabasen.scb.se/pxweb/sv/ssd/START__BO__BO0201__BO0201C/PrisPerAreorSM02/
"Byggnadspris/bostadsarea, kr",Länsregion I (norr),netto,1995,,https://www.statistikdatabasen.scb.se/pxweb/sv/ssd/START__BO__BO0201__BO0201C/PrisPerAreorSM02/
"Byggnadspris/bostadsarea, kr",Länsregion I (norr),netto,1996,,https://www.statistikdatabasen.scb.se/pxweb/sv/ssd/START__BO__BO0201__BO0201C/PrisPerAreorSM02/
"Byggnadspris/bostadsarea, kr",Länsregion I (norr),netto,1997,,https://www.statistikdatabasen.scb.se/pxweb/sv/ssd/START__BO__BO0201__BO0201C/PrisPerAreorSM02/
"Byggnadspris/bostadsarea, kr",Länsregion I (norr),netto,1998,,https://www.statistikdatabasen.scb.se/pxweb/sv/ssd/START__BO__BO0201__BO0201C/PrisPerAreorSM02/
"Byggnadspris/bostadsarea, kr",Länsregion I (norr),netto,1999,,https://www.statistikdatabasen.scb.se/pxweb/sv/ssd/START__BO__BO0201__BO0201C/PrisPerAreorSM02/
"Byggnadspris/bostadsarea, kr",Länsregion I (norr),netto,2000,9666,https://www.statistikdatabasen.scb.se/pxweb/sv/ssd/START__BO__BO0201__BO0201C/PrisPerAreorSM02/
"Byggnadspris/bostadsarea, kr",Länsregion I (norr),netto,2001,,https://www.statistikdatabasen.scb.se/pxweb/sv/ssd/START__BO__BO0201__BO0201C/PrisPerAreorSM02/
"Byggnadspris/bostadsarea, kr",Länsregion I (norr),netto,2002,11784,https://www.statistikdatabasen.scb.se/pxweb/sv/ssd/START__BO__BO0201__BO0201C/PrisPerAreorSM02/
"Byggnadspris/bostadsarea, kr",Länsregion I (norr),netto,2003,12283,https://www.statistikdatabasen.scb.se/pxweb/sv/ssd/START__BO__BO0201__BO0201C/PrisPerAreorSM02/
"Byggnadspris/bostadsarea, kr",Länsregion I (norr),netto,2004,13112,https://www.statistikdatabasen.scb.se/pxweb/sv/ssd/START__BO__BO0201__BO0201C/PrisPerAreorSM02/
"Byggnadspris/bostadsarea, kr",Länsregion I (norr),netto,2005,13822,https://www.statistikdatabasen.scb.se/pxweb/sv/ssd/START__BO__BO0201__BO0201C/PrisPerAreorSM02/
"Byggnadspris/bostadsarea, kr",Länsregion I (norr),netto,2006,14325,https://www.statistikdatabasen.scb.se/pxweb/sv/ssd/START__BO__BO0201__BO0201C/PrisPerAreorSM02/
"Byggnadspris/bostadsarea, kr",Länsregion I (norr),netto,2007,14229,https://www.statistikdatabasen.scb.se/pxweb/sv/ssd/START__BO__BO0201__BO0201C/PrisPerAreorSM02/
"Byggnadspris/bostadsarea, kr",Länsregion I (norr),netto,2008,16124,https://www.statistikdatabasen.scb.se/pxweb/sv/ssd/START__BO__BO0201__BO0201C/PrisPerAreorSM02/
"Byggnadspris/bostadsarea, kr",Länsregion I (norr),netto,2009,17118,https://www.statistikdatabasen.scb.se/pxweb/sv/ssd/START__BO__BO0201__BO0201C/PrisPerAreorSM02/
"Byggnadspris/bostadsarea, kr",Länsregion I (norr),netto,2010,16527,https://www.statistikdatabasen.scb.se/pxweb/sv/ssd/START__BO__BO0201__BO0201C/PrisPerAreorSM02/
"Byggnadspris/bostadsarea, kr",Länsregion I (norr),netto,2011,19107,https://www.statistikdatabasen.scb.se/pxweb/sv/ssd/START__BO__BO0201__BO0201C/PrisPerAreorSM02/
"Byggnadspris/bostadsarea, kr",Länsregion I (norr),netto,2012,18836,https://www.statistikdatabasen.scb.se/pxweb/sv/ssd/START__BO__BO0201__BO0201C/PrisPerAreorSM02/
"Byggnadspris/bostadsarea, kr",Länsregion I (norr),netto,2013,19885,https://www.statistikdatabasen.scb.se/pxweb/sv/ssd/START__BO__BO0201__BO0201C/PrisPerAreorSM02/
"Byggnadspris/bostadsarea, kr",Länsregion I (norr),netto,2014,21294,https://www.statistikdatabasen.scb.se/pxweb/sv/ssd/START__BO__BO0201__BO0201C/PrisPerAreorSM02/
"Byggnadspris/bostadsarea, kr",Länsregion I (norr),netto,2015,21195,https://www.statistikdatabasen.scb.se/pxweb/sv/ssd/START__BO__BO0201__BO0201C/PrisPerAreorSM02/
"Byggnadspris/bostadsarea, kr",Länsregion I (norr),netto,2016,23581,https://www.statistikdatabasen.scb.se/pxweb/sv/ssd/START__BO__BO0201__BO0201C/PrisPerAreorSM02/
"Byggnadspris/bostadsarea, kr",Länsregion I (norr),netto,2017,24781,https://www.statistikdatabasen.scb.se/pxweb/sv/ssd/START__BO__BO0201__BO0201C/PrisPerAreorSM02/
"Byggnadspris/bostadsarea, kr",Länsregion I (norr),netto,2018,24079,https://www.statistikdatabasen.scb.se/pxweb/sv/ssd/START__BO__BO0201__BO0201C/PrisPerAreorSM02/
"Byggnadspris/bostadsarea, kr",Länsregion I (norr),netto,2019,25558,https://www.statistikdatabasen.scb.se/pxweb/sv/ssd/START__BO__BO0201__BO0201C/PrisPerAreorSM02/
"Byggnadspris/bostadsarea, kr",Länsregion I (norr),netto,2020,29281,https://www.statistikdatabasen.scb.se/pxweb/sv/ssd/START__BO__BO0201__BO0201C/PrisPerAreorSM02/
"Byggnadspris/bostadsarea, kr",Länsregion I (norr),netto,2021,26076,https://www.statistikdatabasen.scb.se/pxweb/sv/ssd/START__BO__BO0201__BO0201C/PrisPerAreorSM02/
"Byggnadspris/bostadsarea, kr",Länsregion I (norr),netto,2022,25419,https://www.statistikdatabasen.scb.se/pxweb/sv/ssd/START__BO__BO0201__BO0201C/PrisPerAreorSM02/
"Byggnadspris/bostadsarea, kr",Länsregion I (norr),netto,2023,31480,https://www.statistikdatabasen.scb.se/pxweb/sv/ssd/START__BO__BO0201__BO0201C/PrisPerAreorSM02/
"Byggnadspris/bostadsarea, kr",Länsregion I (norr),netto,2024,35769,https://www.statistikdatabasen.scb.se/pxweb/sv/ssd/START__BO__BO0201__BO0201C/PrisPerAreorSM02/
"Totalt produktionspris/bostadsarea, kr",Länsregion I (norr),netto,1994,,https://www.statistikdatabasen.scb.se/pxweb/sv/ssd/START__BO__BO0201__BO0201C/PrisPerAreorSM02/
"Totalt produktionspris/bostadsarea, kr",Länsregion I (norr),netto,1995,,https://www.statistikdatabasen.scb.se/pxweb/sv/ssd/START__BO__BO0201__BO0201C/PrisPerAreorSM02/
"Totalt produktionspris/bostadsarea, kr",Länsregion I (norr),netto,1996,,https://www.statistikdatabasen.scb.se/pxweb/sv/ssd/START__BO__BO0201__BO0201C/PrisPerAreorSM02/
"Totalt produktionspris/bostadsarea, kr",Länsregion I (norr),netto,1997,,https://www.statistikdatabasen.scb.se/pxweb/sv/ssd/START__BO__BO0201__BO0201C/PrisPerAreorSM02/
"Totalt produktionspris/bostadsarea, kr",Länsregion I (norr),netto,1998,,https://www.statistikdatabasen.scb.se/pxweb/sv/ssd/START__BO__BO0201__BO0201C/PrisPerAreorSM02/
"Totalt produktionspris/bostadsarea, kr",Länsregion I (norr),netto,1999,,https://www.statistikdatabasen.scb.se/pxweb/sv/ssd/START__BO__BO0201__BO0201C/PrisPerAreorSM02/
"Totalt produktionspris/bostadsarea, kr",Länsregion I (norr),netto,2000,11784,https://www.statistikdatabasen.scb.se/pxweb/sv/ssd/START__BO__BO0201__BO0201C/PrisPerAreorSM02/
"Totalt produktionspris/bostadsarea, kr",Länsregion I (norr),netto,2001,,https://www.statistikdatabasen.scb.se/pxweb/sv/ssd/START__BO__BO0201__BO0201C/PrisPerAreorSM02/
"Totalt produktionspris/bostadsarea, kr",Länsregion I (norr),netto,2002,14077,https://www.statistikdatabasen.scb.se/pxweb/sv/ssd/START__BO__BO0201__BO0201C/PrisPerAreorSM02/
"Totalt produktionspris/bostadsarea, kr",Länsregion I (norr),netto,2003,13971,https://www.statistikdatabasen.scb.se/pxweb/sv/ssd/START__BO__BO0201__BO0201C/PrisPerAreorSM02/
"Totalt produktionspris/bostadsarea, kr",Länsregion I (norr),netto,2004,15639,https://www.statistikdatabasen.scb.se/pxweb/sv/ssd/START__BO__BO0201__BO0201C/PrisPerAreorSM02/
"Totalt produktionspris/bostadsarea, kr",Länsregion I (norr),netto,2005,15927,https://www.statistikdatabasen.scb.se/pxweb/sv/ssd/START__BO__BO0201__BO0201C/PrisPerAreorSM02/
"Totalt produktionspris/bostadsarea, kr",Länsregion I (norr),netto,2006,16285,https://www.statistikdatabasen.scb.se/pxweb/sv/ssd/START__BO__BO0201__BO0201C/PrisPerAreorSM02/
"Totalt produktionspris/bostadsarea, kr",Länsregion I (norr),netto,2007,16967,https://www.statistikdatabasen.scb.se/pxweb/sv/ssd/START__BO__BO0201__BO0201C/PrisPerAreorSM02/
"Totalt produktionspris/bostadsarea, kr",Länsregion I (norr),netto,2008,19264,https://www.statistikdatabasen.scb.se/pxweb/sv/ssd/START__BO__BO0201__BO0201C/PrisPerAreorSM02/
"Totalt produktionspris/bostadsarea, kr",Länsregion I (norr),netto,2009,20949,https://www.statistikdatabasen.scb.se/pxweb/sv/ssd/START__BO__BO0201__BO0201C/PrisPerAreorSM02/
"Totalt produktionspris/bostadsarea, kr",Länsregion I (norr),netto,2010,21264,https://www.statistikdatabasen.scb.se/pxweb/sv/ssd/START__BO__BO0201__BO0201C/PrisPerAreorSM02/
"Totalt produktionspris/bostadsarea, kr",Länsregion I (norr),netto,2011,23582,https://www.statistikdatabasen.scb.se/pxweb/sv/ssd/START__BO__BO0201__BO0201C/PrisPerAreorSM02/
"Totalt produktionspris/bostadsarea, kr",Länsregion I (norr),netto,2012,23076,https://www.statistikdatabasen.scb.se/pxweb/sv/ssd/START__BO__BO0201__BO0201C/PrisPerAreorSM02/
"Totalt produktionspris/bostadsarea, kr",Länsregion I (norr),netto,2013,24639,https://www.statistikdatabasen.scb.se/pxweb/sv/ssd/START__BO__BO0201__BO0201C/PrisPerAreorSM02/
"Totalt produktionspris/bostadsarea, kr",Länsregion I (norr),netto,2014,24080,https://www.statistikdatabasen.scb.se/pxweb/sv/ssd/START__BO__BO0201__BO0201C/PrisPerAreorSM02/
"Totalt produktionspris/bostadsarea, kr",Länsregion I (norr),netto,2015,25761,https://www.statistikdatabasen.scb.se/pxweb/sv/ssd/START__BO__BO0201__BO0201C/PrisPerAreorSM02/
"Totalt produktionspris/bostadsarea, kr",Länsregion I (norr),netto,2016,29799,https://www.statistikdatabasen.scb.se/pxweb/sv/ssd/START__BO__BO0201__BO0201C/PrisPerAreorSM02/
"Totalt produktionspris/bostadsarea, kr",Länsregion I (norr),netto,2017,28582,https://www.statistikdatabasen.scb.se/pxweb/sv/ssd/START__BO__BO0201__BO0201C/PrisPerAreorSM02/
"Totalt produktionspris/bostadsarea, kr",Länsregion I (norr),netto,2018,30739,https://www.statistikdatabasen.scb.se/pxweb/sv/ssd/START__BO__BO0201__BO0201C/PrisPerAreorSM02/
"Totalt produktionspris/bostadsarea, kr",Länsregion I (norr),netto,2019,34009,https://www.statistikdatabasen.scb.se/pxweb/sv/ssd/START__BO__BO0201__BO0201C/PrisPerAreorSM02/
"Totalt produktionspris/bostadsarea, kr",Länsregion I (norr),netto,2020,34249,https://www.statistikdatabasen.scb.se/pxweb/sv/ssd/START__BO__BO0201__BO0201C/PrisPerAreorSM02/
"Totalt produktionspris/bostadsarea, kr",Länsregion I (norr),netto,2021,30907,https://www.statistikdatabasen.scb.se/pxweb/sv/ssd/START__BO__BO0201__BO0201C/PrisPerAreorSM02/
"Totalt produktionspris/bostadsarea, kr",Länsregion I (norr),netto,2022,31581,https://www.statistikdatabasen.scb.se/pxweb/sv/ssd/START__BO__BO0201__BO0201C/PrisPerAreorSM02/
"Totalt produktionspris/bostadsarea, kr",Länsregion I (norr),netto,2023,37508,https://www.statistikdatabasen.scb.se/pxweb/sv/ssd/START__BO__BO0201__BO0201C/PrisPerAreorSM02/
"Totalt produktionspris/bostadsarea, kr",Länsregion I (norr),netto,2024,39031,https://www.statistikdatabasen.scb.se/pxweb/sv/ssd/START__BO__BO0201__BO0201C/PrisPerAreorSM02/
"Byggnadsobjekt, antal som prisstatistiken baseras på",Länsregion II (mitten),brutto,1994,,https://www.statistikdatabasen.scb.se/pxweb/sv/ssd/START__BO__BO0201__BO0201C/PrisPerAreorSM02/
"Byggnadsobjekt, antal som prisstatistiken baseras på",Länsregion II (mitten),brutto,1995,,https://www.statistikdatabasen.scb.se/pxweb/sv/ssd/START__BO__BO0201__BO0201C/PrisPerAreorSM02/
"Byggnadsobjekt, antal som prisstatistiken baseras på",Länsregion II (mitten),brutto,1996,,https://www.statistikdatabasen.scb.se/pxweb/sv/ssd/START__BO__BO0201__BO0201C/PrisPerAreorSM02/
"Byggnadsobjekt, antal som prisstatistiken baseras på",Länsregion II (mitten),brutto,1997,,https://www.statistikdatabasen.scb.se/pxweb/sv/ssd/START__BO__BO0201__BO0201C/PrisPerAreorSM02/
"Byggnadsobjekt, antal som prisstatistiken baseras på",Länsregion II (mitten),brutto,1998,66,https://www.statistikdatabasen.scb.se/pxweb/sv/ssd/START__BO__BO0201__BO0201C/PrisPerAreorSM02/
"Byggnadsobjekt, antal som prisstatistiken baseras på",Länsregion II (mitten),brutto,1999,35,https://www.statistikdatabasen.scb.se/pxweb/sv/ssd/START__BO__BO0201__BO0201C/PrisPerAreorSM02/
"Byggnadsobjekt, antal som prisstatistiken baseras på",Länsregion II (mitten),brutto,2000,52,https://www.statistikdatabasen.scb.se/pxweb/sv/ssd/START__BO__BO0201__BO0201C/PrisPerAreorSM02/
"Byggnadsobjekt, antal som prisstatistiken baseras på",Länsregion II (mitten),brutto,2001,69,https://www.statistikdatabasen.scb.se/pxweb/sv/ssd/START__BO__BO0201__BO0201C/PrisPerAreorSM02/
"Byggnadsobjekt, antal som prisstatistiken baseras på",Länsregion II (mitten),brutto,2002,60,https://www.statistikdatabasen.scb.se/pxweb/sv/ssd/START__BO__BO0201__BO0201C/PrisPerAreorSM02/
"Byggnadsobjekt, antal som prisstatistiken baseras på",Länsregion II (mitten),brutto,2003,65,https://www.statistikdatabasen.scb.se/pxweb/sv/ssd/START__BO__BO0201__BO0201C/PrisPerAreorSM02/
"Byggnadsobjekt, antal som prisstatistiken baseras på",Länsregion II (mitten),brutto,2004,93,https://www.statistikdatabasen.scb.se/pxweb/sv/ssd/START__BO__BO0201__BO0201C/PrisPerAreorSM02/
"Byggnadsobjekt, antal som prisstatistiken baseras på",Länsregion II (mitten),brutto,2005,105,https://www.statistikdatabasen.scb.se/pxweb/sv/ssd/START__BO__BO0201__BO0201C/PrisPerAreorSM02/
"Byggnadsobjekt, antal som prisstatistiken baseras på",Länsregion II (mitten),brutto,2006,130,https://www.statistikdatabasen.scb.se/pxweb/sv/ssd/START__BO__BO0201__BO0201C/PrisPerAreorSM02/
"Byggnadsobjekt, antal som prisstatistiken baseras på",Länsregion II (mitten),brutto,2007,123,https://www.statistikdatabasen.scb.se/pxweb/sv/ssd/START__BO__BO0201__BO0201C/PrisPerAreorSM02/
"Byggnadsobjekt, antal som prisstatistiken baseras på",Länsregion II (mitten),brutto,2008,142,https://www.statistikdatabasen.scb.se/pxweb/sv/ssd/START__BO__BO0201__BO0201C/PrisPerAreorSM02/
"Byggnadsobjekt, antal som prisstatistiken baseras på",Länsregion II (mitten),brutto,2009,119,https://www.statistikdatabasen.scb.se/pxweb/sv/ssd/START__BO__BO0201__BO0201C/PrisPerAreorSM02/
"Byggnadsobjekt, antal som prisstatistiken baseras på",Länsregion II (mitten),brutto,2010,143,https://www.statistikdatabasen.scb.se/pxweb/sv/ssd/START__BO__BO0201__BO0201C/PrisPerAreorSM02/
"Byggnadsobjekt, antal som prisstatistiken baseras på",Länsregion II (mitten),brutto,2011,91,https://www.statistikdatabasen.scb.se/pxweb/sv/ssd/START__BO__BO0201__BO0201C/PrisPerAreorSM02/
"Byggnadsobjekt, antal som prisstatistiken baseras på",Länsregion II (mitten),brutto,2012,89,https://www.statistikdatabasen.scb.se/pxweb/sv/ssd/START__BO__BO0201__BO0201C/PrisPerAreorSM02/
"Byggnadsobjekt, antal som prisstatistiken baseras på",Länsregion II (mitten),brutto,2013,124,https://www.statistikdatabasen.scb.se/pxweb/sv/ssd/START__BO__BO0201__BO0201C/PrisPerAreorSM02/
"Byggnadsobjekt, antal som prisstatistiken baseras på",Länsregion II (mitten),brutto,2014,208,https://www.statistikdatabasen.scb.se/pxweb/sv/ssd/START__BO__BO0201__BO0201C/PrisPerAreorSM02/
"Byggnadsobjekt, antal som prisstatistiken baseras på",Länsregion II (mitten),brutto,2015,210,https://www.statistikdatabasen.scb.se/pxweb/sv/ssd/START__BO__BO0201__BO0201C/PrisPerAreorSM02/
"Byggnadsobjekt, antal som prisstatistiken baseras på",Länsregion II (mitten),brutto,2016,259,https://www.statistikdatabasen.scb.se/pxweb/sv/ssd/START__BO__BO0201__BO0201C/PrisPerAreorSM02/
"Byggnadsobjekt, antal som prisstatistiken baseras på",Länsregion II (mitten),brutto,2017,253,https://www.statistikdatabasen.scb.se/pxweb/sv/ssd/START__BO__BO0201__BO0201C/PrisPerAreorSM02/
"Byggnadsobjekt, antal som prisstatistiken baseras på",Länsregion II (mitten),brutto,2018,188,https://www.statistikdatabasen.scb.se/pxweb/sv/ssd/START__BO__BO0201__BO0201C/PrisPerAreorSM02/
"Byggnadsobjekt, antal som prisstatistiken baseras på",Länsregion II (mitten),brutto,2019,162,https://www.statistikdatabasen.scb.se/pxweb/sv/ssd/START__BO__BO0201__BO0201C/PrisPerAreorSM02/
"Byggnadsobjekt, antal som prisstatistiken baseras på",Länsregion II (mitten),brutto,2020,153,https://www.statistikdatabasen.scb.se/pxweb/sv/ssd/START__BO__BO0201__BO0201C/PrisPerAreorSM02/
"Byggnadsobjekt, antal som prisstatistiken baseras på",Länsregion II (mitten),brutto,2021,177,https://www.statistikdatabasen.scb.se/pxweb/sv/ssd/START__BO__BO0201__BO0201C/PrisPerAreorSM02/
"Byggnadsobjekt, antal som prisstatistiken baseras på",Länsregion II (mitten),brutto,2022,181,https://www.statistikdatabasen.scb.se/pxweb/sv/ssd/START__BO__BO0201__BO0201C/PrisPerAreorSM02/
"Byggnadsobjekt, antal som prisstatistiken baseras på",Länsregion II (mitten),brutto,2023,70,https://www.statistikdatabasen.scb.se/pxweb/sv/ssd/START__BO__BO0201__BO0201C/PrisPerAreorSM02/
"Byggnadsobjekt, antal som prisstatistiken baseras på",Länsregion II (mitten),brutto,2024,62,https://www.statistikdatabasen.scb.se/pxweb/sv/ssd/START__BO__BO0201__BO0201C/PrisPerAreorSM02/
"Lägenheter, antal som prisstatistiken baseras på",Länsregion II (mitten),brutto,1994,,https://www.statistikdatabasen.scb.se/pxweb/sv/ssd/START__BO__BO0201__BO0201C/PrisPerAreorSM02/
"Lägenheter, antal som prisstatistiken baseras på",Länsregion II (mitten),brutto,1995,,https://www.statistikdatabasen.scb.se/pxweb/sv/ssd/START__BO__BO0201__BO0201C/PrisPerAreorSM02/
"Lägenheter, antal som prisstatistiken baseras på",Länsregion II (mitten),brutto,1996,,https://www.statistikdatabasen.scb.se/pxweb/sv/ssd/START__BO__BO0201__BO0201C/PrisPerAreorSM02/
"Lägenheter, antal som prisstatistiken baseras på",Länsregion II (mitten),brutto,1997,,https://www.statistikdatabasen.scb.se/pxweb/sv/ssd/START__BO__BO0201__BO0201C/PrisPerAreorSM02/
"Lägenheter, antal som prisstatistiken baseras på",Länsregion II (mitten),brutto,1998,342,https://www.statistikdatabasen.scb.se/pxweb/sv/ssd/START__BO__BO0201__BO0201C/PrisPerAreorSM02/
"Lägenheter, antal som prisstatistiken baseras på",Länsregion II (mitten),brutto,1999,108,https://www.statistikdatabasen.scb.se/pxweb/sv/ssd/START__BO__BO0201__BO0201C/PrisPerAreorSM02/
"Lägenheter, antal som prisstatistiken baseras på",Länsregion II (mitten),brutto,2000,403,https://www.statistikdatabasen.scb.se/pxweb/sv/ssd/START__BO__BO0201__BO0201C/PrisPerAreorSM02/
"Lägenheter, antal som prisstatistiken baseras på",Länsregion II (mitten),brutto,2001,416,https://www.statistikdatabasen.scb.se/pxweb/sv/ssd/START__BO__BO0201__BO0201C/PrisPerAreorSM02/
"Lägenheter, antal som prisstatistiken baseras på",Länsregion II (mitten),brutto,2002,412,https://www.statistikdatabasen.scb.se/pxweb/sv/ssd/START__BO__BO0201__BO0201C/PrisPerAreorSM02/
"Lägenheter, antal som prisstatistiken baseras på",Länsregion II (mitten),brutto,2003,364,https://www.statistikdatabasen.scb.se/pxweb/sv/ssd/START__BO__BO0201__BO0201C/PrisPerAreorSM02/
"Lägenheter, antal som prisstatistiken baseras på",Länsregion II (mitten),brutto,2004,629,https://www.statistikdatabasen.scb.se/pxweb/sv/ssd/START__BO__BO0201__BO0201C/PrisPerAreorSM02/
"Lägenheter, antal som prisstatistiken baseras på",Länsregion II (mitten),brutto,2005,791,https://www.statistikdatabasen.scb.se/pxweb/sv/ssd/START__BO__BO0201__BO0201C/PrisPerAreorSM02/
"Lägenheter, antal som prisstatistiken baseras på",Länsregion II (mitten),brutto,2006,729,https://www.statistikdatabasen.scb.se/pxweb/sv/ssd/START__BO__BO0201__BO0201C/PrisPerAreorSM02/
"Lägenheter, antal som prisstatistiken baseras på",Länsregion II (mitten),brutto,2007,779,https://www.statistikdatabasen.scb.se/pxweb/sv/ssd/START__BO__BO0201__BO0201C/PrisPerAreorSM02/
"Lägenheter, antal som prisstatistiken baseras på",Länsregion II (mitten),brutto,2008,636,https://www.statistikdatabasen.scb.se/pxweb/sv/ssd/START__BO__BO0201__BO0201C/PrisPerAreorSM02/
"Lägenheter, antal som prisstatistiken baseras på",Länsregion II (mitten),brutto,2009,675,https://www.statistikdatabasen.scb.se/pxweb/sv/ssd/START__BO__BO0201__BO0201C/PrisPerAreorSM02/
"Lägenheter, antal som prisstatistiken baseras på",Länsregion II (mitten),brutto,2010,877,https://www.statistikdatabasen.scb.se/pxweb/sv/ssd/START__BO__BO0201__BO0201C/PrisPerAreorSM02/
"Lägenheter, antal som prisstatistiken baseras på",Länsregion II (mitten),brutto,2011,541,https://www.statistikdatabasen.scb.se/pxweb/sv/ssd/START__BO__BO0201__BO0201C/PrisPerAreorSM02/
"Lägenheter, antal som prisstatistiken baseras på",Länsregion II (mitten),brutto,2012,539,https://www.statistikdatabasen.scb.se/pxweb/sv/ssd/START__BO__BO0201__BO0201C/PrisPerAreorSM02/
"Lägenheter, antal som prisstatistiken baseras på",Länsregion II (mitten),brutto,2013,586,https://www.statistikdatabasen.scb.se/pxweb/sv/ssd/START__BO__BO0201__BO0201C/PrisPerAreorSM02/
"Lägenheter, antal som prisstatistiken baseras på",Länsregion II (mitten),brutto,2014,811,https://www.statistikdatabasen.scb.se/pxweb/sv/ssd/START__BO__BO0201__BO0201C/PrisPerAreorSM02/
"Lägenheter, antal som prisstatistiken baseras på",Länsregion II (mitten),brutto,2015,1197,https://www.statistikdatabasen.scb.se/pxweb/sv/ssd/START__BO__BO0201__BO0201C/PrisPerAreorSM02/
"Lägenheter, antal som prisstatistiken baseras på",Länsregion II (mitten),brutto,2016,1755,https://www.statistikdatabasen.scb.se/pxweb/sv/ssd/START__BO__BO0201__BO0201C/PrisPerAreorSM02/
"Lägenheter, antal som prisstatistiken baseras på",Länsregion II (mitten),brutto,2017,1335,https://www.statistikdatabasen.scb.se/pxweb/sv/ssd/START__BO__BO0201__BO0201C/PrisPerAreorSM02/
"Lägenheter, antal som prisstatistiken baseras på",Länsregion II (mitten),brutto,2018,1014,https://www.statistikdatabasen.scb.se/pxweb/sv/ssd/START__BO__BO0201__BO0201C/PrisPerAreorSM02/
"Lägenheter, antal som prisstatistiken baseras på",Länsregion II (mitten),brutto,2019,1002,https://www.statistikdatabasen.scb.se/pxweb/sv/ssd/START__BO__BO0201__BO0201C/PrisPerAreorSM02/
"Lägenheter, antal som prisstatistiken baseras på",Länsregion II (mitten),brutto,2020,956,https://www.statistikdatabasen.scb.se/pxweb/sv/ssd/START__BO__BO0201__BO0201C/PrisPerAreorSM02/
"Lägenheter, antal som prisstatistiken baseras på",Länsregion II (mitten),brutto,2021,1222,https://www.statistikdatabasen.scb.se/pxweb/sv/ssd/START__BO__BO0201__BO0201C/PrisPerAreorSM02/
"Lägenheter, antal som prisstatistiken baseras på",Länsregion II (mitten),brutto,2022,1422,https://www.statistikdatabasen.scb.se/pxweb/sv/ssd/START__BO__BO0201__BO0201C/PrisPerAreorSM02/
"Lägenheter, antal som prisstatistiken baseras på",Länsregion II (mitten),brutto,2023,323,https://www.statistikdatabasen.scb.se/pxweb/sv/ssd/START__BO__BO0201__BO0201C/PrisPerAreorSM02/
"Lägenheter, antal som prisstatistiken baseras på",Länsregion II (mitten),brutto,2024,351,https://www.statistikdatabasen.scb.se/pxweb/sv/ssd/START__BO__BO0201__BO0201C/PrisPerAreorSM02/
"Bostadsarea/lägenhet, kvm",Länsregion II (mitten),brutto,1994,,https://www.statistikdatabasen.scb.se/pxweb/sv/ssd/START__BO__BO0201__BO0201C/PrisPerAreorSM02/
"Bostadsarea/lägenhet, kvm",Länsregion II (mitten),brutto,1995,,https://www.statistikdatabasen.scb.se/pxweb/sv/ssd/START__BO__BO0201__BO0201C/PrisPerAreorSM02/
"Bostadsarea/lägenhet, kvm",Länsregion II (mitten),brutto,1996,,https://www.statistikdatabasen.scb.se/pxweb/sv/ssd/START__BO__BO0201__BO0201C/PrisPerAreorSM02/
"Bostadsarea/lägenhet, kvm",Länsregion II (mitten),brutto,1997,,https://www.statistikdatabasen.scb.se/pxweb/sv/ssd/START__BO__BO0201__BO0201C/PrisPerAreorSM02/
"Bostadsarea/lägenhet, kvm",Länsregion II (mitten),brutto,1998,103.9,https://www.statistikdatabasen.scb.se/pxweb/sv/ssd/START__BO__BO0201__BO0201C/PrisPerAreorSM02/
"Bostadsarea/lägenhet, kvm",Länsregion II (mitten),brutto,1999,101.3,https://www.statistikdatabasen.scb.se/pxweb/sv/ssd/START__BO__BO0201__BO0201C/PrisPerAreorSM02/
"Bostadsarea/lägenhet, kvm",Länsregion II (mitten),brutto,2000,121.9,https://www.statistikdatabasen.scb.se/pxweb/sv/ssd/START__BO__BO0201__BO0201C/PrisPerAreorSM02/
"Bostadsarea/lägenhet, kvm",Länsregion II (mitten),brutto,2001,121.1,https://www.statistikdatabasen.scb.se/pxweb/sv/ssd/START__BO__BO0201__BO0201C/PrisPerAreorSM02/
"Bostadsarea/lägenhet, kvm",Länsregion II (mitten),brutto,2002,128.4,https://www.statistikdatabasen.scb.se/pxweb/sv/ssd/START__BO__BO0201__BO0201C/PrisPerAreorSM02/
"Bostadsarea/lägenhet, kvm",Länsregion II (mitten),brutto,2003,127.5,https://www.statistikdatabasen.scb.se/pxweb/sv/ssd/START__BO__BO0201__BO0201C/PrisPerAreorSM02/
"Bostadsarea/lägenhet, kvm",Länsregion II (mitten),brutto,2004,123.1,https://www.statistikdatabasen.scb.se/pxweb/sv/ssd/START__BO__BO0201__BO0201C/PrisPerAreorSM02/
"Bostadsarea/lägenhet, kvm",Länsregion II (mitten),brutto,2005,116.4,https://www.statistikdatabasen.scb.se/pxweb/sv/ssd/START__BO__BO0201__BO0201C/PrisPerAreorSM02/
"Bostadsarea/lägenhet, kvm",Länsregion II (mitten),brutto,2006,118.5,https://www.statistikdatabasen.scb.se/pxweb/sv/ssd/START__BO__BO0201__BO0201C/PrisPerAreorSM02/
"Bostadsarea/lägenhet, kvm",Länsregion II (mitten),brutto,2007,129.5,https://www.statistikdatabasen.scb.se/pxweb/sv/ssd/START__BO__BO0201__BO0201C/PrisPerAreorSM02/
"Bostadsarea/lägenhet, kvm",Länsregion II (mitten),brutto,2008,115.6,https://www.statistikdatabasen.scb.se/pxweb/sv/ssd/START__BO__BO0201__BO0201C/PrisPerAreorSM02/
"Bostadsarea/lägenhet, kvm",Länsregion II (mitten),brutto,2009,116.2,https://www.statistikdatabasen.scb.se/pxweb/sv/ssd/START__BO__BO0201__BO0201C/PrisPerAreorSM02/
"Bostadsarea/lägenhet, kvm",Länsregion II (mitten),brutto,2010,122.1,https://www.statistikdatabasen.scb.se/pxweb/sv/ssd/START__BO__BO0201__BO0201C/PrisPerAreorSM02/
"Bostadsarea/lägenhet, kvm",Länsregion II (mitten),brutto,2011,115.9,https://www.statistikdatabasen.scb.se/pxweb/sv/ssd/START__BO__BO0201__BO0201C/PrisPerAreorSM02/
"Bostadsarea/lägenhet, kvm",Länsregion II (mitten),brutto,2012,112.9,https://www.statistikdatabasen.scb.se/pxweb/sv/ssd/START__BO__BO0201__BO0201C/PrisPerAreorSM02/
"Bostadsarea/lägenhet, kvm",Länsregion II (mitten),brutto,2013,115.1,https://www.statistikdatabasen.scb.se/pxweb/sv/ssd/START__BO__BO0201__BO0201C/PrisPerAreorSM02/
"Bostadsarea/lägenhet, kvm",Länsregion II (mitten),brutto,2014,116.6,https://www.statistikdatabasen.scb.se/pxweb/sv/ssd/START__BO__BO0201__BO0201C/PrisPerAreorSM02/
"Bostadsarea/lägenhet, kvm",Länsregion II (mitten),brutto,2015,119,https://www.statistikdatabasen.scb.se/pxweb/sv/ssd/START__BO__BO0201__BO0201C/PrisPerAreorSM02/
"Bostadsarea/lägenhet, kvm",Länsregion II (mitten),brutto,2016,119.5,https://www.statistikdatabasen.scb.se/pxweb/sv/ssd/START__BO__BO0201__BO0201C/PrisPerAreorSM02/
"Bostadsarea/lägenhet, kvm",Länsregion II (mitten),brutto,2017,119.4,https://www.statistikdatabasen.scb.se/pxweb/sv/ssd/START__BO__BO0201__BO0201C/PrisPerAreorSM02/
"Bostadsarea/lägenhet, kvm",Länsregion II (mitten),brutto,2018,118.4,https://www.statistikdatabasen.scb.se/pxweb/sv/ssd/START__BO__BO0201__BO0201C/PrisPerAreorSM02/
"Bostadsarea/lägenhet, kvm",Länsregion II (mitten),brutto,2019,111.7,https://www.statistikdatabasen.scb.se/pxweb/sv/ssd/START__BO__BO0201__BO0201C/PrisPerAreorSM02/
"Bostadsarea/lägenhet, kvm",Länsregion II (mitten),brutto,2020,112.7,https://www.statistikdatabasen.scb.se/pxweb/sv/ssd/START__BO__BO0201__BO0201C/PrisPerAreorSM02/
"Bostadsarea/lägenhet, kvm",Länsregion II (mitten),brutto,2021,112.1,https://www.statistikdatabasen.scb.se/pxweb/sv/ssd/START__BO__BO0201__BO0201C/PrisPerAreorSM02/
"Bostadsarea/lägenhet, kvm",Länsregion II (mitten),brutto,2022,115.4,https://www.statistikdatabasen.scb.se/pxweb/sv/ssd/START__BO__BO0201__BO0201C/PrisPerAreorSM02/
"Bostadsarea/lägenhet, kvm",Länsregion II (mitten),brutto,2023,107.6,https://www.statistikdatabasen.scb.se/pxweb/sv/ssd/START__BO__BO0201__BO0201C/PrisPerAreorSM02/
"Bostadsarea/lägenhet, kvm",Länsregion II (mitten),brutto,2024,118.1,https://www.statistikdatabasen.scb.se/pxweb/sv/ssd/START__BO__BO0201__BO0201C/PrisPerAreorSM02/
"Markpris/bostadsarea, kr",Länsregion II (mitten),brutto,1994,,https://www.statistikdatabasen.scb.se/pxweb/sv/ssd/START__BO__BO0201__BO0201C/PrisPerAreorSM02/
"Markpris/bostadsarea, kr",Länsregion II (mitten),brutto,1995,,https://www.statistikdatabasen.scb.se/pxweb/sv/ssd/START__BO__BO0201__BO0201C/PrisPerAreorSM02/
"Markpris/bostadsarea, kr",Länsregion II (mitten),brutto,1996,,https://www.statistikdatabasen.scb.se/pxweb/sv/ssd/START__BO__BO0201__BO0201C/PrisPerAreorSM02/
"Markpris/bostadsarea, kr",Länsregion II (mitten),brutto,1997,,https://www.statistikdatabasen.scb.se/pxweb/sv/ssd/START__BO__BO0201__BO0201C/PrisPerAreorSM02/
"Markpris/bostadsarea, kr",Länsregion II (mitten),brutto,1998,1192,https://www.statistikdatabasen.scb.se/pxweb/sv/ssd/START__BO__BO0201__BO0201C/PrisPerAreorSM02/
"Markpris/bostadsarea, kr",Länsregion II (mitten),brutto,1999,1291,https://www.statistikdatabasen.scb.se/pxweb/sv/ssd/START__BO__BO0201__BO0201C/PrisPerAreorSM02/
"Markpris/bostadsarea, kr",Länsregion II (mitten),brutto,2000,1611,https://www.statistikdatabasen.scb.se/pxweb/sv/ssd/START__BO__BO0201__BO0201C/PrisPerAreorSM02/
"Markpris/bostadsarea, kr",Länsregion II (mitten),brutto,2001,1776,https://www.statistikdatabasen.scb.se/pxweb/sv/ssd/START__BO__BO0201__BO0201C/PrisPerAreorSM02/
"Markpris/bostadsarea, kr",Länsregion II (mitten),brutto,2002,1922,https://www.statistikdatabasen.scb.se/pxweb/sv/ssd/START__BO__BO0201__BO0201C/PrisPerAreorSM02/
"Markpris/bostadsarea, kr",Länsregion II (mitten),brutto,2003,3533,https://www.statistikdatabasen.scb.se/pxweb/sv/ssd/START__BO__BO0201__BO0201C/PrisPerAreorSM02/
"Markpris/bostadsarea, kr",Länsregion II (mitten),brutto,2004,2495,https://www.statistikdatabasen.scb.se/pxweb/sv/ssd/START__BO__BO0201__BO0201C/PrisPerAreorSM02/
"Markpris/bostadsarea, kr",Länsregion II (mitten),brutto,2005,2369,https://www.statistikdatabasen.scb.se/pxweb/sv/ssd/START__BO__BO0201__BO0201C/PrisPerAreorSM02/
"Markpris/bostadsarea, kr",Länsregion II (mitten),brutto,2006,2873,https://www.statistikdatabasen.scb.se/pxweb/sv/ssd/START__BO__BO0201__BO0201C/PrisPerAreorSM02/
"Markpris/bostadsarea, kr",Länsregion II (mitten),brutto,2007,3588,https://www.statistikdatabasen.scb.se/pxweb/sv/ssd/START__BO__BO0201__BO0201C/PrisPerAreorSM02/
"Markpris/bostadsarea, kr",Länsregion II (mitten),brutto,2008,4054,https://www.statistikdatabasen.scb.se/pxweb/sv/ssd/START__BO__BO0201__BO0201C/PrisPerAreorSM02/
"Markpris/bostadsarea, kr",Länsregion II (mitten),brutto,2009,4410,https://www.statistikdatabasen.scb.se/pxweb/sv/ssd/START__BO__BO0201__BO0201C/PrisPerAreorSM02/
"Markpris/bostadsarea, kr",Länsregion II (mitten),brutto,2010,5579,https://www.statistikdatabasen.scb.se/pxweb/sv/ssd/START__BO__BO0201__BO0201C/PrisPerAreorSM02/
"Markpris/bostadsarea, kr",Länsregion II (mitten),brutto,2011,5165,https://www.statistikdatabasen.scb.se/pxweb/sv/ssd/START__BO__BO0201__BO0201C/PrisPerAreorSM02/
"Markpris/bostadsarea, kr",Länsregion II (mitten),brutto,2012,4736,https://www.statistikdatabasen.scb.se/pxweb/sv/ssd/START__BO__BO0201__BO0201C/PrisPerAreorSM02/
"Markpris/bostadsarea, kr",Länsregion II (mitten),brutto,2013,5102,https://www.statistikdatabasen.scb.se/pxweb/sv/ssd/START__BO__BO0201__BO0201C/PrisPerAreorSM02/
"Markpris/bostadsarea, kr",Länsregion II (mitten),brutto,2014,5648,https://www.statistikdatabasen.scb.se/pxweb/sv/ssd/START__BO__BO0201__BO0201C/PrisPerAreorSM02/
"Markpris/bostadsarea, kr",Länsregion II (mitten),brutto,2015,5510,https://www.statistikdatabasen.scb.se/pxweb/sv/ssd/START__BO__BO0201__BO0201C/PrisPerAreorSM02/
"Markpris/bostadsarea, kr",Länsregion II (mitten),brutto,2016,5862,https://www.statistikdatabasen.scb.se/pxweb/sv/ssd/START__BO__BO0201__BO0201C/PrisPerAreorSM02/
"Markpris/bostadsarea, kr",Länsregion II (mitten),brutto,2017,6627,https://www.statistikdatabasen.scb.se/pxweb/sv/ssd/START__BO__BO0201__BO0201C/PrisPerAreorSM02/
"Markpris/bostadsarea, kr",Länsregion II (mitten),brutto,2018,6667,https://www.statistikdatabasen.scb.se/pxweb/sv/ssd/START__BO__BO0201__BO0201C/PrisPerAreorSM02/
"Markpris/bostadsarea, kr",Länsregion II (mitten),brutto,2019,6367,https://www.statistikdatabasen.scb.se/pxweb/sv/ssd/START__BO__BO0201__BO0201C/PrisPerAreorSM02/
"Markpris/bostadsarea, kr",Länsregion II (mitten),brutto,2020,6520,https://www.statistikdatabasen.scb.se/pxweb/sv/ssd/START__BO__BO0201__BO0201C/PrisPerAreorSM02/
"Markpris/bostadsarea, kr",Länsregion II (mitten),brutto,2021,6165,https://www.statistikdatabasen.scb.se/pxweb/sv/ssd/START__BO__BO0201__BO0201C/PrisPerAreorSM02/
"Markpris/bostadsarea, kr",Länsregion II (mitten),brutto,2022,6254,https://www.statistikdatabasen.scb.se/pxweb/sv/ssd/START__BO__BO0201__BO0201C/PrisPerAreorSM02/
"Markpris/bostadsarea, kr",Länsregion II (mitten),brutto,2023,6630,https://www.statistikdatabasen.scb.se/pxweb/sv/ssd/START__BO__BO0201__BO0201C/PrisPerAreorSM02/
"Markpris/bostadsarea, kr",Länsregion II (mitten),brutto,2024,8249,https://www.statistikdatabasen.scb.se/pxweb/sv/ssd/START__BO__BO0201__BO0201C/PrisPerAreorSM02/
"Byggnadspris/bostadsarea, kr",Länsregion II (mitten),brutto,1994,,https://www.statistikdatabasen.scb.se/pxweb/sv/ssd/START__BO__BO0201__BO0201C/PrisPerAreorSM02/
"Byggnadspris/bostadsarea, kr",Länsregion II (mitten),brutto,1995,,https://www.statistikdatabasen.scb.se/pxweb/sv/ssd/START__BO__BO0201__BO0201C/PrisPerAreorSM02/
"Byggnadspris/bostadsarea, kr",Länsregion II (mitten),brutto,1996,,https://www.statistikdatabasen.scb.se/pxweb/sv/ssd/START__BO__BO0201__BO0201C/PrisPerAreorSM02/
"Byggnadspris/bostadsarea, kr",Länsregion II (mitten),brutto,1997,,https://www.statistikdatabasen.scb.se/pxweb/sv/ssd/START__BO__BO0201__BO0201C/PrisPerAreorSM02/
"Byggnadspris/bostadsarea, kr",Länsregion II (mitten),brutto,1998,11053,https://www.statistikdatabasen.scb.se/pxweb/sv/ssd/START__BO__BO0201__BO0201C/PrisPerAreorSM02/
"Byggnadspris/bostadsarea, kr",Länsregion II (mitten),brutto,1999,11080,https://www.statistikdatabasen.scb.se/pxweb/sv/ssd/START__BO__BO0201__BO0201C/PrisPerAreorSM02/
"Byggnadspris/bostadsarea, kr",Länsregion II (mitten),brutto,2000,11346,https://www.statistikdatabasen.scb.se/pxweb/sv/ssd/START__BO__BO0201__BO0201C/PrisPerAreorSM02/
"Byggnadspris/bostadsarea, kr",Länsregion II (mitten),brutto,2001,12360,https://www.statistikdatabasen.scb.se/pxweb/sv/ssd/START__BO__BO0201__BO0201C/PrisPerAreorSM02/
"Byggnadspris/bostadsarea, kr",Länsregion II (mitten),brutto,2002,13438,https://www.statistikdatabasen.scb.se/pxweb/sv/ssd/START__BO__BO0201__BO0201C/PrisPerAreorSM02/
"Byggnadspris/bostadsarea, kr",Länsregion II (mitten),brutto,2003,12873,https://www.statistikdatabasen.scb.se/pxweb/sv/ssd/START__BO__BO0201__BO0201C/PrisPerAreorSM02/
"Byggnadspris/bostadsarea, kr",Länsregion II (mitten),brutto,2004,14400,https://www.statistikdatabasen.scb.se/pxweb/sv/ssd/START__BO__BO0201__BO0201C/PrisPerAreorSM02/
"Byggnadspris/bostadsarea, kr",Länsregion II (mitten),brutto,2005,15689,https://www.statistikdatabasen.scb.se/pxweb/sv/ssd/START__BO__BO0201__BO0201C/PrisPerAreorSM02/
"Byggnadspris/bostadsarea, kr",Länsregion II (mitten),brutto,2006,15661,https://www.statistikdatabasen.scb.se/pxweb/sv/ssd/START__BO__BO0201__BO0201C/PrisPerAreorSM02/
"Byggnadspris/bostadsarea, kr",Länsregion II (mitten),brutto,2007,16487,https://www.statistikdatabasen.scb.se/pxweb/sv/ssd/START__BO__BO0201__BO0201C/PrisPerAreorSM02/
"Byggnadspris/bostadsarea, kr",Länsregion II (mitten),brutto,2008,17833,https://www.statistikdatabasen.scb.se/pxweb/sv/ssd/START__BO__BO0201__BO0201C/PrisPerAreorSM02/
"Byggnadspris/bostadsarea, kr",Länsregion II (mitten),brutto,2009,17857,https://www.statistikdatabasen.scb.se/pxweb/sv/ssd/START__BO__BO0201__BO0201C/PrisPerAreorSM02/
"Byggnadspris/bostadsarea, kr",Länsregion II (mitten),brutto,2010,17769,https://www.statistikdatabasen.scb.se/pxweb/sv/ssd/START__BO__BO0201__BO0201C/PrisPerAreorSM02/
"Byggnadspris/bostadsarea, kr",Länsregion II (mitten),brutto,2011,19535,https://www.statistikdatabasen.scb.se/pxweb/sv/ssd/START__BO__BO0201__BO0201C/PrisPerAreorSM02/
"Byggnadspris/bostadsarea, kr",Länsregion II (mitten),brutto,2012,19816,https://www.statistikdatabasen.scb.se/pxweb/sv/ssd/START__BO__BO0201__BO0201C/PrisPerAreorSM02/
"Byggnadspris/bostadsarea, kr",Länsregion II (mitten),brutto,2013,19608,https://www.statistikdatabasen.scb.se/pxweb/sv/ssd/START__BO__BO0201__BO0201C/PrisPerAreorSM02/
"Byggnadspris/bostadsarea, kr",Länsregion II (mitten),brutto,2014,20520,https://www.statistikdatabasen.scb.se/pxweb/sv/ssd/START__BO__BO0201__BO0201C/PrisPerAreorSM02/
"Byggnadspris/bostadsarea, kr",Länsregion II (mitten),brutto,2015,21932,https://www.statistikdatabasen.scb.se/pxweb/sv/ssd/START__BO__BO0201__BO0201C/PrisPerAreorSM02/
"Byggnadspris/bostadsarea, kr",Länsregion II (mitten),brutto,2016,22433,https://www.statistikdatabasen.scb.se/pxweb/sv/ssd/START__BO__BO0201__BO0201C/PrisPerAreorSM02/
"Byggnadspris/bostadsarea, kr",Länsregion II (mitten),brutto,2017,23475,https://www.statistikdatabasen.scb.se/pxweb/sv/ssd/START__BO__BO0201__BO0201C/PrisPerAreorSM02/
"Byggnadspris/bostadsarea, kr",Länsregion II (mitten),brutto,2018,23485,https://www.statistikdatabasen.scb.se/pxweb/sv/ssd/START__BO__BO0201__BO0201C/PrisPerAreorSM02/
"Byggnadspris/bostadsarea, kr",Länsregion II (mitten),brutto,2019,24058,https://www.statistikdatabasen.scb.se/pxweb/sv/ssd/START__BO__BO0201__BO0201C/PrisPerAreorSM02/
"Byggnadspris/bostadsarea, kr",Länsregion II (mitten),brutto,2020,24644,https://www.statistikdatabasen.scb.se/pxweb/sv/ssd/START__BO__BO0201__BO0201C/PrisPerAreorSM02/
"Byggnadspris/bostadsarea, kr",Länsregion II (mitten),brutto,2021,26299,https://www.statistikdatabasen.scb.se/pxweb/sv/ssd/START__BO__BO0201__BO0201C/PrisPerAreorSM02/
"Byggnadspris/bostadsarea, kr",Länsregion II (mitten),brutto,2022,25854,https://www.statistikdatabasen.scb.se/pxweb/sv/ssd/START__BO__BO0201__BO0201C/PrisPerAreorSM02/
"Byggnadspris/bostadsarea, kr",Länsregion II (mitten),brutto,2023,26241,https://www.statistikdatabasen.scb.se/pxweb/sv/ssd/START__BO__BO0201__BO0201C/PrisPerAreorSM02/
"Byggnadspris/bostadsarea, kr",Länsregion II (mitten),brutto,2024,29169,https://www.statistikdatabasen.scb.se/pxweb/sv/ssd/START__BO__BO0201__BO0201C/PrisPerAreorSM02/
"Totalt produktionspris/bostadsarea, kr",Länsregion II (mitten),brutto,1994,,https://www.statistikdatabasen.scb.se/pxweb/sv/ssd/START__BO__BO0201__BO0201C/PrisPerAreorSM02/
"Totalt produktionspris/bostadsarea, kr",Länsregion II (mitten),brutto,1995,,https://www.statistikdatabasen.scb.se/pxweb/sv/ssd/START__BO__BO0201__BO0201C/PrisPerAreorSM02/
"Totalt produktionspris/bostadsarea, kr",Länsregion II (mitten),brutto,1996,,https://www.statistikdatabasen.scb.se/pxweb/sv/ssd/START__BO__BO0201__BO0201C/PrisPerAreorSM02/
"Totalt produktionspris/bostadsarea, kr",Länsregion II (mitten),brutto,1997,,https://www.statistikdatabasen.scb.se/pxweb/sv/ssd/START__BO__BO0201__BO0201C/PrisPerAreorSM02/
"Totalt produktionspris/bostadsarea, kr",Länsregion II (mitten),brutto,1998,12245,https://www.statistikdatabasen.scb.se/pxweb/sv/ssd/START__BO__BO0201__BO0201C/PrisPerAreorSM02/
"Totalt produktionspris/bostadsarea, kr",Länsregion II (mitten),brutto,1999,12371,https://www.statistikdatabasen.scb.se/pxweb/sv/ssd/START__BO__BO0201__BO0201C/PrisPerAreorSM02/
"Totalt produktionspris/bostadsarea, kr",Länsregion II (mitten),brutto,2000,12957,https://www.statistikdatabasen.scb.se/pxweb/sv/ssd/START__BO__BO0201__BO0201C/PrisPerAreorSM02/
"Totalt produktionspris/bostadsarea, kr",Länsregion II (mitten),brutto,2001,14135,https://www.statistikdatabasen.scb.se/pxweb/sv/ssd/START__BO__BO0201__BO0201C/PrisPerAreorSM02/
"Totalt produktionspris/bostadsarea, kr",Länsregion II (mitten),brutto,2002,15360,https://www.statistikdatabasen.scb.se/pxweb/sv/ssd/START__BO__BO0201__BO0201C/PrisPerAreorSM02/
"Totalt produktionspris/bostadsarea, kr",Länsregion II (mitten),brutto,2003,16406,https://www.statistikdatabasen.scb.se/pxweb/sv/ssd/START__BO__BO0201__BO0201C/PrisPerAreorSM02/
"Totalt produktionspris/bostadsarea, kr",Länsregion II (mitten),brutto,2004,16895,https://www.statistikdatabasen.scb.se/pxweb/sv/ssd/START__BO__BO0201__BO0201C/PrisPerAreorSM02/
"Totalt produktionspris/bostadsarea, kr",Länsregion II (mitten),brutto,2005,18057,https://www.statistikdatabasen.scb.se/pxweb/sv/ssd/START__BO__BO0201__BO0201C/PrisPerAreorSM02/
"Totalt produktionspris/bostadsarea, kr",Länsregion II (mitten),brutto,2006,18534,https://www.statistikdatabasen.scb.se/pxweb/sv/ssd/START__BO__BO0201__BO0201C/PrisPerAreorSM02/
"Totalt produktionspris/bostadsarea, kr",Länsregion II (mitten),brutto,2007,20075,https://www.statistikdatabasen.scb.se/pxweb/sv/ssd/START__BO__BO0201__BO0201C/PrisPerAreorSM02/
"Totalt produktionspris/bostadsarea, kr",Länsregion II (mitten),brutto,2008,21886,https://www.statistikdatabasen.scb.se/pxweb/sv/ssd/START__BO__BO0201__BO0201C/PrisPerAreorSM02/
"Totalt produktionspris/bostadsarea, kr",Länsregion II (mitten),brutto,2009,22266,https://www.statistikdatabasen.scb.se/pxweb/sv/ssd/START__BO__BO0201__BO0201C/PrisPerAreorSM02/
"Totalt produktionspris/bostadsarea, kr",Länsregion II (mitten),brutto,2010,23348,https://www.statistikdatabasen.scb.se/pxweb/sv/ssd/START__BO__BO0201__BO0201C/PrisPerAreorSM02/
"Totalt produktionspris/bostadsarea, kr",Länsregion II (mitten),brutto,2011,24700,https://www.statistikdatabasen.scb.se/pxweb/sv/ssd/START__BO__BO0201__BO0201C/PrisPerAreorSM02/
"Totalt produktionspris/bostadsarea, kr",Länsregion II (mitten),brutto,2012,24552,https://www.statistikdatabasen.scb.se/pxweb/sv/ssd/START__BO__BO0201__BO0201C/PrisPerAreorSM02/
"Totalt produktionspris/bostadsarea, kr",Länsregion II (mitten),brutto,2013,24710,https://www.statistikdatabasen.scb.se/pxweb/sv/ssd/START__BO__BO0201__BO0201C/PrisPerAreorSM02/
"Totalt produktionspris/bostadsarea, kr",Länsregion II (mitten),brutto,2014,26168,https://www.statistikdatabasen.scb.se/pxweb/sv/ssd/START__BO__BO0201__BO0201C/PrisPerAreorSM02/
"Totalt produktionspris/bostadsarea, kr",Länsregion II (mitten),brutto,2015,27442,https://www.statistikdatabasen.scb.se/pxweb/sv/ssd/START__BO__BO0201__BO0201C/PrisPerAreorSM02/
"Totalt produktionspris/bostadsarea, kr",Länsregion II (mitten),brutto,2016,28294,https://www.statistikdatabasen.scb.se/pxweb/sv/ssd/START__BO__BO0201__BO0201C/PrisPerAreorSM02/
"Totalt produktionspris/bostadsarea, kr",Länsregion II (mitten),brutto,2017,30102,https://www.statistikdatabasen.scb.se/pxweb/sv/ssd/START__BO__BO0201__BO0201C/PrisPerAreorSM02/
"Totalt produktionspris/bostadsarea, kr",Länsregion II (mitten),brutto,2018,30151,https://www.statistikdatabasen.scb.se/pxweb/sv/ssd/START__BO__BO0201__BO0201C/PrisPerAreorSM02/
"Totalt produktionspris/bostadsarea, kr",Länsregion II (mitten),brutto,2019,30425,https://www.statistikdatabasen.scb.se/pxweb/sv/ssd/START__BO__BO0201__BO0201C/PrisPerAreorSM02/
"Totalt produktionspris/bostadsarea, kr",Länsregion II (mitten),brutto,2020,31165,https://www.statistikdatabasen.scb.se/pxweb/sv/ssd/START__BO__BO0201__BO0201C/PrisPerAreorSM02/
"Totalt produktionspris/bostadsarea, kr",Länsregion II (mitten),brutto,2021,32464,https://www.statistikdatabasen.scb.se/pxweb/sv/ssd/START__BO__BO0201__BO0201C/PrisPerAreorSM02/
"Totalt produktionspris/bostadsarea, kr",Länsregion II (mitten),brutto,2022,32108,https://www.statistikdatabasen.scb.se/pxweb/sv/ssd/START__BO__BO0201__BO0201C/PrisPerAreorSM02/
"Totalt produktionspris/bostadsarea, kr",Länsregion II (mitten),brutto,2023,32871,https://www.statistikdatabasen.scb.se/pxweb/sv/ssd/START__BO__BO0201__BO0201C/PrisPerAreorSM02/
"Totalt produktionspris/bostadsarea, kr",Länsregion II (mitten),brutto,2024,37419,https://www.statistikdatabasen.scb.se/pxweb/sv/ssd/START__BO__BO0201__BO0201C/PrisPerAreorSM02/
"Byggnadsobjekt, antal som prisstatistiken baseras på",Länsregion II (mitten),netto,1994,79,https://www.statistikdatabasen.scb.se/pxweb/sv/ssd/START__BO__BO0201__BO0201C/PrisPerAreorSM02/
"Byggnadsobjekt, antal som prisstatistiken baseras på",Länsregion II (mitten),netto,1995,63,https://www.statistikdatabasen.scb.se/pxweb/sv/ssd/START__BO__BO0201__BO0201C/PrisPerAreorSM02/
"Byggnadsobjekt, antal som prisstatistiken baseras på",Länsregion II (mitten),netto,1996,150,https://www.statistikdatabasen.scb.se/pxweb/sv/ssd/START__BO__BO0201__BO0201C/PrisPerAreorSM02/
"Byggnadsobjekt, antal som prisstatistiken baseras på",Länsregion II (mitten),netto,1997,41,https://www.statistikdatabasen.scb.se/pxweb/sv/ssd/START__BO__BO0201__BO0201C/PrisPerAreorSM02/
"Byggnadsobjekt, antal som prisstatistiken baseras på",Länsregion II (mitten),netto,1998,66,https://www.statistikdatabasen.scb.se/pxweb/sv/ssd/START__BO__BO0201__BO0201C/PrisPerAreorSM02/
"Byggnadsobjekt, antal som prisstatistiken baseras på",Länsregion II (mitten),netto,1999,35,https://www.statistikdatabasen.scb.se/pxweb/sv/ssd/START__BO__BO0201__BO0201C/PrisPerAreorSM02/
"Byggnadsobjekt, antal som prisstatistiken baseras på",Länsregion II (mitten),netto,2000,52,https://www.statistikdatabasen.scb.se/pxweb/sv/ssd/START__BO__BO0201__BO0201C/PrisPerAreorSM02/
"Byggnadsobjekt, antal som prisstatistiken baseras på",Länsregion II (mitten),netto,2001,69,https://www.statistikdatabasen.scb.se/pxweb/sv/ssd/START__BO__BO0201__BO0201C/PrisPerAreorSM02/
"Byggnadsobjekt, antal som prisstatistiken baseras på",Länsregion II (mitten),netto,2002,60,https://www.statistikdatabasen.scb.se/pxweb/sv/ssd/START__BO__BO0201__BO0201C/PrisPerAreorSM02/
"Byggnadsobjekt, antal som prisstatistiken baseras på",Länsregion II (mitten),netto,2003,65,https://www.statistikdatabasen.scb.se/pxweb/sv/ssd/START__BO__BO0201__BO0201C/PrisPerAreorSM02/
"Byggnadsobjekt, antal som prisstatistiken baseras på",Länsregion II (mitten),netto,2004,93,https://www.statistikdatabasen.scb.se/pxweb/sv/ssd/START__BO__BO0201__BO0201C/PrisPerAreorSM02/
"Byggnadsobjekt, antal som prisstatistiken baseras på",Länsregion II (mitten),netto,2005,105,https://www.statistikdatabasen.scb.se/pxweb/sv/ssd/START__BO__BO0201__BO0201C/PrisPerAreorSM02/
"Byggnadsobjekt, antal som prisstatistiken baseras på",Länsregion II (mitten),netto,2006,130,https://www.statistikdatabasen.scb.se/pxweb/sv/ssd/START__BO__BO0201__BO0201C/PrisPerAreorSM02/
"Byggnadsobjekt, antal som prisstatistiken baseras på",Länsregion II (mitten),netto,2007,123,https://www.statistikdatabasen.scb.se/pxweb/sv/ssd/START__BO__BO0201__BO0201C/PrisPerAreorSM02/
"Byggnadsobjekt, antal som prisstatistiken baseras på",Länsregion II (mitten),netto,2008,142,https://www.statistikdatabasen.scb.se/pxweb/sv/ssd/START__BO__BO0201__BO0201C/PrisPerAreorSM02/
"Byggnadsobjekt, antal som prisstatistiken baseras på",Länsregion II (mitten),netto,2009,119,https://www.statistikdatabasen.scb.se/pxweb/sv/ssd/START__BO__BO0201__BO0201C/PrisPerAreorSM02/
"Byggnadsobjekt, antal som prisstatistiken baseras på",Länsregion II (mitten),netto,2010,143,https://www.statistikdatabasen.scb.se/pxweb/sv/ssd/START__BO__BO0201__BO0201C/PrisPerAreorSM02/
"Byggnadsobjekt, antal som prisstatistiken baseras på",Länsregion II (mitten),netto,2011,91,https://www.statistikdatabasen.scb.se/pxweb/sv/ssd/START__BO__BO0201__BO0201C/PrisPerAreorSM02/
"Byggnadsobjekt, antal som prisstatistiken baseras på",Länsregion II (mitten),netto,2012,89,https://www.statistikdatabasen.scb.se/pxweb/sv/ssd/START__BO__BO0201__BO0201C/PrisPerAreorSM02/
"Byggnadsobjekt, antal som prisstatistiken baseras på",Länsregion II (mitten),netto,2013,124,https://www.statistikdatabasen.scb.se/pxweb/sv/ssd/START__BO__BO0201__BO0201C/PrisPerAreorSM02/
"Byggnadsobjekt, antal som prisstatistiken baseras på",Länsregion II (mitten),netto,2014,208,https://www.statistikdatabasen.scb.se/pxweb/sv/ssd/START__BO__BO0201__BO0201C/PrisPerAreorSM02/
"Byggnadsobjekt, antal som prisstatistiken baseras på",Länsregion II (mitten),netto,2015,210,https://www.statistikdatabasen.scb.se/pxweb/sv/ssd/START__BO__BO0201__BO0201C/PrisPerAreorSM02/
"Byggnadsobjekt, antal som prisstatistiken baseras på",Länsregion II (mitten),netto,2016,259,https://www.statistikdatabasen.scb.se/pxweb/sv/ssd/START__BO__BO0201__BO0201C/PrisPerAreorSM02/
"Byggnadsobjekt, antal som prisstatistiken baseras på",Länsregion II (mitten),netto,2017,253,https://www.statistikdatabasen.scb.se/pxweb/sv/ssd/START__BO__BO0201__BO0201C/PrisPerAreorSM02/
"Byggnadsobjekt, antal som prisstatistiken baseras på",Länsregion II (mitten),netto,2018,188,https://www.statistikdatabasen.scb.se/pxweb/sv/ssd/START__BO__BO0201__BO0201C/PrisPerAreorSM02/
"Byggnadsobjekt, antal som prisstatistiken baseras på",Länsregion II (mitten),netto,2019,162,https://www.statistikdatabasen.scb.se/pxweb/sv/ssd/START__BO__BO0201__BO0201C/PrisPerAreorSM02/
"Byggnadsobjekt, antal som prisstatistiken baseras på",Länsregion II (mitten),netto,2020,153,https://www.statistikdatabasen.scb.se/pxweb/sv/ssd/START__BO__BO0201__BO0201C/PrisPerAreorSM02/
"Byggnadsobjekt, antal som prisstatistiken baseras på",Länsregion II (mitten),netto,2021,177,https://www.statistikdatabasen.scb.se/pxweb/sv/ssd/START__BO__BO0201__BO0201C/PrisPerAreorSM02/
"Byggnadsobjekt, antal som prisstatistiken baseras på",Länsregion II (mitten),netto,2022,181,https://www.statistikdatabasen.scb.se/pxweb/sv/ssd/START__BO__BO0201__BO0201C/PrisPerAreorSM02/
"Byggnadsobjekt, antal som prisstatistiken baseras på",Länsregion II (mitten),netto,2023,70,https://www.statistikdatabasen.scb.se/pxweb/sv/ssd/START__BO__BO0201__BO0201C/PrisPerAreorSM02/
"Byggnadsobjekt, antal som prisstatistiken baseras på",Länsregion II (mitten),netto,2024,62,https://www.statistikdatabasen.scb.se/pxweb/sv/ssd/START__BO__BO0201__BO0201C/PrisPerAreorSM02/
"Lägenheter, antal som prisstatistiken baseras på",Länsregion II (mitten),netto,1994,181,https://www.statistikdatabasen.scb.se/pxweb/sv/ssd/START__BO__BO0201__BO0201C/PrisPerAreorSM02/
"Lägenheter, antal som prisstatistiken baseras på",Länsregion II (mitten),netto,1995,162,https://www.statistikdatabasen.scb.se/pxweb/sv/ssd/START__BO__BO0201__BO0201C/PrisPerAreorSM02/
"Lägenheter, antal som prisstatistiken baseras på",Länsregion II (mitten),netto,1996,320,https://www.statistikdatabasen.scb.se/pxweb/sv/ssd/START__BO__BO0201__BO0201C/PrisPerAreorSM02/
"Lägenheter, antal som prisstatistiken baseras på",Länsregion II (mitten),netto,1997,151,https://www.statistikdatabasen.scb.se/pxweb/sv/ssd/START__BO__BO0201__BO0201C/PrisPerAreorSM02/
"Lägenheter, antal som prisstatistiken baseras på",Länsregion II (mitten),netto,1998,342,https://www.statistikdatabasen.scb.se/pxweb/sv/ssd/START__BO__BO0201__BO0201C/PrisPerAreorSM02/
"Lägenheter, antal som prisstatistiken baseras på",Länsregion II (mitten),netto,1999,108,https://www.statistikdatabasen.scb.se/pxweb/sv/ssd/START__BO__BO0201__BO0201C/PrisPerAreorSM02/
"Lägenheter, antal som prisstatistiken baseras på",Länsregion II (mitten),netto,2000,403,https://www.statistikdatabasen.scb.se/pxweb/sv/ssd/START__BO__BO0201__BO0201C/PrisPerAreorSM02/
"Lägenheter, antal som prisstatistiken baseras på",Länsregion II (mitten),netto,2001,416,https://www.statistikdatabasen.scb.se/pxweb/sv/ssd/START__BO__BO0201__BO0201C/PrisPerAreorSM02/
"Lägenheter, antal som prisstatistiken baseras på",Länsregion II (mitten),netto,2002,412,https://www.statistikdatabasen.scb.se/pxweb/sv/ssd/START__BO__BO0201__BO0201C/PrisPerAreorSM02/
"Lägenheter, antal som prisstatistiken baseras på",Länsregion II (mitten),netto,2003,364,https://www.statistikdatabasen.scb.se/pxweb/sv/ssd/START__BO__BO0201__BO0201C/PrisPerAreorSM02/
"Lägenheter, antal som prisstatistiken baseras på",Länsregion II (mitten),netto,2004,629,https://www.statistikdatabasen.scb.se/pxweb/sv/ssd/START__BO__BO0201__BO0201C/PrisPerAreorSM02/
"Lägenheter, antal som prisstatistiken baseras på",Länsregion II (mitten),netto,2005,791,https://www.statistikdatabasen.scb.se/pxweb/sv/ssd/START__BO__BO0201__BO0201C/PrisPerAreorSM02/
"Lägenheter, antal som prisstatistiken baseras på",Länsregion II (mitten),netto,2006,729,https://www.statistikdatabasen.scb.se/pxweb/sv/ssd/START__BO__BO0201__BO0201C/PrisPerAreorSM02/
"Lägenheter, antal som prisstatistiken baseras på",Länsregion II (mitten),netto,2007,779,https://www.statistikdatabasen.scb.se/pxweb/sv/ssd/START__BO__BO0201__BO0201C/PrisPerAreorSM02/
"Lägenheter, antal som prisstatistiken baseras på",Länsregion II (mitten),netto,2008,636,https://www.statistikdatabasen.scb.se/pxweb/sv/ssd/START__BO__BO0201__BO0201C/PrisPerAreorSM02/
"Lägenheter, antal som prisstatistiken baseras på",Länsregion II (mitten),netto,2009,675,https://www.statistikdatabasen.scb.se/pxweb/sv/ssd/START__BO__BO0201__BO0201C/PrisPerAreorSM02/
"Lägenheter, antal som prisstatistiken baseras på",Länsregion II (mitten),netto,2010,877,https://www.statistikdatabasen.scb.se/pxweb/sv/ssd/START__BO__BO0201__BO0201C/PrisPerAreorSM02/
"Lägenheter, antal som prisstatistiken baseras på",Länsregion II (mitten),netto,2011,541,https://www.statistikdatabasen.scb.se/pxweb/sv/ssd/START__BO__BO0201__BO0201C/PrisPerAreorSM02/
"Lägenheter, antal som prisstatistiken baseras på",Länsregion II (mitten),netto,2012,539,https://www.statistikdatabasen.scb.se/pxweb/sv/ssd/START__BO__BO0201__BO0201C/PrisPerAreorSM02/
"Lägenheter, antal som prisstatistiken baseras på",Länsregion II (mitten),netto,2013,586,https://www.statistikdatabasen.scb.se/pxweb/sv/ssd/START__BO__BO0201__BO0201C/PrisPerAreorSM02/
"Lägenheter, antal som prisstatistiken baseras på",Länsregion II (mitten),netto,2014,811,https://www.statistikdatabasen.scb.se/pxweb/sv/ssd/START__BO__BO0201__BO0201C/PrisPerAreorSM02/
"Lägenheter, antal som prisstatistiken baseras på",Länsregion II (mitten),netto,2015,1197,https://www.statistikdatabasen.scb.se/pxweb/sv/ssd/START__BO__BO0201__BO0201C/PrisPerAreorSM02/
"Lägenheter, antal som prisstatistiken baseras på",Länsregion II (mitten),netto,2016,1755,https://www.statistikdatabasen.scb.se/pxweb/sv/ssd/START__BO__BO0201__BO0201C/PrisPerAreorSM02/
"Lägenheter, antal som prisstatistiken baseras på",Länsregion II (mitten),netto,2017,1335,https://www.statistikdatabasen.scb.se/pxweb/sv/ssd/START__BO__BO0201__BO0201C/PrisPerAreorSM02/
"Lägenheter, antal som prisstatistiken baseras på",Länsregion II (mitten),netto,2018,1014,https://www.statistikdatabasen.scb.se/pxweb/sv/ssd/START__BO__BO0201__BO0201C/PrisPerAreorSM02/
"Lägenheter, antal som prisstatistiken baseras på",Länsregion II (mitten),netto,2019,1002,https://www.statistikdatabasen.scb.se/pxweb/sv/ssd/START__BO__BO0201__BO0201C/PrisPerAreorSM02/
"Lägenheter, antal som prisstatistiken baseras på",Länsregion II (mitten),netto,2020,956,https://www.statistikdatabasen.scb.se/pxweb/sv/ssd/START__BO__BO0201__BO0201C/PrisPerAreorSM02/
"Lägenheter, antal som prisstatistiken baseras på",Länsregion II (mitten),netto,2021,1222,https://www.statistikdatabasen.scb.se/pxweb/sv/ssd/START__BO__BO0201__BO0201C/PrisPerAreorSM02/
"Lägenheter, antal som prisstatistiken baseras på",Länsregion II (mitten),netto,2022,1422,https://www.statistikdatabasen.scb.se/pxweb/sv/ssd/START__BO__BO0201__BO0201C/PrisPerAreorSM02/
"Lägenheter, antal som prisstatistiken baseras på",Länsregion II (mitten),netto,2023,323,https://www.statistikdatabasen.scb.se/pxweb/sv/ssd/START__BO__BO0201__BO0201C/PrisPerAreorSM02/
"Lägenheter, antal som prisstatistiken baseras på",Länsregion II (mitten),netto,2024,351,https://www.statistikdatabasen.scb.se/pxweb/sv/ssd/START__BO__BO0201__BO0201C/PrisPerAreorSM02/
"Bostadsarea/lägenhet, kvm",Länsregion II (mitten),netto,1994,,https://www.statistikdatabasen.scb.se/pxweb/sv/ssd/START__BO__BO0201__BO0201C/PrisPerAreorSM02/
"Bostadsarea/lägenhet, kvm",Länsregion II (mitten),netto,1995,,https://www.statistikdatabasen.scb.se/pxweb/sv/ssd/START__BO__BO0201__BO0201C/PrisPerAreorSM02/
"Bostadsarea/lägenhet, kvm",Länsregion II (mitten),netto,1996,,https://www.statistikdatabasen.scb.se/pxweb/sv/ssd/START__BO__BO0201__BO0201C/PrisPerAreorSM02/
"Bostadsarea/lägenhet, kvm",Länsregion II (mitten),netto,1997,,https://www.statistikdatabasen.scb.se/pxweb/sv/ssd/START__BO__BO0201__BO0201C/PrisPerAreorSM02/
"Bostadsarea/lägenhet, kvm",Länsregion II (mitten),netto,1998,103.9,https://www.statistikdatabasen.scb.se/pxweb/sv/ssd/START__BO__BO0201__BO0201C/PrisPerAreorSM02/
"Bostadsarea/lägenhet, kvm",Länsregion II (mitten),netto,1999,101.3,https://www.statistikdatabasen.scb.se/pxweb/sv/ssd/START__BO__BO0201__BO0201C/PrisPerAreorSM02/
"Bostadsarea/lägenhet, kvm",Länsregion II (mitten),netto,2000,121.9,https://www.statistikdatabasen.scb.se/pxweb/sv/ssd/START__BO__BO0201__BO0201C/PrisPerAreorSM02/
"Bostadsarea/lägenhet, kvm",Länsregion II (mitten),netto,2001,121.1,https://www.statistikdatabasen.scb.se/pxweb/sv/ssd/START__BO__BO0201__BO0201C/PrisPerAreorSM02/
"Bostadsarea/lägenhet, kvm",Länsregion II (mitten),netto,2002,128.4,https://www.statistikdatabasen.scb.se/pxweb/sv/ssd/START__BO__BO0201__BO0201C/PrisPerAreorSM02/
"Bostadsarea/lägenhet, kvm",Länsregion II (mitten),netto,2003,127.5,https://www.statistikdatabasen.scb.se/pxweb/sv/ssd/START__BO__BO0201__BO0201C/PrisPerAreorSM02/
"Bostadsarea/lägenhet, kvm",Länsregion II (mitten),netto,2004,123.1,https://www.statistikdatabasen.scb.se/pxweb/sv/ssd/START__BO__BO0201__BO0201C/PrisPerAreorSM02/
"Bostadsarea/lägenhet, kvm",Länsregion II (mitten),netto,2005,116.4,https://www.statistikdatabasen.scb.se/pxweb/sv/ssd/START__BO__BO0201__BO0201C/PrisPerAreorSM02/
"Bostadsarea/lägenhet, kvm",Länsregion II (mitten),netto,2006,118.5,https://www.statistikdatabasen.scb.se/pxweb/sv/ssd/START__BO__BO0201__BO0201C/PrisPerAreorSM02/
"Bostadsarea/lägenhet, kvm",Länsregion II (mitten),netto,2007,129.5,https://www.statistikdatabasen.scb.se/pxweb/sv/ssd/START__BO__BO0201__BO0201C/PrisPerAreorSM02/
"Bostadsarea/lägenhet, kvm",Länsregion II (mitten),netto,2008,115.6,https://www.statistikdatabasen.scb.se/pxweb/sv/ssd/START__BO__BO0201__BO0201C/PrisPerAreorSM02/
"Bostadsarea/lägenhet, kvm",Länsregion II (mitten),netto,2009,116.2,https://www.statistikdatabasen.scb.se/pxweb/sv/ssd/START__BO__BO0201__BO0201C/PrisPerAreorSM02/
"Bostadsarea/lägenhet, kvm",Länsregion II (mitten),netto,2010,122.1,https://www.statistikdatabasen.scb.se/pxweb/sv/ssd/START__BO__BO0201__BO0201C/PrisPerAreorSM02/
"Bostadsarea/lägenhet, kvm",Länsregion II (mitten),netto,2011,115.9,https://www.statistikdatabasen.scb.se/pxweb/sv/ssd/START__BO__BO0201__BO0201C/PrisPerAreorSM02/
"Bostadsarea/lägenhet, kvm",Länsregion II (mitten),netto,2012,112.9,https://www.statistikdatabasen.scb.se/pxweb/sv/ssd/START__BO__BO0201__BO0201C/PrisPerAreorSM02/
"Bostadsarea/lägenhet, kvm",Länsregion II (mitten),netto,2013,115.1,https://www.statistikdatabasen.scb.se/pxweb/sv/ssd/START__BO__BO0201__BO0201C/PrisPerAreorSM02/
"Bostadsarea/lägenhet, kvm",Länsregion II (mitten),netto,2014,116.6,https://www.statistikdatabasen.scb.se/pxweb/sv/ssd/START__BO__BO0201__BO0201C/PrisPerAreorSM02/
"Bostadsarea/lägenhet, kvm",Länsregion II (mitten),netto,2015,119,https://www.statistikdatabasen.scb.se/pxweb/sv/ssd/START__BO__BO0201__BO0201C/PrisPerAreorSM02/
"Bostadsarea/lägenhet, kvm",Länsregion II (mitten),netto,2016,119.5,https://www.statistikdatabasen.scb.se/pxweb/sv/ssd/START__BO__BO0201__BO0201C/PrisPerAreorSM02/
"Bostadsarea/lägenhet, kvm",Länsregion II (mitten),netto,2017,119.4,https://www.statistikdatabasen.scb.se/pxweb/sv/ssd/START__BO__BO0201__BO0201C/PrisPerAreorSM02/
"Bostadsarea/lägenhet, kvm",Länsregion II (mitten),netto,2018,118.4,https://www.statistikdatabasen.scb.se/pxweb/sv/ssd/START__BO__BO0201__BO0201C/PrisPerAreorSM02/
"Bostadsarea/lägenhet, kvm",Länsregion II (mitten),netto,2019,111.7,https://www.statistikdatabasen.scb.se/pxweb/sv/ssd/START__BO__BO0201__BO0201C/PrisPerAreorSM02/
"Bostadsarea/lägenhet, kvm",Länsregion II (mitten),netto,2020,112.7,https://www.statistikdatabasen.scb.se/pxweb/sv/ssd/START__BO__BO0201__BO0201C/PrisPerAreorSM02/
"Bostadsarea/lägenhet, kvm",Länsregion II (mitten),netto,2021,112.1,https://www.statistikdatabasen.scb.se/pxweb/sv/ssd/START__BO__BO0201__BO0201C/PrisPerAreorSM02/
"Bostadsarea/lägenhet, kvm",Länsregion II (mitten),netto,2022,115.4,https://www.statistikdatabasen.scb.se/pxweb/sv/ssd/START__BO__BO0201__BO0201C/PrisPerAreorSM02/
"Bostadsarea/lägenhet, kvm",Länsregion II (mitten),netto,2023,107.6,https://www.statistikdatabasen.scb.se/pxweb/sv/ssd/START__BO__BO0201__BO0201C/PrisPerAreorSM02/
"Bostadsarea/lägenhet, kvm",Länsregion II (mitten),netto,2024,118.1,https://www.statistikdatabasen.scb.se/pxweb/sv/ssd/START__BO__BO0201__BO0201C/PrisPerAreorSM02/
"Markpris/bostadsarea, kr",Länsregion II (mitten),netto,1994,,https://www.statistikdatabasen.scb.se/pxweb/sv/ssd/START__BO__BO0201__BO0201C/PrisPerAreorSM02/
"Markpris/bostadsarea, kr",Länsregion II (mitten),netto,1995,,https://www.statistikdatabasen.scb.se/pxweb/sv/ssd/START__BO__BO0201__BO0201C/PrisPerAreorSM02/
"Markpris/bostadsarea, kr",Länsregion II (mitten),netto,1996,,https://www.statistikdatabasen.scb.se/pxweb/sv/ssd/START__BO__BO0201__BO0201C/PrisPerAreorSM02/
"Markpris/bostadsarea, kr",Länsregion II (mitten),netto,1997,,https://www.statistikdatabasen.scb.se/pxweb/sv/ssd/START__BO__BO0201__BO0201C/PrisPerAreorSM02/
"Markpris/bostadsarea, kr",Länsregion II (mitten),netto,1998,1192,https://www.statistikdatabasen.scb.se/pxweb/sv/ssd/START__BO__BO0201__BO0201C/PrisPerAreorSM02/
"Markpris/bostadsarea, kr",Länsregion II (mitten),netto,1999,1291,https://www.statistikdatabasen.scb.se/pxweb/sv/ssd/START__BO__BO0201__BO0201C/PrisPerAreorSM02/
"Markpris/bostadsarea, kr",Länsregion II (mitten),netto,2000,1611,https://www.statistikdatabasen.scb.se/pxweb/sv/ssd/START__BO__BO0201__BO0201C/PrisPerAreorSM02/
"Markpris/bostadsarea, kr",Länsregion II (mitten),netto,2001,1775,https://www.statistikdatabasen.scb.se/pxweb/sv/ssd/START__BO__BO0201__BO0201C/PrisPerAreorSM02/
"Markpris/bostadsarea, kr",Länsregion II (mitten),netto,2002,1921,https://www.statistikdatabasen.scb.se/pxweb/sv/ssd/START__BO__BO0201__BO0201C/PrisPerAreorSM02/
"Markpris/bostadsarea, kr",Länsregion II (mitten),netto,2003,3525,https://www.statistikdatabasen.scb.se/pxweb/sv/ssd/START__BO__BO0201__BO0201C/PrisPerAreorSM02/
"Markpris/bostadsarea, kr",Länsregion II (mitten),netto,2004,2490,https://www.statistikdatabasen.scb.se/pxweb/sv/ssd/START__BO__BO0201__BO0201C/PrisPerAreorSM02/
"Markpris/bostadsarea, kr",Länsregion II (mitten),netto,2005,2366,https://www.statistikdatabasen.scb.se/pxweb/sv/ssd/START__BO__BO0201__BO0201C/PrisPerAreorSM02/
"Markpris/bostadsarea, kr",Länsregion II (mitten),netto,2006,2870,https://www.statistikdatabasen.scb.se/pxweb/sv/ssd/START__BO__BO0201__BO0201C/PrisPerAreorSM02/
"Markpris/bostadsarea, kr",Länsregion II (mitten),netto,2007,3588,https://www.statistikdatabasen.scb.se/pxweb/sv/ssd/START__BO__BO0201__BO0201C/PrisPerAreorSM02/
"Markpris/bostadsarea, kr",Länsregion II (mitten),netto,2008,4054,https://www.statistikdatabasen.scb.se/pxweb/sv/ssd/START__BO__BO0201__BO0201C/PrisPerAreorSM02/
"Markpris/bostadsarea, kr",Länsregion II (mitten),netto,2009,4410,https://www.statistikdatabasen.scb.se/pxweb/sv/ssd/START__BO__BO0201__BO0201C/PrisPerAreorSM02/
"Markpris/bostadsarea, kr",Länsregion II (mitten),netto,2010,5579,https://www.statistikdatabasen.scb.se/pxweb/sv/ssd/START__BO__BO0201__BO0201C/PrisPerAreorSM02/
"Markpris/bostadsarea, kr",Länsregion II (mitten),netto,2011,5165,https://www.statistikdatabasen.scb.se/pxweb/sv/ssd/START__BO__BO0201__BO0201C/PrisPerAreorSM02/
"Markpris/bostadsarea, kr",Länsregion II (mitten),netto,2012,4736,https://www.statistikdatabasen.scb.se/pxweb/sv/ssd/START__BO__BO0201__BO0201C/PrisPerAreorSM02/
"Markpris/bostadsarea, kr",Länsregion II (mitten),netto,2013,5102,https://www.statistikdatabasen.scb.se/pxweb/sv/ssd/START__BO__BO0201__BO0201C/PrisPerAreorSM02/
"Markpris/bostadsarea, kr",Länsregion II (mitten),netto,2014,5648,https://www.statistikdatabasen.scb.se/pxweb/sv/ssd/START__BO__BO0201__BO0201C/PrisPerAreorSM02/
"Markpris/bostadsarea, kr",Länsregion II (mitten),netto,2015,5510,https://www.statistikdatabasen.scb.se/pxweb/sv/ssd/START__BO__BO0201__BO0201C/PrisPerAreorSM02/
"Markpris/bostadsarea, kr",Länsregion II (mitten),netto,2016,5862,https://www.statistikdatabasen.scb.se/pxweb/sv/ssd/START__BO__BO0201__BO0201C/PrisPerAreorSM02/
"Markpris/bostadsarea, kr",Länsregion II (mitten),netto,2017,6627,https://www.statistikdatabasen.scb.se/pxweb/sv/ssd/START__BO__BO0201__BO0201C/PrisPerAreorSM02/
"Markpris/bostadsarea, kr",Länsregion II (mitten),netto,2018,6667,https://www.statistikdatabasen.scb.se/pxweb/sv/ssd/START__BO__BO0201__BO0201C/PrisPerAreorSM02/
"Markpris/bostadsarea, kr",Länsregion II (mitten),netto,2019,6367,https://www.statistikdatabasen.scb.se/pxweb/sv/ssd/START__BO__BO0201__BO0201C/PrisPerAreorSM02/
"Markpris/bostadsarea, kr",Länsregion II (mitten),netto,2020,6520,https://www.statistikdatabasen.scb.se/pxweb/sv/ssd/START__BO__BO0201__BO0201C/PrisPerAreorSM02/
"Markpris/bostadsarea, kr",Länsregion II (mitten),netto,2021,6165,https://www.statistikdatabasen.scb.se/pxweb/sv/ssd/START__BO__BO0201__BO0201C/PrisPerAreorSM02/
"Markpris/bostadsarea, kr",Länsregion II (mitten),netto,2022,6254,https://www.statistikdatabasen.scb.se/pxweb/sv/ssd/START__BO__BO0201__BO0201C/PrisPerAreorSM02/
"Markpris/bostadsarea, kr",Länsregion II (mitten),netto,2023,6630,https://www.statistikdatabasen.scb.se/pxweb/sv/ssd/START__BO__BO0201__BO0201C/PrisPerAreorSM02/
"Markpris/bostadsarea, kr",Länsregion II (mitten),netto,2024,8249,https://www.statistikdatabasen.scb.se/pxweb/sv/ssd/START__BO__BO0201__BO0201C/PrisPerAreorSM02/
"Byggnadspris/bostadsarea, kr",Länsregion II (mitten),netto,1994,,https://www.statistikdatabasen.scb.se/pxweb/sv/ssd/START__BO__BO0201__BO0201C/PrisPerAreorSM02/
"Byggnadspris/bostadsarea, kr",Länsregion II (mitten),netto,1995,,https://www.statistikdatabasen.scb.se/pxweb/sv/ssd/START__BO__BO0201__BO0201C/PrisPerAreorSM02/
"Byggnadspris/bostadsarea, kr",Länsregion II (mitten),netto,1996,,https://www.statistikdatabasen.scb.se/pxweb/sv/ssd/START__BO__BO0201__BO0201C/PrisPerAreorSM02/
"Byggnadspris/bostadsarea, kr",Länsregion II (mitten),netto,1997,,https://www.statistikdatabasen.scb.se/pxweb/sv/ssd/START__BO__BO0201__BO0201C/PrisPerAreorSM02/
"Byggnadspris/bostadsarea, kr",Länsregion II (mitten),netto,1998,11040,https://www.statistikdatabasen.scb.se/pxweb/sv/ssd/START__BO__BO0201__BO0201C/PrisPerAreorSM02/
"Byggnadspris/bostadsarea, kr",Länsregion II (mitten),netto,1999,11062,https://www.statistikdatabasen.scb.se/pxweb/sv/ssd/START__BO__BO0201__BO0201C/PrisPerAreorSM02/
"Byggnadspris/bostadsarea, kr",Länsregion II (mitten),netto,2000,11340,https://www.statistikdatabasen.scb.se/pxweb/sv/ssd/START__BO__BO0201__BO0201C/PrisPerAreorSM02/
"Byggnadspris/bostadsarea, kr",Länsregion II (mitten),netto,2001,12346,https://www.statistikdatabasen.scb.se/pxweb/sv/ssd/START__BO__BO0201__BO0201C/PrisPerAreorSM02/
"Byggnadspris/bostadsarea, kr",Länsregion II (mitten),netto,2002,13399,https://www.statistikdatabasen.scb.se/pxweb/sv/ssd/START__BO__BO0201__BO0201C/PrisPerAreorSM02/
"Byggnadspris/bostadsarea, kr",Länsregion II (mitten),netto,2003,12796,https://www.statistikdatabasen.scb.se/pxweb/sv/ssd/START__BO__BO0201__BO0201C/PrisPerAreorSM02/
"Byggnadspris/bostadsarea, kr",Länsregion II (mitten),netto,2004,14259,https://www.statistikdatabasen.scb.se/pxweb/sv/ssd/START__BO__BO0201__BO0201C/PrisPerAreorSM02/
"Byggnadspris/bostadsarea, kr",Länsregion II (mitten),netto,2005,15520,https://www.statistikdatabasen.scb.se/pxweb/sv/ssd/START__BO__BO0201__BO0201C/PrisPerAreorSM02/
"Byggnadspris/bostadsarea, kr",Länsregion II (mitten),netto,2006,15515,https://www.statistikdatabasen.scb.se/pxweb/sv/ssd/START__BO__BO0201__BO0201C/PrisPerAreorSM02/
"Byggnadspris/bostadsarea, kr",Länsregion II (mitten),netto,2007,16480,https://www.statistikdatabasen.scb.se/pxweb/sv/ssd/START__BO__BO0201__BO0201C/PrisPerAreorSM02/
"Byggnadspris/bostadsarea, kr",Länsregion II (mitten),netto,2008,17833,https://www.statistikdatabasen.scb.se/pxweb/sv/ssd/START__BO__BO0201__BO0201C/PrisPerAreorSM02/
"Byggnadspris/bostadsarea, kr",Länsregion II (mitten),netto,2009,17857,https://www.statistikdatabasen.scb.se/pxweb/sv/ssd/START__BO__BO0201__BO0201C/PrisPerAreorSM02/
"Byggnadspris/bostadsarea, kr",Länsregion II (mitten),netto,2010,17769,https://www.statistikdatabasen.scb.se/pxweb/sv/ssd/START__BO__BO0201__BO0201C/PrisPerAreorSM02/
"Byggnadspris/bostadsarea, kr",Länsregion II (mitten),netto,2011,19532,https://www.statistikdatabasen.scb.se/pxweb/sv/ssd/START__BO__BO0201__BO0201C/PrisPerAreorSM02/
"Byggnadspris/bostadsarea, kr",Länsregion II (mitten),netto,2012,19816,https://www.statistikdatabasen.scb.se/pxweb/sv/ssd/START__BO__BO0201__BO0201C/PrisPerAreorSM02/
"Byggnadspris/bostadsarea, kr",Länsregion II (mitten),netto,2013,19608,https://www.statistikdatabasen.scb.se/pxweb/sv/ssd/START__BO__BO0201__BO0201C/PrisPerAreorSM02/
"Byggnadspris/bostadsarea, kr",Länsregion II (mitten),netto,2014,20520,https://www.statistikdatabasen.scb.se/pxweb/sv/ssd/START__BO__BO0201__BO0201C/PrisPerAreorSM02/
"Byggnadspris/bostadsarea, kr",Länsregion II (mitten),netto,2015,21932,https://www.statistikdatabasen.scb.se/pxweb/sv/ssd/START__BO__BO0201__BO0201C/PrisPerAreorSM02/
"Byggnadspris/bostadsarea, kr",Länsregion II (mitten),netto,2016,22433,https://www.statistikdatabasen.scb.se/pxweb/sv/ssd/START__BO__BO0201__BO0201C/PrisPerAreorSM02/
"Byggnadspris/bostadsarea, kr",Länsregion II (mitten),netto,2017,23448,https://www.statistikdatabasen.scb.se/pxweb/sv/ssd/START__BO__BO0201__BO0201C/PrisPerAreorSM02/
"Byggnadspris/bostadsarea, kr",Länsregion II (mitten),netto,2018,23357,https://www.statistikdatabasen.scb.se/pxweb/sv/ssd/START__BO__BO0201__BO0201C/PrisPerAreorSM02/
"Byggnadspris/bostadsarea, kr",Länsregion II (mitten),netto,2019,23940,https://www.statistikdatabasen.scb.se/pxweb/sv/ssd/START__BO__BO0201__BO0201C/PrisPerAreorSM02/
"Byggnadspris/bostadsarea, kr",Länsregion II (mitten),netto,2020,24466,https://www.statistikdatabasen.scb.se/pxweb/sv/ssd/START__BO__BO0201__BO0201C/PrisPerAreorSM02/
"Byggnadspris/bostadsarea, kr",Länsregion II (mitten),netto,2021,26029,https://www.statistikdatabasen.scb.se/pxweb/sv/ssd/START__BO__BO0201__BO0201C/PrisPerAreorSM02/
"Byggnadspris/bostadsarea, kr",Länsregion II (mitten),netto,2022,25818,https://www.statistikdatabasen.scb.se/pxweb/sv/ssd/START__BO__BO0201__BO0201C/PrisPerAreorSM02/
"Byggnadspris/bostadsarea, kr",Länsregion II (mitten),netto,2023,26071,https://www.statistikdatabasen.scb.se/pxweb/sv/ssd/START__BO__BO0201__BO0201C/PrisPerAreorSM02/
"Byggnadspris/bostadsarea, kr",Länsregion II (mitten),netto,2024,29169,https://www.statistikdatabasen.scb.se/pxweb/sv/ssd/START__BO__BO0201__BO0201C/PrisPerAreorSM02/
"Totalt produktionspris/bostadsarea, kr",Länsregion II (mitten),netto,1994,,https://www.statistikdatabasen.scb.se/pxweb/sv/ssd/START__BO__BO0201__BO0201C/PrisPerAreorSM02/
"Totalt produktionspris/bostadsarea, kr",Länsregion II (mitten),netto,1995,,https://www.statistikdatabasen.scb.se/pxweb/sv/ssd/START__BO__BO0201__BO0201C/PrisPerAreorSM02/
"Totalt produktionspris/bostadsarea, kr",Länsregion II (mitten),netto,1996,,https://www.statistikdatabasen.scb.se/pxweb/sv/ssd/START__BO__BO0201__BO0201C/PrisPerAreorSM02/
"Totalt produktionspris/bostadsarea, kr",Länsregion II (mitten),netto,1997,,https://www.statistikdatabasen.scb.se/pxweb/sv/ssd/START__BO__BO0201__BO0201C/PrisPerAreorSM02/
"Totalt produktionspris/bostadsarea, kr",Länsregion II (mitten),netto,1998,12232,https://www.statistikdatabasen.scb.se/pxweb/sv/ssd/START__BO__BO0201__BO0201C/PrisPerAreorSM02/
"Totalt produktionspris/bostadsarea, kr",Länsregion II (mitten),netto,1999,12353,https://www.statistikdatabasen.scb.se/pxweb/sv/ssd/START__BO__BO0201__BO0201C/PrisPerAreorSM02/
"Totalt produktionspris/bostadsarea, kr",Länsregion II (mitten),netto,2000,12951,https://www.statistikdatabasen.scb.se/pxweb/sv/ssd/START__BO__BO0201__BO0201C/PrisPerAreorSM02/
"Totalt produktionspris/bostadsarea, kr",Länsregion II (mitten),netto,2001,14121,https://www.statistikdatabasen.scb.se/pxweb/sv/ssd/START__BO__BO0201__BO0201C/PrisPerAreorSM02/
"Totalt produktionspris/bostadsarea, kr",Länsregion II (mitten),netto,2002,15320,https://www.statistikdatabasen.scb.se/pxweb/sv/ssd/START__BO__BO0201__BO0201C/PrisPerAreorSM02/
"Totalt produktionspris/bostadsarea, kr",Länsregion II (mitten),netto,2003,16321,https://www.statistikdatabasen.scb.se/pxweb/sv/ssd/START__BO__BO0201__BO0201C/PrisPerAreorSM02/
"Totalt produktionspris/bostadsarea, kr",Länsregion II (mitten),netto,2004,16749,https://www.statistikdatabasen.scb.se/pxweb/sv/ssd/START__BO__BO0201__BO0201C/PrisPerAreorSM02/
"Totalt produktionspris/bostadsarea, kr",Länsregion II (mitten),netto,2005,17886,https://www.statistikdatabasen.scb.se/pxweb/sv/ssd/START__BO__BO0201__BO0201C/PrisPerAreorSM02/
"Totalt produktionspris/bostadsarea, kr",Länsregion II (mitten),netto,2006,18385,https://www.statistikdatabasen.scb.se/pxweb/sv/ssd/START__BO__BO0201__BO0201C/PrisPerAreorSM02/
"Totalt produktionspris/bostadsarea, kr",Länsregion II (mitten),netto,2007,20068,https://www.statistikdatabasen.scb.se/pxweb/sv/ssd/START__BO__BO0201__BO0201C/PrisPerAreorSM02/
"Totalt produktionspris/bostadsarea, kr",Länsregion II (mitten),netto,2008,21886,https://www.statistikdatabasen.scb.se/pxweb/sv/ssd/START__BO__BO0201__BO0201C/PrisPerAreorSM02/
"Totalt produktionspris/bostadsarea, kr",Länsregion II (mitten),netto,2009,22266,https://www.statistikdatabasen.scb.se/pxweb/sv/ssd/START__BO__BO0201__BO0201C/PrisPerAreorSM02/
"Totalt produktionspris/bostadsarea, kr",Länsregion II (mitten),netto,2010,23348,https://www.statistikdatabasen.scb.se/pxweb/sv/ssd/START__BO__BO0201__BO0201C/PrisPerAreorSM02/
"Totalt produktionspris/bostadsarea, kr",Länsregion II (mitten),netto,2011,24698,https://www.statistikdatabasen.scb.se/pxweb/sv/ssd/START__BO__BO0201__BO0201C/PrisPerAreorSM02/
"Totalt produktionspris/bostadsarea, kr",Länsregion II (mitten),netto,2012,24552,https://www.statistikdatabasen.scb.se/pxweb/sv/ssd/START__BO__BO0201__BO0201C/PrisPerAreorSM02/
"Totalt produktionspris/bostadsarea, kr",Länsregion II (mitten),netto,2013,24710,https://www.statistikdatabasen.scb.se/pxweb/sv/ssd/START__BO__BO0201__BO0201C/PrisPerAreorSM02/
"Totalt produktionspris/bostadsarea, kr",Länsregion II (mitten),netto,2014,26168,https://www.statistikdatabasen.scb.se/pxweb/sv/ssd/START__BO__BO0201__BO0201C/PrisPerAreorSM02/
"Totalt produktionspris/bostadsarea, kr",Länsregion II (mitten),netto,2015,27442,https://www.statistikdatabasen.scb.se/pxweb/sv/ssd/START__BO__BO0201__BO0201C/PrisPerAreorSM02/
"Totalt produktionspris/bostadsarea, kr",Länsregion II (mitten),netto,2016,28294,https://www.statistikdatabasen.scb.se/pxweb/sv/ssd/START__BO__BO0201__BO0201C/PrisPerAreorSM02/
"Totalt produktionspris/bostadsarea, kr",Länsregion II (mitten),netto,2017,30075,https://www.statistikdatabasen.scb.se/pxweb/sv/ssd/START__BO__BO0201__BO0201C/PrisPerAreorSM02/
"Totalt produktionspris/bostadsarea, kr",Länsregion II (mitten),netto,2018,30023,https://www.statistikdatabasen.scb.se/pxweb/sv/ssd/START__BO__BO0201__BO0201C/PrisPerAreorSM02/
"Totalt produktionspris/bostadsarea, kr",Länsregion II (mitten),netto,2019,30308,https://www.statistikdatabasen.scb.se/pxweb/sv/ssd/START__BO__BO0201__BO0201C/PrisPerAreorSM02/
"Totalt produktionspris/bostadsarea, kr",Länsregion II (mitten),netto,2020,30986,https://www.statistikdatabasen.scb.se/pxweb/sv/ssd/START__BO__BO0201__BO0201C/PrisPerAreorSM02/
"Totalt produktionspris/bostadsarea, kr",Länsregion II (mitten),netto,2021,32194,https://www.statistikdatabasen.scb.se/pxweb/sv/ssd/START__BO__BO0201__BO0201C/PrisPerAreorSM02/
"Totalt produktionspris/bostadsarea, kr",Länsregion II (mitten),netto,2022,32072,https://www.statistikdatabasen.scb.se/pxweb/sv/ssd/START__BO__BO0201__BO0201C/PrisPerAreorSM02/
"Totalt produktionspris/bostadsarea, kr",Länsregion II (mitten),netto,2023,32701,https://www.statistikdatabasen.scb.se/pxweb/sv/ssd/START__BO__BO0201__BO0201C/PrisPerAreorSM02/
"Totalt produktionspris/bostadsarea, kr",Länsregion II (mitten),netto,2024,37419,https://www.statistikdatabasen.scb.se/pxweb/sv/ssd/START__BO__BO0201__BO0201C/PrisPerAreorSM02/
"Byggnadsobjekt, antal som prisstatistiken baseras på",Länsregion III (syd),brutto,1994,,https://www.statistikdatabasen.scb.se/pxweb/sv/ssd/START__BO__BO0201__BO0201C/PrisPerAreorSM02/
"Byggnadsobjekt, antal som prisstatistiken baseras på",Länsregion III (syd),brutto,1995,,https://www.statistikdatabasen.scb.se/pxweb/sv/ssd/START__BO__BO0201__BO0201C/PrisPerAreorSM02/
"Byggnadsobjekt, antal som prisstatistiken baseras på",Länsregion III (syd),brutto,1996,,https://www.statistikdatabasen.scb.se/pxweb/sv/ssd/START__BO__BO0201__BO0201C/PrisPerAreorSM02/
"Byggnadsobjekt, antal som prisstatistiken baseras på",Länsregion III (syd),brutto,1997,,https://www.statistikdatabasen.scb.se/pxweb/sv/ssd/START__BO__BO0201__BO0201C/PrisPerAreorSM02/
"Byggnadsobjekt, antal som prisstatistiken baseras på",Länsregion III (syd),brutto,1998,17,https://www.statistikdatabasen.scb.se/pxweb/sv/ssd/START__BO__BO0201__BO0201C/PrisPerAreorSM02/
"Byggnadsobjekt, antal som prisstatistiken baseras på",Länsregion III (syd),brutto,1999,6,https://www.statistikdatabasen.scb.se/pxweb/sv/ssd/START__BO__BO0201__BO0201C/PrisPerAreorSM02/
"Byggnadsobjekt, antal som prisstatistiken baseras på",Länsregion III (syd),brutto,2000,40,https://www.statistikdatabasen.scb.se/pxweb/sv/ssd/START__BO__BO0201__BO0201C/PrisPerAreorSM02/
"Byggnadsobjekt, antal som prisstatistiken baseras på",Länsregion III (syd),brutto,2001,45,https://www.statistikdatabasen.scb.se/pxweb/sv/ssd/START__BO__BO0201__BO0201C/PrisPerAreorSM02/
"Byggnadsobjekt, antal som prisstatistiken baseras på",Länsregion III (syd),brutto,2002,40,https://www.statistikdatabasen.scb.se/pxweb/sv/ssd/START__BO__BO0201__BO0201C/PrisPerAreorSM02/
"Byggnadsobjekt, antal som prisstatistiken baseras på",Länsregion III (syd),brutto,2003,67,https://www.statistikdatabasen.scb.se/pxweb/sv/ssd/START__BO__BO0201__BO0201C/PrisPerAreorSM02/
"Byggnadsobjekt, antal som prisstatistiken baseras på",Länsregion III (syd),brutto,2004,70,https://www.statistikdatabasen.scb.se/pxweb/sv/ssd/START__BO__BO0201__BO0201C/PrisPerAreorSM02/
"Byggnadsobjekt, antal som prisstatistiken baseras på",Länsregion III (syd),brutto,2005,93,https://www.statistikdatabasen.scb.se/pxweb/sv/ssd/START__BO__BO0201__BO0201C/PrisPerAreorSM02/
"Byggnadsobjekt, antal som prisstatistiken baseras på",Länsregion III (syd),brutto,2006,66,https://www.statistikdatabasen.scb.se/pxweb/sv/ssd/START__BO__BO0201__BO0201C/PrisPerAreorSM02/
"Byggnadsobjekt, antal som prisstatistiken baseras på",Länsregion III (syd),brutto,2007,79,https://www.statistikdatabasen.scb.se/pxweb/sv/ssd/START__BO__BO0201__BO0201C/PrisPerAreorSM02/
"Byggnadsobjekt, antal som prisstatistiken baseras på",Länsregion III (syd),brutto,2008,88,https://www.statistikdatabasen.scb.se/pxweb/sv/ssd/START__BO__BO0201__BO0201C/PrisPerAreorSM02/
"Byggnadsobjekt, antal som prisstatistiken baseras på",Länsregion III (syd),brutto,2009,57,https://www.statistikdatabasen.scb.se/pxweb/sv/ssd/START__BO__BO0201__BO0201C/PrisPerAreorSM02/
"Byggnadsobjekt, antal som prisstatistiken baseras på",Länsregion III (syd),brutto,2010,85,https://www.statistikdatabasen.scb.se/pxweb/sv/ssd/START__BO__BO0201__BO0201C/PrisPerAreorSM02/
"Byggnadsobjekt, antal som prisstatistiken baseras på",Länsregion III (syd),brutto,2011,58,https://www.statistikdatabasen.scb.se/pxweb/sv/ssd/START__BO__BO0201__BO0201C/PrisPerAreorSM02/
"Byggnadsobjekt, antal som prisstatistiken baseras på",Länsregion III (syd),brutto,2012,28,https://www.statistikdatabasen.scb.se/pxweb/sv/ssd/START__BO__BO0201__BO0201C/PrisPerAreorSM02/
"Byggnadsobjekt, antal som prisstatistiken baseras på",Länsregion III (syd),brutto,2013,56,https://www.statistikdatabasen.scb.se/pxweb/sv/ssd/START__BO__BO0201__BO0201C/PrisPerAreorSM02/
"Byggnadsobjekt, antal som prisstatistiken baseras på",Länsregion III (syd),brutto,2014,70,https://www.statistikdatabasen.scb.se/pxweb/sv/ssd/START__BO__BO0201__BO0201C/PrisPerAreorSM02/
"Byggnadsobjekt, antal som prisstatistiken baseras på",Länsregion III (syd),brutto,2015,92,https://www.statistikdatabasen.scb.se/pxweb/sv/ssd/START__BO__BO0201__BO0201C/PrisPerAreorSM02/
"Byggnadsobjekt, antal som prisstatistiken baseras på",Länsregion III (syd),brutto,2016,107,https://www.statistikdatabasen.scb.se/pxweb/sv/ssd/START__BO__BO0201__BO0201C/PrisPerAreorSM02/
"Byggnadsobjekt, antal som prisstatistiken baseras på",Länsregion III (syd),brutto,2017,111,https://www.statistikdatabasen.scb.se/pxweb/sv/ssd/START__BO__BO0201__BO0201C/PrisPerAreorSM02/
"Byggnadsobjekt, antal som prisstatistiken baseras på",Länsregion III (syd),brutto,2018,91,https://www.statistikdatabasen.scb.se/pxweb/sv/ssd/START__BO__BO0201__BO0201C/PrisPerAreorSM02/
"Byggnadsobjekt, antal som prisstatistiken baseras på",Länsregion III (syd),brutto,2019,87,https://www.statistikdatabasen.scb.se/pxweb/sv/ssd/START__BO__BO0201__BO0201C/PrisPerAreorSM02/
"Byggnadsobjekt, antal som prisstatistiken baseras på",Länsregion III (syd),brutto,2020,95,https://www.statistikdatabasen.scb.se/pxweb/sv/ssd/START__BO__BO0201__BO0201C/PrisPerAreorSM02/
"Byggnadsobjekt, antal som prisstatistiken baseras på",Länsregion III (syd),brutto,2021,92,https://www.statistikdatabasen.scb.se/pxweb/sv/ssd/START__BO__BO0201__BO0201C/PrisPerAreorSM02/
"Byggnadsobjekt, antal som prisstatistiken baseras på",Länsregion III (syd),brutto,2022,95,https://www.statistikdatabasen.scb.se/pxweb/sv/ssd/START__BO__BO0201__BO0201C/PrisPerAreorSM02/
"Byggnadsobjekt, antal som prisstatistiken baseras på",Länsregion III (syd),brutto,2023,41,https://www.statistikdatabasen.scb.se/pxweb/sv/ssd/START__BO__BO0201__BO0201C/PrisPerAreorSM02/
"Byggnadsobjekt, antal som prisstatistiken baseras på",Länsregion III (syd),brutto,2024,36,https://www.statistikdatabasen.scb.se/pxweb/sv/ssd/START__BO__BO0201__BO0201C/PrisPerAreorSM02/
"Lägenheter, antal som prisstatistiken baseras på",Länsregion III (syd),brutto,1994,,https://www.statistikdatabasen.scb.se/pxweb/sv/ssd/START__BO__BO0201__BO0201C/PrisPerAreorSM02/
"Lägenheter, antal som prisstatistiken baseras på",Länsregion III (syd),brutto,1995,,https://www.statistikdatabasen.scb.se/pxweb/sv/ssd/START__BO__BO0201__BO0201C/PrisPerAreorSM02/
"Lägenheter, antal som prisstatistiken baseras på",Länsregion III (syd),brutto,1996,,https://www.statistikdatabasen.scb.se/pxweb/sv/ssd/START__BO__BO0201__BO0201C/PrisPerAreorSM02/
"Lägenheter, antal som prisstatistiken baseras på",Länsregion III (syd),brutto,1997,,https://www.statistikdatabasen.scb.se/pxweb/sv/ssd/START__BO__BO0201__BO0201C/PrisPerAreorSM02/
"Lägenheter, antal som prisstatistiken baseras på",Länsregion III (syd),brutto,1998,116,https://www.statistikdatabasen.scb.se/pxweb/sv/ssd/START__BO__BO0201__BO0201C/PrisPerAreorSM02/
"Lägenheter, antal som prisstatistiken baseras på",Länsregion III (syd),brutto,1999,32,https://www.statistikdatabasen.scb.se/pxweb/sv/ssd/START__BO__BO0201__BO0201C/PrisPerAreorSM02/
"Lägenheter, antal som prisstatistiken baseras på",Länsregion III (syd),brutto,2000,300,https://www.statistikdatabasen.scb.se/pxweb/sv/ssd/START__BO__BO0201__BO0201C/PrisPerAreorSM02/
"Lägenheter, antal som prisstatistiken baseras på",Länsregion III (syd),brutto,2001,476,https://www.statistikdatabasen.scb.se/pxweb/sv/ssd/START__BO__BO0201__BO0201C/PrisPerAreorSM02/
"Lägenheter, antal som prisstatistiken baseras på",Länsregion III (syd),brutto,2002,258,https://www.statistikdatabasen.scb.se/pxweb/sv/ssd/START__BO__BO0201__BO0201C/PrisPerAreorSM02/
"Lägenheter, antal som prisstatistiken baseras på",Länsregion III (syd),brutto,2003,421,https://www.statistikdatabasen.scb.se/pxweb/sv/ssd/START__BO__BO0201__BO0201C/PrisPerAreorSM02/
"Lägenheter, antal som prisstatistiken baseras på",Länsregion III (syd),brutto,2004,414,https://www.statistikdatabasen.scb.se/pxweb/sv/ssd/START__BO__BO0201__BO0201C/PrisPerAreorSM02/
"Lägenheter, antal som prisstatistiken baseras på",Länsregion III (syd),brutto,2005,600,https://www.statistikdatabasen.scb.se/pxweb/sv/ssd/START__BO__BO0201__BO0201C/PrisPerAreorSM02/
"Lägenheter, antal som prisstatistiken baseras på",Länsregion III (syd),brutto,2006,489,https://www.statistikdatabasen.scb.se/pxweb/sv/ssd/START__BO__BO0201__BO0201C/PrisPerAreorSM02/
"Lägenheter, antal som prisstatistiken baseras på",Länsregion III (syd),brutto,2007,469,https://www.statistikdatabasen.scb.se/pxweb/sv/ssd/START__BO__BO0201__BO0201C/PrisPerAreorSM02/
"Lägenheter, antal som prisstatistiken baseras på",Länsregion III (syd),brutto,2008,376,https://www.statistikdatabasen.scb.se/pxweb/sv/ssd/START__BO__BO0201__BO0201C/PrisPerAreorSM02/
"Lägenheter, antal som prisstatistiken baseras på",Länsregion III (syd),brutto,2009,423,https://www.statistikdatabasen.scb.se/pxweb/sv/ssd/START__BO__BO0201__BO0201C/PrisPerAreorSM02/
"Lägenheter, antal som prisstatistiken baseras på",Länsregion III (syd),brutto,2010,519,https://www.statistikdatabasen.scb.se/pxweb/sv/ssd/START__BO__BO0201__BO0201C/PrisPerAreorSM02/
"Lägenheter, antal som prisstatistiken baseras på",Länsregion III (syd),brutto,2011,375,https://www.statistikdatabasen.scb.se/pxweb/sv/ssd/START__BO__BO0201__BO0201C/PrisPerAreorSM02/
"Lägenheter, antal som prisstatistiken baseras på",Länsregion III (syd),brutto,2012,169,https://www.statistikdatabasen.scb.se/pxweb/sv/ssd/START__BO__BO0201__BO0201C/PrisPerAreorSM02/
"Lägenheter, antal som prisstatistiken baseras på",Länsregion III (syd),brutto,2013,407,https://www.statistikdatabasen.scb.se/pxweb/sv/ssd/START__BO__BO0201__BO0201C/PrisPerAreorSM02/
"Lägenheter, antal som prisstatistiken baseras på",Länsregion III (syd),brutto,2014,347,https://www.statistikdatabasen.scb.se/pxweb/sv/ssd/START__BO__BO0201__BO0201C/PrisPerAreorSM02/
"Lägenheter, antal som prisstatistiken baseras på",Länsregion III (syd),brutto,2015,583,https://www.statistikdatabasen.scb.se/pxweb/sv/ssd/START__BO__BO0201__BO0201C/PrisPerAreorSM02/
"Lägenheter, antal som prisstatistiken baseras på",Länsregion III (syd),brutto,2016,750,https://www.statistikdatabasen.scb.se/pxweb/sv/ssd/START__BO__BO0201__BO0201C/PrisPerAreorSM02/
"Lägenheter, antal som prisstatistiken baseras på",Länsregion III (syd),brutto,2017,715,https://www.statistikdatabasen.scb.se/pxweb/sv/ssd/START__BO__BO0201__BO0201C/PrisPerAreorSM02/
"Lägenheter, antal som prisstatistiken baseras på",Länsregion III (syd),brutto,2018,802,https://www.statistikdatabasen.scb.se/pxweb/sv/ssd/START__BO__BO0201__BO0201C/PrisPerAreorSM02/
"Lägenheter, antal som prisstatistiken baseras på",Länsregion III (syd),brutto,2019,515,https://www.statistikdatabasen.scb.se/pxweb/sv/ssd/START__BO__BO0201__BO0201C/PrisPerAreorSM02/
"Lägenheter, antal som prisstatistiken baseras på",Länsregion III (syd),brutto,2020,611,https://www.statistikdatabasen.scb.se/pxweb/sv/ssd/START__BO__BO0201__BO0201C/PrisPerAreorSM02/
"Lägenheter, antal som prisstatistiken baseras på",Länsregion III (syd),brutto,2021,821,https://www.statistikdatabasen.scb.se/pxweb/sv/ssd/START__BO__BO0201__BO0201C/PrisPerAreorSM02/
"Lägenheter, antal som prisstatistiken baseras på",Länsregion III (syd),brutto,2022,665,https://www.statistikdatabasen.scb.se/pxweb/sv/ssd/START__BO__BO0201__BO0201C/PrisPerAreorSM02/
"Lägenheter, antal som prisstatistiken baseras på",Länsregion III (syd),brutto,2023,173,https://www.statistikdatabasen.scb.se/pxweb/sv/ssd/START__BO__BO0201__BO0201C/PrisPerAreorSM02/
"Lägenheter, antal som prisstatistiken baseras på",Länsregion III (syd),brutto,2024,177,https://www.statistikdatabasen.scb.se/pxweb/sv/ssd/START__BO__BO0201__BO0201C/PrisPerAreorSM02/
"Bostadsarea/lägenhet, kvm",Länsregion III (syd),brutto,1994,,https://www.statistikdatabasen.scb.se/pxweb/sv/ssd/START__BO__BO0201__BO0201C/PrisPerAreorSM02/
"Bostadsarea/lägenhet, kvm",Länsregion III (syd),brutto,1995,,https://www.statistikdatabasen.scb.se/pxweb/sv/ssd/START__BO__BO0201__BO0201C/PrisPerAreorSM02/
"Bostadsarea/lägenhet, kvm",Länsregion III (syd),brutto,1996,,https://www.statistikdatabasen.scb.se/pxweb/sv/ssd/START__BO__BO0201__BO0201C/PrisPerAreorSM02/
"Bostadsarea/lägenhet, kvm",Länsregion III (syd),brutto,1997,,https://www.statistikdatabasen.scb.se/pxweb/sv/ssd/START__BO__BO0201__BO0201C/PrisPerAreorSM02/
"Bostadsarea/lägenhet, kvm",Länsregion III (syd),brutto,1998,90,https://www.statistikdatabasen.scb.se/pxweb/sv/ssd/START__BO__BO0201__BO0201C/PrisPerAreorSM02/
"Bostadsarea/lägenhet, kvm",Länsregion III (syd),brutto,1999,80.6,https://www.statistikdatabasen.scb.se/pxweb/sv/ssd/START__BO__BO0201__BO0201C/PrisPerAreorSM02/
"Bostadsarea/lägenhet, kvm",Länsregion III (syd),brutto,2000,113.7,https://www.statistikdatabasen.scb.se/pxweb/sv/ssd/START__BO__BO0201__BO0201C/PrisPerAreorSM02/
"Bostadsarea/lägenhet, kvm",Länsregion III (syd),brutto,2001,123.2,https://www.statistikdatabasen.scb.se/pxweb/sv/ssd/START__BO__BO0201__BO0201C/PrisPerAreorSM02/
"Bostadsarea/lägenhet, kvm",Länsregion III (syd),brutto,2002,112.6,https://www.statistikdatabasen.scb.se/pxweb/sv/ssd/START__BO__BO0201__BO0201C/PrisPerAreorSM02/
"Bostadsarea/lägenhet, kvm",Länsregion III (syd),brutto,2003,125.1,https://www.statistikdatabasen.scb.se/pxweb/sv/ssd/START__BO__BO0201__BO0201C/PrisPerAreorSM02/
"Bostadsarea/lägenhet, kvm",Länsregion III (syd),brutto,2004,117.6,https://www.statistikdatabasen.scb.se/pxweb/sv/ssd/START__BO__BO0201__BO0201C/PrisPerAreorSM02/
"Bostadsarea/lägenhet, kvm",Länsregion III (syd),brutto,2005,116.1,https://www.statistikdatabasen.scb.se/pxweb/sv/ssd/START__BO__BO0201__BO0201C/PrisPerAreorSM02/
"Bostadsarea/lägenhet, kvm",Länsregion III (syd),brutto,2006,105.8,https://www.statistikdatabasen.scb.se/pxweb/sv/ssd/START__BO__BO0201__BO0201C/PrisPerAreorSM02/
"Bostadsarea/lägenhet, kvm",Länsregion III (syd),brutto,2007,135.5,https://www.statistikdatabasen.scb.se/pxweb/sv/ssd/START__BO__BO0201__BO0201C/PrisPerAreorSM02/
"Bostadsarea/lägenhet, kvm",Länsregion III (syd),brutto,2008,133.3,https://www.statistikdatabasen.scb.se/pxweb/sv/ssd/START__BO__BO0201__BO0201C/PrisPerAreorSM02/
"Bostadsarea/lägenhet, kvm",Länsregion III (syd),brutto,2009,100.5,https://www.statistikdatabasen.scb.se/pxweb/sv/ssd/START__BO__BO0201__BO0201C/PrisPerAreorSM02/
"Bostadsarea/lägenhet, kvm",Länsregion III (syd),brutto,2010,121.5,https://www.statistikdatabasen.scb.se/pxweb/sv/ssd/START__BO__BO0201__BO0201C/PrisPerAreorSM02/
"Bostadsarea/lägenhet, kvm",Länsregion III (syd),brutto,2011,106.4,https://www.statistikdatabasen.scb.se/pxweb/sv/ssd/START__BO__BO0201__BO0201C/PrisPerAreorSM02/
"Bostadsarea/lägenhet, kvm",Länsregion III (syd),brutto,2012,97.9,https://www.statistikdatabasen.scb.se/pxweb/sv/ssd/START__BO__BO0201__BO0201C/PrisPerAreorSM02/
"Bostadsarea/lägenhet, kvm",Länsregion III (syd),brutto,2013,108,https://www.statistikdatabasen.scb.se/pxweb/sv/ssd/START__BO__BO0201__BO0201C/PrisPerAreorSM02/
"Bostadsarea/lägenhet, kvm",Länsregion III (syd),brutto,2014,100.3,https://www.statistikdatabasen.scb.se/pxweb/sv/ssd/START__BO__BO0201__BO0201C/PrisPerAreorSM02/
"Bostadsarea/lägenhet, kvm",Länsregion III (syd),brutto,2015,100.6,https://www.statistikdatabasen.scb.se/pxweb/sv/ssd/START__BO__BO0201__BO0201C/PrisPerAreorSM02/
"Bostadsarea/lägenhet, kvm",Länsregion III (syd),brutto,2016,106.5,https://www.statistikdatabasen.scb.se/pxweb/sv/ssd/START__BO__BO0201__BO0201C/PrisPerAreorSM02/
"Bostadsarea/lägenhet, kvm",Länsregion III (syd),brutto,2017,108.1,https://www.statistikdatabasen.scb.se/pxweb/sv/ssd/START__BO__BO0201__BO0201C/PrisPerAreorSM02/
"Bostadsarea/lägenhet, kvm",Länsregion III (syd),brutto,2018,107.2,https://www.statistikdatabasen.scb.se/pxweb/sv/ssd/START__BO__BO0201__BO0201C/PrisPerAreorSM02/
"Bostadsarea/lägenhet, kvm",Länsregion III (syd),brutto,2019,108.3,https://www.statistikdatabasen.scb.se/pxweb/sv/ssd/START__BO__BO0201__BO0201C/PrisPerAreorSM02/
"Bostadsarea/lägenhet, kvm",Länsregion III (syd),brutto,2020,104.5,https://www.statistikdatabasen.scb.se/pxweb/sv/ssd/START__BO__BO0201__BO0201C/PrisPerAreorSM02/
"Bostadsarea/lägenhet, kvm",Länsregion III (syd),brutto,2021,102.7,https://www.statistikdatabasen.scb.se/pxweb/sv/ssd/START__BO__BO0201__BO0201C/PrisPerAreorSM02/
"Bostadsarea/lägenhet, kvm",Länsregion III (syd),brutto,2022,105.2,https://www.statistikdatabasen.scb.se/pxweb/sv/ssd/START__BO__BO0201__BO0201C/PrisPerAreorSM02/
"Bostadsarea/lägenhet, kvm",Länsregion III (syd),brutto,2023,104.9,https://www.statistikdatabasen.scb.se/pxweb/sv/ssd/START__BO__BO0201__BO0201C/PrisPerAreorSM02/
"Bostadsarea/lägenhet, kvm",Länsregion III (syd),brutto,2024,91.6,https://www.statistikdatabasen.scb.se/pxweb/sv/ssd/START__BO__BO0201__BO0201C/PrisPerAreorSM02/
"Markpris/bostadsarea, kr",Länsregion III (syd),brutto,1994,,https://www.statistikdatabasen.scb.se/pxweb/sv/ssd/START__BO__BO0201__BO0201C/PrisPerAreorSM02/
"Markpris/bostadsarea, kr",Länsregion III (syd),brutto,1995,,https://www.statistikdatabasen.scb.se/pxweb/sv/ssd/START__BO__BO0201__BO0201C/PrisPerAreorSM02/
"Markpris/bostadsarea, kr",Länsregion III (syd),brutto,1996,,https://www.statistikdatabasen.scb.se/pxweb/sv/ssd/START__BO__BO0201__BO0201C/PrisPerAreorSM02/
"Markpris/bostadsarea, kr",Länsregion III (syd),brutto,1997,,https://www.statistikdatabasen.scb.se/pxweb/sv/ssd/START__BO__BO0201__BO0201C/PrisPerAreorSM02/
"Markpris/bostadsarea, kr",Länsregion III (syd),brutto,1998,1172,https://www.statistikdatabasen.scb.se/pxweb/sv/ssd/START__BO__BO0201__BO0201C/PrisPerAreorSM02/
"Markpris/bostadsarea, kr",Länsregion III (syd),brutto,1999,1238,https://www.statistikdatabasen.scb.se/pxweb/sv/ssd/START__BO__BO0201__BO0201C/PrisPerAreorSM02/
"Markpris/bostadsarea, kr",Länsregion III (syd),brutto,2000,1495,https://www.statistikdatabasen.scb.se/pxweb/sv/ssd/START__BO__BO0201__BO0201C/PrisPerAreorSM02/
"Markpris/bostadsarea, kr",Länsregion III (syd),brutto,2001,1823,https://www.statistikdatabasen.scb.se/pxweb/sv/ssd/START__BO__BO0201__BO0201C/PrisPerAreorSM02/
"Markpris/bostadsarea, kr",Länsregion III (syd),brutto,2002,2005,https://www.statistikdatabasen.scb.se/pxweb/sv/ssd/START__BO__BO0201__BO0201C/PrisPerAreorSM02/
"Markpris/bostadsarea, kr",Länsregion III (syd),brutto,2003,2039,https://www.statistikdatabasen.scb.se/pxweb/sv/ssd/START__BO__BO0201__BO0201C/PrisPerAreorSM02/
"Markpris/bostadsarea, kr",Länsregion III (syd),brutto,2004,2304,https://www.statistikdatabasen.scb.se/pxweb/sv/ssd/START__BO__BO0201__BO0201C/PrisPerAreorSM02/
"Markpris/bostadsarea, kr",Länsregion III (syd),brutto,2005,2645,https://www.statistikdatabasen.scb.se/pxweb/sv/ssd/START__BO__BO0201__BO0201C/PrisPerAreorSM02/
"Markpris/bostadsarea, kr",Länsregion III (syd),brutto,2006,2283,https://www.statistikdatabasen.scb.se/pxweb/sv/ssd/START__BO__BO0201__BO0201C/PrisPerAreorSM02/
"Markpris/bostadsarea, kr",Länsregion III (syd),brutto,2007,3431,https://www.statistikdatabasen.scb.se/pxweb/sv/ssd/START__BO__BO0201__BO0201C/PrisPerAreorSM02/
"Markpris/bostadsarea, kr",Länsregion III (syd),brutto,2008,4337,https://www.statistikdatabasen.scb.se/pxweb/sv/ssd/START__BO__BO0201__BO0201C/PrisPerAreorSM02/
"Markpris/bostadsarea, kr",Länsregion III (syd),brutto,2009,2906,https://www.statistikdatabasen.scb.se/pxweb/sv/ssd/START__BO__BO0201__BO0201C/PrisPerAreorSM02/
"Markpris/bostadsarea, kr",Länsregion III (syd),brutto,2010,4201,https://www.statistikdatabasen.scb.se/pxweb/sv/ssd/START__BO__BO0201__BO0201C/PrisPerAreorSM02/
"Markpris/bostadsarea, kr",Länsregion III (syd),brutto,2011,5068,https://www.statistikdatabasen.scb.se/pxweb/sv/ssd/START__BO__BO0201__BO0201C/PrisPerAreorSM02/
"Markpris/bostadsarea, kr",Länsregion III (syd),brutto,2012,4555,https://www.statistikdatabasen.scb.se/pxweb/sv/ssd/START__BO__BO0201__BO0201C/PrisPerAreorSM02/
"Markpris/bostadsarea, kr",Länsregion III (syd),brutto,2013,4352,https://www.statistikdatabasen.scb.se/pxweb/sv/ssd/START__BO__BO0201__BO0201C/PrisPerAreorSM02/
"Markpris/bostadsarea, kr",Länsregion III (syd),brutto,2014,4994,https://www.statistikdatabasen.scb.se/pxweb/sv/ssd/START__BO__BO0201__BO0201C/PrisPerAreorSM02/
"Markpris/bostadsarea, kr",Länsregion III (syd),brutto,2015,4569,https://www.statistikdatabasen.scb.se/pxweb/sv/ssd/START__BO__BO0201__BO0201C/PrisPerAreorSM02/
"Markpris/bostadsarea, kr",Länsregion III (syd),brutto,2016,5245,https://www.statistikdatabasen.scb.se/pxweb/sv/ssd/START__BO__BO0201__BO0201C/PrisPerAreorSM02/
"Markpris/bostadsarea, kr",Länsregion III (syd),brutto,2017,5833,https://www.statistikdatabasen.scb.se/pxweb/sv/ssd/START__BO__BO0201__BO0201C/PrisPerAreorSM02/
"Markpris/bostadsarea, kr",Länsregion III (syd),brutto,2018,4053,https://www.statistikdatabasen.scb.se/pxweb/sv/ssd/START__BO__BO0201__BO0201C/PrisPerAreorSM02/
"Markpris/bostadsarea, kr",Länsregion III (syd),brutto,2019,5697,https://www.statistikdatabasen.scb.se/pxweb/sv/ssd/START__BO__BO0201__BO0201C/PrisPerAreorSM02/
"Markpris/bostadsarea, kr",Länsregion III (syd),brutto,2020,6433,https://www.statistikdatabasen.scb.se/pxweb/sv/ssd/START__BO__BO0201__BO0201C/PrisPerAreorSM02/
"Markpris/bostadsarea, kr",Länsregion III (syd),brutto,2021,6012,https://www.statistikdatabasen.scb.se/pxweb/sv/ssd/START__BO__BO0201__BO0201C/PrisPerAreorSM02/
"Markpris/bostadsarea, kr",Länsregion III (syd),brutto,2022,6175,https://www.statistikdatabasen.scb.se/pxweb/sv/ssd/START__BO__BO0201__BO0201C/PrisPerAreorSM02/
"Markpris/bostadsarea, kr",Länsregion III (syd),brutto,2023,6463,https://www.statistikdatabasen.scb.se/pxweb/sv/ssd/START__BO__BO0201__BO0201C/PrisPerAreorSM02/
"Markpris/bostadsarea, kr",Länsregion III (syd),brutto,2024,4075,https://www.statistikdatabasen.scb.se/pxweb/sv/ssd/START__BO__BO0201__BO0201C/PrisPerAreorSM02/
"Byggnadspris/bostadsarea, kr",Länsregion III (syd),brutto,1994,,https://www.statistikdatabasen.scb.se/pxweb/sv/ssd/START__BO__BO0201__BO0201C/PrisPerAreorSM02/
"Byggnadspris/bostadsarea, kr",Länsregion III (syd),brutto,1995,,https://www.statistikdatabasen.scb.se/pxweb/sv/ssd/START__BO__BO0201__BO0201C/PrisPerAreorSM02/
"Byggnadspris/bostadsarea, kr",Länsregion III (syd),brutto,1996,,https://www.statistikdatabasen.scb.se/pxweb/sv/ssd/START__BO__BO0201__BO0201C/PrisPerAreorSM02/
"Byggnadspris/bostadsarea, kr",Länsregion III (syd),brutto,1997,,https://www.statistikdatabasen.scb.se/pxweb/sv/ssd/START__BO__BO0201__BO0201C/PrisPerAreorSM02/
"Byggnadspris/bostadsarea, kr",Länsregion III (syd),brutto,1998,9659,https://www.statistikdatabasen.scb.se/pxweb/sv/ssd/START__BO__BO0201__BO0201C/PrisPerAreorSM02/
"Byggnadspris/bostadsarea, kr",Länsregion III (syd),brutto,1999,14085,https://www.statistikdatabasen.scb.se/pxweb/sv/ssd/START__BO__BO0201__BO0201C/PrisPerAreorSM02/
"Byggnadspris/bostadsarea, kr",Länsregion III (syd),brutto,2000,11580,https://www.statistikdatabasen.scb.se/pxweb/sv/ssd/START__BO__BO0201__BO0201C/PrisPerAreorSM02/
"Byggnadspris/bostadsarea, kr",Länsregion III (syd),brutto,2001,13054,https://www.statistikdatabasen.scb.se/pxweb/sv/ssd/START__BO__BO0201__BO0201C/PrisPerAreorSM02/
"Byggnadspris/bostadsarea, kr",Länsregion III (syd),brutto,2002,13016,https://www.statistikdatabasen.scb.se/pxweb/sv/ssd/START__BO__BO0201__BO0201C/PrisPerAreorSM02/
"Byggnadspris/bostadsarea, kr",Länsregion III (syd),brutto,2003,12675,https://www.statistikdatabasen.scb.se/pxweb/sv/ssd/START__BO__BO0201__BO0201C/PrisPerAreorSM02/
"Byggnadspris/bostadsarea, kr",Länsregion III (syd),brutto,2004,13785,https://www.statistikdatabasen.scb.se/pxweb/sv/ssd/START__BO__BO0201__BO0201C/PrisPerAreorSM02/
"Byggnadspris/bostadsarea, kr",Länsregion III (syd),brutto,2005,15221,https://www.statistikdatabasen.scb.se/pxweb/sv/ssd/START__BO__BO0201__BO0201C/PrisPerAreorSM02/
"Byggnadspris/bostadsarea, kr",Länsregion III (syd),brutto,2006,15923,https://www.statistikdatabasen.scb.se/pxweb/sv/ssd/START__BO__BO0201__BO0201C/PrisPerAreorSM02/
"Byggnadspris/bostadsarea, kr",Länsregion III (syd),brutto,2007,15844,https://www.statistikdatabasen.scb.se/pxweb/sv/ssd/START__BO__BO0201__BO0201C/PrisPerAreorSM02/
"Byggnadspris/bostadsarea, kr",Länsregion III (syd),brutto,2008,17502,https://www.statistikdatabasen.scb.se/pxweb/sv/ssd/START__BO__BO0201__BO0201C/PrisPerAreorSM02/
"Byggnadspris/bostadsarea, kr",Länsregion III (syd),brutto,2009,17112,https://www.statistikdatabasen.scb.se/pxweb/sv/ssd/START__BO__BO0201__BO0201C/PrisPerAreorSM02/
"Byggnadspris/bostadsarea, kr",Länsregion III (syd),brutto,2010,19867,https://www.statistikdatabasen.scb.se/pxweb/sv/ssd/START__BO__BO0201__BO0201C/PrisPerAreorSM02/
"Byggnadspris/bostadsarea, kr",Länsregion III (syd),brutto,2011,19014,https://www.statistikdatabasen.scb.se/pxweb/sv/ssd/START__BO__BO0201__BO0201C/PrisPerAreorSM02/
"Byggnadspris/bostadsarea, kr",Länsregion III (syd),brutto,2012,19709,https://www.statistikdatabasen.scb.se/pxweb/sv/ssd/START__BO__BO0201__BO0201C/PrisPerAreorSM02/
"Byggnadspris/bostadsarea, kr",Länsregion III (syd),brutto,2013,20149,https://www.statistikdatabasen.scb.se/pxweb/sv/ssd/START__BO__BO0201__BO0201C/PrisPerAreorSM02/
"Byggnadspris/bostadsarea, kr",Länsregion III (syd),brutto,2014,19867,https://www.statistikdatabasen.scb.se/pxweb/sv/ssd/START__BO__BO0201__BO0201C/PrisPerAreorSM02/
"Byggnadspris/bostadsarea, kr",Länsregion III (syd),brutto,2015,22119,https://www.statistikdatabasen.scb.se/pxweb/sv/ssd/START__BO__BO0201__BO0201C/PrisPerAreorSM02/
"Byggnadspris/bostadsarea, kr",Länsregion III (syd),brutto,2016,23008,https://www.statistikdatabasen.scb.se/pxweb/sv/ssd/START__BO__BO0201__BO0201C/PrisPerAreorSM02/
"Byggnadspris/bostadsarea, kr",Länsregion III (syd),brutto,2017,22892,https://www.statistikdatabasen.scb.se/pxweb/sv/ssd/START__BO__BO0201__BO0201C/PrisPerAreorSM02/
"Byggnadspris/bostadsarea, kr",Länsregion III (syd),brutto,2018,24573,https://www.statistikdatabasen.scb.se/pxweb/sv/ssd/START__BO__BO0201__BO0201C/PrisPerAreorSM02/
"Byggnadspris/bostadsarea, kr",Länsregion III (syd),brutto,2019,23119,https://www.statistikdatabasen.scb.se/pxweb/sv/ssd/START__BO__BO0201__BO0201C/PrisPerAreorSM02/
"Byggnadspris/bostadsarea, kr",Länsregion III (syd),brutto,2020,26875,https://www.statistikdatabasen.scb.se/pxweb/sv/ssd/START__BO__BO0201__BO0201C/PrisPerAreorSM02/
"Byggnadspris/bostadsarea, kr",Länsregion III (syd),brutto,2021,25834,https://www.statistikdatabasen.scb.se/pxweb/sv/ssd/START__BO__BO0201__BO0201C/PrisPerAreorSM02/
"Byggnadspris/bostadsarea, kr",Länsregion III (syd),brutto,2022,28172,https://www.statistikdatabasen.scb.se/pxweb/sv/ssd/START__BO__BO0201__BO0201C/PrisPerAreorSM02/
"Byggnadspris/bostadsarea, kr",Länsregion III (syd),brutto,2023,26073,https://www.statistikdatabasen.scb.se/pxweb/sv/ssd/START__BO__BO0201__BO0201C/PrisPerAreorSM02/
"Byggnadspris/bostadsarea, kr",Länsregion III (syd),brutto,2024,28567,https://www.statistikdatabasen.scb.se/pxweb/sv/ssd/START__BO__BO0201__BO0201C/PrisPerAreorSM02/
"Totalt produktionspris/bostadsarea, kr",Länsregion III (syd),brutto,1994,,https://www.statistikdatabasen.scb.se/pxweb/sv/ssd/START__BO__BO0201__BO0201C/PrisPerAreorSM02/
"Totalt produktionspris/bostadsarea, kr",Länsregion III (syd),brutto,1995,,https://www.statistikdatabasen.scb.se/pxweb/sv/ssd/START__BO__BO0201__BO0201C/PrisPerAreorSM02/
"Totalt produktionspris/bostadsarea, kr",Länsregion III (syd),brutto,1996,,https://www.statistikdatabasen.scb.se/pxweb/sv/ssd/START__BO__BO0201__BO0201C/PrisPerAreorSM02/
"Totalt produktionspris/bostadsarea, kr",Länsregion III (syd),brutto,1997,,https://www.statistikdatabasen.scb.se/pxweb/sv/ssd/START__BO__BO0201__BO0201C/PrisPerAreorSM02/
"Totalt produktionspris/bostadsarea, kr",Länsregion III (syd),brutto,1998,10831,https://www.statistikdatabasen.scb.se/pxweb/sv/ssd/START__BO__BO0201__BO0201C/PrisPerAreorSM02/
"Totalt produktionspris/bostadsarea, kr",Länsregion III (syd),brutto,1999,15323,https://www.statistikdatabasen.scb.se/pxweb/sv/ssd/START__BO__BO0201__BO0201C/PrisPerAreorSM02/
"Totalt produktionspris/bostadsarea, kr",Länsregion III (syd),brutto,2000,13074,https://www.statistikdatabasen.scb.se/pxweb/sv/ssd/START__BO__BO0201__BO0201C/PrisPerAreorSM02/
"Totalt produktionspris/bostadsarea, kr",Länsregion III (syd),brutto,2001,14877,https://www.statistikdatabasen.scb.se/pxweb/sv/ssd/START__BO__BO0201__BO0201C/PrisPerAreorSM02/
"Totalt produktionspris/bostadsarea, kr",Länsregion III (syd),brutto,2002,15021,https://www.statistikdatabasen.scb.se/pxweb/sv/ssd/START__BO__BO0201__BO0201C/PrisPerAreorSM02/
"Totalt produktionspris/bostadsarea, kr",Länsregion III (syd),brutto,2003,14714,https://www.statistikdatabasen.scb.se/pxweb/sv/ssd/START__BO__BO0201__BO0201C/PrisPerAreorSM02/
"Totalt produktionspris/bostadsarea, kr",Länsregion III (syd),brutto,2004,16089,https://www.statistikdatabasen.scb.se/pxweb/sv/ssd/START__BO__BO0201__BO0201C/PrisPerAreorSM02/
"Totalt produktionspris/bostadsarea, kr",Länsregion III (syd),brutto,2005,17865,https://www.statistikdatabasen.scb.se/pxweb/sv/ssd/START__BO__BO0201__BO0201C/PrisPerAreorSM02/
"Totalt produktionspris/bostadsarea, kr",Länsregion III (syd),brutto,2006,18206,https://www.statistikdatabasen.scb.se/pxweb/sv/ssd/START__BO__BO0201__BO0201C/PrisPerAreorSM02/
"Totalt produktionspris/bostadsarea, kr",Länsregion III (syd),brutto,2007,19276,https://www.statistikdatabasen.scb.se/pxweb/sv/ssd/START__BO__BO0201__BO0201C/PrisPerAreorSM02/
"Totalt produktionspris/bostadsarea, kr",Länsregion III (syd),brutto,2008,21839,https://www.statistikdatabasen.scb.se/pxweb/sv/ssd/START__BO__BO0201__BO0201C/PrisPerAreorSM02/
"Totalt produktionspris/bostadsarea, kr",Länsregion III (syd),brutto,2009,20018,https://www.statistikdatabasen.scb.se/pxweb/sv/ssd/START__BO__BO0201__BO0201C/PrisPerAreorSM02/
"Totalt produktionspris/bostadsarea, kr",Länsregion III (syd),brutto,2010,24068,https://www.statistikdatabasen.scb.se/pxweb/sv/ssd/START__BO__BO0201__BO0201C/PrisPerAreorSM02/
"Totalt produktionspris/bostadsarea, kr",Länsregion III (syd),brutto,2011,24082,https://www.statistikdatabasen.scb.se/pxweb/sv/ssd/START__BO__BO0201__BO0201C/PrisPerAreorSM02/
"Totalt produktionspris/bostadsarea, kr",Länsregion III (syd),brutto,2012,24264,https://www.statistikdatabasen.scb.se/pxweb/sv/ssd/START__BO__BO0201__BO0201C/PrisPerAreorSM02/
"Totalt produktionspris/bostadsarea, kr",Länsregion III (syd),brutto,2013,24501,https://www.statistikdatabasen.scb.se/pxweb/sv/ssd/START__BO__BO0201__BO0201C/PrisPerAreorSM02/
"Totalt produktionspris/bostadsarea, kr",Länsregion III (syd),brutto,2014,24862,https://www.statistikdatabasen.scb.se/pxweb/sv/ssd/START__BO__BO0201__BO0201C/PrisPerAreorSM02/
"Totalt produktionspris/bostadsarea, kr",Länsregion III (syd),brutto,2015,26689,https://www.statistikdatabasen.scb.se/pxweb/sv/ssd/START__BO__BO0201__BO0201C/PrisPerAreorSM02/
"Totalt produktionspris/bostadsarea, kr",Länsregion III (syd),brutto,2016,28253,https://www.statistikdatabasen.scb.se/pxweb/sv/ssd/START__BO__BO0201__BO0201C/PrisPerAreorSM02/
"Totalt produktionspris/bostadsarea, kr",Länsregion III (syd),brutto,2017,28725,https://www.statistikdatabasen.scb.se/pxweb/sv/ssd/START__BO__BO0201__BO0201C/PrisPerAreorSM02/
"Totalt produktionspris/bostadsarea, kr",Länsregion III (syd),brutto,2018,28626,https://www.statistikdatabasen.scb.se/pxweb/sv/ssd/START__BO__BO0201__BO0201C/PrisPerAreorSM02/
"Totalt produktionspris/bostadsarea, kr",Länsregion III (syd),brutto,2019,28816,https://www.statistikdatabasen.scb.se/pxweb/sv/ssd/START__BO__BO0201__BO0201C/PrisPerAreorSM02/
"Totalt produktionspris/bostadsarea, kr",Länsregion III (syd),brutto,2020,33309,https://www.statistikdatabasen.scb.se/pxweb/sv/ssd/START__BO__BO0201__BO0201C/PrisPerAreorSM02/
"Totalt produktionspris/bostadsarea, kr",Länsregion III (syd),brutto,2021,31845,https://www.statistikdatabasen.scb.se/pxweb/sv/ssd/START__BO__BO0201__BO0201C/PrisPerAreorSM02/
"Totalt produktionspris/bostadsarea, kr",Länsregion III (syd),brutto,2022,34347,https://www.statistikdatabasen.scb.se/pxweb/sv/ssd/START__BO__BO0201__BO0201C/PrisPerAreorSM02/
"Totalt produktionspris/bostadsarea, kr",Länsregion III (syd),brutto,2023,32536,https://www.statistikdatabasen.scb.se/pxweb/sv/ssd/START__BO__BO0201__BO0201C/PrisPerAreorSM02/
"Totalt produktionspris/bostadsarea, kr",Länsregion III (syd),brutto,2024,32642,https://www.statistikdatabasen.scb.se/pxweb/sv/ssd/START__BO__BO0201__BO0201C/PrisPerAreorSM02/
"Byggnadsobjekt, antal som prisstatistiken baseras på",Länsregion III (syd),netto,1994,26,https://www.statistikdatabasen.scb.se/pxweb/sv/ssd/START__BO__BO0201__BO0201C/PrisPerAreorSM02/
"Byggnadsobjekt, antal som prisstatistiken baseras på",Länsregion III (syd),netto,1995,37,https://www.statistikdatabasen.scb.se/pxweb/sv/ssd/START__BO__BO0201__BO0201C/PrisPerAreorSM02/
"Byggnadsobjekt, antal som prisstatistiken baseras på",Länsregion III (syd),netto,1996,55,https://www.statistikdatabasen.scb.se/pxweb/sv/ssd/START__BO__BO0201__BO0201C/PrisPerAreorSM02/
"Byggnadsobjekt, antal som prisstatistiken baseras på",Länsregion III (syd),netto,1997,21,https://www.statistikdatabasen.scb.se/pxweb/sv/ssd/START__BO__BO0201__BO0201C/PrisPerAreorSM02/
"Byggnadsobjekt, antal som prisstatistiken baseras på",Länsregion III (syd),netto,1998,17,https://www.statistikdatabasen.scb.se/pxweb/sv/ssd/START__BO__BO0201__BO0201C/PrisPerAreorSM02/
"Byggnadsobjekt, antal som prisstatistiken baseras på",Länsregion III (syd),netto,1999,6,https://www.statistikdatabasen.scb.se/pxweb/sv/ssd/START__BO__BO0201__BO0201C/PrisPerAreorSM02/
"Byggnadsobjekt, antal som prisstatistiken baseras på",Länsregion III (syd),netto,2000,40,https://www.statistikdatabasen.scb.se/pxweb/sv/ssd/START__BO__BO0201__BO0201C/PrisPerAreorSM02/
"Byggnadsobjekt, antal som prisstatistiken baseras på",Länsregion III (syd),netto,2001,45,https://www.statistikdatabasen.scb.se/pxweb/sv/ssd/START__BO__BO0201__BO0201C/PrisPerAreorSM02/
"Byggnadsobjekt, antal som prisstatistiken baseras på",Länsregion III (syd),netto,2002,40,https://www.statistikdatabasen.scb.se/pxweb/sv/ssd/START__BO__BO0201__BO0201C/PrisPerAreorSM02/
"Byggnadsobjekt, antal som prisstatistiken baseras på",Länsregion III (syd),netto,2003,67,https://www.statistikdatabasen.scb.se/pxweb/sv/ssd/START__BO__BO0201__BO0201C/PrisPerAreorSM02/
"Byggnadsobjekt, antal som prisstatistiken baseras på",Länsregion III (syd),netto,2004,70,https://www.statistikdatabasen.scb.se/pxweb/sv/ssd/START__BO__BO0201__BO0201C/PrisPerAreorSM02/
"Byggnadsobjekt, antal som prisstatistiken baseras på",Länsregion III (syd),netto,2005,93,https://www.statistikdatabasen.scb.se/pxweb/sv/ssd/START__BO__BO0201__BO0201C/PrisPerAreorSM02/
"Byggnadsobjekt, antal som prisstatistiken baseras på",Länsregion III (syd),netto,2006,66,https://www.statistikdatabasen.scb.se/pxweb/sv/ssd/START__BO__BO0201__BO0201C/PrisPerAreorSM02/
"Byggnadsobjekt, antal som prisstatistiken baseras på",Länsregion III (syd),netto,2007,79,https://www.statistikdatabasen.scb.se/pxweb/sv/ssd/START__BO__BO0201__BO0201C/PrisPerAreorSM02/
"Byggnadsobjekt, antal som prisstatistiken baseras på",Länsregion III (syd),netto,2008,88,https://www.statistikdatabasen.scb.se/pxweb/sv/ssd/START__BO__BO0201__BO0201C/PrisPerAreorSM02/
"Byggnadsobjekt, antal som prisstatistiken baseras på",Länsregion III (syd),netto,2009,57,https://www.statistikdatabasen.scb.se/pxweb/sv/ssd/START__BO__BO0201__BO0201C/PrisPerAreorSM02/
"Byggnadsobjekt, antal som prisstatistiken baseras på",Länsregion III (syd),netto,2010,85,https://www.statistikdatabasen.scb.se/pxweb/sv/ssd/START__BO__BO0201__BO0201C/PrisPerAreorSM02/
"Byggnadsobjekt, antal som prisstatistiken baseras på",Länsregion III (syd),netto,2011,58,https://www.statistikdatabasen.scb.se/pxweb/sv/ssd/START__BO__BO0201__BO0201C/PrisPerAreorSM02/
"Byggnadsobjekt, antal som prisstatistiken baseras på",Länsregion III (syd),netto,2012,28,https://www.statistikdatabasen.scb.se/pxweb/sv/ssd/START__BO__BO0201__BO0201C/PrisPerAreorSM02/
"Byggnadsobjekt, antal som prisstatistiken baseras på",Länsregion III (syd),netto,2013,56,https://www.statistikdatabasen.scb.se/pxweb/sv/ssd/START__BO__BO0201__BO0201C/PrisPerAreorSM02/
"Byggnadsobjekt, antal som prisstatistiken baseras på",Länsregion III (syd),netto,2014,70,https://www.statistikdatabasen.scb.se/pxweb/sv/ssd/START__BO__BO0201__BO0201C/PrisPerAreorSM02/
"Byggnadsobjekt, antal som prisstatistiken baseras på",Länsregion III (syd),netto,2015,92,https://www.statistikdatabasen.scb.se/pxweb/sv/ssd/START__BO__BO0201__BO0201C/PrisPerAreorSM02/
"Byggnadsobjekt, antal som prisstatistiken baseras på",Länsregion III (syd),netto,2016,107,https://www.statistikdatabasen.scb.se/pxweb/sv/ssd/START__BO__BO0201__BO0201C/PrisPerAreorSM02/
"Byggnadsobjekt, antal som prisstatistiken baseras på",Länsregion III (syd),netto,2017,111,https://www.statistikdatabasen.scb.se/pxweb/sv/ssd/START__BO__BO0201__BO0201C/PrisPerAreorSM02/
"Byggnadsobjekt, antal som prisstatistiken baseras på",Länsregion III (syd),netto,2018,91,https://www.statistikdatabasen.scb.se/pxweb/sv/ssd/START__BO__BO0201__BO0201C/PrisPerAreorSM02/
"Byggnadsobjekt, antal som prisstatistiken baseras på",Länsregion III (syd),netto,2019,87,https://www.statistikdatabasen.scb.se/pxweb/sv/ssd/START__BO__BO0201__BO0201C/PrisPerAreorSM02/
"Byggnadsobjekt, antal som prisstatistiken baseras på",Länsregion III (syd),netto,2020,95,https://www.statistikdatabasen.scb.se/pxweb/sv/ssd/START__BO__BO0201__BO0201C/PrisPerAreorSM02/
"Byggnadsobjekt, antal som prisstatistiken baseras på",Länsregion III (syd),netto,2021,92,https://www.statistikdatabasen.scb.se/pxweb/sv/ssd/START__BO__BO0201__BO0201C/PrisPerAreorSM02/
"Byggnadsobjekt, antal som prisstatistiken baseras på",Länsregion III (syd),netto,2022,95,https://www.statistikdatabasen.scb.se/pxweb/sv/ssd/START__BO__BO0201__BO0201C/PrisPerAreorSM02/
"Byggnadsobjekt, antal som prisstatistiken baseras på",Länsregion III (syd),netto,2023,41,https://www.statistikdatabasen.scb.se/pxweb/sv/ssd/START__BO__BO0201__BO0201C/PrisPerAreorSM02/
"Byggnadsobjekt, antal som prisstatistiken baseras på",Länsregion III (syd),netto,2024,36,https://www.statistikdatabasen.scb.se/pxweb/sv/ssd/START__BO__BO0201__BO0201C/PrisPerAreorSM02/
"Lägenheter, antal som prisstatistiken baseras på",Länsregion III (syd),netto,1994,128,https://www.statistikdatabasen.scb.se/pxweb/sv/ssd/START__BO__BO0201__BO0201C/PrisPerAreorSM02/
"Lägenheter, antal som prisstatistiken baseras på",Länsregion III (syd),netto,1995,228,https://www.statistikdatabasen.scb.se/pxweb/sv/ssd/START__BO__BO0201__BO0201C/PrisPerAreorSM02/
"Lägenheter, antal som prisstatistiken baseras på",Länsregion III (syd),netto,1996,205,https://www.statistikdatabasen.scb.se/pxweb/sv/ssd/START__BO__BO0201__BO0201C/PrisPerAreorSM02/
"Lägenheter, antal som prisstatistiken baseras på",Länsregion III (syd),netto,1997,86,https://www.statistikdatabasen.scb.se/pxweb/sv/ssd/START__BO__BO0201__BO0201C/PrisPerAreorSM02/
"Lägenheter, antal som prisstatistiken baseras på",Länsregion III (syd),netto,1998,116,https://www.statistikdatabasen.scb.se/pxweb/sv/ssd/START__BO__BO0201__BO0201C/PrisPerAreorSM02/
"Lägenheter, antal som prisstatistiken baseras på",Länsregion III (syd),netto,1999,32,https://www.statistikdatabasen.scb.se/pxweb/sv/ssd/START__BO__BO0201__BO0201C/PrisPerAreorSM02/
"Lägenheter, antal som prisstatistiken baseras på",Länsregion III (syd),netto,2000,300,https://www.statistikdatabasen.scb.se/pxweb/sv/ssd/START__BO__BO0201__BO0201C/PrisPerAreorSM02/
"Lägenheter, antal som prisstatistiken baseras på",Länsregion III (syd),netto,2001,476,https://www.statistikdatabasen.scb.se/pxweb/sv/ssd/START__BO__BO0201__BO0201C/PrisPerAreorSM02/
"Lägenheter, antal som prisstatistiken baseras på",Länsregion III (syd),netto,2002,258,https://www.statistikdatabasen.scb.se/pxweb/sv/ssd/START__BO__BO0201__BO0201C/PrisPerAreorSM02/
"Lägenheter, antal som prisstatistiken baseras på",Länsregion III (syd),netto,2003,421,https://www.statistikdatabasen.scb.se/pxweb/sv/ssd/START__BO__BO0201__BO0201C/PrisPerAreorSM02/
"Lägenheter, antal som prisstatistiken baseras på",Länsregion III (syd),netto,2004,414,https://www.statistikdatabasen.scb.se/pxweb/sv/ssd/START__BO__BO0201__BO0201C/PrisPerAreorSM02/
"Lägenheter, antal som prisstatistiken baseras på",Länsregion III (syd),netto,2005,600,https://www.statistikdatabasen.scb.se/pxweb/sv/ssd/START__BO__BO0201__BO0201C/PrisPerAreorSM02/
"Lägenheter, antal som prisstatistiken baseras på",Länsregion III (syd),netto,2006,489,https://www.statistikdatabasen.scb.se/pxweb/sv/ssd/START__BO__BO0201__BO0201C/PrisPerAreorSM02/
"Lägenheter, antal som prisstatistiken baseras på",Länsregion III (syd),netto,2007,469,https://www.statistikdatabasen.scb.se/pxweb/sv/ssd/START__BO__BO0201__BO0201C/PrisPerAreorSM02/
"Lägenheter, antal som prisstatistiken baseras på",Länsregion III (syd),netto,2008,376,https://www.statistikdatabasen.scb.se/pxweb/sv/ssd/START__BO__BO0201__BO0201C/PrisPerAreorSM02/
"Lägenheter, antal som prisstatistiken baseras på",Länsregion III (syd),netto,2009,423,https://www.statistikdatabasen.scb.se/pxweb/sv/ssd/START__BO__BO0201__BO0201C/PrisPerAreorSM02/
"Lägenheter, antal som prisstatistiken baseras på",Länsregion III (syd),netto,2010,519,https://www.statistikdatabasen.scb.se/pxweb/sv/ssd/START__BO__BO0201__BO0201C/PrisPerAreorSM02/
"Lägenheter, antal som prisstatistiken baseras på",Länsregion III (syd),netto,2011,375,https://www.statistikdatabasen.scb.se/pxweb/sv/ssd/START__BO__BO0201__BO0201C/PrisPerAreorSM02/
"Lägenheter, antal som prisstatistiken baseras på",Länsregion III (syd),netto,2012,169,https://www.statistikdatabasen.scb.se/pxweb/sv/ssd/START__BO__BO0201__BO0201C/PrisPerAreorSM02/
"Lägenheter, antal som prisstatistiken baseras på",Länsregion III (syd),netto,2013,407,https://www.statistikdatabasen.scb.se/pxweb/sv/ssd/START__BO__BO0201__BO0201C/PrisPerAreorSM02/
"Lägenheter, antal som prisstatistiken baseras på",Länsregion III (syd),netto,2014,347,https://www.statistikdatabasen.scb.se/pxweb/sv/ssd/START__BO__BO0201__BO0201C/PrisPerAreorSM02/
"Lägenheter, antal som prisstatistiken baseras på",Länsregion III (syd),netto,2015,583,https://www.statistikdatabasen.scb.se/pxweb/sv/ssd/START__BO__BO0201__BO0201C/PrisPerAreorSM02/
"Lägenheter, antal som prisstatistiken baseras på",Länsregion III (syd),netto,2016,750,https://www.statistikdatabasen.scb.se/pxweb/sv/ssd/START__BO__BO0201__BO0201C/PrisPerAreorSM02/
"Lägenheter, antal som prisstatistiken baseras på",Länsregion III (syd),netto,2017,715,https://www.statistikdatabasen.scb.se/pxweb/sv/ssd/START__BO__BO0201__BO0201C/PrisPerAreorSM02/
"Lägenheter, antal som prisstatistiken baseras på",Länsregion III (syd),netto,2018,802,https://www.statistikdatabasen.scb.se/pxweb/sv/ssd/START__BO__BO0201__BO0201C/PrisPerAreorSM02/
"Lägenheter, antal som prisstatistiken baseras på",Länsregion III (syd),netto,2019,515,https://www.statistikdatabasen.scb.se/pxweb/sv/ssd/START__BO__BO0201__BO0201C/PrisPerAreorSM02/
"Lägenheter, antal som prisstatistiken baseras på",Länsregion III (syd),netto,2020,611,https://www.statistikdatabasen.scb.se/pxweb/sv/ssd/START__BO__BO0201__BO0201C/PrisPerAreorSM02/
"Lägenheter, antal som prisstatistiken baseras på",Länsregion III (syd),netto,2021,821,https://www.statistikdatabasen.scb.se/pxweb/sv/ssd/START__BO__BO0201__BO0201C/PrisPerAreorSM02/
"Lägenheter, antal som prisstatistiken baseras på",Länsregion III (syd),netto,2022,665,https://www.statistikdatabasen.scb.se/pxweb/sv/ssd/START__BO__BO0201__BO0201C/PrisPerAreorSM02/
"Lägenheter, antal som prisstatistiken baseras på",Länsregion III (syd),netto,2023,173,https://www.statistikdatabasen.scb.se/pxweb/sv/ssd/START__BO__BO0201__BO0201C/PrisPerAreorSM02/
"Lägenheter, antal som prisstatistiken baseras på",Länsregion III (syd),netto,2024,177,https://www.statistikdatabasen.scb.se/pxweb/sv/ssd/START__BO__BO0201__BO0201C/PrisPerAreorSM02/
"Bostadsarea/lägenhet, kvm",Länsregion III (syd),netto,1994,,https://www.statistikdatabasen.scb.se/pxweb/sv/ssd/START__BO__BO0201__BO0201C/PrisPerAreorSM02/
"Bostadsarea/lägenhet, kvm",Länsregion III (syd),netto,1995,,https://www.statistikdatabasen.scb.se/pxweb/sv/ssd/START__BO__BO0201__BO0201C/PrisPerAreorSM02/
"Bostadsarea/lägenhet, kvm",Länsregion III (syd),netto,1996,,https://www.statistikdatabasen.scb.se/pxweb/sv/ssd/START__BO__BO0201__BO0201C/PrisPerAreorSM02/
"Bostadsarea/lägenhet, kvm",Länsregion III (syd),netto,1997,,https://www.statistikdatabasen.scb.se/pxweb/sv/ssd/START__BO__BO0201__BO0201C/PrisPerAreorSM02/
"Bostadsarea/lägenhet, kvm",Länsregion III (syd),netto,1998,90,https://www.statistikdatabasen.scb.se/pxweb/sv/ssd/START__BO__BO0201__BO0201C/PrisPerAreorSM02/
"Bostadsarea/lägenhet, kvm",Länsregion III (syd),netto,1999,80.6,https://www.statistikdatabasen.scb.se/pxweb/sv/ssd/START__BO__BO0201__BO0201C/PrisPerAreorSM02/
"Bostadsarea/lägenhet, kvm",Länsregion III (syd),netto,2000,113.7,https://www.statistikdatabasen.scb.se/pxweb/sv/ssd/START__BO__BO0201__BO0201C/PrisPerAreorSM02/
"Bostadsarea/lägenhet, kvm",Länsregion III (syd),netto,2001,123.2,https://www.statistikdatabasen.scb.se/pxweb/sv/ssd/START__BO__BO0201__BO0201C/PrisPerAreorSM02/
"Bostadsarea/lägenhet, kvm",Länsregion III (syd),netto,2002,112.6,https://www.statistikdatabasen.scb.se/pxweb/sv/ssd/START__BO__BO0201__BO0201C/PrisPerAreorSM02/
"Bostadsarea/lägenhet, kvm",Länsregion III (syd),netto,2003,125.1,https://www.statistikdatabasen.scb.se/pxweb/sv/ssd/START__BO__BO0201__BO0201C/PrisPerAreorSM02/
"Bostadsarea/lägenhet, kvm",Länsregion III (syd),netto,2004,117.6,https://www.statistikdatabasen.scb.se/pxweb/sv/ssd/START__BO__BO0201__BO0201C/PrisPerAreorSM02/
"Bostadsarea/lägenhet, kvm",Länsregion III (syd),netto,2005,116.1,https://www.statistikdatabasen.scb.se/pxweb/sv/ssd/START__BO__BO0201__BO0201C/PrisPerAreorSM02/
"Bostadsarea/lägenhet, kvm",Länsregion III (syd),netto,2006,105.8,https://www.statistikdatabasen.scb.se/pxweb/sv/ssd/START__BO__BO0201__BO0201C/PrisPerAreorSM02/
"Bostadsarea/lägenhet, kvm",Länsregion III (syd),netto,2007,135.5,https://www.statistikdatabasen.scb.se/pxweb/sv/ssd/START__BO__BO0201__BO0201C/PrisPerAreorSM02/
"Bostadsarea/lägenhet, kvm",Länsregion III (syd),netto,2008,133.3,https://www.statistikdatabasen.scb.se/pxweb/sv/ssd/START__BO__BO0201__BO0201C/PrisPerAreorSM02/
"Bostadsarea/lägenhet, kvm",Länsregion III (syd),netto,2009,100.5,https://www.statistikdatabasen.scb.se/pxweb/sv/ssd/START__BO__BO0201__BO0201C/PrisPerAreorSM02/
"Bostadsarea/lägenhet, kvm",Länsregion III (syd),netto,2010,121.5,https://www.statistikdatabasen.scb.se/pxweb/sv/ssd/START__BO__BO0201__BO0201C/PrisPerAreorSM02/
"Bostadsarea/lägenhet, kvm",Länsregion III (syd),netto,2011,106.4,https://www.statistikdatabasen.scb.se/pxweb/sv/ssd/START__BO__BO0201__BO0201C/PrisPerAreorSM02/
"Bostadsarea/lägenhet, kvm",Länsregion III (syd),netto,2012,97.9,https://www.statistikdatabasen.scb.se/pxweb/sv/ssd/START__BO__BO0201__BO0201C/PrisPerAreorSM02/
"Bostadsarea/lägenhet, kvm",Länsregion III (syd),netto,2013,108,https://www.statistikdatabasen.scb.se/pxweb/sv/ssd/START__BO__BO0201__BO0201C/PrisPerAreorSM02/
"Bostadsarea/lägenhet, kvm",Länsregion III (syd),netto,2014,100.3,https://www.statistikdatabasen.scb.se/pxweb/sv/ssd/START__BO__BO0201__BO0201C/PrisPerAreorSM02/
"Bostadsarea/lägenhet, kvm",Länsregion III (syd),netto,2015,100.6,https://www.statistikdatabasen.scb.se/pxweb/sv/ssd/START__BO__BO0201__BO0201C/PrisPerAreorSM02/
"Bostadsarea/lägenhet, kvm",Länsregion III (syd),netto,2016,106.5,https://www.statistikdatabasen.scb.se/pxweb/sv/ssd/START__BO__BO0201__BO0201C/PrisPerAreorSM02/
"Bostadsarea/lägenhet, kvm",Länsregion III (syd),netto,2017,108.1,https://www.statistikdatabasen.scb.se/pxweb/sv/ssd/START__BO__BO0201__BO0201C/PrisPerAreorSM02/
"Bostadsarea/lägenhet, kvm",Länsregion III (syd),netto,2018,107.2,https://www.statistikdatabasen.scb.se/pxweb/sv/ssd/START__BO__BO0201__BO0201C/PrisPerAreorSM02/
"Bostadsarea/lägenhet, kvm",Länsregion III (syd),netto,2019,108.3,https://www.statistikdatabasen.scb.se/pxweb/sv/ssd/START__BO__BO0201__BO0201C/PrisPerAreorSM02/
"Bostadsarea/lägenhet, kvm",Länsregion III (syd),netto,2020,104.5,https://www.statistikdatabasen.scb.se/pxweb/sv/ssd/START__BO__BO0201__BO0201C/PrisPerAreorSM02/
"Bostadsarea/lägenhet, kvm",Länsregion III (syd),netto,2021,102.7,https://www.statistikdatabasen.scb.se/pxweb/sv/ssd/START__BO__BO0201__BO0201C/PrisPerAreorSM02/
"Bostadsarea/lägenhet, kvm",Länsregion III (syd),netto,2022,105.2,https://www.statistikdatabasen.scb.se/pxweb/sv/ssd/START__BO__BO0201__BO0201C/PrisPerAreorSM02/
"Bostadsarea/lägenhet, kvm",Länsregion III (syd),netto,2023,104.9,https://www.statistikdatabasen.scb.se/pxweb/sv/ssd/START__BO__BO0201__BO0201C/PrisPerAreorSM02/
"Bostadsarea/lägenhet, kvm",Länsregion III (syd),netto,2024,91.6,https://www.statistikdatabasen.scb.se/pxweb/sv/ssd/START__BO__BO0201__BO0201C/PrisPerAreorSM02/
"Markpris/bostadsarea, kr",Länsregion III (syd),netto,1994,,https://www.statistikdatabasen.scb.se/pxweb/sv/ssd/START__BO__BO0201__BO0201C/PrisPerAreorSM02/
"Markpris/bostadsarea, kr",Länsregion III (syd),netto,1995,,https://www.statistikdatabasen.scb.se/pxweb/sv/ssd/START__BO__BO0201__BO0201C/PrisPerAreorSM02/
"Markpris/bostadsarea, kr",Länsregion III (syd),netto,1996,,https://www.statistikdatabasen.scb.se/pxweb/sv/ssd/START__BO__BO0201__BO0201C/PrisPerAreorSM02/
"Markpris/bostadsarea, kr",Länsregion III (syd),netto,1997,,https://www.statistikdatabasen.scb.se/pxweb/sv/ssd/START__BO__BO0201__BO0201C/PrisPerAreorSM02/
"Markpris/bostadsarea, kr",Länsregion III (syd),netto,1998,1172,https://www.statistikdatabasen.scb.se/pxweb/sv/ssd/START__BO__BO0201__BO0201C/PrisPerAreorSM02/
"Markpris/bostadsarea, kr",Länsregion III (syd),netto,1999,1238,https://www.statistikdatabasen.scb.se/pxweb/sv/ssd/START__BO__BO0201__BO0201C/PrisPerAreorSM02/
"Markpris/bostadsarea, kr",Länsregion III (syd),netto,2000,1495,https://www.statistikdatabasen.scb.se/pxweb/sv/ssd/START__BO__BO0201__BO0201C/PrisPerAreorSM02/
"Markpris/bostadsarea, kr",Länsregion III (syd),netto,2001,1822,https://www.statistikdatabasen.scb.se/pxweb/sv/ssd/START__BO__BO0201__BO0201C/PrisPerAreorSM02/
"Markpris/bostadsarea, kr",Länsregion III (syd),netto,2002,2003,https://www.statistikdatabasen.scb.se/pxweb/sv/ssd/START__BO__BO0201__BO0201C/PrisPerAreorSM02/
"Markpris/bostadsarea, kr",Länsregion III (syd),netto,2003,2035,https://www.statistikdatabasen.scb.se/pxweb/sv/ssd/START__BO__BO0201__BO0201C/PrisPerAreorSM02/
"Markpris/bostadsarea, kr",Länsregion III (syd),netto,2004,2302,https://www.statistikdatabasen.scb.se/pxweb/sv/ssd/START__BO__BO0201__BO0201C/PrisPerAreorSM02/
"Markpris/bostadsarea, kr",Länsregion III (syd),netto,2005,2643,https://www.statistikdatabasen.scb.se/pxweb/sv/ssd/START__BO__BO0201__BO0201C/PrisPerAreorSM02/
"Markpris/bostadsarea, kr",Länsregion III (syd),netto,2006,2276,https://www.statistikdatabasen.scb.se/pxweb/sv/ssd/START__BO__BO0201__BO0201C/PrisPerAreorSM02/
"Markpris/bostadsarea, kr",Länsregion III (syd),netto,2007,3431,https://www.statistikdatabasen.scb.se/pxweb/sv/ssd/START__BO__BO0201__BO0201C/PrisPerAreorSM02/
"Markpris/bostadsarea, kr",Länsregion III (syd),netto,2008,4337,https://www.statistikdatabasen.scb.se/pxweb/sv/ssd/START__BO__BO0201__BO0201C/PrisPerAreorSM02/
"Markpris/bostadsarea, kr",Länsregion III (syd),netto,2009,2906,https://www.statistikdatabasen.scb.se/pxweb/sv/ssd/START__BO__BO0201__BO0201C/PrisPerAreorSM02/
"Markpris/bostadsarea, kr",Länsregion III (syd),netto,2010,4201,https://www.statistikdatabasen.scb.se/pxweb/sv/ssd/START__BO__BO0201__BO0201C/PrisPerAreorSM02/
"Markpris/bostadsarea, kr",Länsregion III (syd),netto,2011,5068,https://www.statistikdatabasen.scb.se/pxweb/sv/ssd/START__BO__BO0201__BO0201C/PrisPerAreorSM02/
"Markpris/bostadsarea, kr",Länsregion III (syd),netto,2012,4555,https://www.statistikdatabasen.scb.se/pxweb/sv/ssd/START__BO__BO0201__BO0201C/PrisPerAreorSM02/
"Markpris/bostadsarea, kr",Länsregion III (syd),netto,2013,4352,https://www.statistikdatabasen.scb.se/pxweb/sv/ssd/START__BO__BO0201__BO0201C/PrisPerAreorSM02/
"Markpris/bostadsarea, kr",Länsregion III (syd),netto,2014,4994,https://www.statistikdatabasen.scb.se/pxweb/sv/ssd/START__BO__BO0201__BO0201C/PrisPerAreorSM02/
"Markpris/bostadsarea, kr",Länsregion III (syd),netto,2015,4569,https://www.statistikdatabasen.scb.se/pxweb/sv/ssd/START__BO__BO0201__BO0201C/PrisPerAreorSM02/
"Markpris/bostadsarea, kr",Länsregion III (syd),netto,2016,5245,https://www.statistikdatabasen.scb.se/pxweb/sv/ssd/START__BO__BO0201__BO0201C/PrisPerAreorSM02/
"Markpris/bostadsarea, kr",Länsregion III (syd),netto,2017,5833,https://www.statistikdatabasen.scb.se/pxweb/sv/ssd/START__BO__BO0201__BO0201C/PrisPerAreorSM02/
"Markpris/bostadsarea, kr",Länsregion III (syd),netto,2018,4053,https://www.statistikdatabasen.scb.se/pxweb/sv/ssd/START__BO__BO0201__BO0201C/PrisPerAreorSM02/
"Markpris/bostadsarea, kr",Länsregion III (syd),netto,2019,5697,https://www.statistikdatabasen.scb.se/pxweb/sv/ssd/START__BO__BO0201__BO0201C/PrisPerAreorSM02/
"Markpris/bostadsarea, kr",Länsregion III (syd),netto,2020,6433,https://www.statistikdatabasen.scb.se/pxweb/sv/ssd/START__BO__BO0201__BO0201C/PrisPerAreorSM02/
"Markpris/bostadsarea, kr",Länsregion III (syd),netto,2021,6012,https://www.statistikdatabasen.scb.se/pxweb/sv/ssd/START__BO__BO0201__BO0201C/PrisPerAreorSM02/
"Markpris/bostadsarea, kr",Länsregion III (syd),netto,2022,6175,https://www.statistikdatabasen.scb.se/pxweb/sv/ssd/START__BO__BO0201__BO0201C/PrisPerAreorSM02/
"Markpris/bostadsarea, kr",Länsregion III (syd),netto,2023,6463,https://www.statistikdatabasen.scb.se/pxweb/sv/ssd/START__BO__BO0201__BO0201C/PrisPerAreorSM02/
"Markpris/bostadsarea, kr",Länsregion III (syd),netto,2024,4075,https://www.statistikdatabasen.scb.se/pxweb/sv/ssd/START__BO__BO0201__BO0201C/PrisPerAreorSM02/
"Byggnadspris/bostadsarea, kr",Länsregion III (syd),netto,1994,,https://www.statistikdatabasen.scb.se/pxweb/sv/ssd/START__BO__BO0201__BO0201C/PrisPerAreorSM02/
"Byggnadspris/bostadsarea, kr",Länsregion III (syd),netto,1995,,https://www.statistikdatabasen.scb.se/pxweb/sv/ssd/START__BO__BO0201__BO0201C/PrisPerAreorSM02/
"Byggnadspris/bostadsarea, kr",Länsregion III (syd),netto,1996,,https://www.statistikdatabasen.scb.se/pxweb/sv/ssd/START__BO__BO0201__BO0201C/PrisPerAreorSM02/
"Byggnadspris/bostadsarea, kr",Länsregion III (syd),netto,1997,,https://www.statistikdatabasen.scb.se/pxweb/sv/ssd/START__BO__BO0201__BO0201C/PrisPerAreorSM02/
"Byggnadspris/bostadsarea, kr",Länsregion III (syd),netto,1998,9649,https://www.statistikdatabasen.scb.se/pxweb/sv/ssd/START__BO__BO0201__BO0201C/PrisPerAreorSM02/
"Byggnadspris/bostadsarea, kr",Länsregion III (syd),netto,1999,14085,https://www.statistikdatabasen.scb.se/pxweb/sv/ssd/START__BO__BO0201__BO0201C/PrisPerAreorSM02/
"Byggnadspris/bostadsarea, kr",Länsregion III (syd),netto,2000,11580,https://www.statistikdatabasen.scb.se/pxweb/sv/ssd/START__BO__BO0201__BO0201C/PrisPerAreorSM02/
"Byggnadspris/bostadsarea, kr",Länsregion III (syd),netto,2001,13001,https://www.statistikdatabasen.scb.se/pxweb/sv/ssd/START__BO__BO0201__BO0201C/PrisPerAreorSM02/
"Byggnadspris/bostadsarea, kr",Länsregion III (syd),netto,2002,12871,https://www.statistikdatabasen.scb.se/pxweb/sv/ssd/START__BO__BO0201__BO0201C/PrisPerAreorSM02/
"Byggnadspris/bostadsarea, kr",Länsregion III (syd),netto,2003,12514,https://www.statistikdatabasen.scb.se/pxweb/sv/ssd/START__BO__BO0201__BO0201C/PrisPerAreorSM02/
"Byggnadspris/bostadsarea, kr",Länsregion III (syd),netto,2004,13645,https://www.statistikdatabasen.scb.se/pxweb/sv/ssd/START__BO__BO0201__BO0201C/PrisPerAreorSM02/
"Byggnadspris/bostadsarea, kr",Länsregion III (syd),netto,2005,15110,https://www.statistikdatabasen.scb.se/pxweb/sv/ssd/START__BO__BO0201__BO0201C/PrisPerAreorSM02/
"Byggnadspris/bostadsarea, kr",Länsregion III (syd),netto,2006,15582,https://www.statistikdatabasen.scb.se/pxweb/sv/ssd/START__BO__BO0201__BO0201C/PrisPerAreorSM02/
"Byggnadspris/bostadsarea, kr",Länsregion III (syd),netto,2007,15831,https://www.statistikdatabasen.scb.se/pxweb/sv/ssd/START__BO__BO0201__BO0201C/PrisPerAreorSM02/
"Byggnadspris/bostadsarea, kr",Länsregion III (syd),netto,2008,17502,https://www.statistikdatabasen.scb.se/pxweb/sv/ssd/START__BO__BO0201__BO0201C/PrisPerAreorSM02/
"Byggnadspris/bostadsarea, kr",Länsregion III (syd),netto,2009,17108,https://www.statistikdatabasen.scb.se/pxweb/sv/ssd/START__BO__BO0201__BO0201C/PrisPerAreorSM02/
"Byggnadspris/bostadsarea, kr",Länsregion III (syd),netto,2010,19867,https://www.statistikdatabasen.scb.se/pxweb/sv/ssd/START__BO__BO0201__BO0201C/PrisPerAreorSM02/
"Byggnadspris/bostadsarea, kr",Länsregion III (syd),netto,2011,19014,https://www.statistikdatabasen.scb.se/pxweb/sv/ssd/START__BO__BO0201__BO0201C/PrisPerAreorSM02/
"Byggnadspris/bostadsarea, kr",Länsregion III (syd),netto,2012,19709,https://www.statistikdatabasen.scb.se/pxweb/sv/ssd/START__BO__BO0201__BO0201C/PrisPerAreorSM02/
"Byggnadspris/bostadsarea, kr",Länsregion III (syd),netto,2013,20149,https://www.statistikdatabasen.scb.se/pxweb/sv/ssd/START__BO__BO0201__BO0201C/PrisPerAreorSM02/
"Byggnadspris/bostadsarea, kr",Länsregion III (syd),netto,2014,19867,https://www.statistikdatabasen.scb.se/pxweb/sv/ssd/START__BO__BO0201__BO0201C/PrisPerAreorSM02/
"Byggnadspris/bostadsarea, kr",Länsregion III (syd),netto,2015,22119,https://www.statistikdatabasen.scb.se/pxweb/sv/ssd/START__BO__BO0201__BO0201C/PrisPerAreorSM02/
"Byggnadspris/bostadsarea, kr",Länsregion III (syd),netto,2016,23008,https://www.statistikdatabasen.scb.se/pxweb/sv/ssd/START__BO__BO0201__BO0201C/PrisPerAreorSM02/
"Byggnadspris/bostadsarea, kr",Länsregion III (syd),netto,2017,22837,https://www.statistikdatabasen.scb.se/pxweb/sv/ssd/START__BO__BO0201__BO0201C/PrisPerAreorSM02/
"Byggnadspris/bostadsarea, kr",Länsregion III (syd),netto,2018,24271,https://www.statistikdatabasen.scb.se/pxweb/sv/ssd/START__BO__BO0201__BO0201C/PrisPerAreorSM02/
"Byggnadspris/bostadsarea, kr",Länsregion III (syd),netto,2019,23042,https://www.statistikdatabasen.scb.se/pxweb/sv/ssd/START__BO__BO0201__BO0201C/PrisPerAreorSM02/
"Byggnadspris/bostadsarea, kr",Länsregion III (syd),netto,2020,26696,https://www.statistikdatabasen.scb.se/pxweb/sv/ssd/START__BO__BO0201__BO0201C/PrisPerAreorSM02/
"Byggnadspris/bostadsarea, kr",Länsregion III (syd),netto,2021,25672,https://www.statistikdatabasen.scb.se/pxweb/sv/ssd/START__BO__BO0201__BO0201C/PrisPerAreorSM02/
"Byggnadspris/bostadsarea, kr",Länsregion III (syd),netto,2022,28082,https://www.statistikdatabasen.scb.se/pxweb/sv/ssd/START__BO__BO0201__BO0201C/PrisPerAreorSM02/
"Byggnadspris/bostadsarea, kr",Länsregion III (syd),netto,2023,26073,https://www.statistikdatabasen.scb.se/pxweb/sv/ssd/START__BO__BO0201__BO0201C/PrisPerAreorSM02/
"Byggnadspris/bostadsarea, kr",Länsregion III (syd),netto,2024,28567,https://www.statistikdatabasen.scb.se/pxweb/sv/ssd/START__BO__BO0201__BO0201C/PrisPerAreorSM02/
"Totalt produktionspris/bostadsarea, kr",Länsregion III (syd),netto,1994,,https://www.statistikdatabasen.scb.se/pxweb/sv/ssd/START__BO__BO0201__BO0201C/PrisPerAreorSM02/
"Totalt produktionspris/bostadsarea, kr",Länsregion III (syd),netto,1995,,https://www.statistikdatabasen.scb.se/pxweb/sv/ssd/START__BO__BO0201__BO0201C/PrisPerAreorSM02/
"Totalt produktionspris/bostadsarea, kr",Länsregion III (syd),netto,1996,,https://www.statistikdatabasen.scb.se/pxweb/sv/ssd/START__BO__BO0201__BO0201C/PrisPerAreorSM02/
"Totalt produktionspris/bostadsarea, kr",Länsregion III (syd),netto,1997,,https://www.statistikdatabasen.scb.se/pxweb/sv/ssd/START__BO__BO0201__BO0201C/PrisPerAreorSM02/
"Totalt produktionspris/bostadsarea, kr",Länsregion III (syd),netto,1998,10820,https://www.statistikdatabasen.scb.se/pxweb/sv/ssd/START__BO__BO0201__BO0201C/PrisPerAreorSM02/
"Totalt produktionspris/bostadsarea, kr",Länsregion III (syd),netto,1999,15323,https://www.statistikdatabasen.scb.se/pxweb/sv/ssd/START__BO__BO0201__BO0201C/PrisPerAreorSM02/
"Totalt produktionspris/bostadsarea, kr",Länsregion III (syd),netto,2000,13074,https://www.statistikdatabasen.scb.se/pxweb/sv/ssd/START__BO__BO0201__BO0201C/PrisPerAreorSM02/
"Totalt produktionspris/bostadsarea, kr",Länsregion III (syd),netto,2001,14823,https://www.statistikdatabasen.scb.se/pxweb/sv/ssd/START__BO__BO0201__BO0201C/PrisPerAreorSM02/
"Totalt produktionspris/bostadsarea, kr",Länsregion III (syd),netto,2002,14874,https://www.statistikdatabasen.scb.se/pxweb/sv/ssd/START__BO__BO0201__BO0201C/PrisPerAreorSM02/
"Totalt produktionspris/bostadsarea, kr",Länsregion III (syd),netto,2003,14550,https://www.statistikdatabasen.scb.se/pxweb/sv/ssd/START__BO__BO0201__BO0201C/PrisPerAreorSM02/
"Totalt produktionspris/bostadsarea, kr",Länsregion III (syd),netto,2004,15946,https://www.statistikdatabasen.scb.se/pxweb/sv/ssd/START__BO__BO0201__BO0201C/PrisPerAreorSM02/
"Totalt produktionspris/bostadsarea, kr",Länsregion III (syd),netto,2005,17753,https://www.statistikdatabasen.scb.se/pxweb/sv/ssd/START__BO__BO0201__BO0201C/PrisPerAreorSM02/
"Totalt produktionspris/bostadsarea, kr",Länsregion III (syd),netto,2006,17858,https://www.statistikdatabasen.scb.se/pxweb/sv/ssd/START__BO__BO0201__BO0201C/PrisPerAreorSM02/
"Totalt produktionspris/bostadsarea, kr",Länsregion III (syd),netto,2007,19262,https://www.statistikdatabasen.scb.se/pxweb/sv/ssd/START__BO__BO0201__BO0201C/PrisPerAreorSM02/
"Totalt produktionspris/bostadsarea, kr",Länsregion III (syd),netto,2008,21839,https://www.statistikdatabasen.scb.se/pxweb/sv/ssd/START__BO__BO0201__BO0201C/PrisPerAreorSM02/
"Totalt produktionspris/bostadsarea, kr",Länsregion III (syd),netto,2009,20014,https://www.statistikdatabasen.scb.se/pxweb/sv/ssd/START__BO__BO0201__BO0201C/PrisPerAreorSM02/
"Totalt produktionspris/bostadsarea, kr",Länsregion III (syd),netto,2010,24067,https://www.statistikdatabasen.scb.se/pxweb/sv/ssd/START__BO__BO0201__BO0201C/PrisPerAreorSM02/
"Totalt produktionspris/bostadsarea, kr",Länsregion III (syd),netto,2011,24082,https://www.statistikdatabasen.scb.se/pxweb/sv/ssd/START__BO__BO0201__BO0201C/PrisPerAreorSM02/
"Totalt produktionspris/bostadsarea, kr",Länsregion III (syd),netto,2012,24264,https://www.statistikdatabasen.scb.se/pxweb/sv/ssd/START__BO__BO0201__BO0201C/PrisPerAreorSM02/
"Totalt produktionspris/bostadsarea, kr",Länsregion III (syd),netto,2013,24501,https://www.statistikdatabasen.scb.se/pxweb/sv/ssd/START__BO__BO0201__BO0201C/PrisPerAreorSM02/
"Totalt produktionspris/bostadsarea, kr",Länsregion III (syd),netto,2014,24862,https://www.statistikdatabasen.scb.se/pxweb/sv/ssd/START__BO__BO0201__BO0201C/PrisPerAreorSM02/
"Totalt produktionspris/bostadsarea, kr",Länsregion III (syd),netto,2015,26689,https://www.statistikdatabasen.scb.se/pxweb/sv/ssd/START__BO__BO0201__BO0201C/PrisPerAreorSM02/
"Totalt produktionspris/bostadsarea, kr",Länsregion III (syd),netto,2016,28253,https://www.statistikdatabasen.scb.se/pxweb/sv/ssd/START__BO__BO0201__BO0201C/PrisPerAreorSM02/
"Totalt produktionspris/bostadsarea, kr",Länsregion III (syd),netto,2017,28670,https://www.statistikdatabasen.scb.se/pxweb/sv/ssd/START__BO__BO0201__BO0201C/PrisPerAreorSM02/
"Totalt produktionspris/bostadsarea, kr",Länsregion III (syd),netto,2018,28324,https://www.statistikdatabasen.scb.se/pxweb/sv/ssd/START__BO__BO0201__BO0201C/PrisPerAreorSM02/
"Totalt produktionspris/bostadsarea, kr",Länsregion III (syd),netto,2019,28739,https://www.statistikdatabasen.scb.se/pxweb/sv/ssd/START__BO__BO0201__BO0201C/PrisPerAreorSM02/
"Totalt produktionspris/bostadsarea, kr",Länsregion III (syd),netto,2020,33129,https://www.statistikdatabasen.scb.se/pxweb/sv/ssd/START__BO__BO0201__BO0201C/PrisPerAreorSM02/
"Totalt produktionspris/bostadsarea, kr",Länsregion III (syd),netto,2021,31684,https://www.statistikdatabasen.scb.se/pxweb/sv/ssd/START__BO__BO0201__BO0201C/PrisPerAreorSM02/
"Totalt produktionspris/bostadsarea, kr",Länsregion III (syd),netto,2022,34257,https://www.statistikdatabasen.scb.se/pxweb/sv/ssd/START__BO__BO0201__BO0201C/PrisPerAreorSM02/
"Totalt produktionspris/bostadsarea, kr",Länsregion III (syd),netto,2023,32536,https://www.statistikdatabasen.scb.se/pxweb/sv/ssd/START__BO__BO0201__BO0201C/PrisPerAreorSM02/
"Totalt produktionspris/bostadsarea, kr",Länsregion III (syd),netto,2024,32642,https://www.statistikdatabasen.scb.se/pxweb/sv/ssd/START__BO__BO0201__BO0201C/PrisPerAreorSM02/
